nl,t,yv,ya,CAP,sc
R12_AFR,coal_adv,2010,2010,0.0,sv_2c_buffer_decoal
R12_AFR,coal_adv,2010,2030,0.0,sv_2c_buffer_decoal
R12_AFR,coal_adv,2010,2035,0.0,sv_2c_buffer_decoal
R12_AFR,coal_adv,2015,2015,0.0,sv_2c_buffer_decoal
R12_AFR,coal_adv,2015,2030,0.8,sv_2c_buffer_decoal
R12_AFR,coal_adv,2015,2035,0.8,sv_2c_buffer_decoal
R12_AFR,coal_adv,2015,2040,0.8,sv_2c_buffer_decoal
R12_AFR,coal_adv,2020,2020,0.0,sv_2c_buffer_decoal
R12_AFR,coal_adv,2020,2030,4.8,sv_2c_buffer_decoal
R12_AFR,coal_adv,2020,2035,4.8,sv_2c_buffer_decoal
R12_AFR,coal_adv,2020,2040,4.8,sv_2c_buffer_decoal
R12_AFR,coal_adv,2020,2045,4.8,sv_2c_buffer_decoal
R12_AFR,coal_adv,2025,2025,0.0,sv_2c_buffer_decoal
R12_AFR,coal_adv,2025,2030,0.0,sv_2c_buffer_decoal
R12_AFR,coal_adv,2025,2035,0.0,sv_2c_buffer_decoal
R12_AFR,coal_adv,2025,2040,0.0,sv_2c_buffer_decoal
R12_AFR,coal_adv,2025,2045,0.0,sv_2c_buffer_decoal
R12_AFR,coal_adv,2025,2050,0.0,sv_2c_buffer_decoal
R12_AFR,coal_adv,2030,2030,0.0,sv_2c_buffer_decoal
R12_AFR,coal_adv,2030,2035,0.0,sv_2c_buffer_decoal
R12_AFR,coal_adv,2030,2040,0.0,sv_2c_buffer_decoal
R12_AFR,coal_adv,2030,2045,0.0,sv_2c_buffer_decoal
R12_AFR,coal_adv,2030,2050,0.0,sv_2c_buffer_decoal
R12_AFR,coal_adv,2030,2055,0.0,sv_2c_buffer_decoal
R12_AFR,coal_adv,2035,2035,0.0,sv_2c_buffer_decoal
R12_AFR,coal_adv,2035,2040,0.0,sv_2c_buffer_decoal
R12_AFR,coal_adv,2035,2045,0.0,sv_2c_buffer_decoal
R12_AFR,coal_adv,2035,2050,0.0,sv_2c_buffer_decoal
R12_AFR,coal_adv,2035,2055,0.0,sv_2c_buffer_decoal
R12_AFR,coal_adv,2035,2060,0.0,sv_2c_buffer_decoal
R12_AFR,coal_adv,2040,2040,0.0,sv_2c_buffer_decoal
R12_AFR,coal_adv,2040,2045,0.0,sv_2c_buffer_decoal
R12_AFR,coal_adv,2040,2050,0.0,sv_2c_buffer_decoal
R12_AFR,coal_adv,2040,2055,0.0,sv_2c_buffer_decoal
R12_AFR,coal_adv,2040,2060,0.0,sv_2c_buffer_decoal
R12_AFR,coal_adv,2040,2070,0.0,sv_2c_buffer_decoal
R12_AFR,coal_adv,2045,2045,0.0,sv_2c_buffer_decoal
R12_AFR,coal_adv,2045,2050,0.0,sv_2c_buffer_decoal
R12_AFR,coal_adv,2045,2055,0.0,sv_2c_buffer_decoal
R12_AFR,coal_adv,2045,2060,0.0,sv_2c_buffer_decoal
R12_AFR,coal_adv,2045,2070,0.0,sv_2c_buffer_decoal
R12_AFR,coal_adv,2050,2050,0.0,sv_2c_buffer_decoal
R12_AFR,coal_adv,2050,2055,0.0,sv_2c_buffer_decoal
R12_AFR,coal_adv,2050,2060,0.0,sv_2c_buffer_decoal
R12_AFR,coal_adv,2050,2070,0.0,sv_2c_buffer_decoal
R12_AFR,coal_adv,2050,2080,0.0,sv_2c_buffer_decoal
R12_AFR,coal_adv,2055,2055,0.0,sv_2c_buffer_decoal
R12_AFR,coal_adv,2055,2060,0.0,sv_2c_buffer_decoal
R12_AFR,coal_adv,2055,2070,0.0,sv_2c_buffer_decoal
R12_AFR,coal_adv,2055,2080,0.0,sv_2c_buffer_decoal
R12_AFR,coal_adv,2060,2060,0.0,sv_2c_buffer_decoal
R12_AFR,coal_adv,2060,2070,0.0,sv_2c_buffer_decoal
R12_AFR,coal_adv,2060,2080,0.0,sv_2c_buffer_decoal
R12_AFR,coal_adv,2060,2090,0.0,sv_2c_buffer_decoal
R12_AFR,coal_adv,2070,2070,0.0,sv_2c_buffer_decoal
R12_AFR,coal_adv,2070,2080,0.0,sv_2c_buffer_decoal
R12_AFR,coal_adv,2070,2090,0.0,sv_2c_buffer_decoal
R12_AFR,coal_adv,2080,2080,0.0,sv_2c_buffer_decoal
R12_AFR,coal_adv,2080,2090,0.0,sv_2c_buffer_decoal
R12_AFR,coal_adv,2080,2100,0.0,sv_2c_buffer_decoal
R12_AFR,coal_adv,2090,2090,0.0,sv_2c_buffer_decoal
R12_AFR,coal_adv,2090,2100,0.0,sv_2c_buffer_decoal
R12_AFR,coal_adv,2090,2110,0.0,sv_2c_buffer_decoal
R12_AFR,coal_adv,2100,2100,0.0,sv_2c_buffer_decoal
R12_AFR,coal_adv,2100,2110,0.0,sv_2c_buffer_decoal
R12_AFR,coal_adv,2110,2110,0.0,sv_2c_buffer_decoal
R12_AFR,coal_adv_ccs,2030,2030,0.0,sv_2c_buffer_decoal
R12_AFR,coal_adv_ccs,2030,2035,0.0,sv_2c_buffer_decoal
R12_AFR,coal_adv_ccs,2030,2040,0.0,sv_2c_buffer_decoal
R12_AFR,coal_adv_ccs,2030,2045,0.0,sv_2c_buffer_decoal
R12_AFR,coal_adv_ccs,2030,2050,0.0,sv_2c_buffer_decoal
R12_AFR,coal_adv_ccs,2030,2055,0.0,sv_2c_buffer_decoal
R12_AFR,coal_adv_ccs,2035,2035,0.0,sv_2c_buffer_decoal
R12_AFR,coal_adv_ccs,2035,2040,0.0,sv_2c_buffer_decoal
R12_AFR,coal_adv_ccs,2035,2045,0.0,sv_2c_buffer_decoal
R12_AFR,coal_adv_ccs,2035,2050,0.0,sv_2c_buffer_decoal
R12_AFR,coal_adv_ccs,2035,2055,0.0,sv_2c_buffer_decoal
R12_AFR,coal_adv_ccs,2035,2060,0.0,sv_2c_buffer_decoal
R12_AFR,coal_adv_ccs,2040,2040,0.0,sv_2c_buffer_decoal
R12_AFR,coal_adv_ccs,2040,2045,0.0,sv_2c_buffer_decoal
R12_AFR,coal_adv_ccs,2040,2050,0.0,sv_2c_buffer_decoal
R12_AFR,coal_adv_ccs,2040,2055,0.0,sv_2c_buffer_decoal
R12_AFR,coal_adv_ccs,2040,2060,0.0,sv_2c_buffer_decoal
R12_AFR,coal_adv_ccs,2040,2070,0.0,sv_2c_buffer_decoal
R12_AFR,coal_adv_ccs,2045,2045,0.0,sv_2c_buffer_decoal
R12_AFR,coal_adv_ccs,2045,2050,0.0,sv_2c_buffer_decoal
R12_AFR,coal_adv_ccs,2045,2055,0.0,sv_2c_buffer_decoal
R12_AFR,coal_adv_ccs,2045,2060,0.0,sv_2c_buffer_decoal
R12_AFR,coal_adv_ccs,2045,2070,0.0,sv_2c_buffer_decoal
R12_AFR,coal_adv_ccs,2050,2050,0.0,sv_2c_buffer_decoal
R12_AFR,coal_adv_ccs,2050,2055,0.0,sv_2c_buffer_decoal
R12_AFR,coal_adv_ccs,2050,2060,0.0,sv_2c_buffer_decoal
R12_AFR,coal_adv_ccs,2050,2070,0.0,sv_2c_buffer_decoal
R12_AFR,coal_adv_ccs,2050,2080,0.0,sv_2c_buffer_decoal
R12_AFR,coal_adv_ccs,2055,2055,0.0,sv_2c_buffer_decoal
R12_AFR,coal_adv_ccs,2055,2060,0.0,sv_2c_buffer_decoal
R12_AFR,coal_adv_ccs,2055,2070,0.0,sv_2c_buffer_decoal
R12_AFR,coal_adv_ccs,2055,2080,0.0,sv_2c_buffer_decoal
R12_AFR,coal_adv_ccs,2060,2060,0.0,sv_2c_buffer_decoal
R12_AFR,coal_adv_ccs,2060,2070,0.0,sv_2c_buffer_decoal
R12_AFR,coal_adv_ccs,2060,2080,0.0,sv_2c_buffer_decoal
R12_AFR,coal_adv_ccs,2060,2090,0.0,sv_2c_buffer_decoal
R12_AFR,coal_adv_ccs,2070,2070,0.0,sv_2c_buffer_decoal
R12_AFR,coal_adv_ccs,2070,2080,0.0,sv_2c_buffer_decoal
R12_AFR,coal_adv_ccs,2070,2090,0.0,sv_2c_buffer_decoal
R12_AFR,coal_adv_ccs,2080,2080,0.0,sv_2c_buffer_decoal
R12_AFR,coal_adv_ccs,2080,2090,0.0,sv_2c_buffer_decoal
R12_AFR,coal_adv_ccs,2080,2100,0.0,sv_2c_buffer_decoal
R12_AFR,coal_adv_ccs,2090,2090,0.0,sv_2c_buffer_decoal
R12_AFR,coal_adv_ccs,2090,2100,0.0,sv_2c_buffer_decoal
R12_AFR,coal_adv_ccs,2090,2110,0.0,sv_2c_buffer_decoal
R12_AFR,coal_adv_ccs,2100,2100,0.0,sv_2c_buffer_decoal
R12_AFR,coal_adv_ccs,2100,2110,0.0,sv_2c_buffer_decoal
R12_AFR,coal_adv_ccs,2110,2110,0.0,sv_2c_buffer_decoal
R12_AFR,coal_ppl,1995,1995,0.0,sv_2c_buffer_decoal
R12_AFR,coal_ppl,2000,2000,0.0,sv_2c_buffer_decoal
R12_AFR,coal_ppl,2005,2005,0.0,sv_2c_buffer_decoal
R12_AFR,coal_ppl,2005,2030,0.0,sv_2c_buffer_decoal
R12_AFR,coal_ppl,2010,2010,0.0,sv_2c_buffer_decoal
R12_AFR,coal_ppl,2010,2030,0.0,sv_2c_buffer_decoal
R12_AFR,coal_ppl,2010,2035,0.0,sv_2c_buffer_decoal
R12_AFR,coal_ppl,2015,2015,0.0,sv_2c_buffer_decoal
R12_AFR,coal_ppl,2015,2030,0.0,sv_2c_buffer_decoal
R12_AFR,coal_ppl,2015,2035,0.0,sv_2c_buffer_decoal
R12_AFR,coal_ppl,2015,2040,0.0,sv_2c_buffer_decoal
R12_AFR,coal_ppl,2020,2020,0.0,sv_2c_buffer_decoal
R12_AFR,coal_ppl,2020,2030,0.0,sv_2c_buffer_decoal
R12_AFR,coal_ppl,2020,2035,0.0,sv_2c_buffer_decoal
R12_AFR,coal_ppl,2020,2040,0.0,sv_2c_buffer_decoal
R12_AFR,coal_ppl,2020,2045,0.0,sv_2c_buffer_decoal
R12_AFR,coal_ppl,2025,2025,0.0,sv_2c_buffer_decoal
R12_AFR,coal_ppl,2025,2030,0.0,sv_2c_buffer_decoal
R12_AFR,coal_ppl,2025,2035,0.0,sv_2c_buffer_decoal
R12_AFR,coal_ppl,2025,2040,0.0,sv_2c_buffer_decoal
R12_AFR,coal_ppl,2025,2045,0.0,sv_2c_buffer_decoal
R12_AFR,coal_ppl,2025,2050,0.0,sv_2c_buffer_decoal
R12_AFR,coal_ppl,2030,2030,0.0,sv_2c_buffer_decoal
R12_AFR,coal_ppl,2030,2035,0.0,sv_2c_buffer_decoal
R12_AFR,coal_ppl,2030,2040,0.0,sv_2c_buffer_decoal
R12_AFR,coal_ppl,2030,2045,0.0,sv_2c_buffer_decoal
R12_AFR,coal_ppl,2030,2050,0.0,sv_2c_buffer_decoal
R12_AFR,coal_ppl,2030,2055,0.0,sv_2c_buffer_decoal
R12_AFR,coal_ppl,2035,2035,0.0,sv_2c_buffer_decoal
R12_AFR,coal_ppl,2035,2040,0.0,sv_2c_buffer_decoal
R12_AFR,coal_ppl,2035,2045,0.0,sv_2c_buffer_decoal
R12_AFR,coal_ppl,2035,2050,0.0,sv_2c_buffer_decoal
R12_AFR,coal_ppl,2035,2055,0.0,sv_2c_buffer_decoal
R12_AFR,coal_ppl,2035,2060,0.0,sv_2c_buffer_decoal
R12_AFR,coal_ppl,2040,2040,0.0,sv_2c_buffer_decoal
R12_AFR,coal_ppl,2040,2045,0.0,sv_2c_buffer_decoal
R12_AFR,coal_ppl,2040,2050,0.0,sv_2c_buffer_decoal
R12_AFR,coal_ppl,2040,2055,0.0,sv_2c_buffer_decoal
R12_AFR,coal_ppl,2040,2060,0.0,sv_2c_buffer_decoal
R12_AFR,coal_ppl,2040,2070,0.0,sv_2c_buffer_decoal
R12_AFR,coal_ppl,2045,2045,0.0,sv_2c_buffer_decoal
R12_AFR,coal_ppl,2045,2050,0.0,sv_2c_buffer_decoal
R12_AFR,coal_ppl,2045,2055,0.0,sv_2c_buffer_decoal
R12_AFR,coal_ppl,2045,2060,0.0,sv_2c_buffer_decoal
R12_AFR,coal_ppl,2045,2070,0.0,sv_2c_buffer_decoal
R12_AFR,coal_ppl,2050,2050,0.0,sv_2c_buffer_decoal
R12_AFR,coal_ppl,2050,2055,0.0,sv_2c_buffer_decoal
R12_AFR,coal_ppl,2050,2060,0.0,sv_2c_buffer_decoal
R12_AFR,coal_ppl,2050,2070,0.0,sv_2c_buffer_decoal
R12_AFR,coal_ppl,2050,2080,0.0,sv_2c_buffer_decoal
R12_AFR,coal_ppl,2055,2055,0.0,sv_2c_buffer_decoal
R12_AFR,coal_ppl,2055,2060,0.0,sv_2c_buffer_decoal
R12_AFR,coal_ppl,2055,2070,0.0,sv_2c_buffer_decoal
R12_AFR,coal_ppl,2055,2080,0.0,sv_2c_buffer_decoal
R12_AFR,coal_ppl,2060,2060,0.0,sv_2c_buffer_decoal
R12_AFR,coal_ppl,2060,2070,0.0,sv_2c_buffer_decoal
R12_AFR,coal_ppl,2060,2080,0.0,sv_2c_buffer_decoal
R12_AFR,coal_ppl,2060,2090,0.0,sv_2c_buffer_decoal
R12_AFR,coal_ppl,2070,2070,0.0,sv_2c_buffer_decoal
R12_AFR,coal_ppl,2070,2080,0.0,sv_2c_buffer_decoal
R12_AFR,coal_ppl,2070,2090,0.0,sv_2c_buffer_decoal
R12_AFR,coal_ppl,2080,2080,0.0,sv_2c_buffer_decoal
R12_AFR,coal_ppl,2080,2090,0.0,sv_2c_buffer_decoal
R12_AFR,coal_ppl,2080,2100,0.0,sv_2c_buffer_decoal
R12_AFR,coal_ppl,2090,2090,0.0,sv_2c_buffer_decoal
R12_AFR,coal_ppl,2090,2100,0.0,sv_2c_buffer_decoal
R12_AFR,coal_ppl,2090,2110,0.0,sv_2c_buffer_decoal
R12_AFR,coal_ppl,2100,2100,0.0,sv_2c_buffer_decoal
R12_AFR,coal_ppl,2100,2110,0.0,sv_2c_buffer_decoal
R12_AFR,coal_ppl,2110,2110,0.0,sv_2c_buffer_decoal
R12_AFR,coal_ppl_u,1960,1960,0.0,sv_2c_buffer_decoal
R12_AFR,coal_ppl_u,1965,1965,0.0,sv_2c_buffer_decoal
R12_AFR,coal_ppl_u,1970,1970,0.0,sv_2c_buffer_decoal
R12_AFR,coal_ppl_u,1970,2030,0.0,sv_2c_buffer_decoal
R12_AFR,coal_ppl_u,1975,1975,0.0,sv_2c_buffer_decoal
R12_AFR,coal_ppl_u,1975,2030,0.0,sv_2c_buffer_decoal
R12_AFR,coal_ppl_u,1980,1980,0.0,sv_2c_buffer_decoal
R12_AFR,coal_ppl_u,1980,2030,0.0,sv_2c_buffer_decoal
R12_AFR,coal_ppl_u,1980,2035,0.0,sv_2c_buffer_decoal
R12_AFR,coal_ppl_u,1985,1985,0.0,sv_2c_buffer_decoal
R12_AFR,coal_ppl_u,1985,2030,3.789326334608519,sv_2c_buffer_decoal
R12_AFR,coal_ppl_u,1985,2035,3.789326334608519,sv_2c_buffer_decoal
R12_AFR,coal_ppl_u,1990,1990,0.0,sv_2c_buffer_decoal
R12_AFR,coal_ppl_u,1990,2030,11.601000000000003,sv_2c_buffer_decoal
R12_AFR,coal_ppl_u,1990,2035,11.601000000000003,sv_2c_buffer_decoal
R12_AFR,coal_ppl_u,1990,2040,11.601000000000003,sv_2c_buffer_decoal
R12_AFR,coal_ppl_u,1995,1995,0.0,sv_2c_buffer_decoal
R12_AFR,coal_ppl_u,1995,2030,2.7980000000000005,sv_2c_buffer_decoal
R12_AFR,coal_ppl_u,1995,2035,2.7980000000000005,sv_2c_buffer_decoal
R12_AFR,coal_ppl_u,1995,2040,2.7980000000000005,sv_2c_buffer_decoal
R12_AFR,coal_ppl_u,2000,2000,0.0,sv_2c_buffer_decoal
R12_AFR,coal_ppl_u,2000,2030,3.492,sv_2c_buffer_decoal
R12_AFR,coal_ppl_u,2000,2035,3.492,sv_2c_buffer_decoal
R12_AFR,coal_ppl_u,2000,2040,3.492,sv_2c_buffer_decoal
R12_AFR,coal_ppl_u,2000,2045,3.492,sv_2c_buffer_decoal
R12_AFR,coal_ppl_u,2005,2005,0.0,sv_2c_buffer_decoal
R12_AFR,coal_ppl_u,2005,2030,0.7930000000000001,sv_2c_buffer_decoal
R12_AFR,coal_ppl_u,2005,2035,0.7930000000000001,sv_2c_buffer_decoal
R12_AFR,coal_ppl_u,2005,2040,0.7930000000000001,sv_2c_buffer_decoal
R12_AFR,coal_ppl_u,2005,2045,0.7930000000000001,sv_2c_buffer_decoal
R12_AFR,coal_ppl_u,2010,2010,0.0,sv_2c_buffer_decoal
R12_AFR,coal_ppl_u,2010,2030,2.5197,sv_2c_buffer_decoal
R12_AFR,coal_ppl_u,2010,2035,2.5197,sv_2c_buffer_decoal
R12_AFR,coal_ppl_u,2010,2040,2.5197,sv_2c_buffer_decoal
R12_AFR,coal_ppl_u,2010,2045,2.5197,sv_2c_buffer_decoal
R12_AFR,coal_ppl_u,2010,2050,2.5197,sv_2c_buffer_decoal
R12_AFR,coal_ppl_u,2015,2015,0.0,sv_2c_buffer_decoal
R12_AFR,coal_ppl_u,2015,2030,0.79,sv_2c_buffer_decoal
R12_AFR,coal_ppl_u,2015,2035,0.79,sv_2c_buffer_decoal
R12_AFR,coal_ppl_u,2015,2040,0.79,sv_2c_buffer_decoal
R12_AFR,coal_ppl_u,2015,2045,0.79,sv_2c_buffer_decoal
R12_AFR,coal_ppl_u,2020,2020,0.0,sv_2c_buffer_decoal
R12_AFR,coal_ppl_u,2020,2030,0.351,sv_2c_buffer_decoal
R12_AFR,coal_ppl_u,2020,2035,0.351,sv_2c_buffer_decoal
R12_AFR,coal_ppl_u,2020,2040,0.351,sv_2c_buffer_decoal
R12_AFR,coal_ppl_u,2020,2045,0.351,sv_2c_buffer_decoal
R12_AFR,coal_ppl_u,2025,2025,0.0,sv_2c_buffer_decoal
R12_AFR,coal_ppl_u,2025,2030,0.0,sv_2c_buffer_decoal
R12_AFR,coal_ppl_u,2025,2035,0.0,sv_2c_buffer_decoal
R12_AFR,coal_ppl_u,2025,2040,0.0,sv_2c_buffer_decoal
R12_AFR,coal_ppl_u,2025,2045,0.0,sv_2c_buffer_decoal
R12_AFR,coal_ppl_u,2025,2050,0.0,sv_2c_buffer_decoal
R12_AFR,coal_ppl_u,2030,2030,0.0,sv_2c_buffer_decoal
R12_AFR,coal_ppl_u,2030,2035,0.0,sv_2c_buffer_decoal
R12_AFR,coal_ppl_u,2030,2040,0.0,sv_2c_buffer_decoal
R12_AFR,coal_ppl_u,2030,2045,0.0,sv_2c_buffer_decoal
R12_AFR,coal_ppl_u,2030,2050,0.0,sv_2c_buffer_decoal
R12_AFR,coal_ppl_u,2030,2055,0.0,sv_2c_buffer_decoal
R12_AFR,coal_ppl_u,2035,2035,0.0,sv_2c_buffer_decoal
R12_AFR,coal_ppl_u,2035,2040,0.0,sv_2c_buffer_decoal
R12_AFR,coal_ppl_u,2035,2045,0.0,sv_2c_buffer_decoal
R12_AFR,coal_ppl_u,2035,2050,0.0,sv_2c_buffer_decoal
R12_AFR,coal_ppl_u,2035,2055,0.0,sv_2c_buffer_decoal
R12_AFR,coal_ppl_u,2035,2060,0.0,sv_2c_buffer_decoal
R12_AFR,coal_ppl_u,2040,2040,0.0,sv_2c_buffer_decoal
R12_AFR,coal_ppl_u,2040,2045,0.0,sv_2c_buffer_decoal
R12_AFR,coal_ppl_u,2040,2050,0.0,sv_2c_buffer_decoal
R12_AFR,coal_ppl_u,2040,2055,0.0,sv_2c_buffer_decoal
R12_AFR,coal_ppl_u,2040,2060,0.0,sv_2c_buffer_decoal
R12_AFR,coal_ppl_u,2040,2070,0.0,sv_2c_buffer_decoal
R12_AFR,coal_ppl_u,2045,2045,0.0,sv_2c_buffer_decoal
R12_AFR,coal_ppl_u,2045,2050,0.0,sv_2c_buffer_decoal
R12_AFR,coal_ppl_u,2045,2055,0.0,sv_2c_buffer_decoal
R12_AFR,coal_ppl_u,2045,2060,0.0,sv_2c_buffer_decoal
R12_AFR,coal_ppl_u,2045,2070,0.0,sv_2c_buffer_decoal
R12_AFR,coal_ppl_u,2050,2050,0.0,sv_2c_buffer_decoal
R12_AFR,coal_ppl_u,2050,2055,0.0,sv_2c_buffer_decoal
R12_AFR,coal_ppl_u,2050,2060,0.0,sv_2c_buffer_decoal
R12_AFR,coal_ppl_u,2050,2070,0.0,sv_2c_buffer_decoal
R12_AFR,coal_ppl_u,2050,2080,0.0,sv_2c_buffer_decoal
R12_AFR,coal_ppl_u,2055,2055,0.0,sv_2c_buffer_decoal
R12_AFR,coal_ppl_u,2055,2060,0.0,sv_2c_buffer_decoal
R12_AFR,coal_ppl_u,2055,2070,0.0,sv_2c_buffer_decoal
R12_AFR,coal_ppl_u,2055,2080,0.0,sv_2c_buffer_decoal
R12_AFR,coal_ppl_u,2060,2060,0.0,sv_2c_buffer_decoal
R12_AFR,coal_ppl_u,2060,2070,0.0,sv_2c_buffer_decoal
R12_AFR,coal_ppl_u,2060,2080,0.0,sv_2c_buffer_decoal
R12_AFR,coal_ppl_u,2060,2090,0.0,sv_2c_buffer_decoal
R12_AFR,coal_ppl_u,2070,2070,0.0,sv_2c_buffer_decoal
R12_AFR,coal_ppl_u,2070,2080,0.0,sv_2c_buffer_decoal
R12_AFR,coal_ppl_u,2070,2090,0.0,sv_2c_buffer_decoal
R12_AFR,coal_ppl_u,2080,2080,0.0,sv_2c_buffer_decoal
R12_AFR,coal_ppl_u,2080,2090,0.0,sv_2c_buffer_decoal
R12_AFR,coal_ppl_u,2080,2100,0.0,sv_2c_buffer_decoal
R12_AFR,coal_ppl_u,2090,2090,0.0,sv_2c_buffer_decoal
R12_AFR,coal_ppl_u,2090,2100,0.0,sv_2c_buffer_decoal
R12_AFR,coal_ppl_u,2090,2110,0.0,sv_2c_buffer_decoal
R12_AFR,coal_ppl_u,2100,2100,0.0,sv_2c_buffer_decoal
R12_AFR,coal_ppl_u,2100,2110,0.0,sv_2c_buffer_decoal
R12_AFR,coal_ppl_u,2110,2110,0.0,sv_2c_buffer_decoal
R12_AFR,igcc,2010,2010,0.0,sv_2c_buffer_decoal
R12_AFR,igcc,2010,2030,0.0,sv_2c_buffer_decoal
R12_AFR,igcc,2010,2035,0.0,sv_2c_buffer_decoal
R12_AFR,igcc,2015,2015,0.0,sv_2c_buffer_decoal
R12_AFR,igcc,2015,2030,0.0,sv_2c_buffer_decoal
R12_AFR,igcc,2015,2035,0.0,sv_2c_buffer_decoal
R12_AFR,igcc,2015,2040,0.0,sv_2c_buffer_decoal
R12_AFR,igcc,2020,2020,0.0,sv_2c_buffer_decoal
R12_AFR,igcc,2020,2030,0.0,sv_2c_buffer_decoal
R12_AFR,igcc,2020,2035,0.0,sv_2c_buffer_decoal
R12_AFR,igcc,2020,2040,0.0,sv_2c_buffer_decoal
R12_AFR,igcc,2020,2045,0.0,sv_2c_buffer_decoal
R12_AFR,igcc,2025,2025,0.0,sv_2c_buffer_decoal
R12_AFR,igcc,2025,2030,0.0,sv_2c_buffer_decoal
R12_AFR,igcc,2025,2035,0.0,sv_2c_buffer_decoal
R12_AFR,igcc,2025,2040,0.0,sv_2c_buffer_decoal
R12_AFR,igcc,2025,2045,0.0,sv_2c_buffer_decoal
R12_AFR,igcc,2025,2050,0.0,sv_2c_buffer_decoal
R12_AFR,igcc,2030,2030,0.0,sv_2c_buffer_decoal
R12_AFR,igcc,2030,2035,0.0,sv_2c_buffer_decoal
R12_AFR,igcc,2030,2040,0.0,sv_2c_buffer_decoal
R12_AFR,igcc,2030,2045,0.0,sv_2c_buffer_decoal
R12_AFR,igcc,2030,2050,0.0,sv_2c_buffer_decoal
R12_AFR,igcc,2030,2055,0.0,sv_2c_buffer_decoal
R12_AFR,igcc,2035,2035,0.0,sv_2c_buffer_decoal
R12_AFR,igcc,2035,2040,0.0,sv_2c_buffer_decoal
R12_AFR,igcc,2035,2045,0.0,sv_2c_buffer_decoal
R12_AFR,igcc,2035,2050,0.0,sv_2c_buffer_decoal
R12_AFR,igcc,2035,2055,0.0,sv_2c_buffer_decoal
R12_AFR,igcc,2035,2060,0.0,sv_2c_buffer_decoal
R12_AFR,igcc,2040,2040,0.0,sv_2c_buffer_decoal
R12_AFR,igcc,2040,2045,0.0,sv_2c_buffer_decoal
R12_AFR,igcc,2040,2050,0.0,sv_2c_buffer_decoal
R12_AFR,igcc,2040,2055,0.0,sv_2c_buffer_decoal
R12_AFR,igcc,2040,2060,0.0,sv_2c_buffer_decoal
R12_AFR,igcc,2040,2070,0.0,sv_2c_buffer_decoal
R12_AFR,igcc,2045,2045,0.0,sv_2c_buffer_decoal
R12_AFR,igcc,2045,2050,0.0,sv_2c_buffer_decoal
R12_AFR,igcc,2045,2055,0.0,sv_2c_buffer_decoal
R12_AFR,igcc,2045,2060,0.0,sv_2c_buffer_decoal
R12_AFR,igcc,2045,2070,0.0,sv_2c_buffer_decoal
R12_AFR,igcc,2050,2050,0.0,sv_2c_buffer_decoal
R12_AFR,igcc,2050,2055,0.0,sv_2c_buffer_decoal
R12_AFR,igcc,2050,2060,0.0,sv_2c_buffer_decoal
R12_AFR,igcc,2050,2070,0.0,sv_2c_buffer_decoal
R12_AFR,igcc,2050,2080,0.0,sv_2c_buffer_decoal
R12_AFR,igcc,2055,2055,0.0,sv_2c_buffer_decoal
R12_AFR,igcc,2055,2060,0.0,sv_2c_buffer_decoal
R12_AFR,igcc,2055,2070,0.0,sv_2c_buffer_decoal
R12_AFR,igcc,2055,2080,0.0,sv_2c_buffer_decoal
R12_AFR,igcc,2060,2060,0.0,sv_2c_buffer_decoal
R12_AFR,igcc,2060,2070,0.0,sv_2c_buffer_decoal
R12_AFR,igcc,2060,2080,0.0,sv_2c_buffer_decoal
R12_AFR,igcc,2060,2090,0.0,sv_2c_buffer_decoal
R12_AFR,igcc,2070,2070,0.0,sv_2c_buffer_decoal
R12_AFR,igcc,2070,2080,0.0,sv_2c_buffer_decoal
R12_AFR,igcc,2070,2090,0.0,sv_2c_buffer_decoal
R12_AFR,igcc,2080,2080,0.0,sv_2c_buffer_decoal
R12_AFR,igcc,2080,2090,0.0,sv_2c_buffer_decoal
R12_AFR,igcc,2080,2100,0.0,sv_2c_buffer_decoal
R12_AFR,igcc,2090,2090,0.0,sv_2c_buffer_decoal
R12_AFR,igcc,2090,2100,0.0,sv_2c_buffer_decoal
R12_AFR,igcc,2090,2110,0.0,sv_2c_buffer_decoal
R12_AFR,igcc,2100,2100,0.0,sv_2c_buffer_decoal
R12_AFR,igcc,2100,2110,0.0,sv_2c_buffer_decoal
R12_AFR,igcc,2110,2110,0.0,sv_2c_buffer_decoal
R12_AFR,igcc_ccs,2030,2030,0.0,sv_2c_buffer_decoal
R12_AFR,igcc_ccs,2030,2035,0.0,sv_2c_buffer_decoal
R12_AFR,igcc_ccs,2030,2040,0.0,sv_2c_buffer_decoal
R12_AFR,igcc_ccs,2030,2045,0.0,sv_2c_buffer_decoal
R12_AFR,igcc_ccs,2030,2050,0.0,sv_2c_buffer_decoal
R12_AFR,igcc_ccs,2030,2055,0.0,sv_2c_buffer_decoal
R12_AFR,igcc_ccs,2035,2035,0.0,sv_2c_buffer_decoal
R12_AFR,igcc_ccs,2035,2040,0.0,sv_2c_buffer_decoal
R12_AFR,igcc_ccs,2035,2045,0.0,sv_2c_buffer_decoal
R12_AFR,igcc_ccs,2035,2050,0.0,sv_2c_buffer_decoal
R12_AFR,igcc_ccs,2035,2055,0.0,sv_2c_buffer_decoal
R12_AFR,igcc_ccs,2035,2060,0.0,sv_2c_buffer_decoal
R12_AFR,igcc_ccs,2040,2040,0.0,sv_2c_buffer_decoal
R12_AFR,igcc_ccs,2040,2045,0.0,sv_2c_buffer_decoal
R12_AFR,igcc_ccs,2040,2050,0.0,sv_2c_buffer_decoal
R12_AFR,igcc_ccs,2040,2055,0.0,sv_2c_buffer_decoal
R12_AFR,igcc_ccs,2040,2060,0.0,sv_2c_buffer_decoal
R12_AFR,igcc_ccs,2040,2070,0.0,sv_2c_buffer_decoal
R12_AFR,igcc_ccs,2045,2045,0.0,sv_2c_buffer_decoal
R12_AFR,igcc_ccs,2045,2050,0.0,sv_2c_buffer_decoal
R12_AFR,igcc_ccs,2045,2055,0.0,sv_2c_buffer_decoal
R12_AFR,igcc_ccs,2045,2060,0.0,sv_2c_buffer_decoal
R12_AFR,igcc_ccs,2045,2070,0.0,sv_2c_buffer_decoal
R12_AFR,igcc_ccs,2050,2050,0.0,sv_2c_buffer_decoal
R12_AFR,igcc_ccs,2050,2055,0.0,sv_2c_buffer_decoal
R12_AFR,igcc_ccs,2050,2060,0.0,sv_2c_buffer_decoal
R12_AFR,igcc_ccs,2050,2070,0.0,sv_2c_buffer_decoal
R12_AFR,igcc_ccs,2050,2080,0.0,sv_2c_buffer_decoal
R12_AFR,igcc_ccs,2055,2055,0.0,sv_2c_buffer_decoal
R12_AFR,igcc_ccs,2055,2060,0.0,sv_2c_buffer_decoal
R12_AFR,igcc_ccs,2055,2070,0.0,sv_2c_buffer_decoal
R12_AFR,igcc_ccs,2055,2080,0.0,sv_2c_buffer_decoal
R12_AFR,igcc_ccs,2060,2060,0.0,sv_2c_buffer_decoal
R12_AFR,igcc_ccs,2060,2070,0.0,sv_2c_buffer_decoal
R12_AFR,igcc_ccs,2060,2080,0.0,sv_2c_buffer_decoal
R12_AFR,igcc_ccs,2060,2090,0.0,sv_2c_buffer_decoal
R12_AFR,igcc_ccs,2070,2070,0.0,sv_2c_buffer_decoal
R12_AFR,igcc_ccs,2070,2080,0.0,sv_2c_buffer_decoal
R12_AFR,igcc_ccs,2070,2090,0.0,sv_2c_buffer_decoal
R12_AFR,igcc_ccs,2080,2080,0.0,sv_2c_buffer_decoal
R12_AFR,igcc_ccs,2080,2090,0.0,sv_2c_buffer_decoal
R12_AFR,igcc_ccs,2080,2100,0.0,sv_2c_buffer_decoal
R12_AFR,igcc_ccs,2090,2090,0.0,sv_2c_buffer_decoal
R12_AFR,igcc_ccs,2090,2100,0.0,sv_2c_buffer_decoal
R12_AFR,igcc_ccs,2090,2110,0.0,sv_2c_buffer_decoal
R12_AFR,igcc_ccs,2100,2100,0.0,sv_2c_buffer_decoal
R12_AFR,igcc_ccs,2100,2110,0.0,sv_2c_buffer_decoal
R12_AFR,igcc_ccs,2110,2110,0.0,sv_2c_buffer_decoal
R12_AFR,coal_adv_cfNH3,1995,1995,0.0,sv_2c_buffer_decoal
R12_AFR,coal_adv_cfNH3,2000,2000,0.0,sv_2c_buffer_decoal
R12_AFR,coal_adv_cfNH3,2005,2005,0.0,sv_2c_buffer_decoal
R12_AFR,coal_adv_cfNH3,2005,2030,0.0,sv_2c_buffer_decoal
R12_AFR,coal_adv_cfNH3,2010,2010,0.0,sv_2c_buffer_decoal
R12_AFR,coal_adv_cfNH3,2010,2030,0.0,sv_2c_buffer_decoal
R12_AFR,coal_adv_cfNH3,2010,2035,0.0,sv_2c_buffer_decoal
R12_AFR,coal_adv_cfNH3,2015,2015,0.0,sv_2c_buffer_decoal
R12_AFR,coal_adv_cfNH3,2015,2030,0.0,sv_2c_buffer_decoal
R12_AFR,coal_adv_cfNH3,2015,2035,0.0,sv_2c_buffer_decoal
R12_AFR,coal_adv_cfNH3,2015,2040,0.0,sv_2c_buffer_decoal
R12_AFR,coal_adv_cfNH3,2020,2020,0.0,sv_2c_buffer_decoal
R12_AFR,coal_adv_cfNH3,2020,2030,0.0,sv_2c_buffer_decoal
R12_AFR,coal_adv_cfNH3,2020,2035,0.0,sv_2c_buffer_decoal
R12_AFR,coal_adv_cfNH3,2020,2040,0.0,sv_2c_buffer_decoal
R12_AFR,coal_adv_cfNH3,2020,2045,0.0,sv_2c_buffer_decoal
R12_AFR,coal_adv_cfNH3,2025,2025,0.0,sv_2c_buffer_decoal
R12_AFR,coal_adv_cfNH3,2025,2030,0.0,sv_2c_buffer_decoal
R12_AFR,coal_adv_cfNH3,2025,2035,0.0,sv_2c_buffer_decoal
R12_AFR,coal_adv_cfNH3,2025,2040,0.0,sv_2c_buffer_decoal
R12_AFR,coal_adv_cfNH3,2025,2045,0.0,sv_2c_buffer_decoal
R12_AFR,coal_adv_cfNH3,2025,2050,0.0,sv_2c_buffer_decoal
R12_AFR,coal_adv_cfNH3,2030,2030,0.0,sv_2c_buffer_decoal
R12_AFR,coal_adv_cfNH3,2030,2035,0.0,sv_2c_buffer_decoal
R12_AFR,coal_adv_cfNH3,2030,2040,0.0,sv_2c_buffer_decoal
R12_AFR,coal_adv_cfNH3,2030,2045,0.0,sv_2c_buffer_decoal
R12_AFR,coal_adv_cfNH3,2030,2050,0.0,sv_2c_buffer_decoal
R12_AFR,coal_adv_cfNH3,2030,2055,0.0,sv_2c_buffer_decoal
R12_AFR,coal_adv_cfNH3,2035,2035,0.0,sv_2c_buffer_decoal
R12_AFR,coal_adv_cfNH3,2035,2040,0.0,sv_2c_buffer_decoal
R12_AFR,coal_adv_cfNH3,2035,2045,0.0,sv_2c_buffer_decoal
R12_AFR,coal_adv_cfNH3,2035,2050,0.0,sv_2c_buffer_decoal
R12_AFR,coal_adv_cfNH3,2035,2055,0.0,sv_2c_buffer_decoal
R12_AFR,coal_adv_cfNH3,2035,2060,0.0,sv_2c_buffer_decoal
R12_AFR,coal_adv_cfNH3,2040,2040,0.0,sv_2c_buffer_decoal
R12_AFR,coal_adv_cfNH3,2040,2045,0.0,sv_2c_buffer_decoal
R12_AFR,coal_adv_cfNH3,2040,2050,0.0,sv_2c_buffer_decoal
R12_AFR,coal_adv_cfNH3,2040,2055,0.0,sv_2c_buffer_decoal
R12_AFR,coal_adv_cfNH3,2040,2060,0.0,sv_2c_buffer_decoal
R12_AFR,coal_adv_cfNH3,2040,2070,0.0,sv_2c_buffer_decoal
R12_AFR,coal_adv_cfNH3,2045,2045,0.0,sv_2c_buffer_decoal
R12_AFR,coal_adv_cfNH3,2045,2050,0.0,sv_2c_buffer_decoal
R12_AFR,coal_adv_cfNH3,2045,2055,0.0,sv_2c_buffer_decoal
R12_AFR,coal_adv_cfNH3,2045,2060,0.0,sv_2c_buffer_decoal
R12_AFR,coal_adv_cfNH3,2045,2070,0.0,sv_2c_buffer_decoal
R12_AFR,coal_adv_cfNH3,2050,2050,0.0,sv_2c_buffer_decoal
R12_AFR,coal_adv_cfNH3,2050,2055,0.0,sv_2c_buffer_decoal
R12_AFR,coal_adv_cfNH3,2050,2060,0.0,sv_2c_buffer_decoal
R12_AFR,coal_adv_cfNH3,2050,2070,0.0,sv_2c_buffer_decoal
R12_AFR,coal_adv_cfNH3,2050,2080,0.0,sv_2c_buffer_decoal
R12_AFR,coal_adv_cfNH3,2055,2055,0.0,sv_2c_buffer_decoal
R12_AFR,coal_adv_cfNH3,2055,2060,0.0,sv_2c_buffer_decoal
R12_AFR,coal_adv_cfNH3,2055,2070,0.0,sv_2c_buffer_decoal
R12_AFR,coal_adv_cfNH3,2055,2080,0.0,sv_2c_buffer_decoal
R12_AFR,coal_adv_cfNH3,2060,2060,0.0,sv_2c_buffer_decoal
R12_AFR,coal_adv_cfNH3,2060,2070,0.0,sv_2c_buffer_decoal
R12_AFR,coal_adv_cfNH3,2060,2080,0.0,sv_2c_buffer_decoal
R12_AFR,coal_adv_cfNH3,2060,2090,0.0,sv_2c_buffer_decoal
R12_AFR,coal_adv_cfNH3,2070,2070,0.0,sv_2c_buffer_decoal
R12_AFR,coal_adv_cfNH3,2070,2080,0.0,sv_2c_buffer_decoal
R12_AFR,coal_adv_cfNH3,2070,2090,0.0,sv_2c_buffer_decoal
R12_AFR,coal_adv_cfNH3,2080,2080,0.0,sv_2c_buffer_decoal
R12_AFR,coal_adv_cfNH3,2080,2090,0.0,sv_2c_buffer_decoal
R12_AFR,coal_adv_cfNH3,2080,2100,0.0,sv_2c_buffer_decoal
R12_AFR,coal_adv_cfNH3,2090,2090,0.0,sv_2c_buffer_decoal
R12_AFR,coal_adv_cfNH3,2090,2100,0.0,sv_2c_buffer_decoal
R12_AFR,coal_adv_cfNH3,2090,2110,0.0,sv_2c_buffer_decoal
R12_AFR,coal_adv_cfNH3,2100,2100,0.0,sv_2c_buffer_decoal
R12_AFR,coal_adv_cfNH3,2100,2110,0.0,sv_2c_buffer_decoal
R12_AFR,coal_adv_cfNH3,2110,2110,0.0,sv_2c_buffer_decoal
R12_AFR,coal_ppl_u_cfNH3,1960,1960,0.0,sv_2c_buffer_decoal
R12_AFR,coal_ppl_u_cfNH3,1965,1965,0.0,sv_2c_buffer_decoal
R12_AFR,coal_ppl_u_cfNH3,1970,1970,0.0,sv_2c_buffer_decoal
R12_AFR,coal_ppl_u_cfNH3,1970,2030,0.0,sv_2c_buffer_decoal
R12_AFR,coal_ppl_u_cfNH3,1975,1975,0.0,sv_2c_buffer_decoal
R12_AFR,coal_ppl_u_cfNH3,1975,2030,0.0,sv_2c_buffer_decoal
R12_AFR,coal_ppl_u_cfNH3,1980,1980,0.0,sv_2c_buffer_decoal
R12_AFR,coal_ppl_u_cfNH3,1980,2030,0.0,sv_2c_buffer_decoal
R12_AFR,coal_ppl_u_cfNH3,1980,2035,0.0,sv_2c_buffer_decoal
R12_AFR,coal_ppl_u_cfNH3,1985,1985,0.0,sv_2c_buffer_decoal
R12_AFR,coal_ppl_u_cfNH3,1985,2030,0.0,sv_2c_buffer_decoal
R12_AFR,coal_ppl_u_cfNH3,1985,2035,0.0,sv_2c_buffer_decoal
R12_AFR,coal_ppl_u_cfNH3,1990,1990,0.0,sv_2c_buffer_decoal
R12_AFR,coal_ppl_u_cfNH3,1990,2030,0.0,sv_2c_buffer_decoal
R12_AFR,coal_ppl_u_cfNH3,1990,2035,0.0,sv_2c_buffer_decoal
R12_AFR,coal_ppl_u_cfNH3,1990,2040,0.0,sv_2c_buffer_decoal
R12_AFR,coal_ppl_u_cfNH3,1995,1995,0.0,sv_2c_buffer_decoal
R12_AFR,coal_ppl_u_cfNH3,1995,2030,0.0,sv_2c_buffer_decoal
R12_AFR,coal_ppl_u_cfNH3,1995,2035,0.0,sv_2c_buffer_decoal
R12_AFR,coal_ppl_u_cfNH3,1995,2040,0.0,sv_2c_buffer_decoal
R12_AFR,coal_ppl_u_cfNH3,2000,2000,0.0,sv_2c_buffer_decoal
R12_AFR,coal_ppl_u_cfNH3,2000,2030,0.0,sv_2c_buffer_decoal
R12_AFR,coal_ppl_u_cfNH3,2000,2035,0.0,sv_2c_buffer_decoal
R12_AFR,coal_ppl_u_cfNH3,2000,2040,0.0,sv_2c_buffer_decoal
R12_AFR,coal_ppl_u_cfNH3,2000,2045,0.0,sv_2c_buffer_decoal
R12_AFR,coal_ppl_u_cfNH3,2005,2005,0.0,sv_2c_buffer_decoal
R12_AFR,coal_ppl_u_cfNH3,2005,2030,0.0,sv_2c_buffer_decoal
R12_AFR,coal_ppl_u_cfNH3,2005,2035,0.0,sv_2c_buffer_decoal
R12_AFR,coal_ppl_u_cfNH3,2005,2040,0.0,sv_2c_buffer_decoal
R12_AFR,coal_ppl_u_cfNH3,2005,2045,0.0,sv_2c_buffer_decoal
R12_AFR,coal_ppl_u_cfNH3,2010,2010,0.0,sv_2c_buffer_decoal
R12_AFR,coal_ppl_u_cfNH3,2010,2030,0.0,sv_2c_buffer_decoal
R12_AFR,coal_ppl_u_cfNH3,2010,2035,0.0,sv_2c_buffer_decoal
R12_AFR,coal_ppl_u_cfNH3,2010,2040,0.0,sv_2c_buffer_decoal
R12_AFR,coal_ppl_u_cfNH3,2010,2045,0.0,sv_2c_buffer_decoal
R12_AFR,coal_ppl_u_cfNH3,2010,2050,0.0,sv_2c_buffer_decoal
R12_AFR,coal_ppl_u_cfNH3,2015,2015,0.0,sv_2c_buffer_decoal
R12_AFR,coal_ppl_u_cfNH3,2015,2030,0.0,sv_2c_buffer_decoal
R12_AFR,coal_ppl_u_cfNH3,2015,2035,0.0,sv_2c_buffer_decoal
R12_AFR,coal_ppl_u_cfNH3,2015,2040,0.0,sv_2c_buffer_decoal
R12_AFR,coal_ppl_u_cfNH3,2015,2045,0.0,sv_2c_buffer_decoal
R12_AFR,coal_ppl_u_cfNH3,2020,2020,0.0,sv_2c_buffer_decoal
R12_AFR,coal_ppl_u_cfNH3,2020,2030,0.0,sv_2c_buffer_decoal
R12_AFR,coal_ppl_u_cfNH3,2020,2035,0.0,sv_2c_buffer_decoal
R12_AFR,coal_ppl_u_cfNH3,2020,2040,0.0,sv_2c_buffer_decoal
R12_AFR,coal_ppl_u_cfNH3,2020,2045,0.0,sv_2c_buffer_decoal
R12_AFR,coal_ppl_u_cfNH3,2025,2025,0.0,sv_2c_buffer_decoal
R12_AFR,coal_ppl_u_cfNH3,2025,2030,0.0,sv_2c_buffer_decoal
R12_AFR,coal_ppl_u_cfNH3,2025,2035,0.0,sv_2c_buffer_decoal
R12_AFR,coal_ppl_u_cfNH3,2025,2040,0.0,sv_2c_buffer_decoal
R12_AFR,coal_ppl_u_cfNH3,2025,2045,0.0,sv_2c_buffer_decoal
R12_AFR,coal_ppl_u_cfNH3,2025,2050,0.0,sv_2c_buffer_decoal
R12_AFR,coal_ppl_u_cfNH3,2030,2030,0.0,sv_2c_buffer_decoal
R12_AFR,coal_ppl_u_cfNH3,2030,2035,0.0,sv_2c_buffer_decoal
R12_AFR,coal_ppl_u_cfNH3,2030,2040,0.0,sv_2c_buffer_decoal
R12_AFR,coal_ppl_u_cfNH3,2030,2045,0.0,sv_2c_buffer_decoal
R12_AFR,coal_ppl_u_cfNH3,2030,2050,0.0,sv_2c_buffer_decoal
R12_AFR,coal_ppl_u_cfNH3,2030,2055,0.0,sv_2c_buffer_decoal
R12_AFR,coal_ppl_u_cfNH3,2035,2035,0.0,sv_2c_buffer_decoal
R12_AFR,coal_ppl_u_cfNH3,2035,2040,0.0,sv_2c_buffer_decoal
R12_AFR,coal_ppl_u_cfNH3,2035,2045,0.0,sv_2c_buffer_decoal
R12_AFR,coal_ppl_u_cfNH3,2035,2050,0.0,sv_2c_buffer_decoal
R12_AFR,coal_ppl_u_cfNH3,2035,2055,0.0,sv_2c_buffer_decoal
R12_AFR,coal_ppl_u_cfNH3,2035,2060,0.0,sv_2c_buffer_decoal
R12_AFR,coal_ppl_u_cfNH3,2040,2040,0.0,sv_2c_buffer_decoal
R12_AFR,coal_ppl_u_cfNH3,2040,2045,0.0,sv_2c_buffer_decoal
R12_AFR,coal_ppl_u_cfNH3,2040,2050,0.0,sv_2c_buffer_decoal
R12_AFR,coal_ppl_u_cfNH3,2040,2055,0.0,sv_2c_buffer_decoal
R12_AFR,coal_ppl_u_cfNH3,2040,2060,0.0,sv_2c_buffer_decoal
R12_AFR,coal_ppl_u_cfNH3,2040,2070,0.0,sv_2c_buffer_decoal
R12_AFR,coal_ppl_u_cfNH3,2045,2045,0.0,sv_2c_buffer_decoal
R12_AFR,coal_ppl_u_cfNH3,2045,2050,0.0,sv_2c_buffer_decoal
R12_AFR,coal_ppl_u_cfNH3,2045,2055,0.0,sv_2c_buffer_decoal
R12_AFR,coal_ppl_u_cfNH3,2045,2060,0.0,sv_2c_buffer_decoal
R12_AFR,coal_ppl_u_cfNH3,2045,2070,0.0,sv_2c_buffer_decoal
R12_AFR,coal_ppl_u_cfNH3,2050,2050,0.0,sv_2c_buffer_decoal
R12_AFR,coal_ppl_u_cfNH3,2050,2055,0.0,sv_2c_buffer_decoal
R12_AFR,coal_ppl_u_cfNH3,2050,2060,0.0,sv_2c_buffer_decoal
R12_AFR,coal_ppl_u_cfNH3,2050,2070,0.0,sv_2c_buffer_decoal
R12_AFR,coal_ppl_u_cfNH3,2050,2080,0.0,sv_2c_buffer_decoal
R12_AFR,coal_ppl_u_cfNH3,2055,2055,0.0,sv_2c_buffer_decoal
R12_AFR,coal_ppl_u_cfNH3,2055,2060,0.0,sv_2c_buffer_decoal
R12_AFR,coal_ppl_u_cfNH3,2055,2070,0.0,sv_2c_buffer_decoal
R12_AFR,coal_ppl_u_cfNH3,2055,2080,0.0,sv_2c_buffer_decoal
R12_AFR,coal_ppl_u_cfNH3,2060,2060,0.0,sv_2c_buffer_decoal
R12_AFR,coal_ppl_u_cfNH3,2060,2070,0.0,sv_2c_buffer_decoal
R12_AFR,coal_ppl_u_cfNH3,2060,2080,0.0,sv_2c_buffer_decoal
R12_AFR,coal_ppl_u_cfNH3,2060,2090,0.0,sv_2c_buffer_decoal
R12_AFR,coal_ppl_u_cfNH3,2070,2070,0.0,sv_2c_buffer_decoal
R12_AFR,coal_ppl_u_cfNH3,2070,2080,0.0,sv_2c_buffer_decoal
R12_AFR,coal_ppl_u_cfNH3,2070,2090,0.0,sv_2c_buffer_decoal
R12_AFR,coal_ppl_u_cfNH3,2080,2080,0.0,sv_2c_buffer_decoal
R12_AFR,coal_ppl_u_cfNH3,2080,2090,0.0,sv_2c_buffer_decoal
R12_AFR,coal_ppl_u_cfNH3,2080,2100,0.0,sv_2c_buffer_decoal
R12_AFR,coal_ppl_u_cfNH3,2090,2090,0.0,sv_2c_buffer_decoal
R12_AFR,coal_ppl_u_cfNH3,2090,2100,0.0,sv_2c_buffer_decoal
R12_AFR,coal_ppl_u_cfNH3,2090,2110,0.0,sv_2c_buffer_decoal
R12_AFR,coal_ppl_u_cfNH3,2100,2100,0.0,sv_2c_buffer_decoal
R12_AFR,coal_ppl_u_cfNH3,2100,2110,0.0,sv_2c_buffer_decoal
R12_AFR,coal_ppl_u_cfNH3,2110,2110,0.0,sv_2c_buffer_decoal
R12_AFR,coal_ppl_cfNH3,1995,1995,0.0,sv_2c_buffer_decoal
R12_AFR,coal_ppl_cfNH3,1995,2030,0.0,sv_2c_buffer_decoal
R12_AFR,coal_ppl_cfNH3,2000,2000,0.0,sv_2c_buffer_decoal
R12_AFR,coal_ppl_cfNH3,2000,2030,0.0,sv_2c_buffer_decoal
R12_AFR,coal_ppl_cfNH3,2000,2035,0.0,sv_2c_buffer_decoal
R12_AFR,coal_ppl_cfNH3,2005,2005,0.0,sv_2c_buffer_decoal
R12_AFR,coal_ppl_cfNH3,2005,2030,0.0,sv_2c_buffer_decoal
R12_AFR,coal_ppl_cfNH3,2005,2035,0.0,sv_2c_buffer_decoal
R12_AFR,coal_ppl_cfNH3,2010,2010,0.0,sv_2c_buffer_decoal
R12_AFR,coal_ppl_cfNH3,2010,2030,0.0,sv_2c_buffer_decoal
R12_AFR,coal_ppl_cfNH3,2010,2035,0.0,sv_2c_buffer_decoal
R12_AFR,coal_ppl_cfNH3,2010,2040,0.0,sv_2c_buffer_decoal
R12_AFR,coal_ppl_cfNH3,2015,2015,0.0,sv_2c_buffer_decoal
R12_AFR,coal_ppl_cfNH3,2015,2030,0.0,sv_2c_buffer_decoal
R12_AFR,coal_ppl_cfNH3,2015,2035,0.0,sv_2c_buffer_decoal
R12_AFR,coal_ppl_cfNH3,2015,2040,0.0,sv_2c_buffer_decoal
R12_AFR,coal_ppl_cfNH3,2020,2020,0.0,sv_2c_buffer_decoal
R12_AFR,coal_ppl_cfNH3,2020,2030,0.0,sv_2c_buffer_decoal
R12_AFR,coal_ppl_cfNH3,2020,2035,0.0,sv_2c_buffer_decoal
R12_AFR,coal_ppl_cfNH3,2020,2040,0.0,sv_2c_buffer_decoal
R12_AFR,coal_ppl_cfNH3,2020,2045,0.0,sv_2c_buffer_decoal
R12_AFR,coal_ppl_cfNH3,2025,2025,0.0,sv_2c_buffer_decoal
R12_AFR,coal_ppl_cfNH3,2025,2030,0.0,sv_2c_buffer_decoal
R12_AFR,coal_ppl_cfNH3,2025,2035,0.0,sv_2c_buffer_decoal
R12_AFR,coal_ppl_cfNH3,2025,2040,0.0,sv_2c_buffer_decoal
R12_AFR,coal_ppl_cfNH3,2025,2045,0.0,sv_2c_buffer_decoal
R12_AFR,coal_ppl_cfNH3,2025,2050,0.0,sv_2c_buffer_decoal
R12_AFR,coal_ppl_cfNH3,2030,2030,0.0,sv_2c_buffer_decoal
R12_AFR,coal_ppl_cfNH3,2030,2035,0.0,sv_2c_buffer_decoal
R12_AFR,coal_ppl_cfNH3,2030,2040,0.0,sv_2c_buffer_decoal
R12_AFR,coal_ppl_cfNH3,2030,2045,0.0,sv_2c_buffer_decoal
R12_AFR,coal_ppl_cfNH3,2030,2050,0.0,sv_2c_buffer_decoal
R12_AFR,coal_ppl_cfNH3,2030,2055,0.0,sv_2c_buffer_decoal
R12_AFR,coal_ppl_cfNH3,2035,2035,0.0,sv_2c_buffer_decoal
R12_AFR,coal_ppl_cfNH3,2035,2040,0.0,sv_2c_buffer_decoal
R12_AFR,coal_ppl_cfNH3,2035,2045,0.0,sv_2c_buffer_decoal
R12_AFR,coal_ppl_cfNH3,2035,2050,0.0,sv_2c_buffer_decoal
R12_AFR,coal_ppl_cfNH3,2035,2055,0.0,sv_2c_buffer_decoal
R12_AFR,coal_ppl_cfNH3,2035,2060,0.0,sv_2c_buffer_decoal
R12_AFR,coal_ppl_cfNH3,2040,2040,0.0,sv_2c_buffer_decoal
R12_AFR,coal_ppl_cfNH3,2040,2045,0.0,sv_2c_buffer_decoal
R12_AFR,coal_ppl_cfNH3,2040,2050,0.0,sv_2c_buffer_decoal
R12_AFR,coal_ppl_cfNH3,2040,2055,0.0,sv_2c_buffer_decoal
R12_AFR,coal_ppl_cfNH3,2040,2060,0.0,sv_2c_buffer_decoal
R12_AFR,coal_ppl_cfNH3,2040,2070,0.0,sv_2c_buffer_decoal
R12_AFR,coal_ppl_cfNH3,2045,2045,0.0,sv_2c_buffer_decoal
R12_AFR,coal_ppl_cfNH3,2045,2050,0.0,sv_2c_buffer_decoal
R12_AFR,coal_ppl_cfNH3,2045,2055,0.0,sv_2c_buffer_decoal
R12_AFR,coal_ppl_cfNH3,2045,2060,0.0,sv_2c_buffer_decoal
R12_AFR,coal_ppl_cfNH3,2045,2070,0.0,sv_2c_buffer_decoal
R12_AFR,coal_ppl_cfNH3,2050,2050,0.0,sv_2c_buffer_decoal
R12_AFR,coal_ppl_cfNH3,2050,2055,0.0,sv_2c_buffer_decoal
R12_AFR,coal_ppl_cfNH3,2050,2060,0.0,sv_2c_buffer_decoal
R12_AFR,coal_ppl_cfNH3,2050,2070,0.0,sv_2c_buffer_decoal
R12_AFR,coal_ppl_cfNH3,2050,2080,0.0,sv_2c_buffer_decoal
R12_AFR,coal_ppl_cfNH3,2055,2055,0.0,sv_2c_buffer_decoal
R12_AFR,coal_ppl_cfNH3,2055,2060,0.0,sv_2c_buffer_decoal
R12_AFR,coal_ppl_cfNH3,2055,2070,0.0,sv_2c_buffer_decoal
R12_AFR,coal_ppl_cfNH3,2055,2080,0.0,sv_2c_buffer_decoal
R12_AFR,coal_ppl_cfNH3,2060,2060,0.0,sv_2c_buffer_decoal
R12_AFR,coal_ppl_cfNH3,2060,2070,0.0,sv_2c_buffer_decoal
R12_AFR,coal_ppl_cfNH3,2060,2080,0.0,sv_2c_buffer_decoal
R12_AFR,coal_ppl_cfNH3,2060,2090,0.0,sv_2c_buffer_decoal
R12_AFR,coal_ppl_cfNH3,2070,2070,0.0,sv_2c_buffer_decoal
R12_AFR,coal_ppl_cfNH3,2070,2080,0.0,sv_2c_buffer_decoal
R12_AFR,coal_ppl_cfNH3,2070,2090,0.0,sv_2c_buffer_decoal
R12_AFR,coal_ppl_cfNH3,2080,2080,0.0,sv_2c_buffer_decoal
R12_AFR,coal_ppl_cfNH3,2080,2090,0.0,sv_2c_buffer_decoal
R12_AFR,coal_ppl_cfNH3,2080,2100,0.0,sv_2c_buffer_decoal
R12_AFR,coal_ppl_cfNH3,2090,2090,0.0,sv_2c_buffer_decoal
R12_AFR,coal_ppl_cfNH3,2090,2100,0.0,sv_2c_buffer_decoal
R12_AFR,coal_ppl_cfNH3,2090,2110,0.0,sv_2c_buffer_decoal
R12_AFR,coal_ppl_cfNH3,2100,2100,0.0,sv_2c_buffer_decoal
R12_AFR,coal_ppl_cfNH3,2100,2110,0.0,sv_2c_buffer_decoal
R12_AFR,coal_ppl_cfNH3,2110,2110,0.0,sv_2c_buffer_decoal
R12_AFR,coal_adv_cfbio,2010,2010,0.0,sv_2c_buffer_decoal
R12_AFR,coal_adv_cfbio,2010,2030,0.0,sv_2c_buffer_decoal
R12_AFR,coal_adv_cfbio,2010,2035,0.0,sv_2c_buffer_decoal
R12_AFR,coal_adv_cfbio,2015,2015,0.0,sv_2c_buffer_decoal
R12_AFR,coal_adv_cfbio,2015,2030,0.0,sv_2c_buffer_decoal
R12_AFR,coal_adv_cfbio,2015,2035,0.0,sv_2c_buffer_decoal
R12_AFR,coal_adv_cfbio,2015,2040,0.0,sv_2c_buffer_decoal
R12_AFR,coal_adv_cfbio,2020,2020,0.0,sv_2c_buffer_decoal
R12_AFR,coal_adv_cfbio,2020,2030,0.0,sv_2c_buffer_decoal
R12_AFR,coal_adv_cfbio,2020,2035,0.0,sv_2c_buffer_decoal
R12_AFR,coal_adv_cfbio,2020,2040,0.0,sv_2c_buffer_decoal
R12_AFR,coal_adv_cfbio,2020,2045,0.0,sv_2c_buffer_decoal
R12_AFR,coal_adv_cfbio,2025,2025,0.0,sv_2c_buffer_decoal
R12_AFR,coal_adv_cfbio,2025,2030,0.0,sv_2c_buffer_decoal
R12_AFR,coal_adv_cfbio,2025,2035,0.0,sv_2c_buffer_decoal
R12_AFR,coal_adv_cfbio,2025,2040,0.0,sv_2c_buffer_decoal
R12_AFR,coal_adv_cfbio,2025,2045,0.0,sv_2c_buffer_decoal
R12_AFR,coal_adv_cfbio,2025,2050,0.0,sv_2c_buffer_decoal
R12_AFR,coal_adv_cfbio,2030,2030,0.0,sv_2c_buffer_decoal
R12_AFR,coal_adv_cfbio,2030,2035,0.0,sv_2c_buffer_decoal
R12_AFR,coal_adv_cfbio,2030,2040,0.0,sv_2c_buffer_decoal
R12_AFR,coal_adv_cfbio,2030,2045,0.0,sv_2c_buffer_decoal
R12_AFR,coal_adv_cfbio,2030,2050,0.0,sv_2c_buffer_decoal
R12_AFR,coal_adv_cfbio,2030,2055,0.0,sv_2c_buffer_decoal
R12_AFR,coal_adv_cfbio,2035,2035,0.0,sv_2c_buffer_decoal
R12_AFR,coal_adv_cfbio,2035,2040,0.0,sv_2c_buffer_decoal
R12_AFR,coal_adv_cfbio,2035,2045,0.0,sv_2c_buffer_decoal
R12_AFR,coal_adv_cfbio,2035,2050,0.0,sv_2c_buffer_decoal
R12_AFR,coal_adv_cfbio,2035,2055,0.0,sv_2c_buffer_decoal
R12_AFR,coal_adv_cfbio,2035,2060,0.0,sv_2c_buffer_decoal
R12_AFR,coal_adv_cfbio,2040,2040,0.0,sv_2c_buffer_decoal
R12_AFR,coal_adv_cfbio,2040,2045,0.0,sv_2c_buffer_decoal
R12_AFR,coal_adv_cfbio,2040,2050,0.0,sv_2c_buffer_decoal
R12_AFR,coal_adv_cfbio,2040,2055,0.0,sv_2c_buffer_decoal
R12_AFR,coal_adv_cfbio,2040,2060,0.0,sv_2c_buffer_decoal
R12_AFR,coal_adv_cfbio,2040,2070,0.0,sv_2c_buffer_decoal
R12_AFR,coal_adv_cfbio,2045,2045,0.0,sv_2c_buffer_decoal
R12_AFR,coal_adv_cfbio,2045,2050,0.0,sv_2c_buffer_decoal
R12_AFR,coal_adv_cfbio,2045,2055,0.0,sv_2c_buffer_decoal
R12_AFR,coal_adv_cfbio,2045,2060,0.0,sv_2c_buffer_decoal
R12_AFR,coal_adv_cfbio,2045,2070,0.0,sv_2c_buffer_decoal
R12_AFR,coal_adv_cfbio,2050,2050,0.0,sv_2c_buffer_decoal
R12_AFR,coal_adv_cfbio,2050,2055,0.0,sv_2c_buffer_decoal
R12_AFR,coal_adv_cfbio,2050,2060,0.0,sv_2c_buffer_decoal
R12_AFR,coal_adv_cfbio,2050,2070,0.0,sv_2c_buffer_decoal
R12_AFR,coal_adv_cfbio,2050,2080,0.0,sv_2c_buffer_decoal
R12_AFR,coal_adv_cfbio,2055,2055,0.0,sv_2c_buffer_decoal
R12_AFR,coal_adv_cfbio,2055,2060,0.0,sv_2c_buffer_decoal
R12_AFR,coal_adv_cfbio,2055,2070,0.0,sv_2c_buffer_decoal
R12_AFR,coal_adv_cfbio,2055,2080,0.0,sv_2c_buffer_decoal
R12_AFR,coal_adv_cfbio,2060,2060,0.0,sv_2c_buffer_decoal
R12_AFR,coal_adv_cfbio,2060,2070,0.0,sv_2c_buffer_decoal
R12_AFR,coal_adv_cfbio,2060,2080,0.0,sv_2c_buffer_decoal
R12_AFR,coal_adv_cfbio,2060,2090,0.0,sv_2c_buffer_decoal
R12_AFR,coal_adv_cfbio,2070,2070,0.0,sv_2c_buffer_decoal
R12_AFR,coal_adv_cfbio,2070,2080,0.0,sv_2c_buffer_decoal
R12_AFR,coal_adv_cfbio,2070,2090,0.0,sv_2c_buffer_decoal
R12_AFR,coal_adv_cfbio,2080,2080,0.0,sv_2c_buffer_decoal
R12_AFR,coal_adv_cfbio,2080,2090,0.0,sv_2c_buffer_decoal
R12_AFR,coal_adv_cfbio,2080,2100,0.0,sv_2c_buffer_decoal
R12_AFR,coal_adv_cfbio,2090,2090,0.0,sv_2c_buffer_decoal
R12_AFR,coal_adv_cfbio,2090,2100,0.0,sv_2c_buffer_decoal
R12_AFR,coal_adv_cfbio,2090,2110,0.0,sv_2c_buffer_decoal
R12_AFR,coal_adv_cfbio,2100,2100,0.0,sv_2c_buffer_decoal
R12_AFR,coal_adv_cfbio,2100,2110,0.0,sv_2c_buffer_decoal
R12_AFR,coal_adv_cfbio,2110,2110,0.0,sv_2c_buffer_decoal
R12_AFR,coal_ppl_u_cfbio,2010,2010,0.0,sv_2c_buffer_decoal
R12_AFR,coal_ppl_u_cfbio,2010,2030,0.0,sv_2c_buffer_decoal
R12_AFR,coal_ppl_u_cfbio,2010,2035,0.0,sv_2c_buffer_decoal
R12_AFR,coal_ppl_u_cfbio,2010,2040,0.0,sv_2c_buffer_decoal
R12_AFR,coal_ppl_u_cfbio,2010,2045,0.0,sv_2c_buffer_decoal
R12_AFR,coal_ppl_u_cfbio,2010,2050,0.0,sv_2c_buffer_decoal
R12_AFR,coal_ppl_u_cfbio,2015,2015,0.0,sv_2c_buffer_decoal
R12_AFR,coal_ppl_u_cfbio,2015,2030,0.0,sv_2c_buffer_decoal
R12_AFR,coal_ppl_u_cfbio,2015,2035,0.0,sv_2c_buffer_decoal
R12_AFR,coal_ppl_u_cfbio,2015,2040,0.0,sv_2c_buffer_decoal
R12_AFR,coal_ppl_u_cfbio,2015,2045,0.0,sv_2c_buffer_decoal
R12_AFR,coal_ppl_u_cfbio,2020,2020,0.0,sv_2c_buffer_decoal
R12_AFR,coal_ppl_u_cfbio,2020,2030,0.0,sv_2c_buffer_decoal
R12_AFR,coal_ppl_u_cfbio,2020,2035,0.0,sv_2c_buffer_decoal
R12_AFR,coal_ppl_u_cfbio,2020,2040,0.0,sv_2c_buffer_decoal
R12_AFR,coal_ppl_u_cfbio,2020,2045,0.0,sv_2c_buffer_decoal
R12_AFR,coal_ppl_u_cfbio,2025,2025,0.0,sv_2c_buffer_decoal
R12_AFR,coal_ppl_u_cfbio,2025,2030,0.0,sv_2c_buffer_decoal
R12_AFR,coal_ppl_u_cfbio,2025,2035,0.0,sv_2c_buffer_decoal
R12_AFR,coal_ppl_u_cfbio,2025,2040,0.0,sv_2c_buffer_decoal
R12_AFR,coal_ppl_u_cfbio,2025,2045,0.0,sv_2c_buffer_decoal
R12_AFR,coal_ppl_u_cfbio,2025,2050,0.0,sv_2c_buffer_decoal
R12_AFR,coal_ppl_u_cfbio,2030,2030,0.0,sv_2c_buffer_decoal
R12_AFR,coal_ppl_u_cfbio,2030,2035,0.0,sv_2c_buffer_decoal
R12_AFR,coal_ppl_u_cfbio,2030,2040,0.0,sv_2c_buffer_decoal
R12_AFR,coal_ppl_u_cfbio,2030,2045,0.0,sv_2c_buffer_decoal
R12_AFR,coal_ppl_u_cfbio,2030,2050,0.0,sv_2c_buffer_decoal
R12_AFR,coal_ppl_u_cfbio,2030,2055,0.0,sv_2c_buffer_decoal
R12_AFR,coal_ppl_u_cfbio,2035,2035,0.0,sv_2c_buffer_decoal
R12_AFR,coal_ppl_u_cfbio,2035,2040,0.0,sv_2c_buffer_decoal
R12_AFR,coal_ppl_u_cfbio,2035,2045,0.0,sv_2c_buffer_decoal
R12_AFR,coal_ppl_u_cfbio,2035,2050,0.0,sv_2c_buffer_decoal
R12_AFR,coal_ppl_u_cfbio,2035,2055,0.0,sv_2c_buffer_decoal
R12_AFR,coal_ppl_u_cfbio,2035,2060,0.0,sv_2c_buffer_decoal
R12_AFR,coal_ppl_u_cfbio,2040,2040,0.0,sv_2c_buffer_decoal
R12_AFR,coal_ppl_u_cfbio,2040,2045,0.0,sv_2c_buffer_decoal
R12_AFR,coal_ppl_u_cfbio,2040,2050,0.0,sv_2c_buffer_decoal
R12_AFR,coal_ppl_u_cfbio,2040,2055,0.0,sv_2c_buffer_decoal
R12_AFR,coal_ppl_u_cfbio,2040,2060,0.0,sv_2c_buffer_decoal
R12_AFR,coal_ppl_u_cfbio,2040,2070,0.0,sv_2c_buffer_decoal
R12_AFR,coal_ppl_u_cfbio,2045,2045,0.0,sv_2c_buffer_decoal
R12_AFR,coal_ppl_u_cfbio,2045,2050,0.0,sv_2c_buffer_decoal
R12_AFR,coal_ppl_u_cfbio,2045,2055,0.0,sv_2c_buffer_decoal
R12_AFR,coal_ppl_u_cfbio,2045,2060,0.0,sv_2c_buffer_decoal
R12_AFR,coal_ppl_u_cfbio,2045,2070,0.0,sv_2c_buffer_decoal
R12_AFR,coal_ppl_u_cfbio,2050,2050,0.0,sv_2c_buffer_decoal
R12_AFR,coal_ppl_u_cfbio,2050,2055,0.0,sv_2c_buffer_decoal
R12_AFR,coal_ppl_u_cfbio,2050,2060,0.0,sv_2c_buffer_decoal
R12_AFR,coal_ppl_u_cfbio,2050,2070,0.0,sv_2c_buffer_decoal
R12_AFR,coal_ppl_u_cfbio,2050,2080,0.0,sv_2c_buffer_decoal
R12_AFR,coal_ppl_u_cfbio,2055,2055,0.0,sv_2c_buffer_decoal
R12_AFR,coal_ppl_u_cfbio,2055,2060,0.0,sv_2c_buffer_decoal
R12_AFR,coal_ppl_u_cfbio,2055,2070,0.0,sv_2c_buffer_decoal
R12_AFR,coal_ppl_u_cfbio,2055,2080,0.0,sv_2c_buffer_decoal
R12_AFR,coal_ppl_u_cfbio,2060,2060,0.0,sv_2c_buffer_decoal
R12_AFR,coal_ppl_u_cfbio,2060,2070,0.0,sv_2c_buffer_decoal
R12_AFR,coal_ppl_u_cfbio,2060,2080,0.0,sv_2c_buffer_decoal
R12_AFR,coal_ppl_u_cfbio,2060,2090,0.0,sv_2c_buffer_decoal
R12_AFR,coal_ppl_u_cfbio,2070,2070,0.0,sv_2c_buffer_decoal
R12_AFR,coal_ppl_u_cfbio,2070,2080,0.0,sv_2c_buffer_decoal
R12_AFR,coal_ppl_u_cfbio,2070,2090,0.0,sv_2c_buffer_decoal
R12_AFR,coal_ppl_u_cfbio,2080,2080,0.0,sv_2c_buffer_decoal
R12_AFR,coal_ppl_u_cfbio,2080,2090,0.0,sv_2c_buffer_decoal
R12_AFR,coal_ppl_u_cfbio,2080,2100,0.0,sv_2c_buffer_decoal
R12_AFR,coal_ppl_u_cfbio,2090,2090,0.0,sv_2c_buffer_decoal
R12_AFR,coal_ppl_u_cfbio,2090,2100,0.0,sv_2c_buffer_decoal
R12_AFR,coal_ppl_u_cfbio,2090,2110,0.0,sv_2c_buffer_decoal
R12_AFR,coal_ppl_u_cfbio,2100,2100,0.0,sv_2c_buffer_decoal
R12_AFR,coal_ppl_u_cfbio,2100,2110,0.0,sv_2c_buffer_decoal
R12_AFR,coal_ppl_u_cfbio,2110,2110,0.0,sv_2c_buffer_decoal
R12_AFR,coal_ppl_cfbio,2010,2010,0.0,sv_2c_buffer_decoal
R12_AFR,coal_ppl_cfbio,2010,2030,0.0,sv_2c_buffer_decoal
R12_AFR,coal_ppl_cfbio,2010,2035,0.0,sv_2c_buffer_decoal
R12_AFR,coal_ppl_cfbio,2010,2040,0.0,sv_2c_buffer_decoal
R12_AFR,coal_ppl_cfbio,2015,2015,0.0,sv_2c_buffer_decoal
R12_AFR,coal_ppl_cfbio,2015,2030,0.0,sv_2c_buffer_decoal
R12_AFR,coal_ppl_cfbio,2015,2035,0.0,sv_2c_buffer_decoal
R12_AFR,coal_ppl_cfbio,2015,2040,0.0,sv_2c_buffer_decoal
R12_AFR,coal_ppl_cfbio,2020,2020,0.0,sv_2c_buffer_decoal
R12_AFR,coal_ppl_cfbio,2020,2030,0.0,sv_2c_buffer_decoal
R12_AFR,coal_ppl_cfbio,2020,2035,0.0,sv_2c_buffer_decoal
R12_AFR,coal_ppl_cfbio,2020,2040,0.0,sv_2c_buffer_decoal
R12_AFR,coal_ppl_cfbio,2020,2045,0.0,sv_2c_buffer_decoal
R12_AFR,coal_ppl_cfbio,2025,2025,0.0,sv_2c_buffer_decoal
R12_AFR,coal_ppl_cfbio,2025,2030,0.0,sv_2c_buffer_decoal
R12_AFR,coal_ppl_cfbio,2025,2035,0.0,sv_2c_buffer_decoal
R12_AFR,coal_ppl_cfbio,2025,2040,0.0,sv_2c_buffer_decoal
R12_AFR,coal_ppl_cfbio,2025,2045,0.0,sv_2c_buffer_decoal
R12_AFR,coal_ppl_cfbio,2025,2050,0.0,sv_2c_buffer_decoal
R12_AFR,coal_ppl_cfbio,2030,2030,0.0,sv_2c_buffer_decoal
R12_AFR,coal_ppl_cfbio,2030,2035,0.0,sv_2c_buffer_decoal
R12_AFR,coal_ppl_cfbio,2030,2040,0.0,sv_2c_buffer_decoal
R12_AFR,coal_ppl_cfbio,2030,2045,0.0,sv_2c_buffer_decoal
R12_AFR,coal_ppl_cfbio,2030,2050,0.0,sv_2c_buffer_decoal
R12_AFR,coal_ppl_cfbio,2030,2055,0.0,sv_2c_buffer_decoal
R12_AFR,coal_ppl_cfbio,2035,2035,0.0,sv_2c_buffer_decoal
R12_AFR,coal_ppl_cfbio,2035,2040,0.0,sv_2c_buffer_decoal
R12_AFR,coal_ppl_cfbio,2035,2045,0.0,sv_2c_buffer_decoal
R12_AFR,coal_ppl_cfbio,2035,2050,0.0,sv_2c_buffer_decoal
R12_AFR,coal_ppl_cfbio,2035,2055,0.0,sv_2c_buffer_decoal
R12_AFR,coal_ppl_cfbio,2035,2060,0.0,sv_2c_buffer_decoal
R12_AFR,coal_ppl_cfbio,2040,2040,0.0,sv_2c_buffer_decoal
R12_AFR,coal_ppl_cfbio,2040,2045,0.0,sv_2c_buffer_decoal
R12_AFR,coal_ppl_cfbio,2040,2050,0.0,sv_2c_buffer_decoal
R12_AFR,coal_ppl_cfbio,2040,2055,0.0,sv_2c_buffer_decoal
R12_AFR,coal_ppl_cfbio,2040,2060,0.0,sv_2c_buffer_decoal
R12_AFR,coal_ppl_cfbio,2040,2070,0.0,sv_2c_buffer_decoal
R12_AFR,coal_ppl_cfbio,2045,2045,0.0,sv_2c_buffer_decoal
R12_AFR,coal_ppl_cfbio,2045,2050,0.0,sv_2c_buffer_decoal
R12_AFR,coal_ppl_cfbio,2045,2055,0.0,sv_2c_buffer_decoal
R12_AFR,coal_ppl_cfbio,2045,2060,0.0,sv_2c_buffer_decoal
R12_AFR,coal_ppl_cfbio,2045,2070,0.0,sv_2c_buffer_decoal
R12_AFR,coal_ppl_cfbio,2050,2050,0.0,sv_2c_buffer_decoal
R12_AFR,coal_ppl_cfbio,2050,2055,0.0,sv_2c_buffer_decoal
R12_AFR,coal_ppl_cfbio,2050,2060,0.0,sv_2c_buffer_decoal
R12_AFR,coal_ppl_cfbio,2050,2070,0.0,sv_2c_buffer_decoal
R12_AFR,coal_ppl_cfbio,2050,2080,0.0,sv_2c_buffer_decoal
R12_AFR,coal_ppl_cfbio,2055,2055,0.0,sv_2c_buffer_decoal
R12_AFR,coal_ppl_cfbio,2055,2060,0.0,sv_2c_buffer_decoal
R12_AFR,coal_ppl_cfbio,2055,2070,0.0,sv_2c_buffer_decoal
R12_AFR,coal_ppl_cfbio,2055,2080,0.0,sv_2c_buffer_decoal
R12_AFR,coal_ppl_cfbio,2060,2060,0.0,sv_2c_buffer_decoal
R12_AFR,coal_ppl_cfbio,2060,2070,0.0,sv_2c_buffer_decoal
R12_AFR,coal_ppl_cfbio,2060,2080,0.0,sv_2c_buffer_decoal
R12_AFR,coal_ppl_cfbio,2060,2090,0.0,sv_2c_buffer_decoal
R12_AFR,coal_ppl_cfbio,2070,2070,0.0,sv_2c_buffer_decoal
R12_AFR,coal_ppl_cfbio,2070,2080,0.0,sv_2c_buffer_decoal
R12_AFR,coal_ppl_cfbio,2070,2090,0.0,sv_2c_buffer_decoal
R12_AFR,coal_ppl_cfbio,2080,2080,0.0,sv_2c_buffer_decoal
R12_AFR,coal_ppl_cfbio,2080,2090,0.0,sv_2c_buffer_decoal
R12_AFR,coal_ppl_cfbio,2080,2100,0.0,sv_2c_buffer_decoal
R12_AFR,coal_ppl_cfbio,2090,2090,0.0,sv_2c_buffer_decoal
R12_AFR,coal_ppl_cfbio,2090,2100,0.0,sv_2c_buffer_decoal
R12_AFR,coal_ppl_cfbio,2090,2110,0.0,sv_2c_buffer_decoal
R12_AFR,coal_ppl_cfbio,2100,2100,0.0,sv_2c_buffer_decoal
R12_AFR,coal_ppl_cfbio,2100,2110,0.0,sv_2c_buffer_decoal
R12_AFR,coal_ppl_cfbio,2110,2110,0.0,sv_2c_buffer_decoal
R12_AFR,coal_adv_rccs,2010,2010,0.0,sv_2c_buffer_decoal
R12_AFR,coal_adv_rccs,2010,2030,0.0,sv_2c_buffer_decoal
R12_AFR,coal_adv_rccs,2010,2035,0.0,sv_2c_buffer_decoal
R12_AFR,coal_adv_rccs,2015,2015,0.0,sv_2c_buffer_decoal
R12_AFR,coal_adv_rccs,2015,2030,0.0,sv_2c_buffer_decoal
R12_AFR,coal_adv_rccs,2015,2035,0.0,sv_2c_buffer_decoal
R12_AFR,coal_adv_rccs,2015,2040,0.0,sv_2c_buffer_decoal
R12_AFR,coal_adv_rccs,2020,2020,0.0,sv_2c_buffer_decoal
R12_AFR,coal_adv_rccs,2020,2030,0.0,sv_2c_buffer_decoal
R12_AFR,coal_adv_rccs,2020,2035,0.0,sv_2c_buffer_decoal
R12_AFR,coal_adv_rccs,2020,2040,0.0,sv_2c_buffer_decoal
R12_AFR,coal_adv_rccs,2020,2045,0.0,sv_2c_buffer_decoal
R12_AFR,coal_adv_rccs,2025,2025,0.0,sv_2c_buffer_decoal
R12_AFR,coal_adv_rccs,2025,2030,0.0,sv_2c_buffer_decoal
R12_AFR,coal_adv_rccs,2025,2035,0.0,sv_2c_buffer_decoal
R12_AFR,coal_adv_rccs,2025,2040,0.0,sv_2c_buffer_decoal
R12_AFR,coal_adv_rccs,2025,2045,0.0,sv_2c_buffer_decoal
R12_AFR,coal_adv_rccs,2025,2050,0.0,sv_2c_buffer_decoal
R12_AFR,coal_adv_rccs,2030,2030,0.0,sv_2c_buffer_decoal
R12_AFR,coal_adv_rccs,2030,2035,0.0,sv_2c_buffer_decoal
R12_AFR,coal_adv_rccs,2030,2040,0.0,sv_2c_buffer_decoal
R12_AFR,coal_adv_rccs,2030,2045,0.0,sv_2c_buffer_decoal
R12_AFR,coal_adv_rccs,2030,2050,0.0,sv_2c_buffer_decoal
R12_AFR,coal_adv_rccs,2030,2055,0.0,sv_2c_buffer_decoal
R12_AFR,coal_adv_rccs,2035,2035,0.0,sv_2c_buffer_decoal
R12_AFR,coal_adv_rccs,2035,2040,0.0,sv_2c_buffer_decoal
R12_AFR,coal_adv_rccs,2035,2045,0.0,sv_2c_buffer_decoal
R12_AFR,coal_adv_rccs,2035,2050,0.0,sv_2c_buffer_decoal
R12_AFR,coal_adv_rccs,2035,2055,0.0,sv_2c_buffer_decoal
R12_AFR,coal_adv_rccs,2035,2060,0.0,sv_2c_buffer_decoal
R12_AFR,coal_adv_rccs,2040,2040,0.0,sv_2c_buffer_decoal
R12_AFR,coal_adv_rccs,2040,2045,0.0,sv_2c_buffer_decoal
R12_AFR,coal_adv_rccs,2040,2050,0.0,sv_2c_buffer_decoal
R12_AFR,coal_adv_rccs,2040,2055,0.0,sv_2c_buffer_decoal
R12_AFR,coal_adv_rccs,2040,2060,0.0,sv_2c_buffer_decoal
R12_AFR,coal_adv_rccs,2040,2070,0.0,sv_2c_buffer_decoal
R12_AFR,coal_adv_rccs,2045,2045,0.0,sv_2c_buffer_decoal
R12_AFR,coal_adv_rccs,2045,2050,0.0,sv_2c_buffer_decoal
R12_AFR,coal_adv_rccs,2045,2055,0.0,sv_2c_buffer_decoal
R12_AFR,coal_adv_rccs,2045,2060,0.0,sv_2c_buffer_decoal
R12_AFR,coal_adv_rccs,2045,2070,0.0,sv_2c_buffer_decoal
R12_AFR,coal_adv_rccs,2050,2050,0.0,sv_2c_buffer_decoal
R12_AFR,coal_adv_rccs,2050,2055,0.0,sv_2c_buffer_decoal
R12_AFR,coal_adv_rccs,2050,2060,0.0,sv_2c_buffer_decoal
R12_AFR,coal_adv_rccs,2050,2070,0.0,sv_2c_buffer_decoal
R12_AFR,coal_adv_rccs,2050,2080,0.0,sv_2c_buffer_decoal
R12_AFR,coal_adv_rccs,2055,2055,0.0,sv_2c_buffer_decoal
R12_AFR,coal_adv_rccs,2055,2060,0.0,sv_2c_buffer_decoal
R12_AFR,coal_adv_rccs,2055,2070,0.0,sv_2c_buffer_decoal
R12_AFR,coal_adv_rccs,2055,2080,0.0,sv_2c_buffer_decoal
R12_AFR,coal_adv_rccs,2060,2060,0.0,sv_2c_buffer_decoal
R12_AFR,coal_adv_rccs,2060,2070,0.0,sv_2c_buffer_decoal
R12_AFR,coal_adv_rccs,2060,2080,0.0,sv_2c_buffer_decoal
R12_AFR,coal_adv_rccs,2060,2090,0.0,sv_2c_buffer_decoal
R12_AFR,coal_adv_rccs,2070,2070,0.0,sv_2c_buffer_decoal
R12_AFR,coal_adv_rccs,2070,2080,0.0,sv_2c_buffer_decoal
R12_AFR,coal_adv_rccs,2070,2090,0.0,sv_2c_buffer_decoal
R12_AFR,coal_adv_rccs,2080,2080,0.0,sv_2c_buffer_decoal
R12_AFR,coal_adv_rccs,2080,2090,0.0,sv_2c_buffer_decoal
R12_AFR,coal_adv_rccs,2080,2100,0.0,sv_2c_buffer_decoal
R12_AFR,coal_adv_rccs,2090,2090,0.0,sv_2c_buffer_decoal
R12_AFR,coal_adv_rccs,2090,2100,0.0,sv_2c_buffer_decoal
R12_AFR,coal_adv_rccs,2090,2110,0.0,sv_2c_buffer_decoal
R12_AFR,coal_adv_rccs,2100,2100,0.0,sv_2c_buffer_decoal
R12_AFR,coal_adv_rccs,2100,2110,0.0,sv_2c_buffer_decoal
R12_AFR,coal_adv_rccs,2110,2110,0.0,sv_2c_buffer_decoal
R12_EEU,coal_adv,1985,1985,0.0,sv_2c_buffer_decoal
R12_EEU,coal_adv,1990,1990,0.0,sv_2c_buffer_decoal
R12_EEU,coal_adv,1995,1995,0.0,sv_2c_buffer_decoal
R12_EEU,coal_adv,1995,2030,0.0,sv_2c_buffer_decoal
R12_EEU,coal_adv,2000,2000,0.0,sv_2c_buffer_decoal
R12_EEU,coal_adv,2000,2030,0.0,sv_2c_buffer_decoal
R12_EEU,coal_adv,2005,2005,0.0,sv_2c_buffer_decoal
R12_EEU,coal_adv,2005,2030,0.0,sv_2c_buffer_decoal
R12_EEU,coal_adv,2005,2035,0.0,sv_2c_buffer_decoal
R12_EEU,coal_adv,2010,2010,0.0,sv_2c_buffer_decoal
R12_EEU,coal_adv,2010,2030,0.929,sv_2c_buffer_decoal
R12_EEU,coal_adv,2010,2035,0.929,sv_2c_buffer_decoal
R12_EEU,coal_adv,2015,2015,0.0,sv_2c_buffer_decoal
R12_EEU,coal_adv,2015,2030,0.858,sv_2c_buffer_decoal
R12_EEU,coal_adv,2015,2035,0.858,sv_2c_buffer_decoal
R12_EEU,coal_adv,2015,2040,0.858,sv_2c_buffer_decoal
R12_EEU,coal_adv,2020,2020,0.0,sv_2c_buffer_decoal
R12_EEU,coal_adv,2020,2030,0.0,sv_2c_buffer_decoal
R12_EEU,coal_adv,2020,2035,0.0,sv_2c_buffer_decoal
R12_EEU,coal_adv,2020,2040,0.0,sv_2c_buffer_decoal
R12_EEU,coal_adv,2020,2045,0.0,sv_2c_buffer_decoal
R12_EEU,coal_adv,2025,2025,0.0,sv_2c_buffer_decoal
R12_EEU,coal_adv,2025,2030,0.0,sv_2c_buffer_decoal
R12_EEU,coal_adv,2025,2035,0.0,sv_2c_buffer_decoal
R12_EEU,coal_adv,2025,2040,0.0,sv_2c_buffer_decoal
R12_EEU,coal_adv,2025,2045,0.0,sv_2c_buffer_decoal
R12_EEU,coal_adv,2025,2050,0.0,sv_2c_buffer_decoal
R12_EEU,coal_adv,2030,2030,0.0,sv_2c_buffer_decoal
R12_EEU,coal_adv,2030,2035,0.0,sv_2c_buffer_decoal
R12_EEU,coal_adv,2030,2040,0.0,sv_2c_buffer_decoal
R12_EEU,coal_adv,2030,2045,0.0,sv_2c_buffer_decoal
R12_EEU,coal_adv,2030,2050,0.0,sv_2c_buffer_decoal
R12_EEU,coal_adv,2030,2055,0.0,sv_2c_buffer_decoal
R12_EEU,coal_adv,2035,2035,0.0,sv_2c_buffer_decoal
R12_EEU,coal_adv,2035,2040,0.0,sv_2c_buffer_decoal
R12_EEU,coal_adv,2035,2045,0.0,sv_2c_buffer_decoal
R12_EEU,coal_adv,2035,2050,0.0,sv_2c_buffer_decoal
R12_EEU,coal_adv,2035,2055,0.0,sv_2c_buffer_decoal
R12_EEU,coal_adv,2035,2060,0.0,sv_2c_buffer_decoal
R12_EEU,coal_adv,2040,2040,0.0,sv_2c_buffer_decoal
R12_EEU,coal_adv,2040,2045,0.0,sv_2c_buffer_decoal
R12_EEU,coal_adv,2040,2050,0.0,sv_2c_buffer_decoal
R12_EEU,coal_adv,2040,2055,0.0,sv_2c_buffer_decoal
R12_EEU,coal_adv,2040,2060,0.0,sv_2c_buffer_decoal
R12_EEU,coal_adv,2040,2070,0.0,sv_2c_buffer_decoal
R12_EEU,coal_adv,2045,2045,0.0,sv_2c_buffer_decoal
R12_EEU,coal_adv,2045,2050,0.0,sv_2c_buffer_decoal
R12_EEU,coal_adv,2045,2055,0.0,sv_2c_buffer_decoal
R12_EEU,coal_adv,2045,2060,0.0,sv_2c_buffer_decoal
R12_EEU,coal_adv,2045,2070,0.0,sv_2c_buffer_decoal
R12_EEU,coal_adv,2050,2050,0.0,sv_2c_buffer_decoal
R12_EEU,coal_adv,2050,2055,0.0,sv_2c_buffer_decoal
R12_EEU,coal_adv,2050,2060,0.0,sv_2c_buffer_decoal
R12_EEU,coal_adv,2050,2070,0.0,sv_2c_buffer_decoal
R12_EEU,coal_adv,2050,2080,0.0,sv_2c_buffer_decoal
R12_EEU,coal_adv,2055,2055,0.0,sv_2c_buffer_decoal
R12_EEU,coal_adv,2055,2060,0.0,sv_2c_buffer_decoal
R12_EEU,coal_adv,2055,2070,0.0,sv_2c_buffer_decoal
R12_EEU,coal_adv,2055,2080,0.0,sv_2c_buffer_decoal
R12_EEU,coal_adv,2060,2060,0.0,sv_2c_buffer_decoal
R12_EEU,coal_adv,2060,2070,0.0,sv_2c_buffer_decoal
R12_EEU,coal_adv,2060,2080,0.0,sv_2c_buffer_decoal
R12_EEU,coal_adv,2060,2090,0.0,sv_2c_buffer_decoal
R12_EEU,coal_adv,2070,2070,0.0,sv_2c_buffer_decoal
R12_EEU,coal_adv,2070,2080,0.0,sv_2c_buffer_decoal
R12_EEU,coal_adv,2070,2090,0.0,sv_2c_buffer_decoal
R12_EEU,coal_adv,2080,2080,0.0,sv_2c_buffer_decoal
R12_EEU,coal_adv,2080,2090,0.0,sv_2c_buffer_decoal
R12_EEU,coal_adv,2080,2100,0.0,sv_2c_buffer_decoal
R12_EEU,coal_adv,2090,2090,0.0,sv_2c_buffer_decoal
R12_EEU,coal_adv,2090,2100,0.0,sv_2c_buffer_decoal
R12_EEU,coal_adv,2090,2110,0.0,sv_2c_buffer_decoal
R12_EEU,coal_adv,2100,2100,0.0,sv_2c_buffer_decoal
R12_EEU,coal_adv,2100,2110,0.0,sv_2c_buffer_decoal
R12_EEU,coal_adv,2110,2110,0.0,sv_2c_buffer_decoal
R12_EEU,coal_adv_ccs,2030,2030,0.0,sv_2c_buffer_decoal
R12_EEU,coal_adv_ccs,2030,2035,0.0,sv_2c_buffer_decoal
R12_EEU,coal_adv_ccs,2030,2040,0.0,sv_2c_buffer_decoal
R12_EEU,coal_adv_ccs,2030,2045,0.0,sv_2c_buffer_decoal
R12_EEU,coal_adv_ccs,2030,2050,0.0,sv_2c_buffer_decoal
R12_EEU,coal_adv_ccs,2030,2055,0.0,sv_2c_buffer_decoal
R12_EEU,coal_adv_ccs,2035,2035,0.0,sv_2c_buffer_decoal
R12_EEU,coal_adv_ccs,2035,2040,0.0,sv_2c_buffer_decoal
R12_EEU,coal_adv_ccs,2035,2045,0.0,sv_2c_buffer_decoal
R12_EEU,coal_adv_ccs,2035,2050,0.0,sv_2c_buffer_decoal
R12_EEU,coal_adv_ccs,2035,2055,0.0,sv_2c_buffer_decoal
R12_EEU,coal_adv_ccs,2035,2060,0.0,sv_2c_buffer_decoal
R12_EEU,coal_adv_ccs,2040,2040,0.0,sv_2c_buffer_decoal
R12_EEU,coal_adv_ccs,2040,2045,0.0,sv_2c_buffer_decoal
R12_EEU,coal_adv_ccs,2040,2050,0.0,sv_2c_buffer_decoal
R12_EEU,coal_adv_ccs,2040,2055,0.0,sv_2c_buffer_decoal
R12_EEU,coal_adv_ccs,2040,2060,0.0,sv_2c_buffer_decoal
R12_EEU,coal_adv_ccs,2040,2070,0.0,sv_2c_buffer_decoal
R12_EEU,coal_adv_ccs,2045,2045,0.0,sv_2c_buffer_decoal
R12_EEU,coal_adv_ccs,2045,2050,0.0,sv_2c_buffer_decoal
R12_EEU,coal_adv_ccs,2045,2055,0.0,sv_2c_buffer_decoal
R12_EEU,coal_adv_ccs,2045,2060,0.0,sv_2c_buffer_decoal
R12_EEU,coal_adv_ccs,2045,2070,0.0,sv_2c_buffer_decoal
R12_EEU,coal_adv_ccs,2050,2050,0.0,sv_2c_buffer_decoal
R12_EEU,coal_adv_ccs,2050,2055,0.0,sv_2c_buffer_decoal
R12_EEU,coal_adv_ccs,2050,2060,0.0,sv_2c_buffer_decoal
R12_EEU,coal_adv_ccs,2050,2070,0.0,sv_2c_buffer_decoal
R12_EEU,coal_adv_ccs,2050,2080,0.0,sv_2c_buffer_decoal
R12_EEU,coal_adv_ccs,2055,2055,0.0,sv_2c_buffer_decoal
R12_EEU,coal_adv_ccs,2055,2060,0.0,sv_2c_buffer_decoal
R12_EEU,coal_adv_ccs,2055,2070,0.0,sv_2c_buffer_decoal
R12_EEU,coal_adv_ccs,2055,2080,0.0,sv_2c_buffer_decoal
R12_EEU,coal_adv_ccs,2060,2060,0.0,sv_2c_buffer_decoal
R12_EEU,coal_adv_ccs,2060,2070,0.0,sv_2c_buffer_decoal
R12_EEU,coal_adv_ccs,2060,2080,0.0,sv_2c_buffer_decoal
R12_EEU,coal_adv_ccs,2060,2090,0.0,sv_2c_buffer_decoal
R12_EEU,coal_adv_ccs,2070,2070,0.0,sv_2c_buffer_decoal
R12_EEU,coal_adv_ccs,2070,2080,0.0,sv_2c_buffer_decoal
R12_EEU,coal_adv_ccs,2070,2090,0.0,sv_2c_buffer_decoal
R12_EEU,coal_adv_ccs,2080,2080,0.0,sv_2c_buffer_decoal
R12_EEU,coal_adv_ccs,2080,2090,0.0,sv_2c_buffer_decoal
R12_EEU,coal_adv_ccs,2080,2100,0.0,sv_2c_buffer_decoal
R12_EEU,coal_adv_ccs,2090,2090,0.0,sv_2c_buffer_decoal
R12_EEU,coal_adv_ccs,2090,2100,0.0,sv_2c_buffer_decoal
R12_EEU,coal_adv_ccs,2090,2110,0.0,sv_2c_buffer_decoal
R12_EEU,coal_adv_ccs,2100,2100,0.0,sv_2c_buffer_decoal
R12_EEU,coal_adv_ccs,2100,2110,0.0,sv_2c_buffer_decoal
R12_EEU,coal_adv_ccs,2110,2110,0.0,sv_2c_buffer_decoal
R12_EEU,coal_ppl,1960,1960,0.0,sv_2c_buffer_decoal
R12_EEU,coal_ppl,1965,1965,0.0,sv_2c_buffer_decoal
R12_EEU,coal_ppl,1970,1970,0.0,sv_2c_buffer_decoal
R12_EEU,coal_ppl,1970,2030,0.0,sv_2c_buffer_decoal
R12_EEU,coal_ppl,1975,1975,0.0,sv_2c_buffer_decoal
R12_EEU,coal_ppl,1975,2030,0.0,sv_2c_buffer_decoal
R12_EEU,coal_ppl,1980,1980,0.0,sv_2c_buffer_decoal
R12_EEU,coal_ppl,1980,2030,0.3258190221393509,sv_2c_buffer_decoal
R12_EEU,coal_ppl,1980,2035,0.3258190221393509,sv_2c_buffer_decoal
R12_EEU,coal_ppl,1985,1985,0.0,sv_2c_buffer_decoal
R12_EEU,coal_ppl,1985,2030,1.0870614297269985,sv_2c_buffer_decoal
R12_EEU,coal_ppl,1985,2035,1.0870614297269985,sv_2c_buffer_decoal
R12_EEU,coal_ppl,1990,1990,0.0,sv_2c_buffer_decoal
R12_EEU,coal_ppl,1990,2030,3.04,sv_2c_buffer_decoal
R12_EEU,coal_ppl,1990,2035,3.04,sv_2c_buffer_decoal
R12_EEU,coal_ppl,1990,2040,3.04,sv_2c_buffer_decoal
R12_EEU,coal_ppl,1995,1995,0.0,sv_2c_buffer_decoal
R12_EEU,coal_ppl,1995,2030,1.5150000000000001,sv_2c_buffer_decoal
R12_EEU,coal_ppl,1995,2035,1.5150000000000001,sv_2c_buffer_decoal
R12_EEU,coal_ppl,1995,2040,1.5150000000000001,sv_2c_buffer_decoal
R12_EEU,coal_ppl,2000,2000,0.0,sv_2c_buffer_decoal
R12_EEU,coal_ppl,2000,2030,1.085,sv_2c_buffer_decoal
R12_EEU,coal_ppl,2000,2035,1.085,sv_2c_buffer_decoal
R12_EEU,coal_ppl,2000,2040,1.085,sv_2c_buffer_decoal
R12_EEU,coal_ppl,2000,2045,1.085,sv_2c_buffer_decoal
R12_EEU,coal_ppl,2005,2005,0.0,sv_2c_buffer_decoal
R12_EEU,coal_ppl,2005,2030,0.0,sv_2c_buffer_decoal
R12_EEU,coal_ppl,2005,2035,0.0,sv_2c_buffer_decoal
R12_EEU,coal_ppl,2005,2040,0.0,sv_2c_buffer_decoal
R12_EEU,coal_ppl,2005,2045,0.0,sv_2c_buffer_decoal
R12_EEU,coal_ppl,2010,2010,0.0,sv_2c_buffer_decoal
R12_EEU,coal_ppl,2010,2030,0.0,sv_2c_buffer_decoal
R12_EEU,coal_ppl,2010,2035,0.0,sv_2c_buffer_decoal
R12_EEU,coal_ppl,2010,2040,0.0,sv_2c_buffer_decoal
R12_EEU,coal_ppl,2010,2045,0.0,sv_2c_buffer_decoal
R12_EEU,coal_ppl,2010,2050,0.0,sv_2c_buffer_decoal
R12_EEU,coal_ppl,2015,2015,0.0,sv_2c_buffer_decoal
R12_EEU,coal_ppl,2015,2030,1.27,sv_2c_buffer_decoal
R12_EEU,coal_ppl,2015,2035,1.27,sv_2c_buffer_decoal
R12_EEU,coal_ppl,2015,2040,1.27,sv_2c_buffer_decoal
R12_EEU,coal_ppl,2015,2045,1.27,sv_2c_buffer_decoal
R12_EEU,coal_ppl,2015,2050,0.0,sv_2c_buffer_decoal
R12_EEU,coal_ppl,2020,2020,0.0,sv_2c_buffer_decoal
R12_EEU,coal_ppl,2020,2030,5.195,sv_2c_buffer_decoal
R12_EEU,coal_ppl,2020,2035,5.195,sv_2c_buffer_decoal
R12_EEU,coal_ppl,2020,2040,5.195,sv_2c_buffer_decoal
R12_EEU,coal_ppl,2020,2045,5.195,sv_2c_buffer_decoal
R12_EEU,coal_ppl,2020,2050,0.0,sv_2c_buffer_decoal
R12_EEU,coal_ppl,2025,2025,0.0,sv_2c_buffer_decoal
R12_EEU,coal_ppl,2025,2030,3.9450000000000007,sv_2c_buffer_decoal
R12_EEU,coal_ppl,2025,2035,3.9450000000000007,sv_2c_buffer_decoal
R12_EEU,coal_ppl,2025,2040,3.9450000000000007,sv_2c_buffer_decoal
R12_EEU,coal_ppl,2025,2045,3.9450000000000007,sv_2c_buffer_decoal
R12_EEU,coal_ppl,2025,2050,0.0,sv_2c_buffer_decoal
R12_EEU,coal_ppl,2030,2030,2.6950000000000007,sv_2c_buffer_decoal
R12_EEU,coal_ppl,2030,2035,2.6950000000000007,sv_2c_buffer_decoal
R12_EEU,coal_ppl,2030,2040,2.6950000000000007,sv_2c_buffer_decoal
R12_EEU,coal_ppl,2030,2045,2.6950000000000007,sv_2c_buffer_decoal
R12_EEU,coal_ppl,2030,2050,2.6950000000000007,sv_2c_buffer_decoal
R12_EEU,coal_ppl,2030,2055,2.6950000000000007,sv_2c_buffer_decoal
R12_EEU,coal_ppl,2035,2035,1.4450000000000007,sv_2c_buffer_decoal
R12_EEU,coal_ppl,2035,2040,1.4450000000000007,sv_2c_buffer_decoal
R12_EEU,coal_ppl,2035,2045,1.4450000000000007,sv_2c_buffer_decoal
R12_EEU,coal_ppl,2035,2050,1.4450000000000007,sv_2c_buffer_decoal
R12_EEU,coal_ppl,2035,2055,1.4450000000000007,sv_2c_buffer_decoal
R12_EEU,coal_ppl,2035,2060,0.23035146267636888,sv_2c_buffer_decoal
R12_EEU,coal_ppl,2040,2040,0.19500000000000073,sv_2c_buffer_decoal
R12_EEU,coal_ppl,2040,2045,0.19500000000000073,sv_2c_buffer_decoal
R12_EEU,coal_ppl,2040,2050,0.19500000000000073,sv_2c_buffer_decoal
R12_EEU,coal_ppl,2040,2055,0.19500000000000073,sv_2c_buffer_decoal
R12_EEU,coal_ppl,2040,2060,0.19500000000000073,sv_2c_buffer_decoal
R12_EEU,coal_ppl,2040,2070,0.0,sv_2c_buffer_decoal
R12_EEU,coal_ppl,2045,2045,0.0,sv_2c_buffer_decoal
R12_EEU,coal_ppl,2045,2050,0.0,sv_2c_buffer_decoal
R12_EEU,coal_ppl,2045,2055,0.0,sv_2c_buffer_decoal
R12_EEU,coal_ppl,2045,2060,0.0,sv_2c_buffer_decoal
R12_EEU,coal_ppl,2045,2070,0.0,sv_2c_buffer_decoal
R12_EEU,coal_ppl,2050,2050,0.0,sv_2c_buffer_decoal
R12_EEU,coal_ppl,2050,2055,0.0,sv_2c_buffer_decoal
R12_EEU,coal_ppl,2050,2060,0.0,sv_2c_buffer_decoal
R12_EEU,coal_ppl,2050,2070,0.0,sv_2c_buffer_decoal
R12_EEU,coal_ppl,2050,2080,0.0,sv_2c_buffer_decoal
R12_EEU,coal_ppl,2055,2055,0.0,sv_2c_buffer_decoal
R12_EEU,coal_ppl,2055,2060,0.0,sv_2c_buffer_decoal
R12_EEU,coal_ppl,2055,2070,0.0,sv_2c_buffer_decoal
R12_EEU,coal_ppl,2055,2080,0.0,sv_2c_buffer_decoal
R12_EEU,coal_ppl,2060,2060,0.0,sv_2c_buffer_decoal
R12_EEU,coal_ppl,2060,2070,0.0,sv_2c_buffer_decoal
R12_EEU,coal_ppl,2060,2080,0.0,sv_2c_buffer_decoal
R12_EEU,coal_ppl,2060,2090,0.0,sv_2c_buffer_decoal
R12_EEU,coal_ppl,2070,2070,0.0,sv_2c_buffer_decoal
R12_EEU,coal_ppl,2070,2080,0.0,sv_2c_buffer_decoal
R12_EEU,coal_ppl,2070,2090,0.0,sv_2c_buffer_decoal
R12_EEU,coal_ppl,2080,2080,0.0,sv_2c_buffer_decoal
R12_EEU,coal_ppl,2080,2090,0.0,sv_2c_buffer_decoal
R12_EEU,coal_ppl,2080,2100,0.0,sv_2c_buffer_decoal
R12_EEU,coal_ppl,2090,2090,0.0,sv_2c_buffer_decoal
R12_EEU,coal_ppl,2090,2100,0.0,sv_2c_buffer_decoal
R12_EEU,coal_ppl,2090,2110,0.0,sv_2c_buffer_decoal
R12_EEU,coal_ppl,2100,2100,0.0,sv_2c_buffer_decoal
R12_EEU,coal_ppl,2100,2110,0.0,sv_2c_buffer_decoal
R12_EEU,coal_ppl,2110,2110,0.0,sv_2c_buffer_decoal
R12_EEU,coal_ppl_u,1960,1960,0.0,sv_2c_buffer_decoal
R12_EEU,coal_ppl_u,1965,1965,0.0,sv_2c_buffer_decoal
R12_EEU,coal_ppl_u,1970,1970,0.0,sv_2c_buffer_decoal
R12_EEU,coal_ppl_u,1970,2030,0.0,sv_2c_buffer_decoal
R12_EEU,coal_ppl_u,1975,1975,0.0,sv_2c_buffer_decoal
R12_EEU,coal_ppl_u,1975,2030,0.0,sv_2c_buffer_decoal
R12_EEU,coal_ppl_u,1980,1980,0.0,sv_2c_buffer_decoal
R12_EEU,coal_ppl_u,1980,2030,4.8186,sv_2c_buffer_decoal
R12_EEU,coal_ppl_u,1980,2035,4.8186,sv_2c_buffer_decoal
R12_EEU,coal_ppl_u,1985,1985,0.0,sv_2c_buffer_decoal
R12_EEU,coal_ppl_u,1985,2030,3.9768000000000003,sv_2c_buffer_decoal
R12_EEU,coal_ppl_u,1985,2035,3.9768000000000003,sv_2c_buffer_decoal
R12_EEU,coal_ppl_u,1990,1990,0.0,sv_2c_buffer_decoal
R12_EEU,coal_ppl_u,1990,2030,1.1324400000000001,sv_2c_buffer_decoal
R12_EEU,coal_ppl_u,1990,2035,1.1324400000000001,sv_2c_buffer_decoal
R12_EEU,coal_ppl_u,1990,2040,1.1324400000000001,sv_2c_buffer_decoal
R12_EEU,coal_ppl_u,1995,1995,0.0,sv_2c_buffer_decoal
R12_EEU,coal_ppl_u,1995,2030,0.802365,sv_2c_buffer_decoal
R12_EEU,coal_ppl_u,1995,2035,0.802365,sv_2c_buffer_decoal
R12_EEU,coal_ppl_u,1995,2040,0.802365,sv_2c_buffer_decoal
R12_EEU,coal_ppl_u,2000,2000,0.0,sv_2c_buffer_decoal
R12_EEU,coal_ppl_u,2000,2030,2.54781,sv_2c_buffer_decoal
R12_EEU,coal_ppl_u,2000,2035,2.54781,sv_2c_buffer_decoal
R12_EEU,coal_ppl_u,2000,2040,2.54781,sv_2c_buffer_decoal
R12_EEU,coal_ppl_u,2000,2045,2.54781,sv_2c_buffer_decoal
R12_EEU,coal_ppl_u,2005,2005,0.0,sv_2c_buffer_decoal
R12_EEU,coal_ppl_u,2005,2030,0.744,sv_2c_buffer_decoal
R12_EEU,coal_ppl_u,2005,2035,0.744,sv_2c_buffer_decoal
R12_EEU,coal_ppl_u,2005,2040,0.744,sv_2c_buffer_decoal
R12_EEU,coal_ppl_u,2005,2045,0.744,sv_2c_buffer_decoal
R12_EEU,coal_ppl_u,2010,2010,0.0,sv_2c_buffer_decoal
R12_EEU,coal_ppl_u,2010,2030,0.6664500000000001,sv_2c_buffer_decoal
R12_EEU,coal_ppl_u,2010,2035,0.6664500000000001,sv_2c_buffer_decoal
R12_EEU,coal_ppl_u,2010,2040,0.6664500000000001,sv_2c_buffer_decoal
R12_EEU,coal_ppl_u,2010,2045,0.6664500000000001,sv_2c_buffer_decoal
R12_EEU,coal_ppl_u,2010,2050,0.0,sv_2c_buffer_decoal
R12_EEU,coal_ppl_u,2015,2015,0.0,sv_2c_buffer_decoal
R12_EEU,coal_ppl_u,2015,2030,0.28915,sv_2c_buffer_decoal
R12_EEU,coal_ppl_u,2015,2035,0.28915,sv_2c_buffer_decoal
R12_EEU,coal_ppl_u,2015,2040,0.28915,sv_2c_buffer_decoal
R12_EEU,coal_ppl_u,2020,2020,0.0,sv_2c_buffer_decoal
R12_EEU,coal_ppl_u,2020,2030,0.8340000000000001,sv_2c_buffer_decoal
R12_EEU,coal_ppl_u,2020,2035,0.8340000000000001,sv_2c_buffer_decoal
R12_EEU,coal_ppl_u,2020,2040,0.8340000000000001,sv_2c_buffer_decoal
R12_EEU,coal_ppl_u,2020,2045,0.8340000000000001,sv_2c_buffer_decoal
R12_EEU,coal_ppl_u,2025,2025,0.0,sv_2c_buffer_decoal
R12_EEU,coal_ppl_u,2025,2030,0.0,sv_2c_buffer_decoal
R12_EEU,coal_ppl_u,2025,2035,0.0,sv_2c_buffer_decoal
R12_EEU,coal_ppl_u,2025,2040,0.0,sv_2c_buffer_decoal
R12_EEU,coal_ppl_u,2025,2045,0.0,sv_2c_buffer_decoal
R12_EEU,coal_ppl_u,2025,2050,0.0,sv_2c_buffer_decoal
R12_EEU,coal_ppl_u,2030,2030,1.5837803244423005,sv_2c_buffer_decoal
R12_EEU,coal_ppl_u,2030,2035,1.5837803244423005,sv_2c_buffer_decoal
R12_EEU,coal_ppl_u,2030,2040,1.5837803244423005,sv_2c_buffer_decoal
R12_EEU,coal_ppl_u,2030,2045,1.5837803244423005,sv_2c_buffer_decoal
R12_EEU,coal_ppl_u,2030,2050,1.5837803244423005,sv_2c_buffer_decoal
R12_EEU,coal_ppl_u,2030,2055,0.0,sv_2c_buffer_decoal
R12_EEU,coal_ppl_u,2035,2035,0.0,sv_2c_buffer_decoal
R12_EEU,coal_ppl_u,2035,2040,0.0,sv_2c_buffer_decoal
R12_EEU,coal_ppl_u,2035,2045,0.0,sv_2c_buffer_decoal
R12_EEU,coal_ppl_u,2035,2050,0.0,sv_2c_buffer_decoal
R12_EEU,coal_ppl_u,2035,2055,0.0,sv_2c_buffer_decoal
R12_EEU,coal_ppl_u,2035,2060,0.0,sv_2c_buffer_decoal
R12_EEU,coal_ppl_u,2040,2040,0.0,sv_2c_buffer_decoal
R12_EEU,coal_ppl_u,2040,2045,0.0,sv_2c_buffer_decoal
R12_EEU,coal_ppl_u,2040,2050,0.0,sv_2c_buffer_decoal
R12_EEU,coal_ppl_u,2040,2055,0.0,sv_2c_buffer_decoal
R12_EEU,coal_ppl_u,2040,2060,0.0,sv_2c_buffer_decoal
R12_EEU,coal_ppl_u,2040,2070,0.0,sv_2c_buffer_decoal
R12_EEU,coal_ppl_u,2045,2045,0.0,sv_2c_buffer_decoal
R12_EEU,coal_ppl_u,2045,2050,0.0,sv_2c_buffer_decoal
R12_EEU,coal_ppl_u,2045,2055,0.0,sv_2c_buffer_decoal
R12_EEU,coal_ppl_u,2045,2060,0.0,sv_2c_buffer_decoal
R12_EEU,coal_ppl_u,2045,2070,0.0,sv_2c_buffer_decoal
R12_EEU,coal_ppl_u,2050,2050,0.0,sv_2c_buffer_decoal
R12_EEU,coal_ppl_u,2050,2055,0.0,sv_2c_buffer_decoal
R12_EEU,coal_ppl_u,2050,2060,0.0,sv_2c_buffer_decoal
R12_EEU,coal_ppl_u,2050,2070,0.0,sv_2c_buffer_decoal
R12_EEU,coal_ppl_u,2050,2080,0.0,sv_2c_buffer_decoal
R12_EEU,coal_ppl_u,2055,2055,0.0,sv_2c_buffer_decoal
R12_EEU,coal_ppl_u,2055,2060,0.0,sv_2c_buffer_decoal
R12_EEU,coal_ppl_u,2055,2070,0.0,sv_2c_buffer_decoal
R12_EEU,coal_ppl_u,2055,2080,0.0,sv_2c_buffer_decoal
R12_EEU,coal_ppl_u,2060,2060,0.0,sv_2c_buffer_decoal
R12_EEU,coal_ppl_u,2060,2070,0.0,sv_2c_buffer_decoal
R12_EEU,coal_ppl_u,2060,2080,0.0,sv_2c_buffer_decoal
R12_EEU,coal_ppl_u,2060,2090,0.0,sv_2c_buffer_decoal
R12_EEU,coal_ppl_u,2070,2070,0.0,sv_2c_buffer_decoal
R12_EEU,coal_ppl_u,2070,2080,0.0,sv_2c_buffer_decoal
R12_EEU,coal_ppl_u,2070,2090,0.0,sv_2c_buffer_decoal
R12_EEU,coal_ppl_u,2080,2080,0.0,sv_2c_buffer_decoal
R12_EEU,coal_ppl_u,2080,2090,0.0,sv_2c_buffer_decoal
R12_EEU,coal_ppl_u,2080,2100,0.0,sv_2c_buffer_decoal
R12_EEU,coal_ppl_u,2090,2090,0.0,sv_2c_buffer_decoal
R12_EEU,coal_ppl_u,2090,2100,0.0,sv_2c_buffer_decoal
R12_EEU,coal_ppl_u,2090,2110,0.0,sv_2c_buffer_decoal
R12_EEU,coal_ppl_u,2100,2100,0.0,sv_2c_buffer_decoal
R12_EEU,coal_ppl_u,2100,2110,0.0,sv_2c_buffer_decoal
R12_EEU,coal_ppl_u,2110,2110,0.0,sv_2c_buffer_decoal
R12_EEU,igcc,1975,1975,0.0,sv_2c_buffer_decoal
R12_EEU,igcc,1980,1980,0.0,sv_2c_buffer_decoal
R12_EEU,igcc,1985,1985,0.0,sv_2c_buffer_decoal
R12_EEU,igcc,1985,2030,0.0,sv_2c_buffer_decoal
R12_EEU,igcc,1990,1990,0.0,sv_2c_buffer_decoal
R12_EEU,igcc,1990,2030,0.0,sv_2c_buffer_decoal
R12_EEU,igcc,1995,1995,0.0,sv_2c_buffer_decoal
R12_EEU,igcc,1995,2030,0.0,sv_2c_buffer_decoal
R12_EEU,igcc,1995,2035,0.0,sv_2c_buffer_decoal
R12_EEU,igcc,2000,2000,0.0,sv_2c_buffer_decoal
R12_EEU,igcc,2000,2030,0.0,sv_2c_buffer_decoal
R12_EEU,igcc,2000,2035,0.0,sv_2c_buffer_decoal
R12_EEU,igcc,2005,2005,0.0,sv_2c_buffer_decoal
R12_EEU,igcc,2005,2030,0.0,sv_2c_buffer_decoal
R12_EEU,igcc,2005,2035,0.0,sv_2c_buffer_decoal
R12_EEU,igcc,2005,2040,0.0,sv_2c_buffer_decoal
R12_EEU,igcc,2010,2010,0.0,sv_2c_buffer_decoal
R12_EEU,igcc,2010,2030,0.0,sv_2c_buffer_decoal
R12_EEU,igcc,2010,2035,0.0,sv_2c_buffer_decoal
R12_EEU,igcc,2010,2040,0.0,sv_2c_buffer_decoal
R12_EEU,igcc,2015,2015,0.0,sv_2c_buffer_decoal
R12_EEU,igcc,2015,2030,0.0,sv_2c_buffer_decoal
R12_EEU,igcc,2015,2035,0.0,sv_2c_buffer_decoal
R12_EEU,igcc,2015,2040,0.0,sv_2c_buffer_decoal
R12_EEU,igcc,2015,2045,0.0,sv_2c_buffer_decoal
R12_EEU,igcc,2020,2020,0.0,sv_2c_buffer_decoal
R12_EEU,igcc,2020,2030,0.0,sv_2c_buffer_decoal
R12_EEU,igcc,2020,2035,0.0,sv_2c_buffer_decoal
R12_EEU,igcc,2020,2040,0.0,sv_2c_buffer_decoal
R12_EEU,igcc,2020,2045,0.0,sv_2c_buffer_decoal
R12_EEU,igcc,2025,2025,0.0,sv_2c_buffer_decoal
R12_EEU,igcc,2025,2030,0.0,sv_2c_buffer_decoal
R12_EEU,igcc,2025,2035,0.0,sv_2c_buffer_decoal
R12_EEU,igcc,2025,2040,0.0,sv_2c_buffer_decoal
R12_EEU,igcc,2025,2045,0.0,sv_2c_buffer_decoal
R12_EEU,igcc,2025,2050,0.0,sv_2c_buffer_decoal
R12_EEU,igcc,2030,2030,0.0,sv_2c_buffer_decoal
R12_EEU,igcc,2030,2035,0.0,sv_2c_buffer_decoal
R12_EEU,igcc,2030,2040,0.0,sv_2c_buffer_decoal
R12_EEU,igcc,2030,2045,0.0,sv_2c_buffer_decoal
R12_EEU,igcc,2030,2050,0.0,sv_2c_buffer_decoal
R12_EEU,igcc,2030,2055,0.0,sv_2c_buffer_decoal
R12_EEU,igcc,2035,2035,0.0,sv_2c_buffer_decoal
R12_EEU,igcc,2035,2040,0.0,sv_2c_buffer_decoal
R12_EEU,igcc,2035,2045,0.0,sv_2c_buffer_decoal
R12_EEU,igcc,2035,2050,0.0,sv_2c_buffer_decoal
R12_EEU,igcc,2035,2055,0.0,sv_2c_buffer_decoal
R12_EEU,igcc,2035,2060,0.0,sv_2c_buffer_decoal
R12_EEU,igcc,2040,2040,0.0,sv_2c_buffer_decoal
R12_EEU,igcc,2040,2045,0.0,sv_2c_buffer_decoal
R12_EEU,igcc,2040,2050,0.0,sv_2c_buffer_decoal
R12_EEU,igcc,2040,2055,0.0,sv_2c_buffer_decoal
R12_EEU,igcc,2040,2060,0.0,sv_2c_buffer_decoal
R12_EEU,igcc,2040,2070,0.0,sv_2c_buffer_decoal
R12_EEU,igcc,2045,2045,0.0,sv_2c_buffer_decoal
R12_EEU,igcc,2045,2050,0.0,sv_2c_buffer_decoal
R12_EEU,igcc,2045,2055,0.0,sv_2c_buffer_decoal
R12_EEU,igcc,2045,2060,0.0,sv_2c_buffer_decoal
R12_EEU,igcc,2045,2070,0.0,sv_2c_buffer_decoal
R12_EEU,igcc,2050,2050,0.0,sv_2c_buffer_decoal
R12_EEU,igcc,2050,2055,0.0,sv_2c_buffer_decoal
R12_EEU,igcc,2050,2060,0.0,sv_2c_buffer_decoal
R12_EEU,igcc,2050,2070,0.0,sv_2c_buffer_decoal
R12_EEU,igcc,2050,2080,0.0,sv_2c_buffer_decoal
R12_EEU,igcc,2055,2055,0.0,sv_2c_buffer_decoal
R12_EEU,igcc,2055,2060,0.0,sv_2c_buffer_decoal
R12_EEU,igcc,2055,2070,0.0,sv_2c_buffer_decoal
R12_EEU,igcc,2055,2080,0.0,sv_2c_buffer_decoal
R12_EEU,igcc,2060,2060,0.0,sv_2c_buffer_decoal
R12_EEU,igcc,2060,2070,0.0,sv_2c_buffer_decoal
R12_EEU,igcc,2060,2080,0.0,sv_2c_buffer_decoal
R12_EEU,igcc,2060,2090,0.0,sv_2c_buffer_decoal
R12_EEU,igcc,2070,2070,0.0,sv_2c_buffer_decoal
R12_EEU,igcc,2070,2080,0.0,sv_2c_buffer_decoal
R12_EEU,igcc,2070,2090,0.0,sv_2c_buffer_decoal
R12_EEU,igcc,2080,2080,0.0,sv_2c_buffer_decoal
R12_EEU,igcc,2080,2090,0.0,sv_2c_buffer_decoal
R12_EEU,igcc,2080,2100,0.0,sv_2c_buffer_decoal
R12_EEU,igcc,2090,2090,0.0,sv_2c_buffer_decoal
R12_EEU,igcc,2090,2100,0.0,sv_2c_buffer_decoal
R12_EEU,igcc,2090,2110,0.0,sv_2c_buffer_decoal
R12_EEU,igcc,2100,2100,0.0,sv_2c_buffer_decoal
R12_EEU,igcc,2100,2110,0.0,sv_2c_buffer_decoal
R12_EEU,igcc,2110,2110,0.0,sv_2c_buffer_decoal
R12_EEU,igcc_ccs,2030,2030,0.0,sv_2c_buffer_decoal
R12_EEU,igcc_ccs,2030,2035,0.0,sv_2c_buffer_decoal
R12_EEU,igcc_ccs,2030,2040,0.0,sv_2c_buffer_decoal
R12_EEU,igcc_ccs,2030,2045,0.0,sv_2c_buffer_decoal
R12_EEU,igcc_ccs,2030,2050,0.0,sv_2c_buffer_decoal
R12_EEU,igcc_ccs,2030,2055,0.0,sv_2c_buffer_decoal
R12_EEU,igcc_ccs,2035,2035,0.0,sv_2c_buffer_decoal
R12_EEU,igcc_ccs,2035,2040,0.0,sv_2c_buffer_decoal
R12_EEU,igcc_ccs,2035,2045,0.0,sv_2c_buffer_decoal
R12_EEU,igcc_ccs,2035,2050,0.0,sv_2c_buffer_decoal
R12_EEU,igcc_ccs,2035,2055,0.0,sv_2c_buffer_decoal
R12_EEU,igcc_ccs,2035,2060,0.0,sv_2c_buffer_decoal
R12_EEU,igcc_ccs,2040,2040,0.0,sv_2c_buffer_decoal
R12_EEU,igcc_ccs,2040,2045,0.0,sv_2c_buffer_decoal
R12_EEU,igcc_ccs,2040,2050,0.0,sv_2c_buffer_decoal
R12_EEU,igcc_ccs,2040,2055,0.0,sv_2c_buffer_decoal
R12_EEU,igcc_ccs,2040,2060,0.0,sv_2c_buffer_decoal
R12_EEU,igcc_ccs,2040,2070,0.0,sv_2c_buffer_decoal
R12_EEU,igcc_ccs,2045,2045,0.0,sv_2c_buffer_decoal
R12_EEU,igcc_ccs,2045,2050,0.0,sv_2c_buffer_decoal
R12_EEU,igcc_ccs,2045,2055,0.0,sv_2c_buffer_decoal
R12_EEU,igcc_ccs,2045,2060,0.0,sv_2c_buffer_decoal
R12_EEU,igcc_ccs,2045,2070,0.0,sv_2c_buffer_decoal
R12_EEU,igcc_ccs,2050,2050,0.0,sv_2c_buffer_decoal
R12_EEU,igcc_ccs,2050,2055,0.0,sv_2c_buffer_decoal
R12_EEU,igcc_ccs,2050,2060,0.0,sv_2c_buffer_decoal
R12_EEU,igcc_ccs,2050,2070,0.0,sv_2c_buffer_decoal
R12_EEU,igcc_ccs,2050,2080,0.0,sv_2c_buffer_decoal
R12_EEU,igcc_ccs,2055,2055,0.0,sv_2c_buffer_decoal
R12_EEU,igcc_ccs,2055,2060,0.0,sv_2c_buffer_decoal
R12_EEU,igcc_ccs,2055,2070,0.0,sv_2c_buffer_decoal
R12_EEU,igcc_ccs,2055,2080,0.0,sv_2c_buffer_decoal
R12_EEU,igcc_ccs,2060,2060,0.0,sv_2c_buffer_decoal
R12_EEU,igcc_ccs,2060,2070,0.0,sv_2c_buffer_decoal
R12_EEU,igcc_ccs,2060,2080,0.0,sv_2c_buffer_decoal
R12_EEU,igcc_ccs,2060,2090,0.0,sv_2c_buffer_decoal
R12_EEU,igcc_ccs,2070,2070,0.0,sv_2c_buffer_decoal
R12_EEU,igcc_ccs,2070,2080,0.0,sv_2c_buffer_decoal
R12_EEU,igcc_ccs,2070,2090,0.0,sv_2c_buffer_decoal
R12_EEU,igcc_ccs,2080,2080,0.0,sv_2c_buffer_decoal
R12_EEU,igcc_ccs,2080,2090,0.0,sv_2c_buffer_decoal
R12_EEU,igcc_ccs,2080,2100,0.0,sv_2c_buffer_decoal
R12_EEU,igcc_ccs,2090,2090,0.0,sv_2c_buffer_decoal
R12_EEU,igcc_ccs,2090,2100,0.0,sv_2c_buffer_decoal
R12_EEU,igcc_ccs,2090,2110,0.0,sv_2c_buffer_decoal
R12_EEU,igcc_ccs,2100,2100,0.0,sv_2c_buffer_decoal
R12_EEU,igcc_ccs,2100,2110,0.0,sv_2c_buffer_decoal
R12_EEU,igcc_ccs,2110,2110,0.0,sv_2c_buffer_decoal
R12_EEU,coal_adv_cfNH3,1960,1960,0.0,sv_2c_buffer_decoal
R12_EEU,coal_adv_cfNH3,1965,1965,0.0,sv_2c_buffer_decoal
R12_EEU,coal_adv_cfNH3,1970,1970,0.0,sv_2c_buffer_decoal
R12_EEU,coal_adv_cfNH3,1975,1975,0.0,sv_2c_buffer_decoal
R12_EEU,coal_adv_cfNH3,1980,1980,0.0,sv_2c_buffer_decoal
R12_EEU,coal_adv_cfNH3,1985,1985,0.0,sv_2c_buffer_decoal
R12_EEU,coal_adv_cfNH3,1990,1990,0.0,sv_2c_buffer_decoal
R12_EEU,coal_adv_cfNH3,1995,1995,0.0,sv_2c_buffer_decoal
R12_EEU,coal_adv_cfNH3,2000,2000,0.0,sv_2c_buffer_decoal
R12_EEU,coal_adv_cfNH3,2005,2005,0.0,sv_2c_buffer_decoal
R12_EEU,coal_adv_cfNH3,2005,2030,0.0,sv_2c_buffer_decoal
R12_EEU,coal_adv_cfNH3,2010,2010,0.0,sv_2c_buffer_decoal
R12_EEU,coal_adv_cfNH3,2010,2030,0.0,sv_2c_buffer_decoal
R12_EEU,coal_adv_cfNH3,2010,2035,0.0,sv_2c_buffer_decoal
R12_EEU,coal_adv_cfNH3,2015,2015,0.0,sv_2c_buffer_decoal
R12_EEU,coal_adv_cfNH3,2015,2030,0.0,sv_2c_buffer_decoal
R12_EEU,coal_adv_cfNH3,2015,2035,0.0,sv_2c_buffer_decoal
R12_EEU,coal_adv_cfNH3,2015,2040,0.0,sv_2c_buffer_decoal
R12_EEU,coal_adv_cfNH3,2020,2020,0.0,sv_2c_buffer_decoal
R12_EEU,coal_adv_cfNH3,2020,2030,0.0,sv_2c_buffer_decoal
R12_EEU,coal_adv_cfNH3,2020,2035,0.0,sv_2c_buffer_decoal
R12_EEU,coal_adv_cfNH3,2020,2040,0.0,sv_2c_buffer_decoal
R12_EEU,coal_adv_cfNH3,2020,2045,0.0,sv_2c_buffer_decoal
R12_EEU,coal_adv_cfNH3,2025,2025,0.0,sv_2c_buffer_decoal
R12_EEU,coal_adv_cfNH3,2025,2030,0.0,sv_2c_buffer_decoal
R12_EEU,coal_adv_cfNH3,2025,2035,0.0,sv_2c_buffer_decoal
R12_EEU,coal_adv_cfNH3,2025,2040,0.0,sv_2c_buffer_decoal
R12_EEU,coal_adv_cfNH3,2025,2045,0.0,sv_2c_buffer_decoal
R12_EEU,coal_adv_cfNH3,2025,2050,0.0,sv_2c_buffer_decoal
R12_EEU,coal_adv_cfNH3,2030,2030,0.0,sv_2c_buffer_decoal
R12_EEU,coal_adv_cfNH3,2030,2035,0.0,sv_2c_buffer_decoal
R12_EEU,coal_adv_cfNH3,2030,2040,0.0,sv_2c_buffer_decoal
R12_EEU,coal_adv_cfNH3,2030,2045,0.0,sv_2c_buffer_decoal
R12_EEU,coal_adv_cfNH3,2030,2050,0.0,sv_2c_buffer_decoal
R12_EEU,coal_adv_cfNH3,2030,2055,0.0,sv_2c_buffer_decoal
R12_EEU,coal_adv_cfNH3,2035,2035,0.0,sv_2c_buffer_decoal
R12_EEU,coal_adv_cfNH3,2035,2040,0.0,sv_2c_buffer_decoal
R12_EEU,coal_adv_cfNH3,2035,2045,0.0,sv_2c_buffer_decoal
R12_EEU,coal_adv_cfNH3,2035,2050,0.0,sv_2c_buffer_decoal
R12_EEU,coal_adv_cfNH3,2035,2055,0.0,sv_2c_buffer_decoal
R12_EEU,coal_adv_cfNH3,2035,2060,0.0,sv_2c_buffer_decoal
R12_EEU,coal_adv_cfNH3,2040,2040,0.0,sv_2c_buffer_decoal
R12_EEU,coal_adv_cfNH3,2040,2045,0.0,sv_2c_buffer_decoal
R12_EEU,coal_adv_cfNH3,2040,2050,0.0,sv_2c_buffer_decoal
R12_EEU,coal_adv_cfNH3,2040,2055,0.0,sv_2c_buffer_decoal
R12_EEU,coal_adv_cfNH3,2040,2060,0.0,sv_2c_buffer_decoal
R12_EEU,coal_adv_cfNH3,2040,2070,0.0,sv_2c_buffer_decoal
R12_EEU,coal_adv_cfNH3,2045,2045,0.0,sv_2c_buffer_decoal
R12_EEU,coal_adv_cfNH3,2045,2050,0.0,sv_2c_buffer_decoal
R12_EEU,coal_adv_cfNH3,2045,2055,0.0,sv_2c_buffer_decoal
R12_EEU,coal_adv_cfNH3,2045,2060,0.0,sv_2c_buffer_decoal
R12_EEU,coal_adv_cfNH3,2045,2070,0.0,sv_2c_buffer_decoal
R12_EEU,coal_adv_cfNH3,2050,2050,0.0,sv_2c_buffer_decoal
R12_EEU,coal_adv_cfNH3,2050,2055,0.0,sv_2c_buffer_decoal
R12_EEU,coal_adv_cfNH3,2050,2060,0.0,sv_2c_buffer_decoal
R12_EEU,coal_adv_cfNH3,2050,2070,0.0,sv_2c_buffer_decoal
R12_EEU,coal_adv_cfNH3,2050,2080,0.0,sv_2c_buffer_decoal
R12_EEU,coal_adv_cfNH3,2055,2055,0.0,sv_2c_buffer_decoal
R12_EEU,coal_adv_cfNH3,2055,2060,0.0,sv_2c_buffer_decoal
R12_EEU,coal_adv_cfNH3,2055,2070,0.0,sv_2c_buffer_decoal
R12_EEU,coal_adv_cfNH3,2055,2080,0.0,sv_2c_buffer_decoal
R12_EEU,coal_adv_cfNH3,2060,2060,0.0,sv_2c_buffer_decoal
R12_EEU,coal_adv_cfNH3,2060,2070,0.0,sv_2c_buffer_decoal
R12_EEU,coal_adv_cfNH3,2060,2080,0.0,sv_2c_buffer_decoal
R12_EEU,coal_adv_cfNH3,2060,2090,0.0,sv_2c_buffer_decoal
R12_EEU,coal_adv_cfNH3,2070,2070,0.0,sv_2c_buffer_decoal
R12_EEU,coal_adv_cfNH3,2070,2080,0.0,sv_2c_buffer_decoal
R12_EEU,coal_adv_cfNH3,2070,2090,0.0,sv_2c_buffer_decoal
R12_EEU,coal_adv_cfNH3,2080,2080,0.0,sv_2c_buffer_decoal
R12_EEU,coal_adv_cfNH3,2080,2090,0.0,sv_2c_buffer_decoal
R12_EEU,coal_adv_cfNH3,2080,2100,0.0,sv_2c_buffer_decoal
R12_EEU,coal_adv_cfNH3,2090,2090,0.0,sv_2c_buffer_decoal
R12_EEU,coal_adv_cfNH3,2090,2100,0.0,sv_2c_buffer_decoal
R12_EEU,coal_adv_cfNH3,2090,2110,0.0,sv_2c_buffer_decoal
R12_EEU,coal_adv_cfNH3,2100,2100,0.0,sv_2c_buffer_decoal
R12_EEU,coal_adv_cfNH3,2100,2110,0.0,sv_2c_buffer_decoal
R12_EEU,coal_adv_cfNH3,2110,2110,0.0,sv_2c_buffer_decoal
R12_EEU,coal_ppl_u_cfNH3,1960,1960,0.0,sv_2c_buffer_decoal
R12_EEU,coal_ppl_u_cfNH3,1965,1965,0.0,sv_2c_buffer_decoal
R12_EEU,coal_ppl_u_cfNH3,1970,1970,0.0,sv_2c_buffer_decoal
R12_EEU,coal_ppl_u_cfNH3,1970,2030,0.0,sv_2c_buffer_decoal
R12_EEU,coal_ppl_u_cfNH3,1975,1975,0.0,sv_2c_buffer_decoal
R12_EEU,coal_ppl_u_cfNH3,1975,2030,0.0,sv_2c_buffer_decoal
R12_EEU,coal_ppl_u_cfNH3,1980,1980,0.0,sv_2c_buffer_decoal
R12_EEU,coal_ppl_u_cfNH3,1980,2030,0.0,sv_2c_buffer_decoal
R12_EEU,coal_ppl_u_cfNH3,1980,2035,0.0,sv_2c_buffer_decoal
R12_EEU,coal_ppl_u_cfNH3,1985,1985,0.0,sv_2c_buffer_decoal
R12_EEU,coal_ppl_u_cfNH3,1985,2030,0.0,sv_2c_buffer_decoal
R12_EEU,coal_ppl_u_cfNH3,1985,2035,0.0,sv_2c_buffer_decoal
R12_EEU,coal_ppl_u_cfNH3,1990,1990,0.0,sv_2c_buffer_decoal
R12_EEU,coal_ppl_u_cfNH3,1990,2030,0.0,sv_2c_buffer_decoal
R12_EEU,coal_ppl_u_cfNH3,1990,2035,0.0,sv_2c_buffer_decoal
R12_EEU,coal_ppl_u_cfNH3,1990,2040,0.0,sv_2c_buffer_decoal
R12_EEU,coal_ppl_u_cfNH3,1995,1995,0.0,sv_2c_buffer_decoal
R12_EEU,coal_ppl_u_cfNH3,1995,2030,0.0,sv_2c_buffer_decoal
R12_EEU,coal_ppl_u_cfNH3,1995,2035,0.0,sv_2c_buffer_decoal
R12_EEU,coal_ppl_u_cfNH3,1995,2040,0.0,sv_2c_buffer_decoal
R12_EEU,coal_ppl_u_cfNH3,2000,2000,0.0,sv_2c_buffer_decoal
R12_EEU,coal_ppl_u_cfNH3,2000,2030,0.0,sv_2c_buffer_decoal
R12_EEU,coal_ppl_u_cfNH3,2000,2035,0.0,sv_2c_buffer_decoal
R12_EEU,coal_ppl_u_cfNH3,2000,2040,0.0,sv_2c_buffer_decoal
R12_EEU,coal_ppl_u_cfNH3,2000,2045,0.0,sv_2c_buffer_decoal
R12_EEU,coal_ppl_u_cfNH3,2005,2005,0.0,sv_2c_buffer_decoal
R12_EEU,coal_ppl_u_cfNH3,2005,2030,0.0,sv_2c_buffer_decoal
R12_EEU,coal_ppl_u_cfNH3,2005,2035,0.0,sv_2c_buffer_decoal
R12_EEU,coal_ppl_u_cfNH3,2005,2040,0.0,sv_2c_buffer_decoal
R12_EEU,coal_ppl_u_cfNH3,2005,2045,0.0,sv_2c_buffer_decoal
R12_EEU,coal_ppl_u_cfNH3,2010,2010,0.0,sv_2c_buffer_decoal
R12_EEU,coal_ppl_u_cfNH3,2010,2030,0.0,sv_2c_buffer_decoal
R12_EEU,coal_ppl_u_cfNH3,2010,2035,0.0,sv_2c_buffer_decoal
R12_EEU,coal_ppl_u_cfNH3,2010,2040,0.0,sv_2c_buffer_decoal
R12_EEU,coal_ppl_u_cfNH3,2010,2045,0.0,sv_2c_buffer_decoal
R12_EEU,coal_ppl_u_cfNH3,2010,2050,0.0,sv_2c_buffer_decoal
R12_EEU,coal_ppl_u_cfNH3,2015,2015,0.0,sv_2c_buffer_decoal
R12_EEU,coal_ppl_u_cfNH3,2015,2030,0.0,sv_2c_buffer_decoal
R12_EEU,coal_ppl_u_cfNH3,2015,2035,0.0,sv_2c_buffer_decoal
R12_EEU,coal_ppl_u_cfNH3,2015,2040,0.0,sv_2c_buffer_decoal
R12_EEU,coal_ppl_u_cfNH3,2015,2045,0.0,sv_2c_buffer_decoal
R12_EEU,coal_ppl_u_cfNH3,2020,2020,0.0,sv_2c_buffer_decoal
R12_EEU,coal_ppl_u_cfNH3,2020,2030,0.0,sv_2c_buffer_decoal
R12_EEU,coal_ppl_u_cfNH3,2020,2035,0.0,sv_2c_buffer_decoal
R12_EEU,coal_ppl_u_cfNH3,2020,2040,0.0,sv_2c_buffer_decoal
R12_EEU,coal_ppl_u_cfNH3,2020,2045,0.0,sv_2c_buffer_decoal
R12_EEU,coal_ppl_u_cfNH3,2025,2025,0.0,sv_2c_buffer_decoal
R12_EEU,coal_ppl_u_cfNH3,2025,2030,0.0,sv_2c_buffer_decoal
R12_EEU,coal_ppl_u_cfNH3,2025,2035,0.0,sv_2c_buffer_decoal
R12_EEU,coal_ppl_u_cfNH3,2025,2040,0.0,sv_2c_buffer_decoal
R12_EEU,coal_ppl_u_cfNH3,2025,2045,0.0,sv_2c_buffer_decoal
R12_EEU,coal_ppl_u_cfNH3,2025,2050,0.0,sv_2c_buffer_decoal
R12_EEU,coal_ppl_u_cfNH3,2030,2030,0.0,sv_2c_buffer_decoal
R12_EEU,coal_ppl_u_cfNH3,2030,2035,0.0,sv_2c_buffer_decoal
R12_EEU,coal_ppl_u_cfNH3,2030,2040,0.0,sv_2c_buffer_decoal
R12_EEU,coal_ppl_u_cfNH3,2030,2045,0.0,sv_2c_buffer_decoal
R12_EEU,coal_ppl_u_cfNH3,2030,2050,0.0,sv_2c_buffer_decoal
R12_EEU,coal_ppl_u_cfNH3,2030,2055,0.0,sv_2c_buffer_decoal
R12_EEU,coal_ppl_u_cfNH3,2035,2035,0.0,sv_2c_buffer_decoal
R12_EEU,coal_ppl_u_cfNH3,2035,2040,0.0,sv_2c_buffer_decoal
R12_EEU,coal_ppl_u_cfNH3,2035,2045,0.0,sv_2c_buffer_decoal
R12_EEU,coal_ppl_u_cfNH3,2035,2050,0.0,sv_2c_buffer_decoal
R12_EEU,coal_ppl_u_cfNH3,2035,2055,0.0,sv_2c_buffer_decoal
R12_EEU,coal_ppl_u_cfNH3,2035,2060,0.0,sv_2c_buffer_decoal
R12_EEU,coal_ppl_u_cfNH3,2040,2040,0.0,sv_2c_buffer_decoal
R12_EEU,coal_ppl_u_cfNH3,2040,2045,0.0,sv_2c_buffer_decoal
R12_EEU,coal_ppl_u_cfNH3,2040,2050,0.0,sv_2c_buffer_decoal
R12_EEU,coal_ppl_u_cfNH3,2040,2055,0.0,sv_2c_buffer_decoal
R12_EEU,coal_ppl_u_cfNH3,2040,2060,0.0,sv_2c_buffer_decoal
R12_EEU,coal_ppl_u_cfNH3,2040,2070,0.0,sv_2c_buffer_decoal
R12_EEU,coal_ppl_u_cfNH3,2045,2045,0.0,sv_2c_buffer_decoal
R12_EEU,coal_ppl_u_cfNH3,2045,2050,0.0,sv_2c_buffer_decoal
R12_EEU,coal_ppl_u_cfNH3,2045,2055,0.0,sv_2c_buffer_decoal
R12_EEU,coal_ppl_u_cfNH3,2045,2060,0.0,sv_2c_buffer_decoal
R12_EEU,coal_ppl_u_cfNH3,2045,2070,0.0,sv_2c_buffer_decoal
R12_EEU,coal_ppl_u_cfNH3,2050,2050,0.0,sv_2c_buffer_decoal
R12_EEU,coal_ppl_u_cfNH3,2050,2055,0.0,sv_2c_buffer_decoal
R12_EEU,coal_ppl_u_cfNH3,2050,2060,0.0,sv_2c_buffer_decoal
R12_EEU,coal_ppl_u_cfNH3,2050,2070,0.0,sv_2c_buffer_decoal
R12_EEU,coal_ppl_u_cfNH3,2050,2080,0.0,sv_2c_buffer_decoal
R12_EEU,coal_ppl_u_cfNH3,2055,2055,0.0,sv_2c_buffer_decoal
R12_EEU,coal_ppl_u_cfNH3,2055,2060,0.0,sv_2c_buffer_decoal
R12_EEU,coal_ppl_u_cfNH3,2055,2070,0.0,sv_2c_buffer_decoal
R12_EEU,coal_ppl_u_cfNH3,2055,2080,0.0,sv_2c_buffer_decoal
R12_EEU,coal_ppl_u_cfNH3,2060,2060,0.0,sv_2c_buffer_decoal
R12_EEU,coal_ppl_u_cfNH3,2060,2070,0.0,sv_2c_buffer_decoal
R12_EEU,coal_ppl_u_cfNH3,2060,2080,0.0,sv_2c_buffer_decoal
R12_EEU,coal_ppl_u_cfNH3,2060,2090,0.0,sv_2c_buffer_decoal
R12_EEU,coal_ppl_u_cfNH3,2070,2070,0.0,sv_2c_buffer_decoal
R12_EEU,coal_ppl_u_cfNH3,2070,2080,0.0,sv_2c_buffer_decoal
R12_EEU,coal_ppl_u_cfNH3,2070,2090,0.0,sv_2c_buffer_decoal
R12_EEU,coal_ppl_u_cfNH3,2080,2080,0.0,sv_2c_buffer_decoal
R12_EEU,coal_ppl_u_cfNH3,2080,2090,0.0,sv_2c_buffer_decoal
R12_EEU,coal_ppl_u_cfNH3,2080,2100,0.0,sv_2c_buffer_decoal
R12_EEU,coal_ppl_u_cfNH3,2090,2090,0.0,sv_2c_buffer_decoal
R12_EEU,coal_ppl_u_cfNH3,2090,2100,0.0,sv_2c_buffer_decoal
R12_EEU,coal_ppl_u_cfNH3,2090,2110,0.0,sv_2c_buffer_decoal
R12_EEU,coal_ppl_u_cfNH3,2100,2100,0.0,sv_2c_buffer_decoal
R12_EEU,coal_ppl_u_cfNH3,2100,2110,0.0,sv_2c_buffer_decoal
R12_EEU,coal_ppl_u_cfNH3,2110,2110,0.0,sv_2c_buffer_decoal
R12_EEU,coal_ppl_cfNH3,1960,1960,0.0,sv_2c_buffer_decoal
R12_EEU,coal_ppl_cfNH3,1965,1965,0.0,sv_2c_buffer_decoal
R12_EEU,coal_ppl_cfNH3,1970,1970,0.0,sv_2c_buffer_decoal
R12_EEU,coal_ppl_cfNH3,1975,1975,0.0,sv_2c_buffer_decoal
R12_EEU,coal_ppl_cfNH3,1980,1980,0.0,sv_2c_buffer_decoal
R12_EEU,coal_ppl_cfNH3,1985,1985,0.0,sv_2c_buffer_decoal
R12_EEU,coal_ppl_cfNH3,1990,1990,0.0,sv_2c_buffer_decoal
R12_EEU,coal_ppl_cfNH3,1990,2030,0.0,sv_2c_buffer_decoal
R12_EEU,coal_ppl_cfNH3,1995,1995,0.0,sv_2c_buffer_decoal
R12_EEU,coal_ppl_cfNH3,1995,2030,0.0,sv_2c_buffer_decoal
R12_EEU,coal_ppl_cfNH3,2000,2000,0.0,sv_2c_buffer_decoal
R12_EEU,coal_ppl_cfNH3,2000,2030,0.0,sv_2c_buffer_decoal
R12_EEU,coal_ppl_cfNH3,2000,2035,0.0,sv_2c_buffer_decoal
R12_EEU,coal_ppl_cfNH3,2005,2005,0.0,sv_2c_buffer_decoal
R12_EEU,coal_ppl_cfNH3,2005,2030,0.0,sv_2c_buffer_decoal
R12_EEU,coal_ppl_cfNH3,2005,2035,0.0,sv_2c_buffer_decoal
R12_EEU,coal_ppl_cfNH3,2010,2010,0.0,sv_2c_buffer_decoal
R12_EEU,coal_ppl_cfNH3,2010,2030,0.0,sv_2c_buffer_decoal
R12_EEU,coal_ppl_cfNH3,2010,2035,0.0,sv_2c_buffer_decoal
R12_EEU,coal_ppl_cfNH3,2010,2040,0.0,sv_2c_buffer_decoal
R12_EEU,coal_ppl_cfNH3,2015,2015,0.0,sv_2c_buffer_decoal
R12_EEU,coal_ppl_cfNH3,2015,2030,0.0,sv_2c_buffer_decoal
R12_EEU,coal_ppl_cfNH3,2015,2035,0.0,sv_2c_buffer_decoal
R12_EEU,coal_ppl_cfNH3,2015,2040,0.0,sv_2c_buffer_decoal
R12_EEU,coal_ppl_cfNH3,2020,2020,0.0,sv_2c_buffer_decoal
R12_EEU,coal_ppl_cfNH3,2020,2030,0.0,sv_2c_buffer_decoal
R12_EEU,coal_ppl_cfNH3,2020,2035,0.0,sv_2c_buffer_decoal
R12_EEU,coal_ppl_cfNH3,2020,2040,0.0,sv_2c_buffer_decoal
R12_EEU,coal_ppl_cfNH3,2020,2045,0.0,sv_2c_buffer_decoal
R12_EEU,coal_ppl_cfNH3,2025,2025,0.0,sv_2c_buffer_decoal
R12_EEU,coal_ppl_cfNH3,2025,2030,0.0,sv_2c_buffer_decoal
R12_EEU,coal_ppl_cfNH3,2025,2035,0.0,sv_2c_buffer_decoal
R12_EEU,coal_ppl_cfNH3,2025,2040,0.0,sv_2c_buffer_decoal
R12_EEU,coal_ppl_cfNH3,2025,2045,0.0,sv_2c_buffer_decoal
R12_EEU,coal_ppl_cfNH3,2025,2050,0.0,sv_2c_buffer_decoal
R12_EEU,coal_ppl_cfNH3,2030,2030,0.0,sv_2c_buffer_decoal
R12_EEU,coal_ppl_cfNH3,2030,2035,0.0,sv_2c_buffer_decoal
R12_EEU,coal_ppl_cfNH3,2030,2040,0.0,sv_2c_buffer_decoal
R12_EEU,coal_ppl_cfNH3,2030,2045,0.0,sv_2c_buffer_decoal
R12_EEU,coal_ppl_cfNH3,2030,2050,0.0,sv_2c_buffer_decoal
R12_EEU,coal_ppl_cfNH3,2030,2055,0.0,sv_2c_buffer_decoal
R12_EEU,coal_ppl_cfNH3,2035,2035,0.0,sv_2c_buffer_decoal
R12_EEU,coal_ppl_cfNH3,2035,2040,0.0,sv_2c_buffer_decoal
R12_EEU,coal_ppl_cfNH3,2035,2045,0.0,sv_2c_buffer_decoal
R12_EEU,coal_ppl_cfNH3,2035,2050,0.0,sv_2c_buffer_decoal
R12_EEU,coal_ppl_cfNH3,2035,2055,0.0,sv_2c_buffer_decoal
R12_EEU,coal_ppl_cfNH3,2035,2060,0.0,sv_2c_buffer_decoal
R12_EEU,coal_ppl_cfNH3,2040,2040,0.0,sv_2c_buffer_decoal
R12_EEU,coal_ppl_cfNH3,2040,2045,0.0,sv_2c_buffer_decoal
R12_EEU,coal_ppl_cfNH3,2040,2050,0.0,sv_2c_buffer_decoal
R12_EEU,coal_ppl_cfNH3,2040,2055,0.0,sv_2c_buffer_decoal
R12_EEU,coal_ppl_cfNH3,2040,2060,0.0,sv_2c_buffer_decoal
R12_EEU,coal_ppl_cfNH3,2040,2070,0.0,sv_2c_buffer_decoal
R12_EEU,coal_ppl_cfNH3,2045,2045,0.0,sv_2c_buffer_decoal
R12_EEU,coal_ppl_cfNH3,2045,2050,0.0,sv_2c_buffer_decoal
R12_EEU,coal_ppl_cfNH3,2045,2055,0.0,sv_2c_buffer_decoal
R12_EEU,coal_ppl_cfNH3,2045,2060,0.0,sv_2c_buffer_decoal
R12_EEU,coal_ppl_cfNH3,2045,2070,0.0,sv_2c_buffer_decoal
R12_EEU,coal_ppl_cfNH3,2050,2050,0.0,sv_2c_buffer_decoal
R12_EEU,coal_ppl_cfNH3,2050,2055,0.0,sv_2c_buffer_decoal
R12_EEU,coal_ppl_cfNH3,2050,2060,0.0,sv_2c_buffer_decoal
R12_EEU,coal_ppl_cfNH3,2050,2070,0.0,sv_2c_buffer_decoal
R12_EEU,coal_ppl_cfNH3,2050,2080,0.0,sv_2c_buffer_decoal
R12_EEU,coal_ppl_cfNH3,2055,2055,0.0,sv_2c_buffer_decoal
R12_EEU,coal_ppl_cfNH3,2055,2060,0.0,sv_2c_buffer_decoal
R12_EEU,coal_ppl_cfNH3,2055,2070,0.0,sv_2c_buffer_decoal
R12_EEU,coal_ppl_cfNH3,2055,2080,0.0,sv_2c_buffer_decoal
R12_EEU,coal_ppl_cfNH3,2060,2060,0.0,sv_2c_buffer_decoal
R12_EEU,coal_ppl_cfNH3,2060,2070,0.0,sv_2c_buffer_decoal
R12_EEU,coal_ppl_cfNH3,2060,2080,0.0,sv_2c_buffer_decoal
R12_EEU,coal_ppl_cfNH3,2060,2090,0.0,sv_2c_buffer_decoal
R12_EEU,coal_ppl_cfNH3,2070,2070,0.0,sv_2c_buffer_decoal
R12_EEU,coal_ppl_cfNH3,2070,2080,0.0,sv_2c_buffer_decoal
R12_EEU,coal_ppl_cfNH3,2070,2090,0.0,sv_2c_buffer_decoal
R12_EEU,coal_ppl_cfNH3,2080,2080,0.0,sv_2c_buffer_decoal
R12_EEU,coal_ppl_cfNH3,2080,2090,0.0,sv_2c_buffer_decoal
R12_EEU,coal_ppl_cfNH3,2080,2100,0.0,sv_2c_buffer_decoal
R12_EEU,coal_ppl_cfNH3,2090,2090,0.0,sv_2c_buffer_decoal
R12_EEU,coal_ppl_cfNH3,2090,2100,0.0,sv_2c_buffer_decoal
R12_EEU,coal_ppl_cfNH3,2090,2110,0.0,sv_2c_buffer_decoal
R12_EEU,coal_ppl_cfNH3,2100,2100,0.0,sv_2c_buffer_decoal
R12_EEU,coal_ppl_cfNH3,2100,2110,0.0,sv_2c_buffer_decoal
R12_EEU,coal_ppl_cfNH3,2110,2110,0.0,sv_2c_buffer_decoal
R12_EEU,coal_adv_cfbio,1985,1985,0.0,sv_2c_buffer_decoal
R12_EEU,coal_adv_cfbio,1990,1990,0.0,sv_2c_buffer_decoal
R12_EEU,coal_adv_cfbio,1995,1995,0.0,sv_2c_buffer_decoal
R12_EEU,coal_adv_cfbio,2000,2000,0.0,sv_2c_buffer_decoal
R12_EEU,coal_adv_cfbio,2005,2005,0.0,sv_2c_buffer_decoal
R12_EEU,coal_adv_cfbio,2005,2030,0.0,sv_2c_buffer_decoal
R12_EEU,coal_adv_cfbio,2010,2010,0.0,sv_2c_buffer_decoal
R12_EEU,coal_adv_cfbio,2010,2030,0.0,sv_2c_buffer_decoal
R12_EEU,coal_adv_cfbio,2010,2035,0.0,sv_2c_buffer_decoal
R12_EEU,coal_adv_cfbio,2015,2015,0.0,sv_2c_buffer_decoal
R12_EEU,coal_adv_cfbio,2015,2030,0.0,sv_2c_buffer_decoal
R12_EEU,coal_adv_cfbio,2015,2035,0.0,sv_2c_buffer_decoal
R12_EEU,coal_adv_cfbio,2015,2040,0.0,sv_2c_buffer_decoal
R12_EEU,coal_adv_cfbio,2020,2020,0.0,sv_2c_buffer_decoal
R12_EEU,coal_adv_cfbio,2020,2030,0.0,sv_2c_buffer_decoal
R12_EEU,coal_adv_cfbio,2020,2035,0.0,sv_2c_buffer_decoal
R12_EEU,coal_adv_cfbio,2020,2040,0.0,sv_2c_buffer_decoal
R12_EEU,coal_adv_cfbio,2020,2045,0.0,sv_2c_buffer_decoal
R12_EEU,coal_adv_cfbio,2025,2025,0.0,sv_2c_buffer_decoal
R12_EEU,coal_adv_cfbio,2025,2030,0.0,sv_2c_buffer_decoal
R12_EEU,coal_adv_cfbio,2025,2035,0.0,sv_2c_buffer_decoal
R12_EEU,coal_adv_cfbio,2025,2040,0.0,sv_2c_buffer_decoal
R12_EEU,coal_adv_cfbio,2025,2045,0.0,sv_2c_buffer_decoal
R12_EEU,coal_adv_cfbio,2025,2050,0.0,sv_2c_buffer_decoal
R12_EEU,coal_adv_cfbio,2030,2030,0.0,sv_2c_buffer_decoal
R12_EEU,coal_adv_cfbio,2030,2035,0.0,sv_2c_buffer_decoal
R12_EEU,coal_adv_cfbio,2030,2040,0.0,sv_2c_buffer_decoal
R12_EEU,coal_adv_cfbio,2030,2045,0.0,sv_2c_buffer_decoal
R12_EEU,coal_adv_cfbio,2030,2050,0.0,sv_2c_buffer_decoal
R12_EEU,coal_adv_cfbio,2030,2055,0.0,sv_2c_buffer_decoal
R12_EEU,coal_adv_cfbio,2035,2035,0.0,sv_2c_buffer_decoal
R12_EEU,coal_adv_cfbio,2035,2040,0.0,sv_2c_buffer_decoal
R12_EEU,coal_adv_cfbio,2035,2045,0.0,sv_2c_buffer_decoal
R12_EEU,coal_adv_cfbio,2035,2050,0.0,sv_2c_buffer_decoal
R12_EEU,coal_adv_cfbio,2035,2055,0.0,sv_2c_buffer_decoal
R12_EEU,coal_adv_cfbio,2035,2060,0.0,sv_2c_buffer_decoal
R12_EEU,coal_adv_cfbio,2040,2040,0.0,sv_2c_buffer_decoal
R12_EEU,coal_adv_cfbio,2040,2045,0.0,sv_2c_buffer_decoal
R12_EEU,coal_adv_cfbio,2040,2050,0.0,sv_2c_buffer_decoal
R12_EEU,coal_adv_cfbio,2040,2055,0.0,sv_2c_buffer_decoal
R12_EEU,coal_adv_cfbio,2040,2060,0.0,sv_2c_buffer_decoal
R12_EEU,coal_adv_cfbio,2040,2070,0.0,sv_2c_buffer_decoal
R12_EEU,coal_adv_cfbio,2045,2045,0.0,sv_2c_buffer_decoal
R12_EEU,coal_adv_cfbio,2045,2050,0.0,sv_2c_buffer_decoal
R12_EEU,coal_adv_cfbio,2045,2055,0.0,sv_2c_buffer_decoal
R12_EEU,coal_adv_cfbio,2045,2060,0.0,sv_2c_buffer_decoal
R12_EEU,coal_adv_cfbio,2045,2070,0.0,sv_2c_buffer_decoal
R12_EEU,coal_adv_cfbio,2050,2050,0.0,sv_2c_buffer_decoal
R12_EEU,coal_adv_cfbio,2050,2055,0.0,sv_2c_buffer_decoal
R12_EEU,coal_adv_cfbio,2050,2060,0.0,sv_2c_buffer_decoal
R12_EEU,coal_adv_cfbio,2050,2070,0.0,sv_2c_buffer_decoal
R12_EEU,coal_adv_cfbio,2050,2080,0.0,sv_2c_buffer_decoal
R12_EEU,coal_adv_cfbio,2055,2055,0.0,sv_2c_buffer_decoal
R12_EEU,coal_adv_cfbio,2055,2060,0.0,sv_2c_buffer_decoal
R12_EEU,coal_adv_cfbio,2055,2070,0.0,sv_2c_buffer_decoal
R12_EEU,coal_adv_cfbio,2055,2080,0.0,sv_2c_buffer_decoal
R12_EEU,coal_adv_cfbio,2060,2060,0.0,sv_2c_buffer_decoal
R12_EEU,coal_adv_cfbio,2060,2070,0.0,sv_2c_buffer_decoal
R12_EEU,coal_adv_cfbio,2060,2080,0.0,sv_2c_buffer_decoal
R12_EEU,coal_adv_cfbio,2060,2090,0.0,sv_2c_buffer_decoal
R12_EEU,coal_adv_cfbio,2070,2070,0.0,sv_2c_buffer_decoal
R12_EEU,coal_adv_cfbio,2070,2080,0.0,sv_2c_buffer_decoal
R12_EEU,coal_adv_cfbio,2070,2090,0.0,sv_2c_buffer_decoal
R12_EEU,coal_adv_cfbio,2080,2080,0.0,sv_2c_buffer_decoal
R12_EEU,coal_adv_cfbio,2080,2090,0.0,sv_2c_buffer_decoal
R12_EEU,coal_adv_cfbio,2080,2100,0.0,sv_2c_buffer_decoal
R12_EEU,coal_adv_cfbio,2090,2090,0.0,sv_2c_buffer_decoal
R12_EEU,coal_adv_cfbio,2090,2100,0.0,sv_2c_buffer_decoal
R12_EEU,coal_adv_cfbio,2090,2110,0.0,sv_2c_buffer_decoal
R12_EEU,coal_adv_cfbio,2100,2100,0.0,sv_2c_buffer_decoal
R12_EEU,coal_adv_cfbio,2100,2110,0.0,sv_2c_buffer_decoal
R12_EEU,coal_adv_cfbio,2110,2110,0.0,sv_2c_buffer_decoal
R12_EEU,coal_ppl_u_cfbio,1985,1985,0.0,sv_2c_buffer_decoal
R12_EEU,coal_ppl_u_cfbio,1985,2030,0.0,sv_2c_buffer_decoal
R12_EEU,coal_ppl_u_cfbio,1985,2035,0.0,sv_2c_buffer_decoal
R12_EEU,coal_ppl_u_cfbio,1990,1990,0.0,sv_2c_buffer_decoal
R12_EEU,coal_ppl_u_cfbio,1990,2030,0.0,sv_2c_buffer_decoal
R12_EEU,coal_ppl_u_cfbio,1990,2035,0.0,sv_2c_buffer_decoal
R12_EEU,coal_ppl_u_cfbio,1990,2040,0.0,sv_2c_buffer_decoal
R12_EEU,coal_ppl_u_cfbio,1995,1995,0.0,sv_2c_buffer_decoal
R12_EEU,coal_ppl_u_cfbio,1995,2030,0.0,sv_2c_buffer_decoal
R12_EEU,coal_ppl_u_cfbio,1995,2035,0.0,sv_2c_buffer_decoal
R12_EEU,coal_ppl_u_cfbio,1995,2040,0.0,sv_2c_buffer_decoal
R12_EEU,coal_ppl_u_cfbio,2000,2000,0.0,sv_2c_buffer_decoal
R12_EEU,coal_ppl_u_cfbio,2000,2030,0.0,sv_2c_buffer_decoal
R12_EEU,coal_ppl_u_cfbio,2000,2035,0.0,sv_2c_buffer_decoal
R12_EEU,coal_ppl_u_cfbio,2000,2040,0.0,sv_2c_buffer_decoal
R12_EEU,coal_ppl_u_cfbio,2000,2045,0.0,sv_2c_buffer_decoal
R12_EEU,coal_ppl_u_cfbio,2005,2005,0.0,sv_2c_buffer_decoal
R12_EEU,coal_ppl_u_cfbio,2005,2030,0.0,sv_2c_buffer_decoal
R12_EEU,coal_ppl_u_cfbio,2005,2035,0.0,sv_2c_buffer_decoal
R12_EEU,coal_ppl_u_cfbio,2005,2040,0.0,sv_2c_buffer_decoal
R12_EEU,coal_ppl_u_cfbio,2005,2045,0.0,sv_2c_buffer_decoal
R12_EEU,coal_ppl_u_cfbio,2010,2010,0.0,sv_2c_buffer_decoal
R12_EEU,coal_ppl_u_cfbio,2010,2030,0.0,sv_2c_buffer_decoal
R12_EEU,coal_ppl_u_cfbio,2010,2035,0.0,sv_2c_buffer_decoal
R12_EEU,coal_ppl_u_cfbio,2010,2040,0.0,sv_2c_buffer_decoal
R12_EEU,coal_ppl_u_cfbio,2010,2045,0.0,sv_2c_buffer_decoal
R12_EEU,coal_ppl_u_cfbio,2010,2050,0.0,sv_2c_buffer_decoal
R12_EEU,coal_ppl_u_cfbio,2015,2015,0.0,sv_2c_buffer_decoal
R12_EEU,coal_ppl_u_cfbio,2015,2030,0.0,sv_2c_buffer_decoal
R12_EEU,coal_ppl_u_cfbio,2015,2035,0.0,sv_2c_buffer_decoal
R12_EEU,coal_ppl_u_cfbio,2015,2040,0.0,sv_2c_buffer_decoal
R12_EEU,coal_ppl_u_cfbio,2015,2045,0.0,sv_2c_buffer_decoal
R12_EEU,coal_ppl_u_cfbio,2020,2020,0.0,sv_2c_buffer_decoal
R12_EEU,coal_ppl_u_cfbio,2020,2030,0.0,sv_2c_buffer_decoal
R12_EEU,coal_ppl_u_cfbio,2020,2035,0.0,sv_2c_buffer_decoal
R12_EEU,coal_ppl_u_cfbio,2020,2040,0.0,sv_2c_buffer_decoal
R12_EEU,coal_ppl_u_cfbio,2020,2045,0.0,sv_2c_buffer_decoal
R12_EEU,coal_ppl_u_cfbio,2025,2025,0.0,sv_2c_buffer_decoal
R12_EEU,coal_ppl_u_cfbio,2025,2030,0.0,sv_2c_buffer_decoal
R12_EEU,coal_ppl_u_cfbio,2025,2035,0.0,sv_2c_buffer_decoal
R12_EEU,coal_ppl_u_cfbio,2025,2040,0.0,sv_2c_buffer_decoal
R12_EEU,coal_ppl_u_cfbio,2025,2045,0.0,sv_2c_buffer_decoal
R12_EEU,coal_ppl_u_cfbio,2025,2050,0.0,sv_2c_buffer_decoal
R12_EEU,coal_ppl_u_cfbio,2030,2030,0.0,sv_2c_buffer_decoal
R12_EEU,coal_ppl_u_cfbio,2030,2035,0.0,sv_2c_buffer_decoal
R12_EEU,coal_ppl_u_cfbio,2030,2040,0.0,sv_2c_buffer_decoal
R12_EEU,coal_ppl_u_cfbio,2030,2045,0.0,sv_2c_buffer_decoal
R12_EEU,coal_ppl_u_cfbio,2030,2050,0.0,sv_2c_buffer_decoal
R12_EEU,coal_ppl_u_cfbio,2030,2055,0.0,sv_2c_buffer_decoal
R12_EEU,coal_ppl_u_cfbio,2035,2035,0.0,sv_2c_buffer_decoal
R12_EEU,coal_ppl_u_cfbio,2035,2040,0.0,sv_2c_buffer_decoal
R12_EEU,coal_ppl_u_cfbio,2035,2045,0.0,sv_2c_buffer_decoal
R12_EEU,coal_ppl_u_cfbio,2035,2050,0.0,sv_2c_buffer_decoal
R12_EEU,coal_ppl_u_cfbio,2035,2055,0.0,sv_2c_buffer_decoal
R12_EEU,coal_ppl_u_cfbio,2035,2060,0.0,sv_2c_buffer_decoal
R12_EEU,coal_ppl_u_cfbio,2040,2040,0.0,sv_2c_buffer_decoal
R12_EEU,coal_ppl_u_cfbio,2040,2045,0.0,sv_2c_buffer_decoal
R12_EEU,coal_ppl_u_cfbio,2040,2050,0.0,sv_2c_buffer_decoal
R12_EEU,coal_ppl_u_cfbio,2040,2055,0.0,sv_2c_buffer_decoal
R12_EEU,coal_ppl_u_cfbio,2040,2060,0.0,sv_2c_buffer_decoal
R12_EEU,coal_ppl_u_cfbio,2040,2070,0.0,sv_2c_buffer_decoal
R12_EEU,coal_ppl_u_cfbio,2045,2045,0.0,sv_2c_buffer_decoal
R12_EEU,coal_ppl_u_cfbio,2045,2050,0.0,sv_2c_buffer_decoal
R12_EEU,coal_ppl_u_cfbio,2045,2055,0.0,sv_2c_buffer_decoal
R12_EEU,coal_ppl_u_cfbio,2045,2060,0.0,sv_2c_buffer_decoal
R12_EEU,coal_ppl_u_cfbio,2045,2070,0.0,sv_2c_buffer_decoal
R12_EEU,coal_ppl_u_cfbio,2050,2050,0.0,sv_2c_buffer_decoal
R12_EEU,coal_ppl_u_cfbio,2050,2055,0.0,sv_2c_buffer_decoal
R12_EEU,coal_ppl_u_cfbio,2050,2060,0.0,sv_2c_buffer_decoal
R12_EEU,coal_ppl_u_cfbio,2050,2070,0.0,sv_2c_buffer_decoal
R12_EEU,coal_ppl_u_cfbio,2050,2080,0.0,sv_2c_buffer_decoal
R12_EEU,coal_ppl_u_cfbio,2055,2055,0.0,sv_2c_buffer_decoal
R12_EEU,coal_ppl_u_cfbio,2055,2060,0.0,sv_2c_buffer_decoal
R12_EEU,coal_ppl_u_cfbio,2055,2070,0.0,sv_2c_buffer_decoal
R12_EEU,coal_ppl_u_cfbio,2055,2080,0.0,sv_2c_buffer_decoal
R12_EEU,coal_ppl_u_cfbio,2060,2060,0.0,sv_2c_buffer_decoal
R12_EEU,coal_ppl_u_cfbio,2060,2070,0.0,sv_2c_buffer_decoal
R12_EEU,coal_ppl_u_cfbio,2060,2080,0.0,sv_2c_buffer_decoal
R12_EEU,coal_ppl_u_cfbio,2060,2090,0.0,sv_2c_buffer_decoal
R12_EEU,coal_ppl_u_cfbio,2070,2070,0.0,sv_2c_buffer_decoal
R12_EEU,coal_ppl_u_cfbio,2070,2080,0.0,sv_2c_buffer_decoal
R12_EEU,coal_ppl_u_cfbio,2070,2090,0.0,sv_2c_buffer_decoal
R12_EEU,coal_ppl_u_cfbio,2080,2080,0.0,sv_2c_buffer_decoal
R12_EEU,coal_ppl_u_cfbio,2080,2090,0.0,sv_2c_buffer_decoal
R12_EEU,coal_ppl_u_cfbio,2080,2100,0.0,sv_2c_buffer_decoal
R12_EEU,coal_ppl_u_cfbio,2090,2090,0.0,sv_2c_buffer_decoal
R12_EEU,coal_ppl_u_cfbio,2090,2100,0.0,sv_2c_buffer_decoal
R12_EEU,coal_ppl_u_cfbio,2090,2110,0.0,sv_2c_buffer_decoal
R12_EEU,coal_ppl_u_cfbio,2100,2100,0.0,sv_2c_buffer_decoal
R12_EEU,coal_ppl_u_cfbio,2100,2110,0.0,sv_2c_buffer_decoal
R12_EEU,coal_ppl_u_cfbio,2110,2110,0.0,sv_2c_buffer_decoal
R12_EEU,coal_ppl_cfbio,1985,1985,0.0,sv_2c_buffer_decoal
R12_EEU,coal_ppl_cfbio,1990,1990,0.0,sv_2c_buffer_decoal
R12_EEU,coal_ppl_cfbio,1990,2030,0.0,sv_2c_buffer_decoal
R12_EEU,coal_ppl_cfbio,1995,1995,0.0,sv_2c_buffer_decoal
R12_EEU,coal_ppl_cfbio,1995,2030,0.0,sv_2c_buffer_decoal
R12_EEU,coal_ppl_cfbio,2000,2000,0.0,sv_2c_buffer_decoal
R12_EEU,coal_ppl_cfbio,2000,2030,0.0,sv_2c_buffer_decoal
R12_EEU,coal_ppl_cfbio,2000,2035,0.0,sv_2c_buffer_decoal
R12_EEU,coal_ppl_cfbio,2005,2005,0.0,sv_2c_buffer_decoal
R12_EEU,coal_ppl_cfbio,2005,2030,0.0,sv_2c_buffer_decoal
R12_EEU,coal_ppl_cfbio,2005,2035,0.0,sv_2c_buffer_decoal
R12_EEU,coal_ppl_cfbio,2010,2010,0.0,sv_2c_buffer_decoal
R12_EEU,coal_ppl_cfbio,2010,2030,0.0,sv_2c_buffer_decoal
R12_EEU,coal_ppl_cfbio,2010,2035,0.0,sv_2c_buffer_decoal
R12_EEU,coal_ppl_cfbio,2010,2040,0.0,sv_2c_buffer_decoal
R12_EEU,coal_ppl_cfbio,2015,2015,0.0,sv_2c_buffer_decoal
R12_EEU,coal_ppl_cfbio,2015,2030,0.0,sv_2c_buffer_decoal
R12_EEU,coal_ppl_cfbio,2015,2035,0.0,sv_2c_buffer_decoal
R12_EEU,coal_ppl_cfbio,2015,2040,0.0,sv_2c_buffer_decoal
R12_EEU,coal_ppl_cfbio,2020,2020,0.0,sv_2c_buffer_decoal
R12_EEU,coal_ppl_cfbio,2020,2030,0.0,sv_2c_buffer_decoal
R12_EEU,coal_ppl_cfbio,2020,2035,0.0,sv_2c_buffer_decoal
R12_EEU,coal_ppl_cfbio,2020,2040,0.0,sv_2c_buffer_decoal
R12_EEU,coal_ppl_cfbio,2020,2045,0.0,sv_2c_buffer_decoal
R12_EEU,coal_ppl_cfbio,2025,2025,0.0,sv_2c_buffer_decoal
R12_EEU,coal_ppl_cfbio,2025,2030,0.0,sv_2c_buffer_decoal
R12_EEU,coal_ppl_cfbio,2025,2035,0.0,sv_2c_buffer_decoal
R12_EEU,coal_ppl_cfbio,2025,2040,0.0,sv_2c_buffer_decoal
R12_EEU,coal_ppl_cfbio,2025,2045,0.0,sv_2c_buffer_decoal
R12_EEU,coal_ppl_cfbio,2025,2050,0.0,sv_2c_buffer_decoal
R12_EEU,coal_ppl_cfbio,2030,2030,0.0,sv_2c_buffer_decoal
R12_EEU,coal_ppl_cfbio,2030,2035,0.0,sv_2c_buffer_decoal
R12_EEU,coal_ppl_cfbio,2030,2040,0.0,sv_2c_buffer_decoal
R12_EEU,coal_ppl_cfbio,2030,2045,0.0,sv_2c_buffer_decoal
R12_EEU,coal_ppl_cfbio,2030,2050,0.0,sv_2c_buffer_decoal
R12_EEU,coal_ppl_cfbio,2030,2055,0.0,sv_2c_buffer_decoal
R12_EEU,coal_ppl_cfbio,2035,2035,0.0,sv_2c_buffer_decoal
R12_EEU,coal_ppl_cfbio,2035,2040,0.0,sv_2c_buffer_decoal
R12_EEU,coal_ppl_cfbio,2035,2045,0.0,sv_2c_buffer_decoal
R12_EEU,coal_ppl_cfbio,2035,2050,0.0,sv_2c_buffer_decoal
R12_EEU,coal_ppl_cfbio,2035,2055,0.0,sv_2c_buffer_decoal
R12_EEU,coal_ppl_cfbio,2035,2060,0.0,sv_2c_buffer_decoal
R12_EEU,coal_ppl_cfbio,2040,2040,0.0,sv_2c_buffer_decoal
R12_EEU,coal_ppl_cfbio,2040,2045,0.0,sv_2c_buffer_decoal
R12_EEU,coal_ppl_cfbio,2040,2050,0.0,sv_2c_buffer_decoal
R12_EEU,coal_ppl_cfbio,2040,2055,0.0,sv_2c_buffer_decoal
R12_EEU,coal_ppl_cfbio,2040,2060,0.0,sv_2c_buffer_decoal
R12_EEU,coal_ppl_cfbio,2040,2070,0.0,sv_2c_buffer_decoal
R12_EEU,coal_ppl_cfbio,2045,2045,0.0,sv_2c_buffer_decoal
R12_EEU,coal_ppl_cfbio,2045,2050,0.0,sv_2c_buffer_decoal
R12_EEU,coal_ppl_cfbio,2045,2055,0.0,sv_2c_buffer_decoal
R12_EEU,coal_ppl_cfbio,2045,2060,0.0,sv_2c_buffer_decoal
R12_EEU,coal_ppl_cfbio,2045,2070,0.0,sv_2c_buffer_decoal
R12_EEU,coal_ppl_cfbio,2050,2050,0.0,sv_2c_buffer_decoal
R12_EEU,coal_ppl_cfbio,2050,2055,0.0,sv_2c_buffer_decoal
R12_EEU,coal_ppl_cfbio,2050,2060,0.0,sv_2c_buffer_decoal
R12_EEU,coal_ppl_cfbio,2050,2070,0.0,sv_2c_buffer_decoal
R12_EEU,coal_ppl_cfbio,2050,2080,0.0,sv_2c_buffer_decoal
R12_EEU,coal_ppl_cfbio,2055,2055,0.0,sv_2c_buffer_decoal
R12_EEU,coal_ppl_cfbio,2055,2060,0.0,sv_2c_buffer_decoal
R12_EEU,coal_ppl_cfbio,2055,2070,0.0,sv_2c_buffer_decoal
R12_EEU,coal_ppl_cfbio,2055,2080,0.0,sv_2c_buffer_decoal
R12_EEU,coal_ppl_cfbio,2060,2060,0.0,sv_2c_buffer_decoal
R12_EEU,coal_ppl_cfbio,2060,2070,0.0,sv_2c_buffer_decoal
R12_EEU,coal_ppl_cfbio,2060,2080,0.0,sv_2c_buffer_decoal
R12_EEU,coal_ppl_cfbio,2060,2090,0.0,sv_2c_buffer_decoal
R12_EEU,coal_ppl_cfbio,2070,2070,0.0,sv_2c_buffer_decoal
R12_EEU,coal_ppl_cfbio,2070,2080,0.0,sv_2c_buffer_decoal
R12_EEU,coal_ppl_cfbio,2070,2090,0.0,sv_2c_buffer_decoal
R12_EEU,coal_ppl_cfbio,2080,2080,0.0,sv_2c_buffer_decoal
R12_EEU,coal_ppl_cfbio,2080,2090,0.0,sv_2c_buffer_decoal
R12_EEU,coal_ppl_cfbio,2080,2100,0.0,sv_2c_buffer_decoal
R12_EEU,coal_ppl_cfbio,2090,2090,0.0,sv_2c_buffer_decoal
R12_EEU,coal_ppl_cfbio,2090,2100,0.0,sv_2c_buffer_decoal
R12_EEU,coal_ppl_cfbio,2090,2110,0.0,sv_2c_buffer_decoal
R12_EEU,coal_ppl_cfbio,2100,2100,0.0,sv_2c_buffer_decoal
R12_EEU,coal_ppl_cfbio,2100,2110,0.0,sv_2c_buffer_decoal
R12_EEU,coal_ppl_cfbio,2110,2110,0.0,sv_2c_buffer_decoal
R12_EEU,coal_adv_rccs,1985,1985,0.0,sv_2c_buffer_decoal
R12_EEU,coal_adv_rccs,1990,1990,0.0,sv_2c_buffer_decoal
R12_EEU,coal_adv_rccs,1995,1995,0.0,sv_2c_buffer_decoal
R12_EEU,coal_adv_rccs,2000,2000,0.0,sv_2c_buffer_decoal
R12_EEU,coal_adv_rccs,2005,2005,0.0,sv_2c_buffer_decoal
R12_EEU,coal_adv_rccs,2005,2030,0.0,sv_2c_buffer_decoal
R12_EEU,coal_adv_rccs,2010,2010,0.0,sv_2c_buffer_decoal
R12_EEU,coal_adv_rccs,2010,2030,0.0,sv_2c_buffer_decoal
R12_EEU,coal_adv_rccs,2010,2035,0.0,sv_2c_buffer_decoal
R12_EEU,coal_adv_rccs,2015,2015,0.0,sv_2c_buffer_decoal
R12_EEU,coal_adv_rccs,2015,2030,0.0,sv_2c_buffer_decoal
R12_EEU,coal_adv_rccs,2015,2035,0.0,sv_2c_buffer_decoal
R12_EEU,coal_adv_rccs,2015,2040,0.0,sv_2c_buffer_decoal
R12_EEU,coal_adv_rccs,2020,2020,0.0,sv_2c_buffer_decoal
R12_EEU,coal_adv_rccs,2020,2030,0.0,sv_2c_buffer_decoal
R12_EEU,coal_adv_rccs,2020,2035,0.0,sv_2c_buffer_decoal
R12_EEU,coal_adv_rccs,2020,2040,0.0,sv_2c_buffer_decoal
R12_EEU,coal_adv_rccs,2020,2045,0.0,sv_2c_buffer_decoal
R12_EEU,coal_adv_rccs,2025,2025,0.0,sv_2c_buffer_decoal
R12_EEU,coal_adv_rccs,2025,2030,0.0,sv_2c_buffer_decoal
R12_EEU,coal_adv_rccs,2025,2035,0.0,sv_2c_buffer_decoal
R12_EEU,coal_adv_rccs,2025,2040,0.0,sv_2c_buffer_decoal
R12_EEU,coal_adv_rccs,2025,2045,0.0,sv_2c_buffer_decoal
R12_EEU,coal_adv_rccs,2025,2050,0.0,sv_2c_buffer_decoal
R12_EEU,coal_adv_rccs,2030,2030,0.0,sv_2c_buffer_decoal
R12_EEU,coal_adv_rccs,2030,2035,0.0,sv_2c_buffer_decoal
R12_EEU,coal_adv_rccs,2030,2040,0.0,sv_2c_buffer_decoal
R12_EEU,coal_adv_rccs,2030,2045,0.0,sv_2c_buffer_decoal
R12_EEU,coal_adv_rccs,2030,2050,0.0,sv_2c_buffer_decoal
R12_EEU,coal_adv_rccs,2030,2055,0.0,sv_2c_buffer_decoal
R12_EEU,coal_adv_rccs,2035,2035,0.0,sv_2c_buffer_decoal
R12_EEU,coal_adv_rccs,2035,2040,0.0,sv_2c_buffer_decoal
R12_EEU,coal_adv_rccs,2035,2045,0.0,sv_2c_buffer_decoal
R12_EEU,coal_adv_rccs,2035,2050,0.0,sv_2c_buffer_decoal
R12_EEU,coal_adv_rccs,2035,2055,0.0,sv_2c_buffer_decoal
R12_EEU,coal_adv_rccs,2035,2060,0.0,sv_2c_buffer_decoal
R12_EEU,coal_adv_rccs,2040,2040,0.0,sv_2c_buffer_decoal
R12_EEU,coal_adv_rccs,2040,2045,0.0,sv_2c_buffer_decoal
R12_EEU,coal_adv_rccs,2040,2050,0.0,sv_2c_buffer_decoal
R12_EEU,coal_adv_rccs,2040,2055,0.0,sv_2c_buffer_decoal
R12_EEU,coal_adv_rccs,2040,2060,0.0,sv_2c_buffer_decoal
R12_EEU,coal_adv_rccs,2040,2070,0.0,sv_2c_buffer_decoal
R12_EEU,coal_adv_rccs,2045,2045,0.0,sv_2c_buffer_decoal
R12_EEU,coal_adv_rccs,2045,2050,0.0,sv_2c_buffer_decoal
R12_EEU,coal_adv_rccs,2045,2055,0.0,sv_2c_buffer_decoal
R12_EEU,coal_adv_rccs,2045,2060,0.0,sv_2c_buffer_decoal
R12_EEU,coal_adv_rccs,2045,2070,0.0,sv_2c_buffer_decoal
R12_EEU,coal_adv_rccs,2050,2050,0.0,sv_2c_buffer_decoal
R12_EEU,coal_adv_rccs,2050,2055,0.0,sv_2c_buffer_decoal
R12_EEU,coal_adv_rccs,2050,2060,0.0,sv_2c_buffer_decoal
R12_EEU,coal_adv_rccs,2050,2070,0.0,sv_2c_buffer_decoal
R12_EEU,coal_adv_rccs,2050,2080,0.0,sv_2c_buffer_decoal
R12_EEU,coal_adv_rccs,2055,2055,0.0,sv_2c_buffer_decoal
R12_EEU,coal_adv_rccs,2055,2060,0.0,sv_2c_buffer_decoal
R12_EEU,coal_adv_rccs,2055,2070,0.0,sv_2c_buffer_decoal
R12_EEU,coal_adv_rccs,2055,2080,0.0,sv_2c_buffer_decoal
R12_EEU,coal_adv_rccs,2060,2060,0.0,sv_2c_buffer_decoal
R12_EEU,coal_adv_rccs,2060,2070,0.0,sv_2c_buffer_decoal
R12_EEU,coal_adv_rccs,2060,2080,0.0,sv_2c_buffer_decoal
R12_EEU,coal_adv_rccs,2060,2090,0.0,sv_2c_buffer_decoal
R12_EEU,coal_adv_rccs,2070,2070,0.0,sv_2c_buffer_decoal
R12_EEU,coal_adv_rccs,2070,2080,0.0,sv_2c_buffer_decoal
R12_EEU,coal_adv_rccs,2070,2090,0.0,sv_2c_buffer_decoal
R12_EEU,coal_adv_rccs,2080,2080,0.0,sv_2c_buffer_decoal
R12_EEU,coal_adv_rccs,2080,2090,0.0,sv_2c_buffer_decoal
R12_EEU,coal_adv_rccs,2080,2100,0.0,sv_2c_buffer_decoal
R12_EEU,coal_adv_rccs,2090,2090,0.0,sv_2c_buffer_decoal
R12_EEU,coal_adv_rccs,2090,2100,0.0,sv_2c_buffer_decoal
R12_EEU,coal_adv_rccs,2090,2110,0.0,sv_2c_buffer_decoal
R12_EEU,coal_adv_rccs,2100,2100,0.0,sv_2c_buffer_decoal
R12_EEU,coal_adv_rccs,2100,2110,0.0,sv_2c_buffer_decoal
R12_EEU,coal_adv_rccs,2110,2110,0.0,sv_2c_buffer_decoal
R12_LAM,coal_adv,2010,2010,0.0,sv_2c_buffer_decoal
R12_LAM,coal_adv,2010,2030,0.6779999999999999,sv_2c_buffer_decoal
R12_LAM,coal_adv,2010,2035,0.6779999999999999,sv_2c_buffer_decoal
R12_LAM,coal_adv,2015,2015,0.0,sv_2c_buffer_decoal
R12_LAM,coal_adv,2015,2030,0.0,sv_2c_buffer_decoal
R12_LAM,coal_adv,2015,2035,0.0,sv_2c_buffer_decoal
R12_LAM,coal_adv,2015,2040,0.0,sv_2c_buffer_decoal
R12_LAM,coal_adv,2020,2020,0.0,sv_2c_buffer_decoal
R12_LAM,coal_adv,2020,2030,0.0,sv_2c_buffer_decoal
R12_LAM,coal_adv,2020,2035,0.0,sv_2c_buffer_decoal
R12_LAM,coal_adv,2020,2040,0.0,sv_2c_buffer_decoal
R12_LAM,coal_adv,2020,2045,0.0,sv_2c_buffer_decoal
R12_LAM,coal_adv,2025,2025,0.0,sv_2c_buffer_decoal
R12_LAM,coal_adv,2025,2030,0.0,sv_2c_buffer_decoal
R12_LAM,coal_adv,2025,2035,0.0,sv_2c_buffer_decoal
R12_LAM,coal_adv,2025,2040,0.0,sv_2c_buffer_decoal
R12_LAM,coal_adv,2025,2045,0.0,sv_2c_buffer_decoal
R12_LAM,coal_adv,2025,2050,0.0,sv_2c_buffer_decoal
R12_LAM,coal_adv,2030,2030,0.0,sv_2c_buffer_decoal
R12_LAM,coal_adv,2030,2035,0.0,sv_2c_buffer_decoal
R12_LAM,coal_adv,2030,2040,0.0,sv_2c_buffer_decoal
R12_LAM,coal_adv,2030,2045,0.0,sv_2c_buffer_decoal
R12_LAM,coal_adv,2030,2050,0.0,sv_2c_buffer_decoal
R12_LAM,coal_adv,2030,2055,0.0,sv_2c_buffer_decoal
R12_LAM,coal_adv,2035,2035,0.0,sv_2c_buffer_decoal
R12_LAM,coal_adv,2035,2040,0.0,sv_2c_buffer_decoal
R12_LAM,coal_adv,2035,2045,0.0,sv_2c_buffer_decoal
R12_LAM,coal_adv,2035,2050,0.0,sv_2c_buffer_decoal
R12_LAM,coal_adv,2035,2055,0.0,sv_2c_buffer_decoal
R12_LAM,coal_adv,2035,2060,0.0,sv_2c_buffer_decoal
R12_LAM,coal_adv,2040,2040,0.0,sv_2c_buffer_decoal
R12_LAM,coal_adv,2040,2045,0.0,sv_2c_buffer_decoal
R12_LAM,coal_adv,2040,2050,0.0,sv_2c_buffer_decoal
R12_LAM,coal_adv,2040,2055,0.0,sv_2c_buffer_decoal
R12_LAM,coal_adv,2040,2060,0.0,sv_2c_buffer_decoal
R12_LAM,coal_adv,2040,2070,0.0,sv_2c_buffer_decoal
R12_LAM,coal_adv,2045,2045,0.0,sv_2c_buffer_decoal
R12_LAM,coal_adv,2045,2050,0.0,sv_2c_buffer_decoal
R12_LAM,coal_adv,2045,2055,0.0,sv_2c_buffer_decoal
R12_LAM,coal_adv,2045,2060,0.0,sv_2c_buffer_decoal
R12_LAM,coal_adv,2045,2070,0.0,sv_2c_buffer_decoal
R12_LAM,coal_adv,2050,2050,0.0,sv_2c_buffer_decoal
R12_LAM,coal_adv,2050,2055,0.0,sv_2c_buffer_decoal
R12_LAM,coal_adv,2050,2060,0.0,sv_2c_buffer_decoal
R12_LAM,coal_adv,2050,2070,0.0,sv_2c_buffer_decoal
R12_LAM,coal_adv,2050,2080,0.0,sv_2c_buffer_decoal
R12_LAM,coal_adv,2055,2055,0.0,sv_2c_buffer_decoal
R12_LAM,coal_adv,2055,2060,0.0,sv_2c_buffer_decoal
R12_LAM,coal_adv,2055,2070,0.0,sv_2c_buffer_decoal
R12_LAM,coal_adv,2055,2080,0.0,sv_2c_buffer_decoal
R12_LAM,coal_adv,2060,2060,0.0,sv_2c_buffer_decoal
R12_LAM,coal_adv,2060,2070,0.0,sv_2c_buffer_decoal
R12_LAM,coal_adv,2060,2080,0.0,sv_2c_buffer_decoal
R12_LAM,coal_adv,2060,2090,0.0,sv_2c_buffer_decoal
R12_LAM,coal_adv,2070,2070,0.0,sv_2c_buffer_decoal
R12_LAM,coal_adv,2070,2080,0.0,sv_2c_buffer_decoal
R12_LAM,coal_adv,2070,2090,0.0,sv_2c_buffer_decoal
R12_LAM,coal_adv,2080,2080,0.0,sv_2c_buffer_decoal
R12_LAM,coal_adv,2080,2090,0.0,sv_2c_buffer_decoal
R12_LAM,coal_adv,2080,2100,0.0,sv_2c_buffer_decoal
R12_LAM,coal_adv,2090,2090,0.0,sv_2c_buffer_decoal
R12_LAM,coal_adv,2090,2100,0.0,sv_2c_buffer_decoal
R12_LAM,coal_adv,2090,2110,0.0,sv_2c_buffer_decoal
R12_LAM,coal_adv,2100,2100,0.0,sv_2c_buffer_decoal
R12_LAM,coal_adv,2100,2110,0.0,sv_2c_buffer_decoal
R12_LAM,coal_adv,2110,2110,0.0,sv_2c_buffer_decoal
R12_LAM,coal_adv_ccs,2030,2030,0.0,sv_2c_buffer_decoal
R12_LAM,coal_adv_ccs,2030,2035,0.0,sv_2c_buffer_decoal
R12_LAM,coal_adv_ccs,2030,2040,0.0,sv_2c_buffer_decoal
R12_LAM,coal_adv_ccs,2030,2045,0.0,sv_2c_buffer_decoal
R12_LAM,coal_adv_ccs,2030,2050,0.0,sv_2c_buffer_decoal
R12_LAM,coal_adv_ccs,2030,2055,0.0,sv_2c_buffer_decoal
R12_LAM,coal_adv_ccs,2035,2035,0.0,sv_2c_buffer_decoal
R12_LAM,coal_adv_ccs,2035,2040,0.0,sv_2c_buffer_decoal
R12_LAM,coal_adv_ccs,2035,2045,0.0,sv_2c_buffer_decoal
R12_LAM,coal_adv_ccs,2035,2050,0.0,sv_2c_buffer_decoal
R12_LAM,coal_adv_ccs,2035,2055,0.0,sv_2c_buffer_decoal
R12_LAM,coal_adv_ccs,2035,2060,0.0,sv_2c_buffer_decoal
R12_LAM,coal_adv_ccs,2040,2040,0.0,sv_2c_buffer_decoal
R12_LAM,coal_adv_ccs,2040,2045,0.0,sv_2c_buffer_decoal
R12_LAM,coal_adv_ccs,2040,2050,0.0,sv_2c_buffer_decoal
R12_LAM,coal_adv_ccs,2040,2055,0.0,sv_2c_buffer_decoal
R12_LAM,coal_adv_ccs,2040,2060,0.0,sv_2c_buffer_decoal
R12_LAM,coal_adv_ccs,2040,2070,0.0,sv_2c_buffer_decoal
R12_LAM,coal_adv_ccs,2045,2045,0.0,sv_2c_buffer_decoal
R12_LAM,coal_adv_ccs,2045,2050,0.0,sv_2c_buffer_decoal
R12_LAM,coal_adv_ccs,2045,2055,0.0,sv_2c_buffer_decoal
R12_LAM,coal_adv_ccs,2045,2060,0.0,sv_2c_buffer_decoal
R12_LAM,coal_adv_ccs,2045,2070,0.0,sv_2c_buffer_decoal
R12_LAM,coal_adv_ccs,2050,2050,0.0,sv_2c_buffer_decoal
R12_LAM,coal_adv_ccs,2050,2055,0.0,sv_2c_buffer_decoal
R12_LAM,coal_adv_ccs,2050,2060,0.0,sv_2c_buffer_decoal
R12_LAM,coal_adv_ccs,2050,2070,0.0,sv_2c_buffer_decoal
R12_LAM,coal_adv_ccs,2050,2080,0.0,sv_2c_buffer_decoal
R12_LAM,coal_adv_ccs,2055,2055,0.0,sv_2c_buffer_decoal
R12_LAM,coal_adv_ccs,2055,2060,0.0,sv_2c_buffer_decoal
R12_LAM,coal_adv_ccs,2055,2070,0.0,sv_2c_buffer_decoal
R12_LAM,coal_adv_ccs,2055,2080,0.0,sv_2c_buffer_decoal
R12_LAM,coal_adv_ccs,2060,2060,0.0,sv_2c_buffer_decoal
R12_LAM,coal_adv_ccs,2060,2070,0.0,sv_2c_buffer_decoal
R12_LAM,coal_adv_ccs,2060,2080,0.0,sv_2c_buffer_decoal
R12_LAM,coal_adv_ccs,2060,2090,0.0,sv_2c_buffer_decoal
R12_LAM,coal_adv_ccs,2070,2070,0.0,sv_2c_buffer_decoal
R12_LAM,coal_adv_ccs,2070,2080,0.0,sv_2c_buffer_decoal
R12_LAM,coal_adv_ccs,2070,2090,0.0,sv_2c_buffer_decoal
R12_LAM,coal_adv_ccs,2080,2080,0.0,sv_2c_buffer_decoal
R12_LAM,coal_adv_ccs,2080,2090,0.0,sv_2c_buffer_decoal
R12_LAM,coal_adv_ccs,2080,2100,0.0,sv_2c_buffer_decoal
R12_LAM,coal_adv_ccs,2090,2090,0.0,sv_2c_buffer_decoal
R12_LAM,coal_adv_ccs,2090,2100,0.0,sv_2c_buffer_decoal
R12_LAM,coal_adv_ccs,2090,2110,0.0,sv_2c_buffer_decoal
R12_LAM,coal_adv_ccs,2100,2100,0.0,sv_2c_buffer_decoal
R12_LAM,coal_adv_ccs,2100,2110,0.0,sv_2c_buffer_decoal
R12_LAM,coal_adv_ccs,2110,2110,0.0,sv_2c_buffer_decoal
R12_LAM,coal_ppl,1965,1965,0.0,sv_2c_buffer_decoal
R12_LAM,coal_ppl,1970,1970,0.0,sv_2c_buffer_decoal
R12_LAM,coal_ppl,1975,1975,0.0,sv_2c_buffer_decoal
R12_LAM,coal_ppl,1975,2030,0.0,sv_2c_buffer_decoal
R12_LAM,coal_ppl,1980,1980,0.0,sv_2c_buffer_decoal
R12_LAM,coal_ppl,1980,2030,0.0,sv_2c_buffer_decoal
R12_LAM,coal_ppl,1985,1985,0.0,sv_2c_buffer_decoal
R12_LAM,coal_ppl,1985,2030,0.0,sv_2c_buffer_decoal
R12_LAM,coal_ppl,1985,2035,0.0,sv_2c_buffer_decoal
R12_LAM,coal_ppl,1990,1990,0.0,sv_2c_buffer_decoal
R12_LAM,coal_ppl,1990,2030,0.0,sv_2c_buffer_decoal
R12_LAM,coal_ppl,1990,2035,0.0,sv_2c_buffer_decoal
R12_LAM,coal_ppl,1995,1995,0.0,sv_2c_buffer_decoal
R12_LAM,coal_ppl,1995,2030,0.0,sv_2c_buffer_decoal
R12_LAM,coal_ppl,1995,2035,0.0,sv_2c_buffer_decoal
R12_LAM,coal_ppl,1995,2040,0.0,sv_2c_buffer_decoal
R12_LAM,coal_ppl,2000,2000,0.0,sv_2c_buffer_decoal
R12_LAM,coal_ppl,2000,2030,0.0,sv_2c_buffer_decoal
R12_LAM,coal_ppl,2000,2035,0.0,sv_2c_buffer_decoal
R12_LAM,coal_ppl,2000,2040,0.0,sv_2c_buffer_decoal
R12_LAM,coal_ppl,2005,2005,0.0,sv_2c_buffer_decoal
R12_LAM,coal_ppl,2005,2030,0.0,sv_2c_buffer_decoal
R12_LAM,coal_ppl,2005,2035,0.0,sv_2c_buffer_decoal
R12_LAM,coal_ppl,2005,2040,0.0,sv_2c_buffer_decoal
R12_LAM,coal_ppl,2005,2045,0.0,sv_2c_buffer_decoal
R12_LAM,coal_ppl,2010,2010,0.0,sv_2c_buffer_decoal
R12_LAM,coal_ppl,2010,2030,0.0,sv_2c_buffer_decoal
R12_LAM,coal_ppl,2010,2035,0.0,sv_2c_buffer_decoal
R12_LAM,coal_ppl,2010,2040,0.0,sv_2c_buffer_decoal
R12_LAM,coal_ppl,2010,2045,0.0,sv_2c_buffer_decoal
R12_LAM,coal_ppl,2015,2015,0.0,sv_2c_buffer_decoal
R12_LAM,coal_ppl,2015,2030,0.0,sv_2c_buffer_decoal
R12_LAM,coal_ppl,2015,2035,0.0,sv_2c_buffer_decoal
R12_LAM,coal_ppl,2015,2040,0.0,sv_2c_buffer_decoal
R12_LAM,coal_ppl,2015,2045,0.0,sv_2c_buffer_decoal
R12_LAM,coal_ppl,2015,2050,0.0,sv_2c_buffer_decoal
R12_LAM,coal_ppl,2020,2020,0.0,sv_2c_buffer_decoal
R12_LAM,coal_ppl,2020,2030,0.0,sv_2c_buffer_decoal
R12_LAM,coal_ppl,2020,2035,0.0,sv_2c_buffer_decoal
R12_LAM,coal_ppl,2020,2040,0.0,sv_2c_buffer_decoal
R12_LAM,coal_ppl,2020,2045,0.0,sv_2c_buffer_decoal
R12_LAM,coal_ppl,2020,2050,0.0,sv_2c_buffer_decoal
R12_LAM,coal_ppl,2025,2025,0.0,sv_2c_buffer_decoal
R12_LAM,coal_ppl,2025,2030,0.0,sv_2c_buffer_decoal
R12_LAM,coal_ppl,2025,2035,0.0,sv_2c_buffer_decoal
R12_LAM,coal_ppl,2025,2040,0.0,sv_2c_buffer_decoal
R12_LAM,coal_ppl,2025,2045,0.0,sv_2c_buffer_decoal
R12_LAM,coal_ppl,2025,2050,0.0,sv_2c_buffer_decoal
R12_LAM,coal_ppl,2030,2030,0.0,sv_2c_buffer_decoal
R12_LAM,coal_ppl,2030,2035,0.0,sv_2c_buffer_decoal
R12_LAM,coal_ppl,2030,2040,0.0,sv_2c_buffer_decoal
R12_LAM,coal_ppl,2030,2045,0.0,sv_2c_buffer_decoal
R12_LAM,coal_ppl,2030,2050,0.0,sv_2c_buffer_decoal
R12_LAM,coal_ppl,2030,2055,0.0,sv_2c_buffer_decoal
R12_LAM,coal_ppl,2035,2035,0.0,sv_2c_buffer_decoal
R12_LAM,coal_ppl,2035,2040,0.0,sv_2c_buffer_decoal
R12_LAM,coal_ppl,2035,2045,0.0,sv_2c_buffer_decoal
R12_LAM,coal_ppl,2035,2050,0.0,sv_2c_buffer_decoal
R12_LAM,coal_ppl,2035,2055,0.0,sv_2c_buffer_decoal
R12_LAM,coal_ppl,2035,2060,0.0,sv_2c_buffer_decoal
R12_LAM,coal_ppl,2040,2040,0.0,sv_2c_buffer_decoal
R12_LAM,coal_ppl,2040,2045,0.0,sv_2c_buffer_decoal
R12_LAM,coal_ppl,2040,2050,0.0,sv_2c_buffer_decoal
R12_LAM,coal_ppl,2040,2055,0.0,sv_2c_buffer_decoal
R12_LAM,coal_ppl,2040,2060,0.0,sv_2c_buffer_decoal
R12_LAM,coal_ppl,2040,2070,0.0,sv_2c_buffer_decoal
R12_LAM,coal_ppl,2045,2045,0.0,sv_2c_buffer_decoal
R12_LAM,coal_ppl,2045,2050,0.0,sv_2c_buffer_decoal
R12_LAM,coal_ppl,2045,2055,0.0,sv_2c_buffer_decoal
R12_LAM,coal_ppl,2045,2060,0.0,sv_2c_buffer_decoal
R12_LAM,coal_ppl,2045,2070,0.0,sv_2c_buffer_decoal
R12_LAM,coal_ppl,2050,2050,0.0,sv_2c_buffer_decoal
R12_LAM,coal_ppl,2050,2055,0.0,sv_2c_buffer_decoal
R12_LAM,coal_ppl,2050,2060,0.0,sv_2c_buffer_decoal
R12_LAM,coal_ppl,2050,2070,0.0,sv_2c_buffer_decoal
R12_LAM,coal_ppl,2050,2080,0.0,sv_2c_buffer_decoal
R12_LAM,coal_ppl,2055,2055,0.0,sv_2c_buffer_decoal
R12_LAM,coal_ppl,2055,2060,0.0,sv_2c_buffer_decoal
R12_LAM,coal_ppl,2055,2070,0.0,sv_2c_buffer_decoal
R12_LAM,coal_ppl,2055,2080,0.0,sv_2c_buffer_decoal
R12_LAM,coal_ppl,2060,2060,0.0,sv_2c_buffer_decoal
R12_LAM,coal_ppl,2060,2070,0.0,sv_2c_buffer_decoal
R12_LAM,coal_ppl,2060,2080,0.0,sv_2c_buffer_decoal
R12_LAM,coal_ppl,2060,2090,0.0,sv_2c_buffer_decoal
R12_LAM,coal_ppl,2070,2070,0.0,sv_2c_buffer_decoal
R12_LAM,coal_ppl,2070,2080,0.0,sv_2c_buffer_decoal
R12_LAM,coal_ppl,2070,2090,0.0,sv_2c_buffer_decoal
R12_LAM,coal_ppl,2080,2080,0.0,sv_2c_buffer_decoal
R12_LAM,coal_ppl,2080,2090,0.0,sv_2c_buffer_decoal
R12_LAM,coal_ppl,2080,2100,0.0,sv_2c_buffer_decoal
R12_LAM,coal_ppl,2090,2090,0.0,sv_2c_buffer_decoal
R12_LAM,coal_ppl,2090,2100,0.0,sv_2c_buffer_decoal
R12_LAM,coal_ppl,2090,2110,0.0,sv_2c_buffer_decoal
R12_LAM,coal_ppl,2100,2100,0.0,sv_2c_buffer_decoal
R12_LAM,coal_ppl,2100,2110,0.0,sv_2c_buffer_decoal
R12_LAM,coal_ppl,2110,2110,0.0,sv_2c_buffer_decoal
R12_LAM,coal_ppl_u,1960,1960,0.0,sv_2c_buffer_decoal
R12_LAM,coal_ppl_u,1965,1965,0.0,sv_2c_buffer_decoal
R12_LAM,coal_ppl_u,1970,1970,0.0,sv_2c_buffer_decoal
R12_LAM,coal_ppl_u,1970,2030,0.0,sv_2c_buffer_decoal
R12_LAM,coal_ppl_u,1975,1975,0.0,sv_2c_buffer_decoal
R12_LAM,coal_ppl_u,1975,2030,0.0,sv_2c_buffer_decoal
R12_LAM,coal_ppl_u,1980,1980,0.0,sv_2c_buffer_decoal
R12_LAM,coal_ppl_u,1980,2030,0.0,sv_2c_buffer_decoal
R12_LAM,coal_ppl_u,1980,2035,0.0,sv_2c_buffer_decoal
R12_LAM,coal_ppl_u,1985,1985,0.0,sv_2c_buffer_decoal
R12_LAM,coal_ppl_u,1985,2030,0.0,sv_2c_buffer_decoal
R12_LAM,coal_ppl_u,1985,2035,0.0,sv_2c_buffer_decoal
R12_LAM,coal_ppl_u,1990,1990,0.0,sv_2c_buffer_decoal
R12_LAM,coal_ppl_u,1990,2030,0.86685,sv_2c_buffer_decoal
R12_LAM,coal_ppl_u,1990,2035,0.86685,sv_2c_buffer_decoal
R12_LAM,coal_ppl_u,1990,2040,0.86685,sv_2c_buffer_decoal
R12_LAM,coal_ppl_u,1995,1995,0.0,sv_2c_buffer_decoal
R12_LAM,coal_ppl_u,1995,2030,3.1950000000000003,sv_2c_buffer_decoal
R12_LAM,coal_ppl_u,1995,2035,3.1950000000000003,sv_2c_buffer_decoal
R12_LAM,coal_ppl_u,1995,2040,3.1950000000000003,sv_2c_buffer_decoal
R12_LAM,coal_ppl_u,2000,2000,0.0,sv_2c_buffer_decoal
R12_LAM,coal_ppl_u,2000,2030,1.6357000000000002,sv_2c_buffer_decoal
R12_LAM,coal_ppl_u,2000,2035,1.6357000000000002,sv_2c_buffer_decoal
R12_LAM,coal_ppl_u,2000,2040,1.6357000000000002,sv_2c_buffer_decoal
R12_LAM,coal_ppl_u,2000,2045,0.0,sv_2c_buffer_decoal
R12_LAM,coal_ppl_u,2005,2005,0.0,sv_2c_buffer_decoal
R12_LAM,coal_ppl_u,2005,2030,0.55,sv_2c_buffer_decoal
R12_LAM,coal_ppl_u,2005,2035,0.55,sv_2c_buffer_decoal
R12_LAM,coal_ppl_u,2005,2040,0.55,sv_2c_buffer_decoal
R12_LAM,coal_ppl_u,2005,2045,0.0,sv_2c_buffer_decoal
R12_LAM,coal_ppl_u,2010,2010,0.0,sv_2c_buffer_decoal
R12_LAM,coal_ppl_u,2010,2030,0.28400000000000003,sv_2c_buffer_decoal
R12_LAM,coal_ppl_u,2010,2035,0.28400000000000003,sv_2c_buffer_decoal
R12_LAM,coal_ppl_u,2010,2040,0.28400000000000003,sv_2c_buffer_decoal
R12_LAM,coal_ppl_u,2010,2045,0.0,sv_2c_buffer_decoal
R12_LAM,coal_ppl_u,2010,2050,0.0,sv_2c_buffer_decoal
R12_LAM,coal_ppl_u,2015,2015,0.0,sv_2c_buffer_decoal
R12_LAM,coal_ppl_u,2015,2030,1.913,sv_2c_buffer_decoal
R12_LAM,coal_ppl_u,2015,2035,1.913,sv_2c_buffer_decoal
R12_LAM,coal_ppl_u,2015,2040,1.913,sv_2c_buffer_decoal
R12_LAM,coal_ppl_u,2015,2045,0.0,sv_2c_buffer_decoal
R12_LAM,coal_ppl_u,2020,2020,0.0,sv_2c_buffer_decoal
R12_LAM,coal_ppl_u,2020,2030,0.5175510272029292,sv_2c_buffer_decoal
R12_LAM,coal_ppl_u,2020,2035,0.5175510272029292,sv_2c_buffer_decoal
R12_LAM,coal_ppl_u,2020,2040,0.5175510272029292,sv_2c_buffer_decoal
R12_LAM,coal_ppl_u,2020,2045,0.0,sv_2c_buffer_decoal
R12_LAM,coal_ppl_u,2025,2025,0.0,sv_2c_buffer_decoal
R12_LAM,coal_ppl_u,2025,2030,0.0,sv_2c_buffer_decoal
R12_LAM,coal_ppl_u,2025,2035,0.0,sv_2c_buffer_decoal
R12_LAM,coal_ppl_u,2025,2040,0.0,sv_2c_buffer_decoal
R12_LAM,coal_ppl_u,2025,2045,0.0,sv_2c_buffer_decoal
R12_LAM,coal_ppl_u,2025,2050,0.0,sv_2c_buffer_decoal
R12_LAM,coal_ppl_u,2030,2030,0.0,sv_2c_buffer_decoal
R12_LAM,coal_ppl_u,2030,2035,0.0,sv_2c_buffer_decoal
R12_LAM,coal_ppl_u,2030,2040,0.0,sv_2c_buffer_decoal
R12_LAM,coal_ppl_u,2030,2045,0.0,sv_2c_buffer_decoal
R12_LAM,coal_ppl_u,2030,2050,0.0,sv_2c_buffer_decoal
R12_LAM,coal_ppl_u,2030,2055,0.0,sv_2c_buffer_decoal
R12_LAM,coal_ppl_u,2035,2035,0.0,sv_2c_buffer_decoal
R12_LAM,coal_ppl_u,2035,2040,0.0,sv_2c_buffer_decoal
R12_LAM,coal_ppl_u,2035,2045,0.0,sv_2c_buffer_decoal
R12_LAM,coal_ppl_u,2035,2050,0.0,sv_2c_buffer_decoal
R12_LAM,coal_ppl_u,2035,2055,0.0,sv_2c_buffer_decoal
R12_LAM,coal_ppl_u,2035,2060,0.0,sv_2c_buffer_decoal
R12_LAM,coal_ppl_u,2040,2040,0.0,sv_2c_buffer_decoal
R12_LAM,coal_ppl_u,2040,2045,0.0,sv_2c_buffer_decoal
R12_LAM,coal_ppl_u,2040,2050,0.0,sv_2c_buffer_decoal
R12_LAM,coal_ppl_u,2040,2055,0.0,sv_2c_buffer_decoal
R12_LAM,coal_ppl_u,2040,2060,0.0,sv_2c_buffer_decoal
R12_LAM,coal_ppl_u,2040,2070,0.0,sv_2c_buffer_decoal
R12_LAM,coal_ppl_u,2045,2045,0.0,sv_2c_buffer_decoal
R12_LAM,coal_ppl_u,2045,2050,0.0,sv_2c_buffer_decoal
R12_LAM,coal_ppl_u,2045,2055,0.0,sv_2c_buffer_decoal
R12_LAM,coal_ppl_u,2045,2060,0.0,sv_2c_buffer_decoal
R12_LAM,coal_ppl_u,2045,2070,0.0,sv_2c_buffer_decoal
R12_LAM,coal_ppl_u,2050,2050,0.0,sv_2c_buffer_decoal
R12_LAM,coal_ppl_u,2050,2055,0.0,sv_2c_buffer_decoal
R12_LAM,coal_ppl_u,2050,2060,0.0,sv_2c_buffer_decoal
R12_LAM,coal_ppl_u,2050,2070,0.0,sv_2c_buffer_decoal
R12_LAM,coal_ppl_u,2050,2080,0.0,sv_2c_buffer_decoal
R12_LAM,coal_ppl_u,2055,2055,0.0,sv_2c_buffer_decoal
R12_LAM,coal_ppl_u,2055,2060,0.0,sv_2c_buffer_decoal
R12_LAM,coal_ppl_u,2055,2070,0.0,sv_2c_buffer_decoal
R12_LAM,coal_ppl_u,2055,2080,0.0,sv_2c_buffer_decoal
R12_LAM,coal_ppl_u,2060,2060,0.0,sv_2c_buffer_decoal
R12_LAM,coal_ppl_u,2060,2070,0.0,sv_2c_buffer_decoal
R12_LAM,coal_ppl_u,2060,2080,0.0,sv_2c_buffer_decoal
R12_LAM,coal_ppl_u,2060,2090,0.0,sv_2c_buffer_decoal
R12_LAM,coal_ppl_u,2070,2070,0.0,sv_2c_buffer_decoal
R12_LAM,coal_ppl_u,2070,2080,0.0,sv_2c_buffer_decoal
R12_LAM,coal_ppl_u,2070,2090,0.0,sv_2c_buffer_decoal
R12_LAM,coal_ppl_u,2080,2080,0.0,sv_2c_buffer_decoal
R12_LAM,coal_ppl_u,2080,2090,0.0,sv_2c_buffer_decoal
R12_LAM,coal_ppl_u,2080,2100,0.0,sv_2c_buffer_decoal
R12_LAM,coal_ppl_u,2090,2090,0.0,sv_2c_buffer_decoal
R12_LAM,coal_ppl_u,2090,2100,0.0,sv_2c_buffer_decoal
R12_LAM,coal_ppl_u,2090,2110,0.0,sv_2c_buffer_decoal
R12_LAM,coal_ppl_u,2100,2100,0.0,sv_2c_buffer_decoal
R12_LAM,coal_ppl_u,2100,2110,0.0,sv_2c_buffer_decoal
R12_LAM,coal_ppl_u,2110,2110,0.0,sv_2c_buffer_decoal
R12_LAM,igcc,2010,2010,0.0,sv_2c_buffer_decoal
R12_LAM,igcc,2010,2030,0.0,sv_2c_buffer_decoal
R12_LAM,igcc,2010,2035,0.0,sv_2c_buffer_decoal
R12_LAM,igcc,2015,2015,0.0,sv_2c_buffer_decoal
R12_LAM,igcc,2015,2030,0.0,sv_2c_buffer_decoal
R12_LAM,igcc,2015,2035,0.0,sv_2c_buffer_decoal
R12_LAM,igcc,2015,2040,0.0,sv_2c_buffer_decoal
R12_LAM,igcc,2020,2020,0.0,sv_2c_buffer_decoal
R12_LAM,igcc,2020,2030,0.0,sv_2c_buffer_decoal
R12_LAM,igcc,2020,2035,0.0,sv_2c_buffer_decoal
R12_LAM,igcc,2020,2040,0.0,sv_2c_buffer_decoal
R12_LAM,igcc,2020,2045,0.0,sv_2c_buffer_decoal
R12_LAM,igcc,2025,2025,0.0,sv_2c_buffer_decoal
R12_LAM,igcc,2025,2030,0.0,sv_2c_buffer_decoal
R12_LAM,igcc,2025,2035,0.0,sv_2c_buffer_decoal
R12_LAM,igcc,2025,2040,0.0,sv_2c_buffer_decoal
R12_LAM,igcc,2025,2045,0.0,sv_2c_buffer_decoal
R12_LAM,igcc,2025,2050,0.0,sv_2c_buffer_decoal
R12_LAM,igcc,2030,2030,0.0,sv_2c_buffer_decoal
R12_LAM,igcc,2030,2035,0.0,sv_2c_buffer_decoal
R12_LAM,igcc,2030,2040,0.0,sv_2c_buffer_decoal
R12_LAM,igcc,2030,2045,0.0,sv_2c_buffer_decoal
R12_LAM,igcc,2030,2050,0.0,sv_2c_buffer_decoal
R12_LAM,igcc,2030,2055,0.0,sv_2c_buffer_decoal
R12_LAM,igcc,2035,2035,0.0,sv_2c_buffer_decoal
R12_LAM,igcc,2035,2040,0.0,sv_2c_buffer_decoal
R12_LAM,igcc,2035,2045,0.0,sv_2c_buffer_decoal
R12_LAM,igcc,2035,2050,0.0,sv_2c_buffer_decoal
R12_LAM,igcc,2035,2055,0.0,sv_2c_buffer_decoal
R12_LAM,igcc,2035,2060,0.0,sv_2c_buffer_decoal
R12_LAM,igcc,2040,2040,0.0,sv_2c_buffer_decoal
R12_LAM,igcc,2040,2045,0.0,sv_2c_buffer_decoal
R12_LAM,igcc,2040,2050,0.0,sv_2c_buffer_decoal
R12_LAM,igcc,2040,2055,0.0,sv_2c_buffer_decoal
R12_LAM,igcc,2040,2060,0.0,sv_2c_buffer_decoal
R12_LAM,igcc,2040,2070,0.0,sv_2c_buffer_decoal
R12_LAM,igcc,2045,2045,0.0,sv_2c_buffer_decoal
R12_LAM,igcc,2045,2050,0.0,sv_2c_buffer_decoal
R12_LAM,igcc,2045,2055,0.0,sv_2c_buffer_decoal
R12_LAM,igcc,2045,2060,0.0,sv_2c_buffer_decoal
R12_LAM,igcc,2045,2070,0.0,sv_2c_buffer_decoal
R12_LAM,igcc,2050,2050,0.0,sv_2c_buffer_decoal
R12_LAM,igcc,2050,2055,0.0,sv_2c_buffer_decoal
R12_LAM,igcc,2050,2060,0.0,sv_2c_buffer_decoal
R12_LAM,igcc,2050,2070,0.0,sv_2c_buffer_decoal
R12_LAM,igcc,2050,2080,0.0,sv_2c_buffer_decoal
R12_LAM,igcc,2055,2055,0.0,sv_2c_buffer_decoal
R12_LAM,igcc,2055,2060,0.0,sv_2c_buffer_decoal
R12_LAM,igcc,2055,2070,0.0,sv_2c_buffer_decoal
R12_LAM,igcc,2055,2080,0.0,sv_2c_buffer_decoal
R12_LAM,igcc,2060,2060,0.0,sv_2c_buffer_decoal
R12_LAM,igcc,2060,2070,0.0,sv_2c_buffer_decoal
R12_LAM,igcc,2060,2080,0.0,sv_2c_buffer_decoal
R12_LAM,igcc,2060,2090,0.0,sv_2c_buffer_decoal
R12_LAM,igcc,2070,2070,0.0,sv_2c_buffer_decoal
R12_LAM,igcc,2070,2080,0.0,sv_2c_buffer_decoal
R12_LAM,igcc,2070,2090,0.0,sv_2c_buffer_decoal
R12_LAM,igcc,2080,2080,0.0,sv_2c_buffer_decoal
R12_LAM,igcc,2080,2090,0.0,sv_2c_buffer_decoal
R12_LAM,igcc,2080,2100,0.0,sv_2c_buffer_decoal
R12_LAM,igcc,2090,2090,0.0,sv_2c_buffer_decoal
R12_LAM,igcc,2090,2100,0.0,sv_2c_buffer_decoal
R12_LAM,igcc,2090,2110,0.0,sv_2c_buffer_decoal
R12_LAM,igcc,2100,2100,0.0,sv_2c_buffer_decoal
R12_LAM,igcc,2100,2110,0.0,sv_2c_buffer_decoal
R12_LAM,igcc,2110,2110,0.0,sv_2c_buffer_decoal
R12_LAM,igcc_ccs,2030,2030,0.0,sv_2c_buffer_decoal
R12_LAM,igcc_ccs,2030,2035,0.0,sv_2c_buffer_decoal
R12_LAM,igcc_ccs,2030,2040,0.0,sv_2c_buffer_decoal
R12_LAM,igcc_ccs,2030,2045,0.0,sv_2c_buffer_decoal
R12_LAM,igcc_ccs,2030,2050,0.0,sv_2c_buffer_decoal
R12_LAM,igcc_ccs,2030,2055,0.0,sv_2c_buffer_decoal
R12_LAM,igcc_ccs,2035,2035,0.0,sv_2c_buffer_decoal
R12_LAM,igcc_ccs,2035,2040,0.0,sv_2c_buffer_decoal
R12_LAM,igcc_ccs,2035,2045,0.0,sv_2c_buffer_decoal
R12_LAM,igcc_ccs,2035,2050,0.0,sv_2c_buffer_decoal
R12_LAM,igcc_ccs,2035,2055,0.0,sv_2c_buffer_decoal
R12_LAM,igcc_ccs,2035,2060,0.0,sv_2c_buffer_decoal
R12_LAM,igcc_ccs,2040,2040,0.0,sv_2c_buffer_decoal
R12_LAM,igcc_ccs,2040,2045,0.0,sv_2c_buffer_decoal
R12_LAM,igcc_ccs,2040,2050,0.0,sv_2c_buffer_decoal
R12_LAM,igcc_ccs,2040,2055,0.0,sv_2c_buffer_decoal
R12_LAM,igcc_ccs,2040,2060,0.0,sv_2c_buffer_decoal
R12_LAM,igcc_ccs,2040,2070,0.0,sv_2c_buffer_decoal
R12_LAM,igcc_ccs,2045,2045,0.0,sv_2c_buffer_decoal
R12_LAM,igcc_ccs,2045,2050,0.0,sv_2c_buffer_decoal
R12_LAM,igcc_ccs,2045,2055,0.0,sv_2c_buffer_decoal
R12_LAM,igcc_ccs,2045,2060,0.0,sv_2c_buffer_decoal
R12_LAM,igcc_ccs,2045,2070,0.0,sv_2c_buffer_decoal
R12_LAM,igcc_ccs,2050,2050,0.0,sv_2c_buffer_decoal
R12_LAM,igcc_ccs,2050,2055,0.0,sv_2c_buffer_decoal
R12_LAM,igcc_ccs,2050,2060,0.0,sv_2c_buffer_decoal
R12_LAM,igcc_ccs,2050,2070,0.0,sv_2c_buffer_decoal
R12_LAM,igcc_ccs,2050,2080,0.0,sv_2c_buffer_decoal
R12_LAM,igcc_ccs,2055,2055,0.0,sv_2c_buffer_decoal
R12_LAM,igcc_ccs,2055,2060,0.0,sv_2c_buffer_decoal
R12_LAM,igcc_ccs,2055,2070,0.0,sv_2c_buffer_decoal
R12_LAM,igcc_ccs,2055,2080,0.0,sv_2c_buffer_decoal
R12_LAM,igcc_ccs,2060,2060,0.0,sv_2c_buffer_decoal
R12_LAM,igcc_ccs,2060,2070,0.0,sv_2c_buffer_decoal
R12_LAM,igcc_ccs,2060,2080,0.0,sv_2c_buffer_decoal
R12_LAM,igcc_ccs,2060,2090,0.0,sv_2c_buffer_decoal
R12_LAM,igcc_ccs,2070,2070,0.0,sv_2c_buffer_decoal
R12_LAM,igcc_ccs,2070,2080,0.0,sv_2c_buffer_decoal
R12_LAM,igcc_ccs,2070,2090,0.0,sv_2c_buffer_decoal
R12_LAM,igcc_ccs,2080,2080,0.0,sv_2c_buffer_decoal
R12_LAM,igcc_ccs,2080,2090,0.0,sv_2c_buffer_decoal
R12_LAM,igcc_ccs,2080,2100,0.0,sv_2c_buffer_decoal
R12_LAM,igcc_ccs,2090,2090,0.0,sv_2c_buffer_decoal
R12_LAM,igcc_ccs,2090,2100,0.0,sv_2c_buffer_decoal
R12_LAM,igcc_ccs,2090,2110,0.0,sv_2c_buffer_decoal
R12_LAM,igcc_ccs,2100,2100,0.0,sv_2c_buffer_decoal
R12_LAM,igcc_ccs,2100,2110,0.0,sv_2c_buffer_decoal
R12_LAM,igcc_ccs,2110,2110,0.0,sv_2c_buffer_decoal
R12_LAM,coal_adv_cfNH3,1965,1965,0.0,sv_2c_buffer_decoal
R12_LAM,coal_adv_cfNH3,1970,1970,0.0,sv_2c_buffer_decoal
R12_LAM,coal_adv_cfNH3,1975,1975,0.0,sv_2c_buffer_decoal
R12_LAM,coal_adv_cfNH3,1980,1980,0.0,sv_2c_buffer_decoal
R12_LAM,coal_adv_cfNH3,1985,1985,0.0,sv_2c_buffer_decoal
R12_LAM,coal_adv_cfNH3,1990,1990,0.0,sv_2c_buffer_decoal
R12_LAM,coal_adv_cfNH3,1995,1995,0.0,sv_2c_buffer_decoal
R12_LAM,coal_adv_cfNH3,2000,2000,0.0,sv_2c_buffer_decoal
R12_LAM,coal_adv_cfNH3,2005,2005,0.0,sv_2c_buffer_decoal
R12_LAM,coal_adv_cfNH3,2005,2030,0.0,sv_2c_buffer_decoal
R12_LAM,coal_adv_cfNH3,2010,2010,0.0,sv_2c_buffer_decoal
R12_LAM,coal_adv_cfNH3,2010,2030,0.0,sv_2c_buffer_decoal
R12_LAM,coal_adv_cfNH3,2010,2035,0.0,sv_2c_buffer_decoal
R12_LAM,coal_adv_cfNH3,2015,2015,0.0,sv_2c_buffer_decoal
R12_LAM,coal_adv_cfNH3,2015,2030,0.0,sv_2c_buffer_decoal
R12_LAM,coal_adv_cfNH3,2015,2035,0.0,sv_2c_buffer_decoal
R12_LAM,coal_adv_cfNH3,2015,2040,0.0,sv_2c_buffer_decoal
R12_LAM,coal_adv_cfNH3,2020,2020,0.0,sv_2c_buffer_decoal
R12_LAM,coal_adv_cfNH3,2020,2030,0.0,sv_2c_buffer_decoal
R12_LAM,coal_adv_cfNH3,2020,2035,0.0,sv_2c_buffer_decoal
R12_LAM,coal_adv_cfNH3,2020,2040,0.0,sv_2c_buffer_decoal
R12_LAM,coal_adv_cfNH3,2020,2045,0.0,sv_2c_buffer_decoal
R12_LAM,coal_adv_cfNH3,2025,2025,0.0,sv_2c_buffer_decoal
R12_LAM,coal_adv_cfNH3,2025,2030,0.0,sv_2c_buffer_decoal
R12_LAM,coal_adv_cfNH3,2025,2035,0.0,sv_2c_buffer_decoal
R12_LAM,coal_adv_cfNH3,2025,2040,0.0,sv_2c_buffer_decoal
R12_LAM,coal_adv_cfNH3,2025,2045,0.0,sv_2c_buffer_decoal
R12_LAM,coal_adv_cfNH3,2025,2050,0.0,sv_2c_buffer_decoal
R12_LAM,coal_adv_cfNH3,2030,2030,0.0,sv_2c_buffer_decoal
R12_LAM,coal_adv_cfNH3,2030,2035,0.0,sv_2c_buffer_decoal
R12_LAM,coal_adv_cfNH3,2030,2040,0.0,sv_2c_buffer_decoal
R12_LAM,coal_adv_cfNH3,2030,2045,0.0,sv_2c_buffer_decoal
R12_LAM,coal_adv_cfNH3,2030,2050,0.0,sv_2c_buffer_decoal
R12_LAM,coal_adv_cfNH3,2030,2055,0.0,sv_2c_buffer_decoal
R12_LAM,coal_adv_cfNH3,2035,2035,0.0,sv_2c_buffer_decoal
R12_LAM,coal_adv_cfNH3,2035,2040,0.0,sv_2c_buffer_decoal
R12_LAM,coal_adv_cfNH3,2035,2045,0.0,sv_2c_buffer_decoal
R12_LAM,coal_adv_cfNH3,2035,2050,0.0,sv_2c_buffer_decoal
R12_LAM,coal_adv_cfNH3,2035,2055,0.0,sv_2c_buffer_decoal
R12_LAM,coal_adv_cfNH3,2035,2060,0.0,sv_2c_buffer_decoal
R12_LAM,coal_adv_cfNH3,2040,2040,0.0,sv_2c_buffer_decoal
R12_LAM,coal_adv_cfNH3,2040,2045,0.0,sv_2c_buffer_decoal
R12_LAM,coal_adv_cfNH3,2040,2050,0.0,sv_2c_buffer_decoal
R12_LAM,coal_adv_cfNH3,2040,2055,0.0,sv_2c_buffer_decoal
R12_LAM,coal_adv_cfNH3,2040,2060,0.0,sv_2c_buffer_decoal
R12_LAM,coal_adv_cfNH3,2040,2070,0.0,sv_2c_buffer_decoal
R12_LAM,coal_adv_cfNH3,2045,2045,0.0,sv_2c_buffer_decoal
R12_LAM,coal_adv_cfNH3,2045,2050,0.0,sv_2c_buffer_decoal
R12_LAM,coal_adv_cfNH3,2045,2055,0.0,sv_2c_buffer_decoal
R12_LAM,coal_adv_cfNH3,2045,2060,0.0,sv_2c_buffer_decoal
R12_LAM,coal_adv_cfNH3,2045,2070,0.0,sv_2c_buffer_decoal
R12_LAM,coal_adv_cfNH3,2050,2050,0.0,sv_2c_buffer_decoal
R12_LAM,coal_adv_cfNH3,2050,2055,0.0,sv_2c_buffer_decoal
R12_LAM,coal_adv_cfNH3,2050,2060,0.0,sv_2c_buffer_decoal
R12_LAM,coal_adv_cfNH3,2050,2070,0.0,sv_2c_buffer_decoal
R12_LAM,coal_adv_cfNH3,2050,2080,0.0,sv_2c_buffer_decoal
R12_LAM,coal_adv_cfNH3,2055,2055,0.0,sv_2c_buffer_decoal
R12_LAM,coal_adv_cfNH3,2055,2060,0.0,sv_2c_buffer_decoal
R12_LAM,coal_adv_cfNH3,2055,2070,0.0,sv_2c_buffer_decoal
R12_LAM,coal_adv_cfNH3,2055,2080,0.0,sv_2c_buffer_decoal
R12_LAM,coal_adv_cfNH3,2060,2060,0.0,sv_2c_buffer_decoal
R12_LAM,coal_adv_cfNH3,2060,2070,0.0,sv_2c_buffer_decoal
R12_LAM,coal_adv_cfNH3,2060,2080,0.0,sv_2c_buffer_decoal
R12_LAM,coal_adv_cfNH3,2060,2090,0.0,sv_2c_buffer_decoal
R12_LAM,coal_adv_cfNH3,2070,2070,0.0,sv_2c_buffer_decoal
R12_LAM,coal_adv_cfNH3,2070,2080,0.0,sv_2c_buffer_decoal
R12_LAM,coal_adv_cfNH3,2070,2090,0.0,sv_2c_buffer_decoal
R12_LAM,coal_adv_cfNH3,2080,2080,0.0,sv_2c_buffer_decoal
R12_LAM,coal_adv_cfNH3,2080,2090,0.0,sv_2c_buffer_decoal
R12_LAM,coal_adv_cfNH3,2080,2100,0.0,sv_2c_buffer_decoal
R12_LAM,coal_adv_cfNH3,2090,2090,0.0,sv_2c_buffer_decoal
R12_LAM,coal_adv_cfNH3,2090,2100,0.0,sv_2c_buffer_decoal
R12_LAM,coal_adv_cfNH3,2090,2110,0.0,sv_2c_buffer_decoal
R12_LAM,coal_adv_cfNH3,2100,2100,0.0,sv_2c_buffer_decoal
R12_LAM,coal_adv_cfNH3,2100,2110,0.0,sv_2c_buffer_decoal
R12_LAM,coal_adv_cfNH3,2110,2110,0.0,sv_2c_buffer_decoal
R12_LAM,coal_ppl_u_cfNH3,1960,1960,0.0,sv_2c_buffer_decoal
R12_LAM,coal_ppl_u_cfNH3,1965,1965,0.0,sv_2c_buffer_decoal
R12_LAM,coal_ppl_u_cfNH3,1970,1970,0.0,sv_2c_buffer_decoal
R12_LAM,coal_ppl_u_cfNH3,1970,2030,0.0,sv_2c_buffer_decoal
R12_LAM,coal_ppl_u_cfNH3,1975,1975,0.0,sv_2c_buffer_decoal
R12_LAM,coal_ppl_u_cfNH3,1975,2030,0.0,sv_2c_buffer_decoal
R12_LAM,coal_ppl_u_cfNH3,1980,1980,0.0,sv_2c_buffer_decoal
R12_LAM,coal_ppl_u_cfNH3,1980,2030,0.0,sv_2c_buffer_decoal
R12_LAM,coal_ppl_u_cfNH3,1980,2035,0.0,sv_2c_buffer_decoal
R12_LAM,coal_ppl_u_cfNH3,1985,1985,0.0,sv_2c_buffer_decoal
R12_LAM,coal_ppl_u_cfNH3,1985,2030,0.0,sv_2c_buffer_decoal
R12_LAM,coal_ppl_u_cfNH3,1985,2035,0.0,sv_2c_buffer_decoal
R12_LAM,coal_ppl_u_cfNH3,1990,1990,0.0,sv_2c_buffer_decoal
R12_LAM,coal_ppl_u_cfNH3,1990,2030,0.0,sv_2c_buffer_decoal
R12_LAM,coal_ppl_u_cfNH3,1990,2035,0.0,sv_2c_buffer_decoal
R12_LAM,coal_ppl_u_cfNH3,1990,2040,0.0,sv_2c_buffer_decoal
R12_LAM,coal_ppl_u_cfNH3,1995,1995,0.0,sv_2c_buffer_decoal
R12_LAM,coal_ppl_u_cfNH3,1995,2030,0.0,sv_2c_buffer_decoal
R12_LAM,coal_ppl_u_cfNH3,1995,2035,0.0,sv_2c_buffer_decoal
R12_LAM,coal_ppl_u_cfNH3,1995,2040,0.0,sv_2c_buffer_decoal
R12_LAM,coal_ppl_u_cfNH3,2000,2000,0.0,sv_2c_buffer_decoal
R12_LAM,coal_ppl_u_cfNH3,2000,2030,0.0,sv_2c_buffer_decoal
R12_LAM,coal_ppl_u_cfNH3,2000,2035,0.0,sv_2c_buffer_decoal
R12_LAM,coal_ppl_u_cfNH3,2000,2040,0.0,sv_2c_buffer_decoal
R12_LAM,coal_ppl_u_cfNH3,2000,2045,0.0,sv_2c_buffer_decoal
R12_LAM,coal_ppl_u_cfNH3,2005,2005,0.0,sv_2c_buffer_decoal
R12_LAM,coal_ppl_u_cfNH3,2005,2030,0.0,sv_2c_buffer_decoal
R12_LAM,coal_ppl_u_cfNH3,2005,2035,0.0,sv_2c_buffer_decoal
R12_LAM,coal_ppl_u_cfNH3,2005,2040,0.0,sv_2c_buffer_decoal
R12_LAM,coal_ppl_u_cfNH3,2005,2045,0.0,sv_2c_buffer_decoal
R12_LAM,coal_ppl_u_cfNH3,2010,2010,0.0,sv_2c_buffer_decoal
R12_LAM,coal_ppl_u_cfNH3,2010,2030,0.0,sv_2c_buffer_decoal
R12_LAM,coal_ppl_u_cfNH3,2010,2035,0.0,sv_2c_buffer_decoal
R12_LAM,coal_ppl_u_cfNH3,2010,2040,0.0,sv_2c_buffer_decoal
R12_LAM,coal_ppl_u_cfNH3,2010,2045,0.0,sv_2c_buffer_decoal
R12_LAM,coal_ppl_u_cfNH3,2010,2050,0.0,sv_2c_buffer_decoal
R12_LAM,coal_ppl_u_cfNH3,2015,2015,0.0,sv_2c_buffer_decoal
R12_LAM,coal_ppl_u_cfNH3,2015,2030,0.0,sv_2c_buffer_decoal
R12_LAM,coal_ppl_u_cfNH3,2015,2035,0.0,sv_2c_buffer_decoal
R12_LAM,coal_ppl_u_cfNH3,2015,2040,0.0,sv_2c_buffer_decoal
R12_LAM,coal_ppl_u_cfNH3,2015,2045,0.0,sv_2c_buffer_decoal
R12_LAM,coal_ppl_u_cfNH3,2020,2020,0.0,sv_2c_buffer_decoal
R12_LAM,coal_ppl_u_cfNH3,2020,2030,0.0,sv_2c_buffer_decoal
R12_LAM,coal_ppl_u_cfNH3,2020,2035,0.0,sv_2c_buffer_decoal
R12_LAM,coal_ppl_u_cfNH3,2020,2040,0.0,sv_2c_buffer_decoal
R12_LAM,coal_ppl_u_cfNH3,2020,2045,0.0,sv_2c_buffer_decoal
R12_LAM,coal_ppl_u_cfNH3,2025,2025,0.0,sv_2c_buffer_decoal
R12_LAM,coal_ppl_u_cfNH3,2025,2030,0.0,sv_2c_buffer_decoal
R12_LAM,coal_ppl_u_cfNH3,2025,2035,0.0,sv_2c_buffer_decoal
R12_LAM,coal_ppl_u_cfNH3,2025,2040,0.0,sv_2c_buffer_decoal
R12_LAM,coal_ppl_u_cfNH3,2025,2045,0.0,sv_2c_buffer_decoal
R12_LAM,coal_ppl_u_cfNH3,2025,2050,0.0,sv_2c_buffer_decoal
R12_LAM,coal_ppl_u_cfNH3,2030,2030,0.0,sv_2c_buffer_decoal
R12_LAM,coal_ppl_u_cfNH3,2030,2035,0.0,sv_2c_buffer_decoal
R12_LAM,coal_ppl_u_cfNH3,2030,2040,0.0,sv_2c_buffer_decoal
R12_LAM,coal_ppl_u_cfNH3,2030,2045,0.0,sv_2c_buffer_decoal
R12_LAM,coal_ppl_u_cfNH3,2030,2050,0.0,sv_2c_buffer_decoal
R12_LAM,coal_ppl_u_cfNH3,2030,2055,0.0,sv_2c_buffer_decoal
R12_LAM,coal_ppl_u_cfNH3,2035,2035,0.0,sv_2c_buffer_decoal
R12_LAM,coal_ppl_u_cfNH3,2035,2040,0.0,sv_2c_buffer_decoal
R12_LAM,coal_ppl_u_cfNH3,2035,2045,0.0,sv_2c_buffer_decoal
R12_LAM,coal_ppl_u_cfNH3,2035,2050,0.0,sv_2c_buffer_decoal
R12_LAM,coal_ppl_u_cfNH3,2035,2055,0.0,sv_2c_buffer_decoal
R12_LAM,coal_ppl_u_cfNH3,2035,2060,0.0,sv_2c_buffer_decoal
R12_LAM,coal_ppl_u_cfNH3,2040,2040,0.0,sv_2c_buffer_decoal
R12_LAM,coal_ppl_u_cfNH3,2040,2045,0.0,sv_2c_buffer_decoal
R12_LAM,coal_ppl_u_cfNH3,2040,2050,0.0,sv_2c_buffer_decoal
R12_LAM,coal_ppl_u_cfNH3,2040,2055,0.0,sv_2c_buffer_decoal
R12_LAM,coal_ppl_u_cfNH3,2040,2060,0.0,sv_2c_buffer_decoal
R12_LAM,coal_ppl_u_cfNH3,2040,2070,0.0,sv_2c_buffer_decoal
R12_LAM,coal_ppl_u_cfNH3,2045,2045,0.0,sv_2c_buffer_decoal
R12_LAM,coal_ppl_u_cfNH3,2045,2050,0.0,sv_2c_buffer_decoal
R12_LAM,coal_ppl_u_cfNH3,2045,2055,0.0,sv_2c_buffer_decoal
R12_LAM,coal_ppl_u_cfNH3,2045,2060,0.0,sv_2c_buffer_decoal
R12_LAM,coal_ppl_u_cfNH3,2045,2070,0.0,sv_2c_buffer_decoal
R12_LAM,coal_ppl_u_cfNH3,2050,2050,0.0,sv_2c_buffer_decoal
R12_LAM,coal_ppl_u_cfNH3,2050,2055,0.0,sv_2c_buffer_decoal
R12_LAM,coal_ppl_u_cfNH3,2050,2060,0.0,sv_2c_buffer_decoal
R12_LAM,coal_ppl_u_cfNH3,2050,2070,0.0,sv_2c_buffer_decoal
R12_LAM,coal_ppl_u_cfNH3,2050,2080,0.0,sv_2c_buffer_decoal
R12_LAM,coal_ppl_u_cfNH3,2055,2055,0.0,sv_2c_buffer_decoal
R12_LAM,coal_ppl_u_cfNH3,2055,2060,0.0,sv_2c_buffer_decoal
R12_LAM,coal_ppl_u_cfNH3,2055,2070,0.0,sv_2c_buffer_decoal
R12_LAM,coal_ppl_u_cfNH3,2055,2080,0.0,sv_2c_buffer_decoal
R12_LAM,coal_ppl_u_cfNH3,2060,2060,0.0,sv_2c_buffer_decoal
R12_LAM,coal_ppl_u_cfNH3,2060,2070,0.0,sv_2c_buffer_decoal
R12_LAM,coal_ppl_u_cfNH3,2060,2080,0.0,sv_2c_buffer_decoal
R12_LAM,coal_ppl_u_cfNH3,2060,2090,0.0,sv_2c_buffer_decoal
R12_LAM,coal_ppl_u_cfNH3,2070,2070,0.0,sv_2c_buffer_decoal
R12_LAM,coal_ppl_u_cfNH3,2070,2080,0.0,sv_2c_buffer_decoal
R12_LAM,coal_ppl_u_cfNH3,2070,2090,0.0,sv_2c_buffer_decoal
R12_LAM,coal_ppl_u_cfNH3,2080,2080,0.0,sv_2c_buffer_decoal
R12_LAM,coal_ppl_u_cfNH3,2080,2090,0.0,sv_2c_buffer_decoal
R12_LAM,coal_ppl_u_cfNH3,2080,2100,0.0,sv_2c_buffer_decoal
R12_LAM,coal_ppl_u_cfNH3,2090,2090,0.0,sv_2c_buffer_decoal
R12_LAM,coal_ppl_u_cfNH3,2090,2100,0.0,sv_2c_buffer_decoal
R12_LAM,coal_ppl_u_cfNH3,2090,2110,0.0,sv_2c_buffer_decoal
R12_LAM,coal_ppl_u_cfNH3,2100,2100,0.0,sv_2c_buffer_decoal
R12_LAM,coal_ppl_u_cfNH3,2100,2110,0.0,sv_2c_buffer_decoal
R12_LAM,coal_ppl_u_cfNH3,2110,2110,0.0,sv_2c_buffer_decoal
R12_LAM,coal_ppl_cfNH3,1965,1965,0.0,sv_2c_buffer_decoal
R12_LAM,coal_ppl_cfNH3,1970,1970,0.0,sv_2c_buffer_decoal
R12_LAM,coal_ppl_cfNH3,1975,1975,0.0,sv_2c_buffer_decoal
R12_LAM,coal_ppl_cfNH3,1980,1980,0.0,sv_2c_buffer_decoal
R12_LAM,coal_ppl_cfNH3,1985,1985,0.0,sv_2c_buffer_decoal
R12_LAM,coal_ppl_cfNH3,1990,1990,0.0,sv_2c_buffer_decoal
R12_LAM,coal_ppl_cfNH3,1990,2030,0.0,sv_2c_buffer_decoal
R12_LAM,coal_ppl_cfNH3,1995,1995,0.0,sv_2c_buffer_decoal
R12_LAM,coal_ppl_cfNH3,1995,2030,0.0,sv_2c_buffer_decoal
R12_LAM,coal_ppl_cfNH3,2000,2000,0.0,sv_2c_buffer_decoal
R12_LAM,coal_ppl_cfNH3,2000,2030,0.0,sv_2c_buffer_decoal
R12_LAM,coal_ppl_cfNH3,2000,2035,0.0,sv_2c_buffer_decoal
R12_LAM,coal_ppl_cfNH3,2005,2005,0.0,sv_2c_buffer_decoal
R12_LAM,coal_ppl_cfNH3,2005,2030,0.0,sv_2c_buffer_decoal
R12_LAM,coal_ppl_cfNH3,2005,2035,0.0,sv_2c_buffer_decoal
R12_LAM,coal_ppl_cfNH3,2010,2010,0.0,sv_2c_buffer_decoal
R12_LAM,coal_ppl_cfNH3,2010,2030,0.0,sv_2c_buffer_decoal
R12_LAM,coal_ppl_cfNH3,2010,2035,0.0,sv_2c_buffer_decoal
R12_LAM,coal_ppl_cfNH3,2010,2040,0.0,sv_2c_buffer_decoal
R12_LAM,coal_ppl_cfNH3,2015,2015,0.0,sv_2c_buffer_decoal
R12_LAM,coal_ppl_cfNH3,2015,2030,0.0,sv_2c_buffer_decoal
R12_LAM,coal_ppl_cfNH3,2015,2035,0.0,sv_2c_buffer_decoal
R12_LAM,coal_ppl_cfNH3,2015,2040,0.0,sv_2c_buffer_decoal
R12_LAM,coal_ppl_cfNH3,2020,2020,0.0,sv_2c_buffer_decoal
R12_LAM,coal_ppl_cfNH3,2020,2030,0.0,sv_2c_buffer_decoal
R12_LAM,coal_ppl_cfNH3,2020,2035,0.0,sv_2c_buffer_decoal
R12_LAM,coal_ppl_cfNH3,2020,2040,0.0,sv_2c_buffer_decoal
R12_LAM,coal_ppl_cfNH3,2020,2045,0.0,sv_2c_buffer_decoal
R12_LAM,coal_ppl_cfNH3,2025,2025,0.0,sv_2c_buffer_decoal
R12_LAM,coal_ppl_cfNH3,2025,2030,0.0,sv_2c_buffer_decoal
R12_LAM,coal_ppl_cfNH3,2025,2035,0.0,sv_2c_buffer_decoal
R12_LAM,coal_ppl_cfNH3,2025,2040,0.0,sv_2c_buffer_decoal
R12_LAM,coal_ppl_cfNH3,2025,2045,0.0,sv_2c_buffer_decoal
R12_LAM,coal_ppl_cfNH3,2025,2050,0.0,sv_2c_buffer_decoal
R12_LAM,coal_ppl_cfNH3,2030,2030,0.0,sv_2c_buffer_decoal
R12_LAM,coal_ppl_cfNH3,2030,2035,0.0,sv_2c_buffer_decoal
R12_LAM,coal_ppl_cfNH3,2030,2040,0.0,sv_2c_buffer_decoal
R12_LAM,coal_ppl_cfNH3,2030,2045,0.0,sv_2c_buffer_decoal
R12_LAM,coal_ppl_cfNH3,2030,2050,0.0,sv_2c_buffer_decoal
R12_LAM,coal_ppl_cfNH3,2030,2055,0.0,sv_2c_buffer_decoal
R12_LAM,coal_ppl_cfNH3,2035,2035,0.0,sv_2c_buffer_decoal
R12_LAM,coal_ppl_cfNH3,2035,2040,0.0,sv_2c_buffer_decoal
R12_LAM,coal_ppl_cfNH3,2035,2045,0.0,sv_2c_buffer_decoal
R12_LAM,coal_ppl_cfNH3,2035,2050,0.0,sv_2c_buffer_decoal
R12_LAM,coal_ppl_cfNH3,2035,2055,0.0,sv_2c_buffer_decoal
R12_LAM,coal_ppl_cfNH3,2035,2060,0.0,sv_2c_buffer_decoal
R12_LAM,coal_ppl_cfNH3,2040,2040,0.0,sv_2c_buffer_decoal
R12_LAM,coal_ppl_cfNH3,2040,2045,0.0,sv_2c_buffer_decoal
R12_LAM,coal_ppl_cfNH3,2040,2050,0.0,sv_2c_buffer_decoal
R12_LAM,coal_ppl_cfNH3,2040,2055,0.0,sv_2c_buffer_decoal
R12_LAM,coal_ppl_cfNH3,2040,2060,0.0,sv_2c_buffer_decoal
R12_LAM,coal_ppl_cfNH3,2040,2070,0.0,sv_2c_buffer_decoal
R12_LAM,coal_ppl_cfNH3,2045,2045,0.0,sv_2c_buffer_decoal
R12_LAM,coal_ppl_cfNH3,2045,2050,0.0,sv_2c_buffer_decoal
R12_LAM,coal_ppl_cfNH3,2045,2055,0.0,sv_2c_buffer_decoal
R12_LAM,coal_ppl_cfNH3,2045,2060,0.0,sv_2c_buffer_decoal
R12_LAM,coal_ppl_cfNH3,2045,2070,0.0,sv_2c_buffer_decoal
R12_LAM,coal_ppl_cfNH3,2050,2050,0.0,sv_2c_buffer_decoal
R12_LAM,coal_ppl_cfNH3,2050,2055,0.0,sv_2c_buffer_decoal
R12_LAM,coal_ppl_cfNH3,2050,2060,0.0,sv_2c_buffer_decoal
R12_LAM,coal_ppl_cfNH3,2050,2070,0.0,sv_2c_buffer_decoal
R12_LAM,coal_ppl_cfNH3,2050,2080,0.0,sv_2c_buffer_decoal
R12_LAM,coal_ppl_cfNH3,2055,2055,0.0,sv_2c_buffer_decoal
R12_LAM,coal_ppl_cfNH3,2055,2060,0.0,sv_2c_buffer_decoal
R12_LAM,coal_ppl_cfNH3,2055,2070,0.0,sv_2c_buffer_decoal
R12_LAM,coal_ppl_cfNH3,2055,2080,0.0,sv_2c_buffer_decoal
R12_LAM,coal_ppl_cfNH3,2060,2060,0.0,sv_2c_buffer_decoal
R12_LAM,coal_ppl_cfNH3,2060,2070,0.0,sv_2c_buffer_decoal
R12_LAM,coal_ppl_cfNH3,2060,2080,0.0,sv_2c_buffer_decoal
R12_LAM,coal_ppl_cfNH3,2060,2090,0.0,sv_2c_buffer_decoal
R12_LAM,coal_ppl_cfNH3,2070,2070,0.0,sv_2c_buffer_decoal
R12_LAM,coal_ppl_cfNH3,2070,2080,0.0,sv_2c_buffer_decoal
R12_LAM,coal_ppl_cfNH3,2070,2090,0.0,sv_2c_buffer_decoal
R12_LAM,coal_ppl_cfNH3,2080,2080,0.0,sv_2c_buffer_decoal
R12_LAM,coal_ppl_cfNH3,2080,2090,0.0,sv_2c_buffer_decoal
R12_LAM,coal_ppl_cfNH3,2080,2100,0.0,sv_2c_buffer_decoal
R12_LAM,coal_ppl_cfNH3,2090,2090,0.0,sv_2c_buffer_decoal
R12_LAM,coal_ppl_cfNH3,2090,2100,0.0,sv_2c_buffer_decoal
R12_LAM,coal_ppl_cfNH3,2090,2110,0.0,sv_2c_buffer_decoal
R12_LAM,coal_ppl_cfNH3,2100,2100,0.0,sv_2c_buffer_decoal
R12_LAM,coal_ppl_cfNH3,2100,2110,0.0,sv_2c_buffer_decoal
R12_LAM,coal_ppl_cfNH3,2110,2110,0.0,sv_2c_buffer_decoal
R12_LAM,coal_adv_cfbio,2010,2010,0.0,sv_2c_buffer_decoal
R12_LAM,coal_adv_cfbio,2010,2030,0.0,sv_2c_buffer_decoal
R12_LAM,coal_adv_cfbio,2010,2035,0.0,sv_2c_buffer_decoal
R12_LAM,coal_adv_cfbio,2015,2015,0.0,sv_2c_buffer_decoal
R12_LAM,coal_adv_cfbio,2015,2030,0.0,sv_2c_buffer_decoal
R12_LAM,coal_adv_cfbio,2015,2035,0.0,sv_2c_buffer_decoal
R12_LAM,coal_adv_cfbio,2015,2040,0.0,sv_2c_buffer_decoal
R12_LAM,coal_adv_cfbio,2020,2020,0.0,sv_2c_buffer_decoal
R12_LAM,coal_adv_cfbio,2020,2030,0.0,sv_2c_buffer_decoal
R12_LAM,coal_adv_cfbio,2020,2035,0.0,sv_2c_buffer_decoal
R12_LAM,coal_adv_cfbio,2020,2040,0.0,sv_2c_buffer_decoal
R12_LAM,coal_adv_cfbio,2020,2045,0.0,sv_2c_buffer_decoal
R12_LAM,coal_adv_cfbio,2025,2025,0.0,sv_2c_buffer_decoal
R12_LAM,coal_adv_cfbio,2025,2030,0.0,sv_2c_buffer_decoal
R12_LAM,coal_adv_cfbio,2025,2035,0.0,sv_2c_buffer_decoal
R12_LAM,coal_adv_cfbio,2025,2040,0.0,sv_2c_buffer_decoal
R12_LAM,coal_adv_cfbio,2025,2045,0.0,sv_2c_buffer_decoal
R12_LAM,coal_adv_cfbio,2025,2050,0.0,sv_2c_buffer_decoal
R12_LAM,coal_adv_cfbio,2030,2030,0.0,sv_2c_buffer_decoal
R12_LAM,coal_adv_cfbio,2030,2035,0.0,sv_2c_buffer_decoal
R12_LAM,coal_adv_cfbio,2030,2040,0.0,sv_2c_buffer_decoal
R12_LAM,coal_adv_cfbio,2030,2045,0.0,sv_2c_buffer_decoal
R12_LAM,coal_adv_cfbio,2030,2050,0.0,sv_2c_buffer_decoal
R12_LAM,coal_adv_cfbio,2030,2055,0.0,sv_2c_buffer_decoal
R12_LAM,coal_adv_cfbio,2035,2035,0.0,sv_2c_buffer_decoal
R12_LAM,coal_adv_cfbio,2035,2040,0.0,sv_2c_buffer_decoal
R12_LAM,coal_adv_cfbio,2035,2045,0.0,sv_2c_buffer_decoal
R12_LAM,coal_adv_cfbio,2035,2050,0.0,sv_2c_buffer_decoal
R12_LAM,coal_adv_cfbio,2035,2055,0.0,sv_2c_buffer_decoal
R12_LAM,coal_adv_cfbio,2035,2060,0.0,sv_2c_buffer_decoal
R12_LAM,coal_adv_cfbio,2040,2040,0.0,sv_2c_buffer_decoal
R12_LAM,coal_adv_cfbio,2040,2045,0.0,sv_2c_buffer_decoal
R12_LAM,coal_adv_cfbio,2040,2050,0.0,sv_2c_buffer_decoal
R12_LAM,coal_adv_cfbio,2040,2055,0.0,sv_2c_buffer_decoal
R12_LAM,coal_adv_cfbio,2040,2060,0.0,sv_2c_buffer_decoal
R12_LAM,coal_adv_cfbio,2040,2070,0.0,sv_2c_buffer_decoal
R12_LAM,coal_adv_cfbio,2045,2045,0.0,sv_2c_buffer_decoal
R12_LAM,coal_adv_cfbio,2045,2050,0.0,sv_2c_buffer_decoal
R12_LAM,coal_adv_cfbio,2045,2055,0.0,sv_2c_buffer_decoal
R12_LAM,coal_adv_cfbio,2045,2060,0.0,sv_2c_buffer_decoal
R12_LAM,coal_adv_cfbio,2045,2070,0.0,sv_2c_buffer_decoal
R12_LAM,coal_adv_cfbio,2050,2050,0.0,sv_2c_buffer_decoal
R12_LAM,coal_adv_cfbio,2050,2055,0.0,sv_2c_buffer_decoal
R12_LAM,coal_adv_cfbio,2050,2060,0.0,sv_2c_buffer_decoal
R12_LAM,coal_adv_cfbio,2050,2070,0.0,sv_2c_buffer_decoal
R12_LAM,coal_adv_cfbio,2050,2080,0.0,sv_2c_buffer_decoal
R12_LAM,coal_adv_cfbio,2055,2055,0.0,sv_2c_buffer_decoal
R12_LAM,coal_adv_cfbio,2055,2060,0.0,sv_2c_buffer_decoal
R12_LAM,coal_adv_cfbio,2055,2070,0.0,sv_2c_buffer_decoal
R12_LAM,coal_adv_cfbio,2055,2080,0.0,sv_2c_buffer_decoal
R12_LAM,coal_adv_cfbio,2060,2060,0.0,sv_2c_buffer_decoal
R12_LAM,coal_adv_cfbio,2060,2070,0.0,sv_2c_buffer_decoal
R12_LAM,coal_adv_cfbio,2060,2080,0.0,sv_2c_buffer_decoal
R12_LAM,coal_adv_cfbio,2060,2090,0.0,sv_2c_buffer_decoal
R12_LAM,coal_adv_cfbio,2070,2070,0.0,sv_2c_buffer_decoal
R12_LAM,coal_adv_cfbio,2070,2080,0.0,sv_2c_buffer_decoal
R12_LAM,coal_adv_cfbio,2070,2090,0.0,sv_2c_buffer_decoal
R12_LAM,coal_adv_cfbio,2080,2080,0.0,sv_2c_buffer_decoal
R12_LAM,coal_adv_cfbio,2080,2090,0.0,sv_2c_buffer_decoal
R12_LAM,coal_adv_cfbio,2080,2100,0.0,sv_2c_buffer_decoal
R12_LAM,coal_adv_cfbio,2090,2090,0.0,sv_2c_buffer_decoal
R12_LAM,coal_adv_cfbio,2090,2100,0.0,sv_2c_buffer_decoal
R12_LAM,coal_adv_cfbio,2090,2110,0.0,sv_2c_buffer_decoal
R12_LAM,coal_adv_cfbio,2100,2100,0.0,sv_2c_buffer_decoal
R12_LAM,coal_adv_cfbio,2100,2110,0.0,sv_2c_buffer_decoal
R12_LAM,coal_adv_cfbio,2110,2110,0.0,sv_2c_buffer_decoal
R12_LAM,coal_ppl_u_cfbio,2010,2010,0.0,sv_2c_buffer_decoal
R12_LAM,coal_ppl_u_cfbio,2010,2030,0.0,sv_2c_buffer_decoal
R12_LAM,coal_ppl_u_cfbio,2010,2035,0.0,sv_2c_buffer_decoal
R12_LAM,coal_ppl_u_cfbio,2010,2040,0.0,sv_2c_buffer_decoal
R12_LAM,coal_ppl_u_cfbio,2010,2045,0.0,sv_2c_buffer_decoal
R12_LAM,coal_ppl_u_cfbio,2010,2050,0.0,sv_2c_buffer_decoal
R12_LAM,coal_ppl_u_cfbio,2015,2015,0.0,sv_2c_buffer_decoal
R12_LAM,coal_ppl_u_cfbio,2015,2030,0.0,sv_2c_buffer_decoal
R12_LAM,coal_ppl_u_cfbio,2015,2035,0.0,sv_2c_buffer_decoal
R12_LAM,coal_ppl_u_cfbio,2015,2040,0.0,sv_2c_buffer_decoal
R12_LAM,coal_ppl_u_cfbio,2015,2045,0.0,sv_2c_buffer_decoal
R12_LAM,coal_ppl_u_cfbio,2020,2020,0.0,sv_2c_buffer_decoal
R12_LAM,coal_ppl_u_cfbio,2020,2030,0.0,sv_2c_buffer_decoal
R12_LAM,coal_ppl_u_cfbio,2020,2035,0.0,sv_2c_buffer_decoal
R12_LAM,coal_ppl_u_cfbio,2020,2040,0.0,sv_2c_buffer_decoal
R12_LAM,coal_ppl_u_cfbio,2020,2045,0.0,sv_2c_buffer_decoal
R12_LAM,coal_ppl_u_cfbio,2025,2025,0.0,sv_2c_buffer_decoal
R12_LAM,coal_ppl_u_cfbio,2025,2030,0.0,sv_2c_buffer_decoal
R12_LAM,coal_ppl_u_cfbio,2025,2035,0.0,sv_2c_buffer_decoal
R12_LAM,coal_ppl_u_cfbio,2025,2040,0.0,sv_2c_buffer_decoal
R12_LAM,coal_ppl_u_cfbio,2025,2045,0.0,sv_2c_buffer_decoal
R12_LAM,coal_ppl_u_cfbio,2025,2050,0.0,sv_2c_buffer_decoal
R12_LAM,coal_ppl_u_cfbio,2030,2030,0.0,sv_2c_buffer_decoal
R12_LAM,coal_ppl_u_cfbio,2030,2035,0.0,sv_2c_buffer_decoal
R12_LAM,coal_ppl_u_cfbio,2030,2040,0.0,sv_2c_buffer_decoal
R12_LAM,coal_ppl_u_cfbio,2030,2045,0.0,sv_2c_buffer_decoal
R12_LAM,coal_ppl_u_cfbio,2030,2050,0.0,sv_2c_buffer_decoal
R12_LAM,coal_ppl_u_cfbio,2030,2055,0.0,sv_2c_buffer_decoal
R12_LAM,coal_ppl_u_cfbio,2035,2035,0.0,sv_2c_buffer_decoal
R12_LAM,coal_ppl_u_cfbio,2035,2040,0.0,sv_2c_buffer_decoal
R12_LAM,coal_ppl_u_cfbio,2035,2045,0.0,sv_2c_buffer_decoal
R12_LAM,coal_ppl_u_cfbio,2035,2050,0.0,sv_2c_buffer_decoal
R12_LAM,coal_ppl_u_cfbio,2035,2055,0.0,sv_2c_buffer_decoal
R12_LAM,coal_ppl_u_cfbio,2035,2060,0.0,sv_2c_buffer_decoal
R12_LAM,coal_ppl_u_cfbio,2040,2040,0.0,sv_2c_buffer_decoal
R12_LAM,coal_ppl_u_cfbio,2040,2045,0.0,sv_2c_buffer_decoal
R12_LAM,coal_ppl_u_cfbio,2040,2050,0.0,sv_2c_buffer_decoal
R12_LAM,coal_ppl_u_cfbio,2040,2055,0.0,sv_2c_buffer_decoal
R12_LAM,coal_ppl_u_cfbio,2040,2060,0.0,sv_2c_buffer_decoal
R12_LAM,coal_ppl_u_cfbio,2040,2070,0.0,sv_2c_buffer_decoal
R12_LAM,coal_ppl_u_cfbio,2045,2045,0.0,sv_2c_buffer_decoal
R12_LAM,coal_ppl_u_cfbio,2045,2050,0.0,sv_2c_buffer_decoal
R12_LAM,coal_ppl_u_cfbio,2045,2055,0.0,sv_2c_buffer_decoal
R12_LAM,coal_ppl_u_cfbio,2045,2060,0.0,sv_2c_buffer_decoal
R12_LAM,coal_ppl_u_cfbio,2045,2070,0.0,sv_2c_buffer_decoal
R12_LAM,coal_ppl_u_cfbio,2050,2050,0.0,sv_2c_buffer_decoal
R12_LAM,coal_ppl_u_cfbio,2050,2055,0.0,sv_2c_buffer_decoal
R12_LAM,coal_ppl_u_cfbio,2050,2060,0.0,sv_2c_buffer_decoal
R12_LAM,coal_ppl_u_cfbio,2050,2070,0.0,sv_2c_buffer_decoal
R12_LAM,coal_ppl_u_cfbio,2050,2080,0.0,sv_2c_buffer_decoal
R12_LAM,coal_ppl_u_cfbio,2055,2055,0.0,sv_2c_buffer_decoal
R12_LAM,coal_ppl_u_cfbio,2055,2060,0.0,sv_2c_buffer_decoal
R12_LAM,coal_ppl_u_cfbio,2055,2070,0.0,sv_2c_buffer_decoal
R12_LAM,coal_ppl_u_cfbio,2055,2080,0.0,sv_2c_buffer_decoal
R12_LAM,coal_ppl_u_cfbio,2060,2060,0.0,sv_2c_buffer_decoal
R12_LAM,coal_ppl_u_cfbio,2060,2070,0.0,sv_2c_buffer_decoal
R12_LAM,coal_ppl_u_cfbio,2060,2080,0.0,sv_2c_buffer_decoal
R12_LAM,coal_ppl_u_cfbio,2060,2090,0.0,sv_2c_buffer_decoal
R12_LAM,coal_ppl_u_cfbio,2070,2070,0.0,sv_2c_buffer_decoal
R12_LAM,coal_ppl_u_cfbio,2070,2080,0.0,sv_2c_buffer_decoal
R12_LAM,coal_ppl_u_cfbio,2070,2090,0.0,sv_2c_buffer_decoal
R12_LAM,coal_ppl_u_cfbio,2080,2080,0.0,sv_2c_buffer_decoal
R12_LAM,coal_ppl_u_cfbio,2080,2090,0.0,sv_2c_buffer_decoal
R12_LAM,coal_ppl_u_cfbio,2080,2100,0.0,sv_2c_buffer_decoal
R12_LAM,coal_ppl_u_cfbio,2090,2090,0.0,sv_2c_buffer_decoal
R12_LAM,coal_ppl_u_cfbio,2090,2100,0.0,sv_2c_buffer_decoal
R12_LAM,coal_ppl_u_cfbio,2090,2110,0.0,sv_2c_buffer_decoal
R12_LAM,coal_ppl_u_cfbio,2100,2100,0.0,sv_2c_buffer_decoal
R12_LAM,coal_ppl_u_cfbio,2100,2110,0.0,sv_2c_buffer_decoal
R12_LAM,coal_ppl_u_cfbio,2110,2110,0.0,sv_2c_buffer_decoal
R12_LAM,coal_ppl_cfbio,2010,2010,0.0,sv_2c_buffer_decoal
R12_LAM,coal_ppl_cfbio,2010,2030,0.0,sv_2c_buffer_decoal
R12_LAM,coal_ppl_cfbio,2010,2035,0.0,sv_2c_buffer_decoal
R12_LAM,coal_ppl_cfbio,2010,2040,0.0,sv_2c_buffer_decoal
R12_LAM,coal_ppl_cfbio,2015,2015,0.0,sv_2c_buffer_decoal
R12_LAM,coal_ppl_cfbio,2015,2030,0.0,sv_2c_buffer_decoal
R12_LAM,coal_ppl_cfbio,2015,2035,0.0,sv_2c_buffer_decoal
R12_LAM,coal_ppl_cfbio,2015,2040,0.0,sv_2c_buffer_decoal
R12_LAM,coal_ppl_cfbio,2020,2020,0.0,sv_2c_buffer_decoal
R12_LAM,coal_ppl_cfbio,2020,2030,0.0,sv_2c_buffer_decoal
R12_LAM,coal_ppl_cfbio,2020,2035,0.0,sv_2c_buffer_decoal
R12_LAM,coal_ppl_cfbio,2020,2040,0.0,sv_2c_buffer_decoal
R12_LAM,coal_ppl_cfbio,2020,2045,0.0,sv_2c_buffer_decoal
R12_LAM,coal_ppl_cfbio,2025,2025,0.0,sv_2c_buffer_decoal
R12_LAM,coal_ppl_cfbio,2025,2030,0.0,sv_2c_buffer_decoal
R12_LAM,coal_ppl_cfbio,2025,2035,0.0,sv_2c_buffer_decoal
R12_LAM,coal_ppl_cfbio,2025,2040,0.0,sv_2c_buffer_decoal
R12_LAM,coal_ppl_cfbio,2025,2045,0.0,sv_2c_buffer_decoal
R12_LAM,coal_ppl_cfbio,2025,2050,0.0,sv_2c_buffer_decoal
R12_LAM,coal_ppl_cfbio,2030,2030,0.0,sv_2c_buffer_decoal
R12_LAM,coal_ppl_cfbio,2030,2035,0.0,sv_2c_buffer_decoal
R12_LAM,coal_ppl_cfbio,2030,2040,0.0,sv_2c_buffer_decoal
R12_LAM,coal_ppl_cfbio,2030,2045,0.0,sv_2c_buffer_decoal
R12_LAM,coal_ppl_cfbio,2030,2050,0.0,sv_2c_buffer_decoal
R12_LAM,coal_ppl_cfbio,2030,2055,0.0,sv_2c_buffer_decoal
R12_LAM,coal_ppl_cfbio,2035,2035,0.0,sv_2c_buffer_decoal
R12_LAM,coal_ppl_cfbio,2035,2040,0.0,sv_2c_buffer_decoal
R12_LAM,coal_ppl_cfbio,2035,2045,0.0,sv_2c_buffer_decoal
R12_LAM,coal_ppl_cfbio,2035,2050,0.0,sv_2c_buffer_decoal
R12_LAM,coal_ppl_cfbio,2035,2055,0.0,sv_2c_buffer_decoal
R12_LAM,coal_ppl_cfbio,2035,2060,0.0,sv_2c_buffer_decoal
R12_LAM,coal_ppl_cfbio,2040,2040,0.0,sv_2c_buffer_decoal
R12_LAM,coal_ppl_cfbio,2040,2045,0.0,sv_2c_buffer_decoal
R12_LAM,coal_ppl_cfbio,2040,2050,0.0,sv_2c_buffer_decoal
R12_LAM,coal_ppl_cfbio,2040,2055,0.0,sv_2c_buffer_decoal
R12_LAM,coal_ppl_cfbio,2040,2060,0.0,sv_2c_buffer_decoal
R12_LAM,coal_ppl_cfbio,2040,2070,0.0,sv_2c_buffer_decoal
R12_LAM,coal_ppl_cfbio,2045,2045,0.0,sv_2c_buffer_decoal
R12_LAM,coal_ppl_cfbio,2045,2050,0.0,sv_2c_buffer_decoal
R12_LAM,coal_ppl_cfbio,2045,2055,0.0,sv_2c_buffer_decoal
R12_LAM,coal_ppl_cfbio,2045,2060,0.0,sv_2c_buffer_decoal
R12_LAM,coal_ppl_cfbio,2045,2070,0.0,sv_2c_buffer_decoal
R12_LAM,coal_ppl_cfbio,2050,2050,0.0,sv_2c_buffer_decoal
R12_LAM,coal_ppl_cfbio,2050,2055,0.0,sv_2c_buffer_decoal
R12_LAM,coal_ppl_cfbio,2050,2060,0.0,sv_2c_buffer_decoal
R12_LAM,coal_ppl_cfbio,2050,2070,0.0,sv_2c_buffer_decoal
R12_LAM,coal_ppl_cfbio,2050,2080,0.0,sv_2c_buffer_decoal
R12_LAM,coal_ppl_cfbio,2055,2055,0.0,sv_2c_buffer_decoal
R12_LAM,coal_ppl_cfbio,2055,2060,0.0,sv_2c_buffer_decoal
R12_LAM,coal_ppl_cfbio,2055,2070,0.0,sv_2c_buffer_decoal
R12_LAM,coal_ppl_cfbio,2055,2080,0.0,sv_2c_buffer_decoal
R12_LAM,coal_ppl_cfbio,2060,2060,0.0,sv_2c_buffer_decoal
R12_LAM,coal_ppl_cfbio,2060,2070,0.0,sv_2c_buffer_decoal
R12_LAM,coal_ppl_cfbio,2060,2080,0.0,sv_2c_buffer_decoal
R12_LAM,coal_ppl_cfbio,2060,2090,0.0,sv_2c_buffer_decoal
R12_LAM,coal_ppl_cfbio,2070,2070,0.0,sv_2c_buffer_decoal
R12_LAM,coal_ppl_cfbio,2070,2080,0.0,sv_2c_buffer_decoal
R12_LAM,coal_ppl_cfbio,2070,2090,0.0,sv_2c_buffer_decoal
R12_LAM,coal_ppl_cfbio,2080,2080,0.0,sv_2c_buffer_decoal
R12_LAM,coal_ppl_cfbio,2080,2090,0.0,sv_2c_buffer_decoal
R12_LAM,coal_ppl_cfbio,2080,2100,0.0,sv_2c_buffer_decoal
R12_LAM,coal_ppl_cfbio,2090,2090,0.0,sv_2c_buffer_decoal
R12_LAM,coal_ppl_cfbio,2090,2100,0.0,sv_2c_buffer_decoal
R12_LAM,coal_ppl_cfbio,2090,2110,0.0,sv_2c_buffer_decoal
R12_LAM,coal_ppl_cfbio,2100,2100,0.0,sv_2c_buffer_decoal
R12_LAM,coal_ppl_cfbio,2100,2110,0.0,sv_2c_buffer_decoal
R12_LAM,coal_ppl_cfbio,2110,2110,0.0,sv_2c_buffer_decoal
R12_LAM,coal_adv_rccs,2010,2010,0.0,sv_2c_buffer_decoal
R12_LAM,coal_adv_rccs,2010,2030,0.0,sv_2c_buffer_decoal
R12_LAM,coal_adv_rccs,2010,2035,0.0,sv_2c_buffer_decoal
R12_LAM,coal_adv_rccs,2015,2015,0.0,sv_2c_buffer_decoal
R12_LAM,coal_adv_rccs,2015,2030,0.0,sv_2c_buffer_decoal
R12_LAM,coal_adv_rccs,2015,2035,0.0,sv_2c_buffer_decoal
R12_LAM,coal_adv_rccs,2015,2040,0.0,sv_2c_buffer_decoal
R12_LAM,coal_adv_rccs,2020,2020,0.0,sv_2c_buffer_decoal
R12_LAM,coal_adv_rccs,2020,2030,0.0,sv_2c_buffer_decoal
R12_LAM,coal_adv_rccs,2020,2035,0.0,sv_2c_buffer_decoal
R12_LAM,coal_adv_rccs,2020,2040,0.0,sv_2c_buffer_decoal
R12_LAM,coal_adv_rccs,2020,2045,0.0,sv_2c_buffer_decoal
R12_LAM,coal_adv_rccs,2025,2025,0.0,sv_2c_buffer_decoal
R12_LAM,coal_adv_rccs,2025,2030,0.0,sv_2c_buffer_decoal
R12_LAM,coal_adv_rccs,2025,2035,0.0,sv_2c_buffer_decoal
R12_LAM,coal_adv_rccs,2025,2040,0.0,sv_2c_buffer_decoal
R12_LAM,coal_adv_rccs,2025,2045,0.0,sv_2c_buffer_decoal
R12_LAM,coal_adv_rccs,2025,2050,0.0,sv_2c_buffer_decoal
R12_LAM,coal_adv_rccs,2030,2030,0.0,sv_2c_buffer_decoal
R12_LAM,coal_adv_rccs,2030,2035,0.0,sv_2c_buffer_decoal
R12_LAM,coal_adv_rccs,2030,2040,0.0,sv_2c_buffer_decoal
R12_LAM,coal_adv_rccs,2030,2045,0.0,sv_2c_buffer_decoal
R12_LAM,coal_adv_rccs,2030,2050,0.0,sv_2c_buffer_decoal
R12_LAM,coal_adv_rccs,2030,2055,0.0,sv_2c_buffer_decoal
R12_LAM,coal_adv_rccs,2035,2035,0.0,sv_2c_buffer_decoal
R12_LAM,coal_adv_rccs,2035,2040,0.0,sv_2c_buffer_decoal
R12_LAM,coal_adv_rccs,2035,2045,0.0,sv_2c_buffer_decoal
R12_LAM,coal_adv_rccs,2035,2050,0.0,sv_2c_buffer_decoal
R12_LAM,coal_adv_rccs,2035,2055,0.0,sv_2c_buffer_decoal
R12_LAM,coal_adv_rccs,2035,2060,0.0,sv_2c_buffer_decoal
R12_LAM,coal_adv_rccs,2040,2040,0.0,sv_2c_buffer_decoal
R12_LAM,coal_adv_rccs,2040,2045,0.0,sv_2c_buffer_decoal
R12_LAM,coal_adv_rccs,2040,2050,0.0,sv_2c_buffer_decoal
R12_LAM,coal_adv_rccs,2040,2055,0.0,sv_2c_buffer_decoal
R12_LAM,coal_adv_rccs,2040,2060,0.0,sv_2c_buffer_decoal
R12_LAM,coal_adv_rccs,2040,2070,0.0,sv_2c_buffer_decoal
R12_LAM,coal_adv_rccs,2045,2045,0.0,sv_2c_buffer_decoal
R12_LAM,coal_adv_rccs,2045,2050,0.0,sv_2c_buffer_decoal
R12_LAM,coal_adv_rccs,2045,2055,0.0,sv_2c_buffer_decoal
R12_LAM,coal_adv_rccs,2045,2060,0.0,sv_2c_buffer_decoal
R12_LAM,coal_adv_rccs,2045,2070,0.0,sv_2c_buffer_decoal
R12_LAM,coal_adv_rccs,2050,2050,0.0,sv_2c_buffer_decoal
R12_LAM,coal_adv_rccs,2050,2055,0.0,sv_2c_buffer_decoal
R12_LAM,coal_adv_rccs,2050,2060,0.0,sv_2c_buffer_decoal
R12_LAM,coal_adv_rccs,2050,2070,0.0,sv_2c_buffer_decoal
R12_LAM,coal_adv_rccs,2050,2080,0.0,sv_2c_buffer_decoal
R12_LAM,coal_adv_rccs,2055,2055,0.0,sv_2c_buffer_decoal
R12_LAM,coal_adv_rccs,2055,2060,0.0,sv_2c_buffer_decoal
R12_LAM,coal_adv_rccs,2055,2070,0.0,sv_2c_buffer_decoal
R12_LAM,coal_adv_rccs,2055,2080,0.0,sv_2c_buffer_decoal
R12_LAM,coal_adv_rccs,2060,2060,0.0,sv_2c_buffer_decoal
R12_LAM,coal_adv_rccs,2060,2070,0.0,sv_2c_buffer_decoal
R12_LAM,coal_adv_rccs,2060,2080,0.0,sv_2c_buffer_decoal
R12_LAM,coal_adv_rccs,2060,2090,0.0,sv_2c_buffer_decoal
R12_LAM,coal_adv_rccs,2070,2070,0.0,sv_2c_buffer_decoal
R12_LAM,coal_adv_rccs,2070,2080,0.0,sv_2c_buffer_decoal
R12_LAM,coal_adv_rccs,2070,2090,0.0,sv_2c_buffer_decoal
R12_LAM,coal_adv_rccs,2080,2080,0.0,sv_2c_buffer_decoal
R12_LAM,coal_adv_rccs,2080,2090,0.0,sv_2c_buffer_decoal
R12_LAM,coal_adv_rccs,2080,2100,0.0,sv_2c_buffer_decoal
R12_LAM,coal_adv_rccs,2090,2090,0.0,sv_2c_buffer_decoal
R12_LAM,coal_adv_rccs,2090,2100,0.0,sv_2c_buffer_decoal
R12_LAM,coal_adv_rccs,2090,2110,0.0,sv_2c_buffer_decoal
R12_LAM,coal_adv_rccs,2100,2100,0.0,sv_2c_buffer_decoal
R12_LAM,coal_adv_rccs,2100,2110,0.0,sv_2c_buffer_decoal
R12_LAM,coal_adv_rccs,2110,2110,0.0,sv_2c_buffer_decoal
R12_MEA,coal_adv,2010,2010,0.0,sv_2c_buffer_decoal
R12_MEA,coal_adv,2010,2030,0.0,sv_2c_buffer_decoal
R12_MEA,coal_adv,2010,2035,0.0,sv_2c_buffer_decoal
R12_MEA,coal_adv,2015,2015,0.0,sv_2c_buffer_decoal
R12_MEA,coal_adv,2015,2030,0.0,sv_2c_buffer_decoal
R12_MEA,coal_adv,2015,2035,0.0,sv_2c_buffer_decoal
R12_MEA,coal_adv,2015,2040,0.0,sv_2c_buffer_decoal
R12_MEA,coal_adv,2020,2020,0.0,sv_2c_buffer_decoal
R12_MEA,coal_adv,2020,2030,0.0,sv_2c_buffer_decoal
R12_MEA,coal_adv,2020,2035,0.0,sv_2c_buffer_decoal
R12_MEA,coal_adv,2020,2040,0.0,sv_2c_buffer_decoal
R12_MEA,coal_adv,2020,2045,0.0,sv_2c_buffer_decoal
R12_MEA,coal_adv,2025,2025,0.0,sv_2c_buffer_decoal
R12_MEA,coal_adv,2025,2030,0.0,sv_2c_buffer_decoal
R12_MEA,coal_adv,2025,2035,0.0,sv_2c_buffer_decoal
R12_MEA,coal_adv,2025,2040,0.0,sv_2c_buffer_decoal
R12_MEA,coal_adv,2025,2045,0.0,sv_2c_buffer_decoal
R12_MEA,coal_adv,2025,2050,0.0,sv_2c_buffer_decoal
R12_MEA,coal_adv,2030,2030,0.0,sv_2c_buffer_decoal
R12_MEA,coal_adv,2030,2035,0.0,sv_2c_buffer_decoal
R12_MEA,coal_adv,2030,2040,0.0,sv_2c_buffer_decoal
R12_MEA,coal_adv,2030,2045,0.0,sv_2c_buffer_decoal
R12_MEA,coal_adv,2030,2050,0.0,sv_2c_buffer_decoal
R12_MEA,coal_adv,2030,2055,0.0,sv_2c_buffer_decoal
R12_MEA,coal_adv,2035,2035,0.0,sv_2c_buffer_decoal
R12_MEA,coal_adv,2035,2040,0.0,sv_2c_buffer_decoal
R12_MEA,coal_adv,2035,2045,0.0,sv_2c_buffer_decoal
R12_MEA,coal_adv,2035,2050,0.0,sv_2c_buffer_decoal
R12_MEA,coal_adv,2035,2055,0.0,sv_2c_buffer_decoal
R12_MEA,coal_adv,2035,2060,0.0,sv_2c_buffer_decoal
R12_MEA,coal_adv,2040,2040,0.0,sv_2c_buffer_decoal
R12_MEA,coal_adv,2040,2045,0.0,sv_2c_buffer_decoal
R12_MEA,coal_adv,2040,2050,0.0,sv_2c_buffer_decoal
R12_MEA,coal_adv,2040,2055,0.0,sv_2c_buffer_decoal
R12_MEA,coal_adv,2040,2060,0.0,sv_2c_buffer_decoal
R12_MEA,coal_adv,2040,2070,0.0,sv_2c_buffer_decoal
R12_MEA,coal_adv,2045,2045,0.0,sv_2c_buffer_decoal
R12_MEA,coal_adv,2045,2050,0.0,sv_2c_buffer_decoal
R12_MEA,coal_adv,2045,2055,0.0,sv_2c_buffer_decoal
R12_MEA,coal_adv,2045,2060,0.0,sv_2c_buffer_decoal
R12_MEA,coal_adv,2045,2070,0.0,sv_2c_buffer_decoal
R12_MEA,coal_adv,2050,2050,0.0,sv_2c_buffer_decoal
R12_MEA,coal_adv,2050,2055,0.0,sv_2c_buffer_decoal
R12_MEA,coal_adv,2050,2060,0.0,sv_2c_buffer_decoal
R12_MEA,coal_adv,2050,2070,0.0,sv_2c_buffer_decoal
R12_MEA,coal_adv,2050,2080,0.0,sv_2c_buffer_decoal
R12_MEA,coal_adv,2055,2055,0.0,sv_2c_buffer_decoal
R12_MEA,coal_adv,2055,2060,0.0,sv_2c_buffer_decoal
R12_MEA,coal_adv,2055,2070,0.0,sv_2c_buffer_decoal
R12_MEA,coal_adv,2055,2080,0.0,sv_2c_buffer_decoal
R12_MEA,coal_adv,2060,2060,0.0,sv_2c_buffer_decoal
R12_MEA,coal_adv,2060,2070,0.0,sv_2c_buffer_decoal
R12_MEA,coal_adv,2060,2080,0.0,sv_2c_buffer_decoal
R12_MEA,coal_adv,2060,2090,0.0,sv_2c_buffer_decoal
R12_MEA,coal_adv,2070,2070,0.0,sv_2c_buffer_decoal
R12_MEA,coal_adv,2070,2080,0.0,sv_2c_buffer_decoal
R12_MEA,coal_adv,2070,2090,0.0,sv_2c_buffer_decoal
R12_MEA,coal_adv,2080,2080,0.0,sv_2c_buffer_decoal
R12_MEA,coal_adv,2080,2090,0.0,sv_2c_buffer_decoal
R12_MEA,coal_adv,2080,2100,0.0,sv_2c_buffer_decoal
R12_MEA,coal_adv,2090,2090,0.0,sv_2c_buffer_decoal
R12_MEA,coal_adv,2090,2100,0.0,sv_2c_buffer_decoal
R12_MEA,coal_adv,2090,2110,0.0,sv_2c_buffer_decoal
R12_MEA,coal_adv,2100,2100,0.0,sv_2c_buffer_decoal
R12_MEA,coal_adv,2100,2110,0.0,sv_2c_buffer_decoal
R12_MEA,coal_adv,2110,2110,0.0,sv_2c_buffer_decoal
R12_MEA,coal_adv_ccs,2030,2030,0.0,sv_2c_buffer_decoal
R12_MEA,coal_adv_ccs,2030,2035,0.0,sv_2c_buffer_decoal
R12_MEA,coal_adv_ccs,2030,2040,0.0,sv_2c_buffer_decoal
R12_MEA,coal_adv_ccs,2030,2045,0.0,sv_2c_buffer_decoal
R12_MEA,coal_adv_ccs,2030,2050,0.0,sv_2c_buffer_decoal
R12_MEA,coal_adv_ccs,2030,2055,0.0,sv_2c_buffer_decoal
R12_MEA,coal_adv_ccs,2035,2035,0.0,sv_2c_buffer_decoal
R12_MEA,coal_adv_ccs,2035,2040,0.0,sv_2c_buffer_decoal
R12_MEA,coal_adv_ccs,2035,2045,0.0,sv_2c_buffer_decoal
R12_MEA,coal_adv_ccs,2035,2050,0.0,sv_2c_buffer_decoal
R12_MEA,coal_adv_ccs,2035,2055,0.0,sv_2c_buffer_decoal
R12_MEA,coal_adv_ccs,2035,2060,0.0,sv_2c_buffer_decoal
R12_MEA,coal_adv_ccs,2040,2040,0.0,sv_2c_buffer_decoal
R12_MEA,coal_adv_ccs,2040,2045,0.0,sv_2c_buffer_decoal
R12_MEA,coal_adv_ccs,2040,2050,0.0,sv_2c_buffer_decoal
R12_MEA,coal_adv_ccs,2040,2055,0.0,sv_2c_buffer_decoal
R12_MEA,coal_adv_ccs,2040,2060,0.0,sv_2c_buffer_decoal
R12_MEA,coal_adv_ccs,2040,2070,0.0,sv_2c_buffer_decoal
R12_MEA,coal_adv_ccs,2045,2045,0.0,sv_2c_buffer_decoal
R12_MEA,coal_adv_ccs,2045,2050,0.0,sv_2c_buffer_decoal
R12_MEA,coal_adv_ccs,2045,2055,0.0,sv_2c_buffer_decoal
R12_MEA,coal_adv_ccs,2045,2060,0.0,sv_2c_buffer_decoal
R12_MEA,coal_adv_ccs,2045,2070,0.0,sv_2c_buffer_decoal
R12_MEA,coal_adv_ccs,2050,2050,0.0,sv_2c_buffer_decoal
R12_MEA,coal_adv_ccs,2050,2055,0.0,sv_2c_buffer_decoal
R12_MEA,coal_adv_ccs,2050,2060,0.0,sv_2c_buffer_decoal
R12_MEA,coal_adv_ccs,2050,2070,0.0,sv_2c_buffer_decoal
R12_MEA,coal_adv_ccs,2050,2080,0.0,sv_2c_buffer_decoal
R12_MEA,coal_adv_ccs,2055,2055,0.0,sv_2c_buffer_decoal
R12_MEA,coal_adv_ccs,2055,2060,0.0,sv_2c_buffer_decoal
R12_MEA,coal_adv_ccs,2055,2070,0.0,sv_2c_buffer_decoal
R12_MEA,coal_adv_ccs,2055,2080,0.0,sv_2c_buffer_decoal
R12_MEA,coal_adv_ccs,2060,2060,0.0,sv_2c_buffer_decoal
R12_MEA,coal_adv_ccs,2060,2070,0.0,sv_2c_buffer_decoal
R12_MEA,coal_adv_ccs,2060,2080,0.0,sv_2c_buffer_decoal
R12_MEA,coal_adv_ccs,2060,2090,0.0,sv_2c_buffer_decoal
R12_MEA,coal_adv_ccs,2070,2070,0.0,sv_2c_buffer_decoal
R12_MEA,coal_adv_ccs,2070,2080,0.0,sv_2c_buffer_decoal
R12_MEA,coal_adv_ccs,2070,2090,0.0,sv_2c_buffer_decoal
R12_MEA,coal_adv_ccs,2080,2080,0.0,sv_2c_buffer_decoal
R12_MEA,coal_adv_ccs,2080,2090,0.0,sv_2c_buffer_decoal
R12_MEA,coal_adv_ccs,2080,2100,0.0,sv_2c_buffer_decoal
R12_MEA,coal_adv_ccs,2090,2090,0.0,sv_2c_buffer_decoal
R12_MEA,coal_adv_ccs,2090,2100,0.0,sv_2c_buffer_decoal
R12_MEA,coal_adv_ccs,2090,2110,0.0,sv_2c_buffer_decoal
R12_MEA,coal_adv_ccs,2100,2100,0.0,sv_2c_buffer_decoal
R12_MEA,coal_adv_ccs,2100,2110,0.0,sv_2c_buffer_decoal
R12_MEA,coal_adv_ccs,2110,2110,0.0,sv_2c_buffer_decoal
R12_MEA,coal_ppl,1990,1990,0.0,sv_2c_buffer_decoal
R12_MEA,coal_ppl,1995,1995,0.0,sv_2c_buffer_decoal
R12_MEA,coal_ppl,2000,2000,0.0,sv_2c_buffer_decoal
R12_MEA,coal_ppl,2000,2030,0.0,sv_2c_buffer_decoal
R12_MEA,coal_ppl,2005,2005,0.0,sv_2c_buffer_decoal
R12_MEA,coal_ppl,2005,2030,0.0,sv_2c_buffer_decoal
R12_MEA,coal_ppl,2010,2010,0.0,sv_2c_buffer_decoal
R12_MEA,coal_ppl,2010,2030,0.0,sv_2c_buffer_decoal
R12_MEA,coal_ppl,2010,2035,0.0,sv_2c_buffer_decoal
R12_MEA,coal_ppl,2015,2015,0.0,sv_2c_buffer_decoal
R12_MEA,coal_ppl,2015,2030,0.0,sv_2c_buffer_decoal
R12_MEA,coal_ppl,2015,2035,0.0,sv_2c_buffer_decoal
R12_MEA,coal_ppl,2015,2040,0.0,sv_2c_buffer_decoal
R12_MEA,coal_ppl,2020,2020,0.0,sv_2c_buffer_decoal
R12_MEA,coal_ppl,2020,2030,0.0,sv_2c_buffer_decoal
R12_MEA,coal_ppl,2020,2035,0.0,sv_2c_buffer_decoal
R12_MEA,coal_ppl,2020,2040,0.0,sv_2c_buffer_decoal
R12_MEA,coal_ppl,2020,2045,0.0,sv_2c_buffer_decoal
R12_MEA,coal_ppl,2025,2025,0.0,sv_2c_buffer_decoal
R12_MEA,coal_ppl,2025,2030,0.0,sv_2c_buffer_decoal
R12_MEA,coal_ppl,2025,2035,0.0,sv_2c_buffer_decoal
R12_MEA,coal_ppl,2025,2040,0.0,sv_2c_buffer_decoal
R12_MEA,coal_ppl,2025,2045,0.0,sv_2c_buffer_decoal
R12_MEA,coal_ppl,2025,2050,0.0,sv_2c_buffer_decoal
R12_MEA,coal_ppl,2030,2030,0.38599999999999995,sv_2c_buffer_decoal
R12_MEA,coal_ppl,2030,2035,0.0,sv_2c_buffer_decoal
R12_MEA,coal_ppl,2030,2040,0.0,sv_2c_buffer_decoal
R12_MEA,coal_ppl,2030,2045,0.0,sv_2c_buffer_decoal
R12_MEA,coal_ppl,2030,2050,0.0,sv_2c_buffer_decoal
R12_MEA,coal_ppl,2030,2055,0.0,sv_2c_buffer_decoal
R12_MEA,coal_ppl,2035,2035,0.0,sv_2c_buffer_decoal
R12_MEA,coal_ppl,2035,2040,0.0,sv_2c_buffer_decoal
R12_MEA,coal_ppl,2035,2045,0.0,sv_2c_buffer_decoal
R12_MEA,coal_ppl,2035,2050,0.0,sv_2c_buffer_decoal
R12_MEA,coal_ppl,2035,2055,0.0,sv_2c_buffer_decoal
R12_MEA,coal_ppl,2035,2060,0.0,sv_2c_buffer_decoal
R12_MEA,coal_ppl,2040,2040,0.0,sv_2c_buffer_decoal
R12_MEA,coal_ppl,2040,2045,0.0,sv_2c_buffer_decoal
R12_MEA,coal_ppl,2040,2050,0.0,sv_2c_buffer_decoal
R12_MEA,coal_ppl,2040,2055,0.0,sv_2c_buffer_decoal
R12_MEA,coal_ppl,2040,2060,0.0,sv_2c_buffer_decoal
R12_MEA,coal_ppl,2040,2070,0.0,sv_2c_buffer_decoal
R12_MEA,coal_ppl,2045,2045,0.0,sv_2c_buffer_decoal
R12_MEA,coal_ppl,2045,2050,0.0,sv_2c_buffer_decoal
R12_MEA,coal_ppl,2045,2055,0.0,sv_2c_buffer_decoal
R12_MEA,coal_ppl,2045,2060,0.0,sv_2c_buffer_decoal
R12_MEA,coal_ppl,2045,2070,0.0,sv_2c_buffer_decoal
R12_MEA,coal_ppl,2050,2050,0.0,sv_2c_buffer_decoal
R12_MEA,coal_ppl,2050,2055,0.0,sv_2c_buffer_decoal
R12_MEA,coal_ppl,2050,2060,0.0,sv_2c_buffer_decoal
R12_MEA,coal_ppl,2050,2070,0.0,sv_2c_buffer_decoal
R12_MEA,coal_ppl,2050,2080,0.0,sv_2c_buffer_decoal
R12_MEA,coal_ppl,2055,2055,0.0,sv_2c_buffer_decoal
R12_MEA,coal_ppl,2055,2060,0.0,sv_2c_buffer_decoal
R12_MEA,coal_ppl,2055,2070,0.0,sv_2c_buffer_decoal
R12_MEA,coal_ppl,2055,2080,0.0,sv_2c_buffer_decoal
R12_MEA,coal_ppl,2060,2060,0.0,sv_2c_buffer_decoal
R12_MEA,coal_ppl,2060,2070,0.0,sv_2c_buffer_decoal
R12_MEA,coal_ppl,2060,2080,0.0,sv_2c_buffer_decoal
R12_MEA,coal_ppl,2060,2090,0.0,sv_2c_buffer_decoal
R12_MEA,coal_ppl,2070,2070,0.0,sv_2c_buffer_decoal
R12_MEA,coal_ppl,2070,2080,0.0,sv_2c_buffer_decoal
R12_MEA,coal_ppl,2070,2090,0.0,sv_2c_buffer_decoal
R12_MEA,coal_ppl,2080,2080,0.0,sv_2c_buffer_decoal
R12_MEA,coal_ppl,2080,2090,0.0,sv_2c_buffer_decoal
R12_MEA,coal_ppl,2080,2100,0.0,sv_2c_buffer_decoal
R12_MEA,coal_ppl,2090,2090,0.0,sv_2c_buffer_decoal
R12_MEA,coal_ppl,2090,2100,0.0,sv_2c_buffer_decoal
R12_MEA,coal_ppl,2090,2110,0.0,sv_2c_buffer_decoal
R12_MEA,coal_ppl,2100,2100,0.0,sv_2c_buffer_decoal
R12_MEA,coal_ppl,2100,2110,0.0,sv_2c_buffer_decoal
R12_MEA,coal_ppl,2110,2110,0.0,sv_2c_buffer_decoal
R12_MEA,coal_ppl_u,1970,1970,0.0,sv_2c_buffer_decoal
R12_MEA,coal_ppl_u,1975,1975,0.0,sv_2c_buffer_decoal
R12_MEA,coal_ppl_u,1980,1980,0.0,sv_2c_buffer_decoal
R12_MEA,coal_ppl_u,1980,2030,0.0,sv_2c_buffer_decoal
R12_MEA,coal_ppl_u,1985,1985,0.0,sv_2c_buffer_decoal
R12_MEA,coal_ppl_u,1985,2030,0.0,sv_2c_buffer_decoal
R12_MEA,coal_ppl_u,1990,1990,0.0,sv_2c_buffer_decoal
R12_MEA,coal_ppl_u,1990,2030,0.0,sv_2c_buffer_decoal
R12_MEA,coal_ppl_u,1990,2035,0.0,sv_2c_buffer_decoal
R12_MEA,coal_ppl_u,1995,1995,0.0,sv_2c_buffer_decoal
R12_MEA,coal_ppl_u,1995,2030,0.0,sv_2c_buffer_decoal
R12_MEA,coal_ppl_u,1995,2035,0.0,sv_2c_buffer_decoal
R12_MEA,coal_ppl_u,2000,2000,0.0,sv_2c_buffer_decoal
R12_MEA,coal_ppl_u,2000,2030,0.0,sv_2c_buffer_decoal
R12_MEA,coal_ppl_u,2000,2035,0.0,sv_2c_buffer_decoal
R12_MEA,coal_ppl_u,2000,2040,0.0,sv_2c_buffer_decoal
R12_MEA,coal_ppl_u,2005,2005,0.0,sv_2c_buffer_decoal
R12_MEA,coal_ppl_u,2005,2030,0.0,sv_2c_buffer_decoal
R12_MEA,coal_ppl_u,2005,2035,0.0,sv_2c_buffer_decoal
R12_MEA,coal_ppl_u,2005,2040,0.0,sv_2c_buffer_decoal
R12_MEA,coal_ppl_u,2010,2010,0.0,sv_2c_buffer_decoal
R12_MEA,coal_ppl_u,2010,2030,0.0,sv_2c_buffer_decoal
R12_MEA,coal_ppl_u,2010,2035,0.0,sv_2c_buffer_decoal
R12_MEA,coal_ppl_u,2010,2040,0.0,sv_2c_buffer_decoal
R12_MEA,coal_ppl_u,2010,2045,0.0,sv_2c_buffer_decoal
R12_MEA,coal_ppl_u,2015,2015,0.0,sv_2c_buffer_decoal
R12_MEA,coal_ppl_u,2015,2030,0.0,sv_2c_buffer_decoal
R12_MEA,coal_ppl_u,2015,2035,0.0,sv_2c_buffer_decoal
R12_MEA,coal_ppl_u,2015,2040,0.0,sv_2c_buffer_decoal
R12_MEA,coal_ppl_u,2015,2045,0.0,sv_2c_buffer_decoal
R12_MEA,coal_ppl_u,2020,2020,0.0,sv_2c_buffer_decoal
R12_MEA,coal_ppl_u,2020,2030,0.0,sv_2c_buffer_decoal
R12_MEA,coal_ppl_u,2020,2035,0.0,sv_2c_buffer_decoal
R12_MEA,coal_ppl_u,2020,2040,0.0,sv_2c_buffer_decoal
R12_MEA,coal_ppl_u,2020,2045,0.0,sv_2c_buffer_decoal
R12_MEA,coal_ppl_u,2025,2025,0.0,sv_2c_buffer_decoal
R12_MEA,coal_ppl_u,2025,2030,0.0,sv_2c_buffer_decoal
R12_MEA,coal_ppl_u,2025,2035,0.0,sv_2c_buffer_decoal
R12_MEA,coal_ppl_u,2025,2040,0.0,sv_2c_buffer_decoal
R12_MEA,coal_ppl_u,2025,2045,0.0,sv_2c_buffer_decoal
R12_MEA,coal_ppl_u,2025,2050,0.0,sv_2c_buffer_decoal
R12_MEA,coal_ppl_u,2030,2030,0.0,sv_2c_buffer_decoal
R12_MEA,coal_ppl_u,2030,2035,0.0,sv_2c_buffer_decoal
R12_MEA,coal_ppl_u,2030,2040,0.0,sv_2c_buffer_decoal
R12_MEA,coal_ppl_u,2030,2045,0.0,sv_2c_buffer_decoal
R12_MEA,coal_ppl_u,2030,2050,0.0,sv_2c_buffer_decoal
R12_MEA,coal_ppl_u,2030,2055,0.0,sv_2c_buffer_decoal
R12_MEA,coal_ppl_u,2035,2035,0.0,sv_2c_buffer_decoal
R12_MEA,coal_ppl_u,2035,2040,0.0,sv_2c_buffer_decoal
R12_MEA,coal_ppl_u,2035,2045,0.0,sv_2c_buffer_decoal
R12_MEA,coal_ppl_u,2035,2050,0.0,sv_2c_buffer_decoal
R12_MEA,coal_ppl_u,2035,2055,0.0,sv_2c_buffer_decoal
R12_MEA,coal_ppl_u,2035,2060,0.0,sv_2c_buffer_decoal
R12_MEA,coal_ppl_u,2040,2040,0.0,sv_2c_buffer_decoal
R12_MEA,coal_ppl_u,2040,2045,0.0,sv_2c_buffer_decoal
R12_MEA,coal_ppl_u,2040,2050,0.0,sv_2c_buffer_decoal
R12_MEA,coal_ppl_u,2040,2055,0.0,sv_2c_buffer_decoal
R12_MEA,coal_ppl_u,2040,2060,0.0,sv_2c_buffer_decoal
R12_MEA,coal_ppl_u,2040,2070,0.0,sv_2c_buffer_decoal
R12_MEA,coal_ppl_u,2045,2045,0.0,sv_2c_buffer_decoal
R12_MEA,coal_ppl_u,2045,2050,0.0,sv_2c_buffer_decoal
R12_MEA,coal_ppl_u,2045,2055,0.0,sv_2c_buffer_decoal
R12_MEA,coal_ppl_u,2045,2060,0.0,sv_2c_buffer_decoal
R12_MEA,coal_ppl_u,2045,2070,0.0,sv_2c_buffer_decoal
R12_MEA,coal_ppl_u,2050,2050,0.0,sv_2c_buffer_decoal
R12_MEA,coal_ppl_u,2050,2055,0.0,sv_2c_buffer_decoal
R12_MEA,coal_ppl_u,2050,2060,0.0,sv_2c_buffer_decoal
R12_MEA,coal_ppl_u,2050,2070,0.0,sv_2c_buffer_decoal
R12_MEA,coal_ppl_u,2050,2080,0.0,sv_2c_buffer_decoal
R12_MEA,coal_ppl_u,2055,2055,0.0,sv_2c_buffer_decoal
R12_MEA,coal_ppl_u,2055,2060,0.0,sv_2c_buffer_decoal
R12_MEA,coal_ppl_u,2055,2070,0.0,sv_2c_buffer_decoal
R12_MEA,coal_ppl_u,2055,2080,0.0,sv_2c_buffer_decoal
R12_MEA,coal_ppl_u,2060,2060,0.0,sv_2c_buffer_decoal
R12_MEA,coal_ppl_u,2060,2070,0.0,sv_2c_buffer_decoal
R12_MEA,coal_ppl_u,2060,2080,0.0,sv_2c_buffer_decoal
R12_MEA,coal_ppl_u,2060,2090,0.0,sv_2c_buffer_decoal
R12_MEA,coal_ppl_u,2070,2070,0.0,sv_2c_buffer_decoal
R12_MEA,coal_ppl_u,2070,2080,0.0,sv_2c_buffer_decoal
R12_MEA,coal_ppl_u,2070,2090,0.0,sv_2c_buffer_decoal
R12_MEA,coal_ppl_u,2080,2080,0.0,sv_2c_buffer_decoal
R12_MEA,coal_ppl_u,2080,2090,0.0,sv_2c_buffer_decoal
R12_MEA,coal_ppl_u,2080,2100,0.0,sv_2c_buffer_decoal
R12_MEA,coal_ppl_u,2090,2090,0.0,sv_2c_buffer_decoal
R12_MEA,coal_ppl_u,2090,2100,0.0,sv_2c_buffer_decoal
R12_MEA,coal_ppl_u,2090,2110,0.0,sv_2c_buffer_decoal
R12_MEA,coal_ppl_u,2100,2100,0.0,sv_2c_buffer_decoal
R12_MEA,coal_ppl_u,2100,2110,0.0,sv_2c_buffer_decoal
R12_MEA,coal_ppl_u,2110,2110,0.0,sv_2c_buffer_decoal
R12_MEA,igcc,2010,2010,0.0,sv_2c_buffer_decoal
R12_MEA,igcc,2010,2030,0.0,sv_2c_buffer_decoal
R12_MEA,igcc,2010,2035,0.0,sv_2c_buffer_decoal
R12_MEA,igcc,2015,2015,0.0,sv_2c_buffer_decoal
R12_MEA,igcc,2015,2030,0.0,sv_2c_buffer_decoal
R12_MEA,igcc,2015,2035,0.0,sv_2c_buffer_decoal
R12_MEA,igcc,2015,2040,0.0,sv_2c_buffer_decoal
R12_MEA,igcc,2020,2020,0.0,sv_2c_buffer_decoal
R12_MEA,igcc,2020,2030,0.0,sv_2c_buffer_decoal
R12_MEA,igcc,2020,2035,0.0,sv_2c_buffer_decoal
R12_MEA,igcc,2020,2040,0.0,sv_2c_buffer_decoal
R12_MEA,igcc,2020,2045,0.0,sv_2c_buffer_decoal
R12_MEA,igcc,2025,2025,0.0,sv_2c_buffer_decoal
R12_MEA,igcc,2025,2030,0.0,sv_2c_buffer_decoal
R12_MEA,igcc,2025,2035,0.0,sv_2c_buffer_decoal
R12_MEA,igcc,2025,2040,0.0,sv_2c_buffer_decoal
R12_MEA,igcc,2025,2045,0.0,sv_2c_buffer_decoal
R12_MEA,igcc,2025,2050,0.0,sv_2c_buffer_decoal
R12_MEA,igcc,2030,2030,0.0,sv_2c_buffer_decoal
R12_MEA,igcc,2030,2035,0.0,sv_2c_buffer_decoal
R12_MEA,igcc,2030,2040,0.0,sv_2c_buffer_decoal
R12_MEA,igcc,2030,2045,0.0,sv_2c_buffer_decoal
R12_MEA,igcc,2030,2050,0.0,sv_2c_buffer_decoal
R12_MEA,igcc,2030,2055,0.0,sv_2c_buffer_decoal
R12_MEA,igcc,2035,2035,0.0,sv_2c_buffer_decoal
R12_MEA,igcc,2035,2040,0.0,sv_2c_buffer_decoal
R12_MEA,igcc,2035,2045,0.0,sv_2c_buffer_decoal
R12_MEA,igcc,2035,2050,0.0,sv_2c_buffer_decoal
R12_MEA,igcc,2035,2055,0.0,sv_2c_buffer_decoal
R12_MEA,igcc,2035,2060,0.0,sv_2c_buffer_decoal
R12_MEA,igcc,2040,2040,0.0,sv_2c_buffer_decoal
R12_MEA,igcc,2040,2045,0.0,sv_2c_buffer_decoal
R12_MEA,igcc,2040,2050,0.0,sv_2c_buffer_decoal
R12_MEA,igcc,2040,2055,0.0,sv_2c_buffer_decoal
R12_MEA,igcc,2040,2060,0.0,sv_2c_buffer_decoal
R12_MEA,igcc,2040,2070,0.0,sv_2c_buffer_decoal
R12_MEA,igcc,2045,2045,0.0,sv_2c_buffer_decoal
R12_MEA,igcc,2045,2050,0.0,sv_2c_buffer_decoal
R12_MEA,igcc,2045,2055,0.0,sv_2c_buffer_decoal
R12_MEA,igcc,2045,2060,0.0,sv_2c_buffer_decoal
R12_MEA,igcc,2045,2070,0.0,sv_2c_buffer_decoal
R12_MEA,igcc,2050,2050,0.0,sv_2c_buffer_decoal
R12_MEA,igcc,2050,2055,0.0,sv_2c_buffer_decoal
R12_MEA,igcc,2050,2060,0.0,sv_2c_buffer_decoal
R12_MEA,igcc,2050,2070,0.0,sv_2c_buffer_decoal
R12_MEA,igcc,2050,2080,0.0,sv_2c_buffer_decoal
R12_MEA,igcc,2055,2055,0.0,sv_2c_buffer_decoal
R12_MEA,igcc,2055,2060,0.0,sv_2c_buffer_decoal
R12_MEA,igcc,2055,2070,0.0,sv_2c_buffer_decoal
R12_MEA,igcc,2055,2080,0.0,sv_2c_buffer_decoal
R12_MEA,igcc,2060,2060,0.0,sv_2c_buffer_decoal
R12_MEA,igcc,2060,2070,0.0,sv_2c_buffer_decoal
R12_MEA,igcc,2060,2080,0.0,sv_2c_buffer_decoal
R12_MEA,igcc,2060,2090,0.0,sv_2c_buffer_decoal
R12_MEA,igcc,2070,2070,0.0,sv_2c_buffer_decoal
R12_MEA,igcc,2070,2080,0.0,sv_2c_buffer_decoal
R12_MEA,igcc,2070,2090,0.0,sv_2c_buffer_decoal
R12_MEA,igcc,2080,2080,0.0,sv_2c_buffer_decoal
R12_MEA,igcc,2080,2090,0.0,sv_2c_buffer_decoal
R12_MEA,igcc,2080,2100,0.0,sv_2c_buffer_decoal
R12_MEA,igcc,2090,2090,0.0,sv_2c_buffer_decoal
R12_MEA,igcc,2090,2100,0.0,sv_2c_buffer_decoal
R12_MEA,igcc,2090,2110,0.0,sv_2c_buffer_decoal
R12_MEA,igcc,2100,2100,0.0,sv_2c_buffer_decoal
R12_MEA,igcc,2100,2110,0.0,sv_2c_buffer_decoal
R12_MEA,igcc,2110,2110,0.0,sv_2c_buffer_decoal
R12_MEA,igcc_ccs,2030,2030,0.0,sv_2c_buffer_decoal
R12_MEA,igcc_ccs,2030,2035,0.0,sv_2c_buffer_decoal
R12_MEA,igcc_ccs,2030,2040,0.0,sv_2c_buffer_decoal
R12_MEA,igcc_ccs,2030,2045,0.0,sv_2c_buffer_decoal
R12_MEA,igcc_ccs,2030,2050,0.0,sv_2c_buffer_decoal
R12_MEA,igcc_ccs,2030,2055,0.0,sv_2c_buffer_decoal
R12_MEA,igcc_ccs,2035,2035,0.0,sv_2c_buffer_decoal
R12_MEA,igcc_ccs,2035,2040,0.0,sv_2c_buffer_decoal
R12_MEA,igcc_ccs,2035,2045,0.0,sv_2c_buffer_decoal
R12_MEA,igcc_ccs,2035,2050,0.0,sv_2c_buffer_decoal
R12_MEA,igcc_ccs,2035,2055,0.0,sv_2c_buffer_decoal
R12_MEA,igcc_ccs,2035,2060,0.0,sv_2c_buffer_decoal
R12_MEA,igcc_ccs,2040,2040,0.0,sv_2c_buffer_decoal
R12_MEA,igcc_ccs,2040,2045,0.0,sv_2c_buffer_decoal
R12_MEA,igcc_ccs,2040,2050,0.0,sv_2c_buffer_decoal
R12_MEA,igcc_ccs,2040,2055,0.0,sv_2c_buffer_decoal
R12_MEA,igcc_ccs,2040,2060,0.0,sv_2c_buffer_decoal
R12_MEA,igcc_ccs,2040,2070,0.0,sv_2c_buffer_decoal
R12_MEA,igcc_ccs,2045,2045,0.0,sv_2c_buffer_decoal
R12_MEA,igcc_ccs,2045,2050,0.0,sv_2c_buffer_decoal
R12_MEA,igcc_ccs,2045,2055,0.0,sv_2c_buffer_decoal
R12_MEA,igcc_ccs,2045,2060,0.0,sv_2c_buffer_decoal
R12_MEA,igcc_ccs,2045,2070,0.0,sv_2c_buffer_decoal
R12_MEA,igcc_ccs,2050,2050,0.0,sv_2c_buffer_decoal
R12_MEA,igcc_ccs,2050,2055,0.0,sv_2c_buffer_decoal
R12_MEA,igcc_ccs,2050,2060,0.0,sv_2c_buffer_decoal
R12_MEA,igcc_ccs,2050,2070,0.0,sv_2c_buffer_decoal
R12_MEA,igcc_ccs,2050,2080,0.0,sv_2c_buffer_decoal
R12_MEA,igcc_ccs,2055,2055,0.0,sv_2c_buffer_decoal
R12_MEA,igcc_ccs,2055,2060,0.0,sv_2c_buffer_decoal
R12_MEA,igcc_ccs,2055,2070,0.0,sv_2c_buffer_decoal
R12_MEA,igcc_ccs,2055,2080,0.0,sv_2c_buffer_decoal
R12_MEA,igcc_ccs,2060,2060,0.0,sv_2c_buffer_decoal
R12_MEA,igcc_ccs,2060,2070,0.0,sv_2c_buffer_decoal
R12_MEA,igcc_ccs,2060,2080,0.0,sv_2c_buffer_decoal
R12_MEA,igcc_ccs,2060,2090,0.0,sv_2c_buffer_decoal
R12_MEA,igcc_ccs,2070,2070,0.0,sv_2c_buffer_decoal
R12_MEA,igcc_ccs,2070,2080,0.0,sv_2c_buffer_decoal
R12_MEA,igcc_ccs,2070,2090,0.0,sv_2c_buffer_decoal
R12_MEA,igcc_ccs,2080,2080,0.0,sv_2c_buffer_decoal
R12_MEA,igcc_ccs,2080,2090,0.0,sv_2c_buffer_decoal
R12_MEA,igcc_ccs,2080,2100,0.0,sv_2c_buffer_decoal
R12_MEA,igcc_ccs,2090,2090,0.0,sv_2c_buffer_decoal
R12_MEA,igcc_ccs,2090,2100,0.0,sv_2c_buffer_decoal
R12_MEA,igcc_ccs,2090,2110,0.0,sv_2c_buffer_decoal
R12_MEA,igcc_ccs,2100,2100,0.0,sv_2c_buffer_decoal
R12_MEA,igcc_ccs,2100,2110,0.0,sv_2c_buffer_decoal
R12_MEA,igcc_ccs,2110,2110,0.0,sv_2c_buffer_decoal
R12_MEA,coal_adv_cfNH3,1990,1990,0.0,sv_2c_buffer_decoal
R12_MEA,coal_adv_cfNH3,1995,1995,0.0,sv_2c_buffer_decoal
R12_MEA,coal_adv_cfNH3,2000,2000,0.0,sv_2c_buffer_decoal
R12_MEA,coal_adv_cfNH3,2005,2005,0.0,sv_2c_buffer_decoal
R12_MEA,coal_adv_cfNH3,2005,2030,0.0,sv_2c_buffer_decoal
R12_MEA,coal_adv_cfNH3,2010,2010,0.0,sv_2c_buffer_decoal
R12_MEA,coal_adv_cfNH3,2010,2030,0.0,sv_2c_buffer_decoal
R12_MEA,coal_adv_cfNH3,2010,2035,0.0,sv_2c_buffer_decoal
R12_MEA,coal_adv_cfNH3,2015,2015,0.0,sv_2c_buffer_decoal
R12_MEA,coal_adv_cfNH3,2015,2030,0.0,sv_2c_buffer_decoal
R12_MEA,coal_adv_cfNH3,2015,2035,0.0,sv_2c_buffer_decoal
R12_MEA,coal_adv_cfNH3,2015,2040,0.0,sv_2c_buffer_decoal
R12_MEA,coal_adv_cfNH3,2020,2020,0.0,sv_2c_buffer_decoal
R12_MEA,coal_adv_cfNH3,2020,2030,0.0,sv_2c_buffer_decoal
R12_MEA,coal_adv_cfNH3,2020,2035,0.0,sv_2c_buffer_decoal
R12_MEA,coal_adv_cfNH3,2020,2040,0.0,sv_2c_buffer_decoal
R12_MEA,coal_adv_cfNH3,2020,2045,0.0,sv_2c_buffer_decoal
R12_MEA,coal_adv_cfNH3,2025,2025,0.0,sv_2c_buffer_decoal
R12_MEA,coal_adv_cfNH3,2025,2030,0.0,sv_2c_buffer_decoal
R12_MEA,coal_adv_cfNH3,2025,2035,0.0,sv_2c_buffer_decoal
R12_MEA,coal_adv_cfNH3,2025,2040,0.0,sv_2c_buffer_decoal
R12_MEA,coal_adv_cfNH3,2025,2045,0.0,sv_2c_buffer_decoal
R12_MEA,coal_adv_cfNH3,2025,2050,0.0,sv_2c_buffer_decoal
R12_MEA,coal_adv_cfNH3,2030,2030,0.0,sv_2c_buffer_decoal
R12_MEA,coal_adv_cfNH3,2030,2035,0.0,sv_2c_buffer_decoal
R12_MEA,coal_adv_cfNH3,2030,2040,0.0,sv_2c_buffer_decoal
R12_MEA,coal_adv_cfNH3,2030,2045,0.0,sv_2c_buffer_decoal
R12_MEA,coal_adv_cfNH3,2030,2050,0.0,sv_2c_buffer_decoal
R12_MEA,coal_adv_cfNH3,2030,2055,0.0,sv_2c_buffer_decoal
R12_MEA,coal_adv_cfNH3,2035,2035,0.0,sv_2c_buffer_decoal
R12_MEA,coal_adv_cfNH3,2035,2040,0.0,sv_2c_buffer_decoal
R12_MEA,coal_adv_cfNH3,2035,2045,0.0,sv_2c_buffer_decoal
R12_MEA,coal_adv_cfNH3,2035,2050,0.0,sv_2c_buffer_decoal
R12_MEA,coal_adv_cfNH3,2035,2055,0.0,sv_2c_buffer_decoal
R12_MEA,coal_adv_cfNH3,2035,2060,0.0,sv_2c_buffer_decoal
R12_MEA,coal_adv_cfNH3,2040,2040,0.0,sv_2c_buffer_decoal
R12_MEA,coal_adv_cfNH3,2040,2045,0.0,sv_2c_buffer_decoal
R12_MEA,coal_adv_cfNH3,2040,2050,0.0,sv_2c_buffer_decoal
R12_MEA,coal_adv_cfNH3,2040,2055,0.0,sv_2c_buffer_decoal
R12_MEA,coal_adv_cfNH3,2040,2060,0.0,sv_2c_buffer_decoal
R12_MEA,coal_adv_cfNH3,2040,2070,0.0,sv_2c_buffer_decoal
R12_MEA,coal_adv_cfNH3,2045,2045,0.0,sv_2c_buffer_decoal
R12_MEA,coal_adv_cfNH3,2045,2050,0.0,sv_2c_buffer_decoal
R12_MEA,coal_adv_cfNH3,2045,2055,0.0,sv_2c_buffer_decoal
R12_MEA,coal_adv_cfNH3,2045,2060,0.0,sv_2c_buffer_decoal
R12_MEA,coal_adv_cfNH3,2045,2070,0.0,sv_2c_buffer_decoal
R12_MEA,coal_adv_cfNH3,2050,2050,0.0,sv_2c_buffer_decoal
R12_MEA,coal_adv_cfNH3,2050,2055,0.0,sv_2c_buffer_decoal
R12_MEA,coal_adv_cfNH3,2050,2060,0.0,sv_2c_buffer_decoal
R12_MEA,coal_adv_cfNH3,2050,2070,0.0,sv_2c_buffer_decoal
R12_MEA,coal_adv_cfNH3,2050,2080,0.0,sv_2c_buffer_decoal
R12_MEA,coal_adv_cfNH3,2055,2055,0.0,sv_2c_buffer_decoal
R12_MEA,coal_adv_cfNH3,2055,2060,0.0,sv_2c_buffer_decoal
R12_MEA,coal_adv_cfNH3,2055,2070,0.0,sv_2c_buffer_decoal
R12_MEA,coal_adv_cfNH3,2055,2080,0.0,sv_2c_buffer_decoal
R12_MEA,coal_adv_cfNH3,2060,2060,0.0,sv_2c_buffer_decoal
R12_MEA,coal_adv_cfNH3,2060,2070,0.0,sv_2c_buffer_decoal
R12_MEA,coal_adv_cfNH3,2060,2080,0.0,sv_2c_buffer_decoal
R12_MEA,coal_adv_cfNH3,2060,2090,0.0,sv_2c_buffer_decoal
R12_MEA,coal_adv_cfNH3,2070,2070,0.0,sv_2c_buffer_decoal
R12_MEA,coal_adv_cfNH3,2070,2080,0.0,sv_2c_buffer_decoal
R12_MEA,coal_adv_cfNH3,2070,2090,0.0,sv_2c_buffer_decoal
R12_MEA,coal_adv_cfNH3,2080,2080,0.0,sv_2c_buffer_decoal
R12_MEA,coal_adv_cfNH3,2080,2090,0.0,sv_2c_buffer_decoal
R12_MEA,coal_adv_cfNH3,2080,2100,0.0,sv_2c_buffer_decoal
R12_MEA,coal_adv_cfNH3,2090,2090,0.0,sv_2c_buffer_decoal
R12_MEA,coal_adv_cfNH3,2090,2100,0.0,sv_2c_buffer_decoal
R12_MEA,coal_adv_cfNH3,2090,2110,0.0,sv_2c_buffer_decoal
R12_MEA,coal_adv_cfNH3,2100,2100,0.0,sv_2c_buffer_decoal
R12_MEA,coal_adv_cfNH3,2100,2110,0.0,sv_2c_buffer_decoal
R12_MEA,coal_adv_cfNH3,2110,2110,0.0,sv_2c_buffer_decoal
R12_MEA,coal_ppl_u_cfNH3,1970,1970,0.0,sv_2c_buffer_decoal
R12_MEA,coal_ppl_u_cfNH3,1970,2030,0.0,sv_2c_buffer_decoal
R12_MEA,coal_ppl_u_cfNH3,1975,1975,0.0,sv_2c_buffer_decoal
R12_MEA,coal_ppl_u_cfNH3,1975,2030,0.0,sv_2c_buffer_decoal
R12_MEA,coal_ppl_u_cfNH3,1980,1980,0.0,sv_2c_buffer_decoal
R12_MEA,coal_ppl_u_cfNH3,1980,2030,0.0,sv_2c_buffer_decoal
R12_MEA,coal_ppl_u_cfNH3,1980,2035,0.0,sv_2c_buffer_decoal
R12_MEA,coal_ppl_u_cfNH3,1985,1985,0.0,sv_2c_buffer_decoal
R12_MEA,coal_ppl_u_cfNH3,1985,2030,0.0,sv_2c_buffer_decoal
R12_MEA,coal_ppl_u_cfNH3,1985,2035,0.0,sv_2c_buffer_decoal
R12_MEA,coal_ppl_u_cfNH3,1990,1990,0.0,sv_2c_buffer_decoal
R12_MEA,coal_ppl_u_cfNH3,1990,2030,0.0,sv_2c_buffer_decoal
R12_MEA,coal_ppl_u_cfNH3,1990,2035,0.0,sv_2c_buffer_decoal
R12_MEA,coal_ppl_u_cfNH3,1990,2040,0.0,sv_2c_buffer_decoal
R12_MEA,coal_ppl_u_cfNH3,1995,1995,0.0,sv_2c_buffer_decoal
R12_MEA,coal_ppl_u_cfNH3,1995,2030,0.0,sv_2c_buffer_decoal
R12_MEA,coal_ppl_u_cfNH3,1995,2035,0.0,sv_2c_buffer_decoal
R12_MEA,coal_ppl_u_cfNH3,1995,2040,0.0,sv_2c_buffer_decoal
R12_MEA,coal_ppl_u_cfNH3,2000,2000,0.0,sv_2c_buffer_decoal
R12_MEA,coal_ppl_u_cfNH3,2000,2030,0.0,sv_2c_buffer_decoal
R12_MEA,coal_ppl_u_cfNH3,2000,2035,0.0,sv_2c_buffer_decoal
R12_MEA,coal_ppl_u_cfNH3,2000,2040,0.0,sv_2c_buffer_decoal
R12_MEA,coal_ppl_u_cfNH3,2000,2045,0.0,sv_2c_buffer_decoal
R12_MEA,coal_ppl_u_cfNH3,2005,2005,0.0,sv_2c_buffer_decoal
R12_MEA,coal_ppl_u_cfNH3,2005,2030,0.0,sv_2c_buffer_decoal
R12_MEA,coal_ppl_u_cfNH3,2005,2035,0.0,sv_2c_buffer_decoal
R12_MEA,coal_ppl_u_cfNH3,2005,2040,0.0,sv_2c_buffer_decoal
R12_MEA,coal_ppl_u_cfNH3,2005,2045,0.0,sv_2c_buffer_decoal
R12_MEA,coal_ppl_u_cfNH3,2010,2010,0.0,sv_2c_buffer_decoal
R12_MEA,coal_ppl_u_cfNH3,2010,2030,0.0,sv_2c_buffer_decoal
R12_MEA,coal_ppl_u_cfNH3,2010,2035,0.0,sv_2c_buffer_decoal
R12_MEA,coal_ppl_u_cfNH3,2010,2040,0.0,sv_2c_buffer_decoal
R12_MEA,coal_ppl_u_cfNH3,2010,2045,0.0,sv_2c_buffer_decoal
R12_MEA,coal_ppl_u_cfNH3,2010,2050,0.0,sv_2c_buffer_decoal
R12_MEA,coal_ppl_u_cfNH3,2015,2015,0.0,sv_2c_buffer_decoal
R12_MEA,coal_ppl_u_cfNH3,2015,2030,0.0,sv_2c_buffer_decoal
R12_MEA,coal_ppl_u_cfNH3,2015,2035,0.0,sv_2c_buffer_decoal
R12_MEA,coal_ppl_u_cfNH3,2015,2040,0.0,sv_2c_buffer_decoal
R12_MEA,coal_ppl_u_cfNH3,2015,2045,0.0,sv_2c_buffer_decoal
R12_MEA,coal_ppl_u_cfNH3,2020,2020,0.0,sv_2c_buffer_decoal
R12_MEA,coal_ppl_u_cfNH3,2020,2030,0.0,sv_2c_buffer_decoal
R12_MEA,coal_ppl_u_cfNH3,2020,2035,0.0,sv_2c_buffer_decoal
R12_MEA,coal_ppl_u_cfNH3,2020,2040,0.0,sv_2c_buffer_decoal
R12_MEA,coal_ppl_u_cfNH3,2020,2045,0.0,sv_2c_buffer_decoal
R12_MEA,coal_ppl_u_cfNH3,2025,2025,0.0,sv_2c_buffer_decoal
R12_MEA,coal_ppl_u_cfNH3,2025,2030,0.0,sv_2c_buffer_decoal
R12_MEA,coal_ppl_u_cfNH3,2025,2035,0.0,sv_2c_buffer_decoal
R12_MEA,coal_ppl_u_cfNH3,2025,2040,0.0,sv_2c_buffer_decoal
R12_MEA,coal_ppl_u_cfNH3,2025,2045,0.0,sv_2c_buffer_decoal
R12_MEA,coal_ppl_u_cfNH3,2025,2050,0.0,sv_2c_buffer_decoal
R12_MEA,coal_ppl_u_cfNH3,2030,2030,0.0,sv_2c_buffer_decoal
R12_MEA,coal_ppl_u_cfNH3,2030,2035,0.0,sv_2c_buffer_decoal
R12_MEA,coal_ppl_u_cfNH3,2030,2040,0.0,sv_2c_buffer_decoal
R12_MEA,coal_ppl_u_cfNH3,2030,2045,0.0,sv_2c_buffer_decoal
R12_MEA,coal_ppl_u_cfNH3,2030,2050,0.0,sv_2c_buffer_decoal
R12_MEA,coal_ppl_u_cfNH3,2030,2055,0.0,sv_2c_buffer_decoal
R12_MEA,coal_ppl_u_cfNH3,2035,2035,0.0,sv_2c_buffer_decoal
R12_MEA,coal_ppl_u_cfNH3,2035,2040,0.0,sv_2c_buffer_decoal
R12_MEA,coal_ppl_u_cfNH3,2035,2045,0.0,sv_2c_buffer_decoal
R12_MEA,coal_ppl_u_cfNH3,2035,2050,0.0,sv_2c_buffer_decoal
R12_MEA,coal_ppl_u_cfNH3,2035,2055,0.0,sv_2c_buffer_decoal
R12_MEA,coal_ppl_u_cfNH3,2035,2060,0.0,sv_2c_buffer_decoal
R12_MEA,coal_ppl_u_cfNH3,2040,2040,0.0,sv_2c_buffer_decoal
R12_MEA,coal_ppl_u_cfNH3,2040,2045,0.0,sv_2c_buffer_decoal
R12_MEA,coal_ppl_u_cfNH3,2040,2050,0.0,sv_2c_buffer_decoal
R12_MEA,coal_ppl_u_cfNH3,2040,2055,0.0,sv_2c_buffer_decoal
R12_MEA,coal_ppl_u_cfNH3,2040,2060,0.0,sv_2c_buffer_decoal
R12_MEA,coal_ppl_u_cfNH3,2040,2070,0.0,sv_2c_buffer_decoal
R12_MEA,coal_ppl_u_cfNH3,2045,2045,0.0,sv_2c_buffer_decoal
R12_MEA,coal_ppl_u_cfNH3,2045,2050,0.0,sv_2c_buffer_decoal
R12_MEA,coal_ppl_u_cfNH3,2045,2055,0.0,sv_2c_buffer_decoal
R12_MEA,coal_ppl_u_cfNH3,2045,2060,0.0,sv_2c_buffer_decoal
R12_MEA,coal_ppl_u_cfNH3,2045,2070,0.0,sv_2c_buffer_decoal
R12_MEA,coal_ppl_u_cfNH3,2050,2050,0.0,sv_2c_buffer_decoal
R12_MEA,coal_ppl_u_cfNH3,2050,2055,0.0,sv_2c_buffer_decoal
R12_MEA,coal_ppl_u_cfNH3,2050,2060,0.0,sv_2c_buffer_decoal
R12_MEA,coal_ppl_u_cfNH3,2050,2070,0.0,sv_2c_buffer_decoal
R12_MEA,coal_ppl_u_cfNH3,2050,2080,0.0,sv_2c_buffer_decoal
R12_MEA,coal_ppl_u_cfNH3,2055,2055,0.0,sv_2c_buffer_decoal
R12_MEA,coal_ppl_u_cfNH3,2055,2060,0.0,sv_2c_buffer_decoal
R12_MEA,coal_ppl_u_cfNH3,2055,2070,0.0,sv_2c_buffer_decoal
R12_MEA,coal_ppl_u_cfNH3,2055,2080,0.0,sv_2c_buffer_decoal
R12_MEA,coal_ppl_u_cfNH3,2060,2060,0.0,sv_2c_buffer_decoal
R12_MEA,coal_ppl_u_cfNH3,2060,2070,0.0,sv_2c_buffer_decoal
R12_MEA,coal_ppl_u_cfNH3,2060,2080,0.0,sv_2c_buffer_decoal
R12_MEA,coal_ppl_u_cfNH3,2060,2090,0.0,sv_2c_buffer_decoal
R12_MEA,coal_ppl_u_cfNH3,2070,2070,0.0,sv_2c_buffer_decoal
R12_MEA,coal_ppl_u_cfNH3,2070,2080,0.0,sv_2c_buffer_decoal
R12_MEA,coal_ppl_u_cfNH3,2070,2090,0.0,sv_2c_buffer_decoal
R12_MEA,coal_ppl_u_cfNH3,2080,2080,0.0,sv_2c_buffer_decoal
R12_MEA,coal_ppl_u_cfNH3,2080,2090,0.0,sv_2c_buffer_decoal
R12_MEA,coal_ppl_u_cfNH3,2080,2100,0.0,sv_2c_buffer_decoal
R12_MEA,coal_ppl_u_cfNH3,2090,2090,0.0,sv_2c_buffer_decoal
R12_MEA,coal_ppl_u_cfNH3,2090,2100,0.0,sv_2c_buffer_decoal
R12_MEA,coal_ppl_u_cfNH3,2090,2110,0.0,sv_2c_buffer_decoal
R12_MEA,coal_ppl_u_cfNH3,2100,2100,0.0,sv_2c_buffer_decoal
R12_MEA,coal_ppl_u_cfNH3,2100,2110,0.0,sv_2c_buffer_decoal
R12_MEA,coal_ppl_u_cfNH3,2110,2110,0.0,sv_2c_buffer_decoal
R12_MEA,coal_ppl_cfNH3,1990,1990,0.0,sv_2c_buffer_decoal
R12_MEA,coal_ppl_cfNH3,1990,2030,0.0,sv_2c_buffer_decoal
R12_MEA,coal_ppl_cfNH3,1995,1995,0.0,sv_2c_buffer_decoal
R12_MEA,coal_ppl_cfNH3,1995,2030,0.0,sv_2c_buffer_decoal
R12_MEA,coal_ppl_cfNH3,2000,2000,0.0,sv_2c_buffer_decoal
R12_MEA,coal_ppl_cfNH3,2000,2030,0.0,sv_2c_buffer_decoal
R12_MEA,coal_ppl_cfNH3,2000,2035,0.0,sv_2c_buffer_decoal
R12_MEA,coal_ppl_cfNH3,2005,2005,0.0,sv_2c_buffer_decoal
R12_MEA,coal_ppl_cfNH3,2005,2030,0.0,sv_2c_buffer_decoal
R12_MEA,coal_ppl_cfNH3,2005,2035,0.0,sv_2c_buffer_decoal
R12_MEA,coal_ppl_cfNH3,2010,2010,0.0,sv_2c_buffer_decoal
R12_MEA,coal_ppl_cfNH3,2010,2030,0.0,sv_2c_buffer_decoal
R12_MEA,coal_ppl_cfNH3,2010,2035,0.0,sv_2c_buffer_decoal
R12_MEA,coal_ppl_cfNH3,2010,2040,0.0,sv_2c_buffer_decoal
R12_MEA,coal_ppl_cfNH3,2015,2015,0.0,sv_2c_buffer_decoal
R12_MEA,coal_ppl_cfNH3,2015,2030,0.0,sv_2c_buffer_decoal
R12_MEA,coal_ppl_cfNH3,2015,2035,0.0,sv_2c_buffer_decoal
R12_MEA,coal_ppl_cfNH3,2015,2040,0.0,sv_2c_buffer_decoal
R12_MEA,coal_ppl_cfNH3,2020,2020,0.0,sv_2c_buffer_decoal
R12_MEA,coal_ppl_cfNH3,2020,2030,0.0,sv_2c_buffer_decoal
R12_MEA,coal_ppl_cfNH3,2020,2035,0.0,sv_2c_buffer_decoal
R12_MEA,coal_ppl_cfNH3,2020,2040,0.0,sv_2c_buffer_decoal
R12_MEA,coal_ppl_cfNH3,2020,2045,0.0,sv_2c_buffer_decoal
R12_MEA,coal_ppl_cfNH3,2025,2025,0.0,sv_2c_buffer_decoal
R12_MEA,coal_ppl_cfNH3,2025,2030,0.0,sv_2c_buffer_decoal
R12_MEA,coal_ppl_cfNH3,2025,2035,0.0,sv_2c_buffer_decoal
R12_MEA,coal_ppl_cfNH3,2025,2040,0.0,sv_2c_buffer_decoal
R12_MEA,coal_ppl_cfNH3,2025,2045,0.0,sv_2c_buffer_decoal
R12_MEA,coal_ppl_cfNH3,2025,2050,0.0,sv_2c_buffer_decoal
R12_MEA,coal_ppl_cfNH3,2030,2030,0.0,sv_2c_buffer_decoal
R12_MEA,coal_ppl_cfNH3,2030,2035,0.0,sv_2c_buffer_decoal
R12_MEA,coal_ppl_cfNH3,2030,2040,0.0,sv_2c_buffer_decoal
R12_MEA,coal_ppl_cfNH3,2030,2045,0.0,sv_2c_buffer_decoal
R12_MEA,coal_ppl_cfNH3,2030,2050,0.0,sv_2c_buffer_decoal
R12_MEA,coal_ppl_cfNH3,2030,2055,0.0,sv_2c_buffer_decoal
R12_MEA,coal_ppl_cfNH3,2035,2035,0.0,sv_2c_buffer_decoal
R12_MEA,coal_ppl_cfNH3,2035,2040,0.0,sv_2c_buffer_decoal
R12_MEA,coal_ppl_cfNH3,2035,2045,0.0,sv_2c_buffer_decoal
R12_MEA,coal_ppl_cfNH3,2035,2050,0.0,sv_2c_buffer_decoal
R12_MEA,coal_ppl_cfNH3,2035,2055,0.0,sv_2c_buffer_decoal
R12_MEA,coal_ppl_cfNH3,2035,2060,0.0,sv_2c_buffer_decoal
R12_MEA,coal_ppl_cfNH3,2040,2040,0.0,sv_2c_buffer_decoal
R12_MEA,coal_ppl_cfNH3,2040,2045,0.0,sv_2c_buffer_decoal
R12_MEA,coal_ppl_cfNH3,2040,2050,0.0,sv_2c_buffer_decoal
R12_MEA,coal_ppl_cfNH3,2040,2055,0.0,sv_2c_buffer_decoal
R12_MEA,coal_ppl_cfNH3,2040,2060,0.0,sv_2c_buffer_decoal
R12_MEA,coal_ppl_cfNH3,2040,2070,0.0,sv_2c_buffer_decoal
R12_MEA,coal_ppl_cfNH3,2045,2045,0.0,sv_2c_buffer_decoal
R12_MEA,coal_ppl_cfNH3,2045,2050,0.0,sv_2c_buffer_decoal
R12_MEA,coal_ppl_cfNH3,2045,2055,0.0,sv_2c_buffer_decoal
R12_MEA,coal_ppl_cfNH3,2045,2060,0.0,sv_2c_buffer_decoal
R12_MEA,coal_ppl_cfNH3,2045,2070,0.0,sv_2c_buffer_decoal
R12_MEA,coal_ppl_cfNH3,2050,2050,0.0,sv_2c_buffer_decoal
R12_MEA,coal_ppl_cfNH3,2050,2055,0.0,sv_2c_buffer_decoal
R12_MEA,coal_ppl_cfNH3,2050,2060,0.0,sv_2c_buffer_decoal
R12_MEA,coal_ppl_cfNH3,2050,2070,0.0,sv_2c_buffer_decoal
R12_MEA,coal_ppl_cfNH3,2050,2080,0.0,sv_2c_buffer_decoal
R12_MEA,coal_ppl_cfNH3,2055,2055,0.0,sv_2c_buffer_decoal
R12_MEA,coal_ppl_cfNH3,2055,2060,0.0,sv_2c_buffer_decoal
R12_MEA,coal_ppl_cfNH3,2055,2070,0.0,sv_2c_buffer_decoal
R12_MEA,coal_ppl_cfNH3,2055,2080,0.0,sv_2c_buffer_decoal
R12_MEA,coal_ppl_cfNH3,2060,2060,0.0,sv_2c_buffer_decoal
R12_MEA,coal_ppl_cfNH3,2060,2070,0.0,sv_2c_buffer_decoal
R12_MEA,coal_ppl_cfNH3,2060,2080,0.0,sv_2c_buffer_decoal
R12_MEA,coal_ppl_cfNH3,2060,2090,0.0,sv_2c_buffer_decoal
R12_MEA,coal_ppl_cfNH3,2070,2070,0.0,sv_2c_buffer_decoal
R12_MEA,coal_ppl_cfNH3,2070,2080,0.0,sv_2c_buffer_decoal
R12_MEA,coal_ppl_cfNH3,2070,2090,0.0,sv_2c_buffer_decoal
R12_MEA,coal_ppl_cfNH3,2080,2080,0.0,sv_2c_buffer_decoal
R12_MEA,coal_ppl_cfNH3,2080,2090,0.0,sv_2c_buffer_decoal
R12_MEA,coal_ppl_cfNH3,2080,2100,0.0,sv_2c_buffer_decoal
R12_MEA,coal_ppl_cfNH3,2090,2090,0.0,sv_2c_buffer_decoal
R12_MEA,coal_ppl_cfNH3,2090,2100,0.0,sv_2c_buffer_decoal
R12_MEA,coal_ppl_cfNH3,2090,2110,0.0,sv_2c_buffer_decoal
R12_MEA,coal_ppl_cfNH3,2100,2100,0.0,sv_2c_buffer_decoal
R12_MEA,coal_ppl_cfNH3,2100,2110,0.0,sv_2c_buffer_decoal
R12_MEA,coal_ppl_cfNH3,2110,2110,0.0,sv_2c_buffer_decoal
R12_MEA,coal_adv_cfbio,2010,2010,0.0,sv_2c_buffer_decoal
R12_MEA,coal_adv_cfbio,2010,2030,0.0,sv_2c_buffer_decoal
R12_MEA,coal_adv_cfbio,2010,2035,0.0,sv_2c_buffer_decoal
R12_MEA,coal_adv_cfbio,2015,2015,0.0,sv_2c_buffer_decoal
R12_MEA,coal_adv_cfbio,2015,2030,0.0,sv_2c_buffer_decoal
R12_MEA,coal_adv_cfbio,2015,2035,0.0,sv_2c_buffer_decoal
R12_MEA,coal_adv_cfbio,2015,2040,0.0,sv_2c_buffer_decoal
R12_MEA,coal_adv_cfbio,2020,2020,0.0,sv_2c_buffer_decoal
R12_MEA,coal_adv_cfbio,2020,2030,0.0,sv_2c_buffer_decoal
R12_MEA,coal_adv_cfbio,2020,2035,0.0,sv_2c_buffer_decoal
R12_MEA,coal_adv_cfbio,2020,2040,0.0,sv_2c_buffer_decoal
R12_MEA,coal_adv_cfbio,2020,2045,0.0,sv_2c_buffer_decoal
R12_MEA,coal_adv_cfbio,2025,2025,0.0,sv_2c_buffer_decoal
R12_MEA,coal_adv_cfbio,2025,2030,0.0,sv_2c_buffer_decoal
R12_MEA,coal_adv_cfbio,2025,2035,0.0,sv_2c_buffer_decoal
R12_MEA,coal_adv_cfbio,2025,2040,0.0,sv_2c_buffer_decoal
R12_MEA,coal_adv_cfbio,2025,2045,0.0,sv_2c_buffer_decoal
R12_MEA,coal_adv_cfbio,2025,2050,0.0,sv_2c_buffer_decoal
R12_MEA,coal_adv_cfbio,2030,2030,0.0,sv_2c_buffer_decoal
R12_MEA,coal_adv_cfbio,2030,2035,0.0,sv_2c_buffer_decoal
R12_MEA,coal_adv_cfbio,2030,2040,0.0,sv_2c_buffer_decoal
R12_MEA,coal_adv_cfbio,2030,2045,0.0,sv_2c_buffer_decoal
R12_MEA,coal_adv_cfbio,2030,2050,0.0,sv_2c_buffer_decoal
R12_MEA,coal_adv_cfbio,2030,2055,0.0,sv_2c_buffer_decoal
R12_MEA,coal_adv_cfbio,2035,2035,0.0,sv_2c_buffer_decoal
R12_MEA,coal_adv_cfbio,2035,2040,0.0,sv_2c_buffer_decoal
R12_MEA,coal_adv_cfbio,2035,2045,0.0,sv_2c_buffer_decoal
R12_MEA,coal_adv_cfbio,2035,2050,0.0,sv_2c_buffer_decoal
R12_MEA,coal_adv_cfbio,2035,2055,0.0,sv_2c_buffer_decoal
R12_MEA,coal_adv_cfbio,2035,2060,0.0,sv_2c_buffer_decoal
R12_MEA,coal_adv_cfbio,2040,2040,0.0,sv_2c_buffer_decoal
R12_MEA,coal_adv_cfbio,2040,2045,0.0,sv_2c_buffer_decoal
R12_MEA,coal_adv_cfbio,2040,2050,0.0,sv_2c_buffer_decoal
R12_MEA,coal_adv_cfbio,2040,2055,0.0,sv_2c_buffer_decoal
R12_MEA,coal_adv_cfbio,2040,2060,0.0,sv_2c_buffer_decoal
R12_MEA,coal_adv_cfbio,2040,2070,0.0,sv_2c_buffer_decoal
R12_MEA,coal_adv_cfbio,2045,2045,0.0,sv_2c_buffer_decoal
R12_MEA,coal_adv_cfbio,2045,2050,0.0,sv_2c_buffer_decoal
R12_MEA,coal_adv_cfbio,2045,2055,0.0,sv_2c_buffer_decoal
R12_MEA,coal_adv_cfbio,2045,2060,0.0,sv_2c_buffer_decoal
R12_MEA,coal_adv_cfbio,2045,2070,0.0,sv_2c_buffer_decoal
R12_MEA,coal_adv_cfbio,2050,2050,0.0,sv_2c_buffer_decoal
R12_MEA,coal_adv_cfbio,2050,2055,0.0,sv_2c_buffer_decoal
R12_MEA,coal_adv_cfbio,2050,2060,0.0,sv_2c_buffer_decoal
R12_MEA,coal_adv_cfbio,2050,2070,0.0,sv_2c_buffer_decoal
R12_MEA,coal_adv_cfbio,2050,2080,0.0,sv_2c_buffer_decoal
R12_MEA,coal_adv_cfbio,2055,2055,0.0,sv_2c_buffer_decoal
R12_MEA,coal_adv_cfbio,2055,2060,0.0,sv_2c_buffer_decoal
R12_MEA,coal_adv_cfbio,2055,2070,0.0,sv_2c_buffer_decoal
R12_MEA,coal_adv_cfbio,2055,2080,0.0,sv_2c_buffer_decoal
R12_MEA,coal_adv_cfbio,2060,2060,0.0,sv_2c_buffer_decoal
R12_MEA,coal_adv_cfbio,2060,2070,0.0,sv_2c_buffer_decoal
R12_MEA,coal_adv_cfbio,2060,2080,0.0,sv_2c_buffer_decoal
R12_MEA,coal_adv_cfbio,2060,2090,0.0,sv_2c_buffer_decoal
R12_MEA,coal_adv_cfbio,2070,2070,0.0,sv_2c_buffer_decoal
R12_MEA,coal_adv_cfbio,2070,2080,0.0,sv_2c_buffer_decoal
R12_MEA,coal_adv_cfbio,2070,2090,0.0,sv_2c_buffer_decoal
R12_MEA,coal_adv_cfbio,2080,2080,0.0,sv_2c_buffer_decoal
R12_MEA,coal_adv_cfbio,2080,2090,0.0,sv_2c_buffer_decoal
R12_MEA,coal_adv_cfbio,2080,2100,0.0,sv_2c_buffer_decoal
R12_MEA,coal_adv_cfbio,2090,2090,0.0,sv_2c_buffer_decoal
R12_MEA,coal_adv_cfbio,2090,2100,0.0,sv_2c_buffer_decoal
R12_MEA,coal_adv_cfbio,2090,2110,0.0,sv_2c_buffer_decoal
R12_MEA,coal_adv_cfbio,2100,2100,0.0,sv_2c_buffer_decoal
R12_MEA,coal_adv_cfbio,2100,2110,0.0,sv_2c_buffer_decoal
R12_MEA,coal_adv_cfbio,2110,2110,0.0,sv_2c_buffer_decoal
R12_MEA,coal_ppl_u_cfbio,2010,2010,0.0,sv_2c_buffer_decoal
R12_MEA,coal_ppl_u_cfbio,2010,2030,0.0,sv_2c_buffer_decoal
R12_MEA,coal_ppl_u_cfbio,2010,2035,0.0,sv_2c_buffer_decoal
R12_MEA,coal_ppl_u_cfbio,2010,2040,0.0,sv_2c_buffer_decoal
R12_MEA,coal_ppl_u_cfbio,2010,2045,0.0,sv_2c_buffer_decoal
R12_MEA,coal_ppl_u_cfbio,2010,2050,0.0,sv_2c_buffer_decoal
R12_MEA,coal_ppl_u_cfbio,2015,2015,0.0,sv_2c_buffer_decoal
R12_MEA,coal_ppl_u_cfbio,2015,2030,0.0,sv_2c_buffer_decoal
R12_MEA,coal_ppl_u_cfbio,2015,2035,0.0,sv_2c_buffer_decoal
R12_MEA,coal_ppl_u_cfbio,2015,2040,0.0,sv_2c_buffer_decoal
R12_MEA,coal_ppl_u_cfbio,2015,2045,0.0,sv_2c_buffer_decoal
R12_MEA,coal_ppl_u_cfbio,2020,2020,0.0,sv_2c_buffer_decoal
R12_MEA,coal_ppl_u_cfbio,2020,2030,0.0,sv_2c_buffer_decoal
R12_MEA,coal_ppl_u_cfbio,2020,2035,0.0,sv_2c_buffer_decoal
R12_MEA,coal_ppl_u_cfbio,2020,2040,0.0,sv_2c_buffer_decoal
R12_MEA,coal_ppl_u_cfbio,2020,2045,0.0,sv_2c_buffer_decoal
R12_MEA,coal_ppl_u_cfbio,2025,2025,0.0,sv_2c_buffer_decoal
R12_MEA,coal_ppl_u_cfbio,2025,2030,0.0,sv_2c_buffer_decoal
R12_MEA,coal_ppl_u_cfbio,2025,2035,0.0,sv_2c_buffer_decoal
R12_MEA,coal_ppl_u_cfbio,2025,2040,0.0,sv_2c_buffer_decoal
R12_MEA,coal_ppl_u_cfbio,2025,2045,0.0,sv_2c_buffer_decoal
R12_MEA,coal_ppl_u_cfbio,2025,2050,0.0,sv_2c_buffer_decoal
R12_MEA,coal_ppl_u_cfbio,2030,2030,0.0,sv_2c_buffer_decoal
R12_MEA,coal_ppl_u_cfbio,2030,2035,0.0,sv_2c_buffer_decoal
R12_MEA,coal_ppl_u_cfbio,2030,2040,0.0,sv_2c_buffer_decoal
R12_MEA,coal_ppl_u_cfbio,2030,2045,0.0,sv_2c_buffer_decoal
R12_MEA,coal_ppl_u_cfbio,2030,2050,0.0,sv_2c_buffer_decoal
R12_MEA,coal_ppl_u_cfbio,2030,2055,0.0,sv_2c_buffer_decoal
R12_MEA,coal_ppl_u_cfbio,2035,2035,0.0,sv_2c_buffer_decoal
R12_MEA,coal_ppl_u_cfbio,2035,2040,0.0,sv_2c_buffer_decoal
R12_MEA,coal_ppl_u_cfbio,2035,2045,0.0,sv_2c_buffer_decoal
R12_MEA,coal_ppl_u_cfbio,2035,2050,0.0,sv_2c_buffer_decoal
R12_MEA,coal_ppl_u_cfbio,2035,2055,0.0,sv_2c_buffer_decoal
R12_MEA,coal_ppl_u_cfbio,2035,2060,0.0,sv_2c_buffer_decoal
R12_MEA,coal_ppl_u_cfbio,2040,2040,0.0,sv_2c_buffer_decoal
R12_MEA,coal_ppl_u_cfbio,2040,2045,0.0,sv_2c_buffer_decoal
R12_MEA,coal_ppl_u_cfbio,2040,2050,0.0,sv_2c_buffer_decoal
R12_MEA,coal_ppl_u_cfbio,2040,2055,0.0,sv_2c_buffer_decoal
R12_MEA,coal_ppl_u_cfbio,2040,2060,0.0,sv_2c_buffer_decoal
R12_MEA,coal_ppl_u_cfbio,2040,2070,0.0,sv_2c_buffer_decoal
R12_MEA,coal_ppl_u_cfbio,2045,2045,0.0,sv_2c_buffer_decoal
R12_MEA,coal_ppl_u_cfbio,2045,2050,0.0,sv_2c_buffer_decoal
R12_MEA,coal_ppl_u_cfbio,2045,2055,0.0,sv_2c_buffer_decoal
R12_MEA,coal_ppl_u_cfbio,2045,2060,0.0,sv_2c_buffer_decoal
R12_MEA,coal_ppl_u_cfbio,2045,2070,0.0,sv_2c_buffer_decoal
R12_MEA,coal_ppl_u_cfbio,2050,2050,0.0,sv_2c_buffer_decoal
R12_MEA,coal_ppl_u_cfbio,2050,2055,0.0,sv_2c_buffer_decoal
R12_MEA,coal_ppl_u_cfbio,2050,2060,0.0,sv_2c_buffer_decoal
R12_MEA,coal_ppl_u_cfbio,2050,2070,0.0,sv_2c_buffer_decoal
R12_MEA,coal_ppl_u_cfbio,2050,2080,0.0,sv_2c_buffer_decoal
R12_MEA,coal_ppl_u_cfbio,2055,2055,0.0,sv_2c_buffer_decoal
R12_MEA,coal_ppl_u_cfbio,2055,2060,0.0,sv_2c_buffer_decoal
R12_MEA,coal_ppl_u_cfbio,2055,2070,0.0,sv_2c_buffer_decoal
R12_MEA,coal_ppl_u_cfbio,2055,2080,0.0,sv_2c_buffer_decoal
R12_MEA,coal_ppl_u_cfbio,2060,2060,0.0,sv_2c_buffer_decoal
R12_MEA,coal_ppl_u_cfbio,2060,2070,0.0,sv_2c_buffer_decoal
R12_MEA,coal_ppl_u_cfbio,2060,2080,0.0,sv_2c_buffer_decoal
R12_MEA,coal_ppl_u_cfbio,2060,2090,0.0,sv_2c_buffer_decoal
R12_MEA,coal_ppl_u_cfbio,2070,2070,0.0,sv_2c_buffer_decoal
R12_MEA,coal_ppl_u_cfbio,2070,2080,0.0,sv_2c_buffer_decoal
R12_MEA,coal_ppl_u_cfbio,2070,2090,0.0,sv_2c_buffer_decoal
R12_MEA,coal_ppl_u_cfbio,2080,2080,0.0,sv_2c_buffer_decoal
R12_MEA,coal_ppl_u_cfbio,2080,2090,0.0,sv_2c_buffer_decoal
R12_MEA,coal_ppl_u_cfbio,2080,2100,0.0,sv_2c_buffer_decoal
R12_MEA,coal_ppl_u_cfbio,2090,2090,0.0,sv_2c_buffer_decoal
R12_MEA,coal_ppl_u_cfbio,2090,2100,0.0,sv_2c_buffer_decoal
R12_MEA,coal_ppl_u_cfbio,2090,2110,0.0,sv_2c_buffer_decoal
R12_MEA,coal_ppl_u_cfbio,2100,2100,0.0,sv_2c_buffer_decoal
R12_MEA,coal_ppl_u_cfbio,2100,2110,0.0,sv_2c_buffer_decoal
R12_MEA,coal_ppl_u_cfbio,2110,2110,0.0,sv_2c_buffer_decoal
R12_MEA,coal_ppl_cfbio,2010,2010,0.0,sv_2c_buffer_decoal
R12_MEA,coal_ppl_cfbio,2010,2030,0.0,sv_2c_buffer_decoal
R12_MEA,coal_ppl_cfbio,2010,2035,0.0,sv_2c_buffer_decoal
R12_MEA,coal_ppl_cfbio,2010,2040,0.0,sv_2c_buffer_decoal
R12_MEA,coal_ppl_cfbio,2015,2015,0.0,sv_2c_buffer_decoal
R12_MEA,coal_ppl_cfbio,2015,2030,0.0,sv_2c_buffer_decoal
R12_MEA,coal_ppl_cfbio,2015,2035,0.0,sv_2c_buffer_decoal
R12_MEA,coal_ppl_cfbio,2015,2040,0.0,sv_2c_buffer_decoal
R12_MEA,coal_ppl_cfbio,2020,2020,0.0,sv_2c_buffer_decoal
R12_MEA,coal_ppl_cfbio,2020,2030,0.0,sv_2c_buffer_decoal
R12_MEA,coal_ppl_cfbio,2020,2035,0.0,sv_2c_buffer_decoal
R12_MEA,coal_ppl_cfbio,2020,2040,0.0,sv_2c_buffer_decoal
R12_MEA,coal_ppl_cfbio,2020,2045,0.0,sv_2c_buffer_decoal
R12_MEA,coal_ppl_cfbio,2025,2025,0.0,sv_2c_buffer_decoal
R12_MEA,coal_ppl_cfbio,2025,2030,0.0,sv_2c_buffer_decoal
R12_MEA,coal_ppl_cfbio,2025,2035,0.0,sv_2c_buffer_decoal
R12_MEA,coal_ppl_cfbio,2025,2040,0.0,sv_2c_buffer_decoal
R12_MEA,coal_ppl_cfbio,2025,2045,0.0,sv_2c_buffer_decoal
R12_MEA,coal_ppl_cfbio,2025,2050,0.0,sv_2c_buffer_decoal
R12_MEA,coal_ppl_cfbio,2030,2030,0.0,sv_2c_buffer_decoal
R12_MEA,coal_ppl_cfbio,2030,2035,0.0,sv_2c_buffer_decoal
R12_MEA,coal_ppl_cfbio,2030,2040,0.0,sv_2c_buffer_decoal
R12_MEA,coal_ppl_cfbio,2030,2045,0.0,sv_2c_buffer_decoal
R12_MEA,coal_ppl_cfbio,2030,2050,0.0,sv_2c_buffer_decoal
R12_MEA,coal_ppl_cfbio,2030,2055,0.0,sv_2c_buffer_decoal
R12_MEA,coal_ppl_cfbio,2035,2035,0.0,sv_2c_buffer_decoal
R12_MEA,coal_ppl_cfbio,2035,2040,0.0,sv_2c_buffer_decoal
R12_MEA,coal_ppl_cfbio,2035,2045,0.0,sv_2c_buffer_decoal
R12_MEA,coal_ppl_cfbio,2035,2050,0.0,sv_2c_buffer_decoal
R12_MEA,coal_ppl_cfbio,2035,2055,0.0,sv_2c_buffer_decoal
R12_MEA,coal_ppl_cfbio,2035,2060,0.0,sv_2c_buffer_decoal
R12_MEA,coal_ppl_cfbio,2040,2040,0.0,sv_2c_buffer_decoal
R12_MEA,coal_ppl_cfbio,2040,2045,0.0,sv_2c_buffer_decoal
R12_MEA,coal_ppl_cfbio,2040,2050,0.0,sv_2c_buffer_decoal
R12_MEA,coal_ppl_cfbio,2040,2055,0.0,sv_2c_buffer_decoal
R12_MEA,coal_ppl_cfbio,2040,2060,0.0,sv_2c_buffer_decoal
R12_MEA,coal_ppl_cfbio,2040,2070,0.0,sv_2c_buffer_decoal
R12_MEA,coal_ppl_cfbio,2045,2045,0.0,sv_2c_buffer_decoal
R12_MEA,coal_ppl_cfbio,2045,2050,0.0,sv_2c_buffer_decoal
R12_MEA,coal_ppl_cfbio,2045,2055,0.0,sv_2c_buffer_decoal
R12_MEA,coal_ppl_cfbio,2045,2060,0.0,sv_2c_buffer_decoal
R12_MEA,coal_ppl_cfbio,2045,2070,0.0,sv_2c_buffer_decoal
R12_MEA,coal_ppl_cfbio,2050,2050,0.0,sv_2c_buffer_decoal
R12_MEA,coal_ppl_cfbio,2050,2055,0.0,sv_2c_buffer_decoal
R12_MEA,coal_ppl_cfbio,2050,2060,0.0,sv_2c_buffer_decoal
R12_MEA,coal_ppl_cfbio,2050,2070,0.0,sv_2c_buffer_decoal
R12_MEA,coal_ppl_cfbio,2050,2080,0.0,sv_2c_buffer_decoal
R12_MEA,coal_ppl_cfbio,2055,2055,0.0,sv_2c_buffer_decoal
R12_MEA,coal_ppl_cfbio,2055,2060,0.0,sv_2c_buffer_decoal
R12_MEA,coal_ppl_cfbio,2055,2070,0.0,sv_2c_buffer_decoal
R12_MEA,coal_ppl_cfbio,2055,2080,0.0,sv_2c_buffer_decoal
R12_MEA,coal_ppl_cfbio,2060,2060,0.0,sv_2c_buffer_decoal
R12_MEA,coal_ppl_cfbio,2060,2070,0.0,sv_2c_buffer_decoal
R12_MEA,coal_ppl_cfbio,2060,2080,0.0,sv_2c_buffer_decoal
R12_MEA,coal_ppl_cfbio,2060,2090,0.0,sv_2c_buffer_decoal
R12_MEA,coal_ppl_cfbio,2070,2070,0.0,sv_2c_buffer_decoal
R12_MEA,coal_ppl_cfbio,2070,2080,0.0,sv_2c_buffer_decoal
R12_MEA,coal_ppl_cfbio,2070,2090,0.0,sv_2c_buffer_decoal
R12_MEA,coal_ppl_cfbio,2080,2080,0.0,sv_2c_buffer_decoal
R12_MEA,coal_ppl_cfbio,2080,2090,0.0,sv_2c_buffer_decoal
R12_MEA,coal_ppl_cfbio,2080,2100,0.0,sv_2c_buffer_decoal
R12_MEA,coal_ppl_cfbio,2090,2090,0.0,sv_2c_buffer_decoal
R12_MEA,coal_ppl_cfbio,2090,2100,0.0,sv_2c_buffer_decoal
R12_MEA,coal_ppl_cfbio,2090,2110,0.0,sv_2c_buffer_decoal
R12_MEA,coal_ppl_cfbio,2100,2100,0.0,sv_2c_buffer_decoal
R12_MEA,coal_ppl_cfbio,2100,2110,0.0,sv_2c_buffer_decoal
R12_MEA,coal_ppl_cfbio,2110,2110,0.0,sv_2c_buffer_decoal
R12_MEA,coal_adv_rccs,2010,2010,0.0,sv_2c_buffer_decoal
R12_MEA,coal_adv_rccs,2010,2030,0.0,sv_2c_buffer_decoal
R12_MEA,coal_adv_rccs,2010,2035,0.0,sv_2c_buffer_decoal
R12_MEA,coal_adv_rccs,2015,2015,0.0,sv_2c_buffer_decoal
R12_MEA,coal_adv_rccs,2015,2030,0.0,sv_2c_buffer_decoal
R12_MEA,coal_adv_rccs,2015,2035,0.0,sv_2c_buffer_decoal
R12_MEA,coal_adv_rccs,2015,2040,0.0,sv_2c_buffer_decoal
R12_MEA,coal_adv_rccs,2020,2020,0.0,sv_2c_buffer_decoal
R12_MEA,coal_adv_rccs,2020,2030,0.0,sv_2c_buffer_decoal
R12_MEA,coal_adv_rccs,2020,2035,0.0,sv_2c_buffer_decoal
R12_MEA,coal_adv_rccs,2020,2040,0.0,sv_2c_buffer_decoal
R12_MEA,coal_adv_rccs,2020,2045,0.0,sv_2c_buffer_decoal
R12_MEA,coal_adv_rccs,2025,2025,0.0,sv_2c_buffer_decoal
R12_MEA,coal_adv_rccs,2025,2030,0.0,sv_2c_buffer_decoal
R12_MEA,coal_adv_rccs,2025,2035,0.0,sv_2c_buffer_decoal
R12_MEA,coal_adv_rccs,2025,2040,0.0,sv_2c_buffer_decoal
R12_MEA,coal_adv_rccs,2025,2045,0.0,sv_2c_buffer_decoal
R12_MEA,coal_adv_rccs,2025,2050,0.0,sv_2c_buffer_decoal
R12_MEA,coal_adv_rccs,2030,2030,0.0,sv_2c_buffer_decoal
R12_MEA,coal_adv_rccs,2030,2035,0.0,sv_2c_buffer_decoal
R12_MEA,coal_adv_rccs,2030,2040,0.0,sv_2c_buffer_decoal
R12_MEA,coal_adv_rccs,2030,2045,0.0,sv_2c_buffer_decoal
R12_MEA,coal_adv_rccs,2030,2050,0.0,sv_2c_buffer_decoal
R12_MEA,coal_adv_rccs,2030,2055,0.0,sv_2c_buffer_decoal
R12_MEA,coal_adv_rccs,2035,2035,0.0,sv_2c_buffer_decoal
R12_MEA,coal_adv_rccs,2035,2040,0.0,sv_2c_buffer_decoal
R12_MEA,coal_adv_rccs,2035,2045,0.0,sv_2c_buffer_decoal
R12_MEA,coal_adv_rccs,2035,2050,0.0,sv_2c_buffer_decoal
R12_MEA,coal_adv_rccs,2035,2055,0.0,sv_2c_buffer_decoal
R12_MEA,coal_adv_rccs,2035,2060,0.0,sv_2c_buffer_decoal
R12_MEA,coal_adv_rccs,2040,2040,0.0,sv_2c_buffer_decoal
R12_MEA,coal_adv_rccs,2040,2045,0.0,sv_2c_buffer_decoal
R12_MEA,coal_adv_rccs,2040,2050,0.0,sv_2c_buffer_decoal
R12_MEA,coal_adv_rccs,2040,2055,0.0,sv_2c_buffer_decoal
R12_MEA,coal_adv_rccs,2040,2060,0.0,sv_2c_buffer_decoal
R12_MEA,coal_adv_rccs,2040,2070,0.0,sv_2c_buffer_decoal
R12_MEA,coal_adv_rccs,2045,2045,0.0,sv_2c_buffer_decoal
R12_MEA,coal_adv_rccs,2045,2050,0.0,sv_2c_buffer_decoal
R12_MEA,coal_adv_rccs,2045,2055,0.0,sv_2c_buffer_decoal
R12_MEA,coal_adv_rccs,2045,2060,0.0,sv_2c_buffer_decoal
R12_MEA,coal_adv_rccs,2045,2070,0.0,sv_2c_buffer_decoal
R12_MEA,coal_adv_rccs,2050,2050,0.0,sv_2c_buffer_decoal
R12_MEA,coal_adv_rccs,2050,2055,0.0,sv_2c_buffer_decoal
R12_MEA,coal_adv_rccs,2050,2060,0.0,sv_2c_buffer_decoal
R12_MEA,coal_adv_rccs,2050,2070,0.0,sv_2c_buffer_decoal
R12_MEA,coal_adv_rccs,2050,2080,0.0,sv_2c_buffer_decoal
R12_MEA,coal_adv_rccs,2055,2055,0.0,sv_2c_buffer_decoal
R12_MEA,coal_adv_rccs,2055,2060,0.0,sv_2c_buffer_decoal
R12_MEA,coal_adv_rccs,2055,2070,0.0,sv_2c_buffer_decoal
R12_MEA,coal_adv_rccs,2055,2080,0.0,sv_2c_buffer_decoal
R12_MEA,coal_adv_rccs,2060,2060,0.0,sv_2c_buffer_decoal
R12_MEA,coal_adv_rccs,2060,2070,0.0,sv_2c_buffer_decoal
R12_MEA,coal_adv_rccs,2060,2080,0.0,sv_2c_buffer_decoal
R12_MEA,coal_adv_rccs,2060,2090,0.0,sv_2c_buffer_decoal
R12_MEA,coal_adv_rccs,2070,2070,0.0,sv_2c_buffer_decoal
R12_MEA,coal_adv_rccs,2070,2080,0.0,sv_2c_buffer_decoal
R12_MEA,coal_adv_rccs,2070,2090,0.0,sv_2c_buffer_decoal
R12_MEA,coal_adv_rccs,2080,2080,0.0,sv_2c_buffer_decoal
R12_MEA,coal_adv_rccs,2080,2090,0.0,sv_2c_buffer_decoal
R12_MEA,coal_adv_rccs,2080,2100,0.0,sv_2c_buffer_decoal
R12_MEA,coal_adv_rccs,2090,2090,0.0,sv_2c_buffer_decoal
R12_MEA,coal_adv_rccs,2090,2100,0.0,sv_2c_buffer_decoal
R12_MEA,coal_adv_rccs,2090,2110,0.0,sv_2c_buffer_decoal
R12_MEA,coal_adv_rccs,2100,2100,0.0,sv_2c_buffer_decoal
R12_MEA,coal_adv_rccs,2100,2110,0.0,sv_2c_buffer_decoal
R12_MEA,coal_adv_rccs,2110,2110,0.0,sv_2c_buffer_decoal
R12_NAM,coal_adv,1965,1965,0.0,sv_2c_buffer_decoal
R12_NAM,coal_adv,1970,1970,0.0,sv_2c_buffer_decoal
R12_NAM,coal_adv,1975,1975,0.0,sv_2c_buffer_decoal
R12_NAM,coal_adv,1975,2030,26.72795966952931,sv_2c_buffer_decoal
R12_NAM,coal_adv,1980,1980,0.0,sv_2c_buffer_decoal
R12_NAM,coal_adv,1980,2030,11.5196,sv_2c_buffer_decoal
R12_NAM,coal_adv,1985,1985,0.0,sv_2c_buffer_decoal
R12_NAM,coal_adv,1985,2030,1.988,sv_2c_buffer_decoal
R12_NAM,coal_adv,1985,2035,1.988,sv_2c_buffer_decoal
R12_NAM,coal_adv,1990,1990,0.0,sv_2c_buffer_decoal
R12_NAM,coal_adv,1990,2030,1.3050000000000002,sv_2c_buffer_decoal
R12_NAM,coal_adv,1990,2035,1.3050000000000002,sv_2c_buffer_decoal
R12_NAM,coal_adv,1995,1995,0.0,sv_2c_buffer_decoal
R12_NAM,coal_adv,1995,2030,1.4256,sv_2c_buffer_decoal
R12_NAM,coal_adv,1995,2035,1.4256,sv_2c_buffer_decoal
R12_NAM,coal_adv,1995,2040,1.4256,sv_2c_buffer_decoal
R12_NAM,coal_adv,2000,2000,0.0,sv_2c_buffer_decoal
R12_NAM,coal_adv,2000,2030,0.0,sv_2c_buffer_decoal
R12_NAM,coal_adv,2000,2035,0.0,sv_2c_buffer_decoal
R12_NAM,coal_adv,2000,2040,0.0,sv_2c_buffer_decoal
R12_NAM,coal_adv,2005,2005,0.0,sv_2c_buffer_decoal
R12_NAM,coal_adv,2005,2030,0.516,sv_2c_buffer_decoal
R12_NAM,coal_adv,2005,2035,0.516,sv_2c_buffer_decoal
R12_NAM,coal_adv,2005,2040,0.516,sv_2c_buffer_decoal
R12_NAM,coal_adv,2005,2045,0.516,sv_2c_buffer_decoal
R12_NAM,coal_adv,2010,2010,0.0,sv_2c_buffer_decoal
R12_NAM,coal_adv,2010,2030,5.642,sv_2c_buffer_decoal
R12_NAM,coal_adv,2010,2035,5.642,sv_2c_buffer_decoal
R12_NAM,coal_adv,2010,2040,5.642,sv_2c_buffer_decoal
R12_NAM,coal_adv,2010,2045,5.642,sv_2c_buffer_decoal
R12_NAM,coal_adv,2015,2015,0.0,sv_2c_buffer_decoal
R12_NAM,coal_adv,2015,2030,6.370399999999999,sv_2c_buffer_decoal
R12_NAM,coal_adv,2015,2035,6.370399999999999,sv_2c_buffer_decoal
R12_NAM,coal_adv,2015,2040,6.370399999999999,sv_2c_buffer_decoal
R12_NAM,coal_adv,2015,2045,6.370399999999999,sv_2c_buffer_decoal
R12_NAM,coal_adv,2015,2050,6.370399999999999,sv_2c_buffer_decoal
R12_NAM,coal_adv,2020,2020,0.0,sv_2c_buffer_decoal
R12_NAM,coal_adv,2020,2030,0.0,sv_2c_buffer_decoal
R12_NAM,coal_adv,2020,2035,0.0,sv_2c_buffer_decoal
R12_NAM,coal_adv,2020,2040,0.0,sv_2c_buffer_decoal
R12_NAM,coal_adv,2020,2045,0.0,sv_2c_buffer_decoal
R12_NAM,coal_adv,2020,2050,0.0,sv_2c_buffer_decoal
R12_NAM,coal_adv,2025,2025,0.0,sv_2c_buffer_decoal
R12_NAM,coal_adv,2025,2030,0.0,sv_2c_buffer_decoal
R12_NAM,coal_adv,2025,2035,0.0,sv_2c_buffer_decoal
R12_NAM,coal_adv,2025,2040,0.0,sv_2c_buffer_decoal
R12_NAM,coal_adv,2025,2045,0.0,sv_2c_buffer_decoal
R12_NAM,coal_adv,2025,2050,0.0,sv_2c_buffer_decoal
R12_NAM,coal_adv,2030,2030,0.0,sv_2c_buffer_decoal
R12_NAM,coal_adv,2030,2035,0.0,sv_2c_buffer_decoal
R12_NAM,coal_adv,2030,2040,0.0,sv_2c_buffer_decoal
R12_NAM,coal_adv,2030,2045,0.0,sv_2c_buffer_decoal
R12_NAM,coal_adv,2030,2050,0.0,sv_2c_buffer_decoal
R12_NAM,coal_adv,2030,2055,0.0,sv_2c_buffer_decoal
R12_NAM,coal_adv,2035,2035,0.0,sv_2c_buffer_decoal
R12_NAM,coal_adv,2035,2040,0.0,sv_2c_buffer_decoal
R12_NAM,coal_adv,2035,2045,0.0,sv_2c_buffer_decoal
R12_NAM,coal_adv,2035,2050,0.0,sv_2c_buffer_decoal
R12_NAM,coal_adv,2035,2055,0.0,sv_2c_buffer_decoal
R12_NAM,coal_adv,2035,2060,0.0,sv_2c_buffer_decoal
R12_NAM,coal_adv,2040,2040,0.0,sv_2c_buffer_decoal
R12_NAM,coal_adv,2040,2045,0.0,sv_2c_buffer_decoal
R12_NAM,coal_adv,2040,2050,0.0,sv_2c_buffer_decoal
R12_NAM,coal_adv,2040,2055,0.0,sv_2c_buffer_decoal
R12_NAM,coal_adv,2040,2060,0.0,sv_2c_buffer_decoal
R12_NAM,coal_adv,2040,2070,0.0,sv_2c_buffer_decoal
R12_NAM,coal_adv,2045,2045,0.0,sv_2c_buffer_decoal
R12_NAM,coal_adv,2045,2050,0.0,sv_2c_buffer_decoal
R12_NAM,coal_adv,2045,2055,0.0,sv_2c_buffer_decoal
R12_NAM,coal_adv,2045,2060,0.0,sv_2c_buffer_decoal
R12_NAM,coal_adv,2045,2070,0.0,sv_2c_buffer_decoal
R12_NAM,coal_adv,2050,2050,0.0,sv_2c_buffer_decoal
R12_NAM,coal_adv,2050,2055,0.0,sv_2c_buffer_decoal
R12_NAM,coal_adv,2050,2060,0.0,sv_2c_buffer_decoal
R12_NAM,coal_adv,2050,2070,0.0,sv_2c_buffer_decoal
R12_NAM,coal_adv,2050,2080,0.0,sv_2c_buffer_decoal
R12_NAM,coal_adv,2055,2055,0.0,sv_2c_buffer_decoal
R12_NAM,coal_adv,2055,2060,0.0,sv_2c_buffer_decoal
R12_NAM,coal_adv,2055,2070,0.0,sv_2c_buffer_decoal
R12_NAM,coal_adv,2055,2080,0.0,sv_2c_buffer_decoal
R12_NAM,coal_adv,2060,2060,0.0,sv_2c_buffer_decoal
R12_NAM,coal_adv,2060,2070,0.0,sv_2c_buffer_decoal
R12_NAM,coal_adv,2060,2080,0.0,sv_2c_buffer_decoal
R12_NAM,coal_adv,2060,2090,0.0,sv_2c_buffer_decoal
R12_NAM,coal_adv,2070,2070,0.0,sv_2c_buffer_decoal
R12_NAM,coal_adv,2070,2080,0.0,sv_2c_buffer_decoal
R12_NAM,coal_adv,2070,2090,0.0,sv_2c_buffer_decoal
R12_NAM,coal_adv,2080,2080,0.0,sv_2c_buffer_decoal
R12_NAM,coal_adv,2080,2090,0.0,sv_2c_buffer_decoal
R12_NAM,coal_adv,2080,2100,0.0,sv_2c_buffer_decoal
R12_NAM,coal_adv,2090,2090,0.0,sv_2c_buffer_decoal
R12_NAM,coal_adv,2090,2100,0.0,sv_2c_buffer_decoal
R12_NAM,coal_adv,2090,2110,0.0,sv_2c_buffer_decoal
R12_NAM,coal_adv,2100,2100,0.0,sv_2c_buffer_decoal
R12_NAM,coal_adv,2100,2110,0.0,sv_2c_buffer_decoal
R12_NAM,coal_adv,2110,2110,0.0,sv_2c_buffer_decoal
R12_NAM,coal_adv_ccs,2030,2030,0.0,sv_2c_buffer_decoal
R12_NAM,coal_adv_ccs,2030,2035,0.0,sv_2c_buffer_decoal
R12_NAM,coal_adv_ccs,2030,2040,0.0,sv_2c_buffer_decoal
R12_NAM,coal_adv_ccs,2030,2045,0.0,sv_2c_buffer_decoal
R12_NAM,coal_adv_ccs,2030,2050,0.0,sv_2c_buffer_decoal
R12_NAM,coal_adv_ccs,2030,2055,0.0,sv_2c_buffer_decoal
R12_NAM,coal_adv_ccs,2035,2035,0.0,sv_2c_buffer_decoal
R12_NAM,coal_adv_ccs,2035,2040,0.0,sv_2c_buffer_decoal
R12_NAM,coal_adv_ccs,2035,2045,0.0,sv_2c_buffer_decoal
R12_NAM,coal_adv_ccs,2035,2050,0.0,sv_2c_buffer_decoal
R12_NAM,coal_adv_ccs,2035,2055,0.0,sv_2c_buffer_decoal
R12_NAM,coal_adv_ccs,2035,2060,0.0,sv_2c_buffer_decoal
R12_NAM,coal_adv_ccs,2040,2040,0.0,sv_2c_buffer_decoal
R12_NAM,coal_adv_ccs,2040,2045,0.0,sv_2c_buffer_decoal
R12_NAM,coal_adv_ccs,2040,2050,0.0,sv_2c_buffer_decoal
R12_NAM,coal_adv_ccs,2040,2055,0.0,sv_2c_buffer_decoal
R12_NAM,coal_adv_ccs,2040,2060,0.0,sv_2c_buffer_decoal
R12_NAM,coal_adv_ccs,2040,2070,0.0,sv_2c_buffer_decoal
R12_NAM,coal_adv_ccs,2045,2045,0.0,sv_2c_buffer_decoal
R12_NAM,coal_adv_ccs,2045,2050,0.0,sv_2c_buffer_decoal
R12_NAM,coal_adv_ccs,2045,2055,0.0,sv_2c_buffer_decoal
R12_NAM,coal_adv_ccs,2045,2060,0.0,sv_2c_buffer_decoal
R12_NAM,coal_adv_ccs,2045,2070,0.0,sv_2c_buffer_decoal
R12_NAM,coal_adv_ccs,2050,2050,0.0,sv_2c_buffer_decoal
R12_NAM,coal_adv_ccs,2050,2055,0.0,sv_2c_buffer_decoal
R12_NAM,coal_adv_ccs,2050,2060,0.0,sv_2c_buffer_decoal
R12_NAM,coal_adv_ccs,2050,2070,0.0,sv_2c_buffer_decoal
R12_NAM,coal_adv_ccs,2050,2080,0.0,sv_2c_buffer_decoal
R12_NAM,coal_adv_ccs,2055,2055,0.0,sv_2c_buffer_decoal
R12_NAM,coal_adv_ccs,2055,2060,0.0,sv_2c_buffer_decoal
R12_NAM,coal_adv_ccs,2055,2070,0.0,sv_2c_buffer_decoal
R12_NAM,coal_adv_ccs,2055,2080,0.0,sv_2c_buffer_decoal
R12_NAM,coal_adv_ccs,2060,2060,0.0,sv_2c_buffer_decoal
R12_NAM,coal_adv_ccs,2060,2070,0.0,sv_2c_buffer_decoal
R12_NAM,coal_adv_ccs,2060,2080,0.0,sv_2c_buffer_decoal
R12_NAM,coal_adv_ccs,2060,2090,0.0,sv_2c_buffer_decoal
R12_NAM,coal_adv_ccs,2070,2070,0.0,sv_2c_buffer_decoal
R12_NAM,coal_adv_ccs,2070,2080,0.0,sv_2c_buffer_decoal
R12_NAM,coal_adv_ccs,2070,2090,0.0,sv_2c_buffer_decoal
R12_NAM,coal_adv_ccs,2080,2080,0.0,sv_2c_buffer_decoal
R12_NAM,coal_adv_ccs,2080,2090,0.0,sv_2c_buffer_decoal
R12_NAM,coal_adv_ccs,2080,2100,0.0,sv_2c_buffer_decoal
R12_NAM,coal_adv_ccs,2090,2090,0.0,sv_2c_buffer_decoal
R12_NAM,coal_adv_ccs,2090,2100,0.0,sv_2c_buffer_decoal
R12_NAM,coal_adv_ccs,2090,2110,0.0,sv_2c_buffer_decoal
R12_NAM,coal_adv_ccs,2100,2100,0.0,sv_2c_buffer_decoal
R12_NAM,coal_adv_ccs,2100,2110,0.0,sv_2c_buffer_decoal
R12_NAM,coal_adv_ccs,2110,2110,0.0,sv_2c_buffer_decoal
R12_NAM,coal_ppl,1960,1960,0.0,sv_2c_buffer_decoal
R12_NAM,coal_ppl,1965,1965,0.0,sv_2c_buffer_decoal
R12_NAM,coal_ppl,1970,1970,0.0,sv_2c_buffer_decoal
R12_NAM,coal_ppl,1970,2030,0.0,sv_2c_buffer_decoal
R12_NAM,coal_ppl,1975,1975,0.0,sv_2c_buffer_decoal
R12_NAM,coal_ppl,1975,2030,0.0,sv_2c_buffer_decoal
R12_NAM,coal_ppl,1980,1980,0.0,sv_2c_buffer_decoal
R12_NAM,coal_ppl,1980,2030,17.77975797605694,sv_2c_buffer_decoal
R12_NAM,coal_ppl,1980,2035,17.77975797605694,sv_2c_buffer_decoal
R12_NAM,coal_ppl,1985,1985,0.0,sv_2c_buffer_decoal
R12_NAM,coal_ppl,1985,2030,27.301714,sv_2c_buffer_decoal
R12_NAM,coal_ppl,1985,2035,27.301714,sv_2c_buffer_decoal
R12_NAM,coal_ppl,1990,1990,0.0,sv_2c_buffer_decoal
R12_NAM,coal_ppl,1990,2030,13.547,sv_2c_buffer_decoal
R12_NAM,coal_ppl,1990,2035,13.547,sv_2c_buffer_decoal
R12_NAM,coal_ppl,1990,2040,13.547,sv_2c_buffer_decoal
R12_NAM,coal_ppl,1995,1995,0.0,sv_2c_buffer_decoal
R12_NAM,coal_ppl,1995,2030,4.768000000000001,sv_2c_buffer_decoal
R12_NAM,coal_ppl,1995,2035,4.768000000000001,sv_2c_buffer_decoal
R12_NAM,coal_ppl,1995,2040,4.768000000000001,sv_2c_buffer_decoal
R12_NAM,coal_ppl,2000,2000,0.0,sv_2c_buffer_decoal
R12_NAM,coal_ppl,2000,2030,1.6005000000000003,sv_2c_buffer_decoal
R12_NAM,coal_ppl,2000,2035,1.6005000000000003,sv_2c_buffer_decoal
R12_NAM,coal_ppl,2000,2040,1.6005000000000003,sv_2c_buffer_decoal
R12_NAM,coal_ppl,2000,2045,1.6005000000000003,sv_2c_buffer_decoal
R12_NAM,coal_ppl,2005,2005,0.0,sv_2c_buffer_decoal
R12_NAM,coal_ppl,2005,2030,2.6524,sv_2c_buffer_decoal
R12_NAM,coal_ppl,2005,2035,2.6524,sv_2c_buffer_decoal
R12_NAM,coal_ppl,2005,2040,2.6524,sv_2c_buffer_decoal
R12_NAM,coal_ppl,2005,2045,2.6524,sv_2c_buffer_decoal
R12_NAM,coal_ppl,2010,2010,0.0,sv_2c_buffer_decoal
R12_NAM,coal_ppl,2010,2030,6.1553,sv_2c_buffer_decoal
R12_NAM,coal_ppl,2010,2035,6.1553,sv_2c_buffer_decoal
R12_NAM,coal_ppl,2010,2040,6.1553,sv_2c_buffer_decoal
R12_NAM,coal_ppl,2010,2045,6.1553,sv_2c_buffer_decoal
R12_NAM,coal_ppl,2010,2050,2.0148278814597127,sv_2c_buffer_decoal
R12_NAM,coal_ppl,2015,2015,0.0,sv_2c_buffer_decoal
R12_NAM,coal_ppl,2015,2030,2.4082,sv_2c_buffer_decoal
R12_NAM,coal_ppl,2015,2035,2.4082,sv_2c_buffer_decoal
R12_NAM,coal_ppl,2015,2040,2.4082,sv_2c_buffer_decoal
R12_NAM,coal_ppl,2015,2045,2.4082,sv_2c_buffer_decoal
R12_NAM,coal_ppl,2015,2050,0.0,sv_2c_buffer_decoal
R12_NAM,coal_ppl,2020,2020,0.0,sv_2c_buffer_decoal
R12_NAM,coal_ppl,2020,2030,0.05,sv_2c_buffer_decoal
R12_NAM,coal_ppl,2020,2035,0.05,sv_2c_buffer_decoal
R12_NAM,coal_ppl,2020,2040,0.05,sv_2c_buffer_decoal
R12_NAM,coal_ppl,2020,2045,0.05,sv_2c_buffer_decoal
R12_NAM,coal_ppl,2020,2050,0.0,sv_2c_buffer_decoal
R12_NAM,coal_ppl,2025,2025,0.0,sv_2c_buffer_decoal
R12_NAM,coal_ppl,2025,2030,0.0,sv_2c_buffer_decoal
R12_NAM,coal_ppl,2025,2035,0.0,sv_2c_buffer_decoal
R12_NAM,coal_ppl,2025,2040,0.0,sv_2c_buffer_decoal
R12_NAM,coal_ppl,2025,2045,0.0,sv_2c_buffer_decoal
R12_NAM,coal_ppl,2025,2050,0.0,sv_2c_buffer_decoal
R12_NAM,coal_ppl,2030,2030,0.0,sv_2c_buffer_decoal
R12_NAM,coal_ppl,2030,2035,0.0,sv_2c_buffer_decoal
R12_NAM,coal_ppl,2030,2040,0.0,sv_2c_buffer_decoal
R12_NAM,coal_ppl,2030,2045,0.0,sv_2c_buffer_decoal
R12_NAM,coal_ppl,2030,2050,0.0,sv_2c_buffer_decoal
R12_NAM,coal_ppl,2030,2055,0.0,sv_2c_buffer_decoal
R12_NAM,coal_ppl,2035,2035,0.0,sv_2c_buffer_decoal
R12_NAM,coal_ppl,2035,2040,0.0,sv_2c_buffer_decoal
R12_NAM,coal_ppl,2035,2045,0.0,sv_2c_buffer_decoal
R12_NAM,coal_ppl,2035,2050,0.0,sv_2c_buffer_decoal
R12_NAM,coal_ppl,2035,2055,0.0,sv_2c_buffer_decoal
R12_NAM,coal_ppl,2035,2060,0.0,sv_2c_buffer_decoal
R12_NAM,coal_ppl,2040,2040,0.0,sv_2c_buffer_decoal
R12_NAM,coal_ppl,2040,2045,0.0,sv_2c_buffer_decoal
R12_NAM,coal_ppl,2040,2050,0.0,sv_2c_buffer_decoal
R12_NAM,coal_ppl,2040,2055,0.0,sv_2c_buffer_decoal
R12_NAM,coal_ppl,2040,2060,0.0,sv_2c_buffer_decoal
R12_NAM,coal_ppl,2040,2070,0.0,sv_2c_buffer_decoal
R12_NAM,coal_ppl,2045,2045,0.0,sv_2c_buffer_decoal
R12_NAM,coal_ppl,2045,2050,0.0,sv_2c_buffer_decoal
R12_NAM,coal_ppl,2045,2055,0.0,sv_2c_buffer_decoal
R12_NAM,coal_ppl,2045,2060,0.0,sv_2c_buffer_decoal
R12_NAM,coal_ppl,2045,2070,0.0,sv_2c_buffer_decoal
R12_NAM,coal_ppl,2050,2050,0.0,sv_2c_buffer_decoal
R12_NAM,coal_ppl,2050,2055,0.0,sv_2c_buffer_decoal
R12_NAM,coal_ppl,2050,2060,0.0,sv_2c_buffer_decoal
R12_NAM,coal_ppl,2050,2070,0.0,sv_2c_buffer_decoal
R12_NAM,coal_ppl,2050,2080,0.0,sv_2c_buffer_decoal
R12_NAM,coal_ppl,2055,2055,0.0,sv_2c_buffer_decoal
R12_NAM,coal_ppl,2055,2060,0.0,sv_2c_buffer_decoal
R12_NAM,coal_ppl,2055,2070,0.0,sv_2c_buffer_decoal
R12_NAM,coal_ppl,2055,2080,0.0,sv_2c_buffer_decoal
R12_NAM,coal_ppl,2060,2060,0.0,sv_2c_buffer_decoal
R12_NAM,coal_ppl,2060,2070,0.0,sv_2c_buffer_decoal
R12_NAM,coal_ppl,2060,2080,0.0,sv_2c_buffer_decoal
R12_NAM,coal_ppl,2060,2090,0.0,sv_2c_buffer_decoal
R12_NAM,coal_ppl,2070,2070,0.0,sv_2c_buffer_decoal
R12_NAM,coal_ppl,2070,2080,0.0,sv_2c_buffer_decoal
R12_NAM,coal_ppl,2070,2090,0.0,sv_2c_buffer_decoal
R12_NAM,coal_ppl,2080,2080,0.0,sv_2c_buffer_decoal
R12_NAM,coal_ppl,2080,2090,0.0,sv_2c_buffer_decoal
R12_NAM,coal_ppl,2080,2100,0.0,sv_2c_buffer_decoal
R12_NAM,coal_ppl,2090,2090,0.0,sv_2c_buffer_decoal
R12_NAM,coal_ppl,2090,2100,0.0,sv_2c_buffer_decoal
R12_NAM,coal_ppl,2090,2110,0.0,sv_2c_buffer_decoal
R12_NAM,coal_ppl,2100,2100,0.0,sv_2c_buffer_decoal
R12_NAM,coal_ppl,2100,2110,0.0,sv_2c_buffer_decoal
R12_NAM,coal_ppl,2110,2110,0.0,sv_2c_buffer_decoal
R12_NAM,coal_ppl_u,1960,1960,0.0,sv_2c_buffer_decoal
R12_NAM,coal_ppl_u,1965,1965,0.0,sv_2c_buffer_decoal
R12_NAM,coal_ppl_u,1970,1970,0.0,sv_2c_buffer_decoal
R12_NAM,coal_ppl_u,1970,2030,7.031200000000001,sv_2c_buffer_decoal
R12_NAM,coal_ppl_u,1975,1975,0.0,sv_2c_buffer_decoal
R12_NAM,coal_ppl_u,1975,2030,6.040399999999999,sv_2c_buffer_decoal
R12_NAM,coal_ppl_u,1980,1980,0.0,sv_2c_buffer_decoal
R12_NAM,coal_ppl_u,1980,2030,20.2489,sv_2c_buffer_decoal
R12_NAM,coal_ppl_u,1980,2035,20.2489,sv_2c_buffer_decoal
R12_NAM,coal_ppl_u,1985,1985,0.0,sv_2c_buffer_decoal
R12_NAM,coal_ppl_u,1985,2030,15.29825,sv_2c_buffer_decoal
R12_NAM,coal_ppl_u,1985,2035,15.29825,sv_2c_buffer_decoal
R12_NAM,coal_ppl_u,1990,1990,0.0,sv_2c_buffer_decoal
R12_NAM,coal_ppl_u,1990,2030,2.6813,sv_2c_buffer_decoal
R12_NAM,coal_ppl_u,1990,2035,2.6813,sv_2c_buffer_decoal
R12_NAM,coal_ppl_u,1990,2040,2.6813,sv_2c_buffer_decoal
R12_NAM,coal_ppl_u,1995,1995,0.0,sv_2c_buffer_decoal
R12_NAM,coal_ppl_u,1995,2030,2.793,sv_2c_buffer_decoal
R12_NAM,coal_ppl_u,1995,2035,2.793,sv_2c_buffer_decoal
R12_NAM,coal_ppl_u,1995,2040,2.793,sv_2c_buffer_decoal
R12_NAM,coal_ppl_u,2000,2000,0.0,sv_2c_buffer_decoal
R12_NAM,coal_ppl_u,2000,2030,0.6355,sv_2c_buffer_decoal
R12_NAM,coal_ppl_u,2000,2035,0.6355,sv_2c_buffer_decoal
R12_NAM,coal_ppl_u,2000,2040,0.6355,sv_2c_buffer_decoal
R12_NAM,coal_ppl_u,2000,2045,0.6355,sv_2c_buffer_decoal
R12_NAM,coal_ppl_u,2005,2005,0.0,sv_2c_buffer_decoal
R12_NAM,coal_ppl_u,2005,2030,0.5989,sv_2c_buffer_decoal
R12_NAM,coal_ppl_u,2005,2035,0.5989,sv_2c_buffer_decoal
R12_NAM,coal_ppl_u,2005,2040,0.5989,sv_2c_buffer_decoal
R12_NAM,coal_ppl_u,2005,2045,0.5989,sv_2c_buffer_decoal
R12_NAM,coal_ppl_u,2010,2010,0.0,sv_2c_buffer_decoal
R12_NAM,coal_ppl_u,2010,2030,0.38206000000000007,sv_2c_buffer_decoal
R12_NAM,coal_ppl_u,2010,2035,0.38206000000000007,sv_2c_buffer_decoal
R12_NAM,coal_ppl_u,2010,2040,0.38206000000000007,sv_2c_buffer_decoal
R12_NAM,coal_ppl_u,2010,2045,0.38206000000000007,sv_2c_buffer_decoal
R12_NAM,coal_ppl_u,2010,2050,0.0,sv_2c_buffer_decoal
R12_NAM,coal_ppl_u,2015,2015,0.0,sv_2c_buffer_decoal
R12_NAM,coal_ppl_u,2015,2030,0.42499999999999993,sv_2c_buffer_decoal
R12_NAM,coal_ppl_u,2015,2035,0.42499999999999993,sv_2c_buffer_decoal
R12_NAM,coal_ppl_u,2015,2040,0.42499999999999993,sv_2c_buffer_decoal
R12_NAM,coal_ppl_u,2020,2020,0.0,sv_2c_buffer_decoal
R12_NAM,coal_ppl_u,2020,2030,0.016999999999999998,sv_2c_buffer_decoal
R12_NAM,coal_ppl_u,2020,2035,0.016999999999999998,sv_2c_buffer_decoal
R12_NAM,coal_ppl_u,2020,2040,0.016999999999999998,sv_2c_buffer_decoal
R12_NAM,coal_ppl_u,2020,2045,0.016999999999999998,sv_2c_buffer_decoal
R12_NAM,coal_ppl_u,2025,2025,0.0,sv_2c_buffer_decoal
R12_NAM,coal_ppl_u,2025,2030,0.0,sv_2c_buffer_decoal
R12_NAM,coal_ppl_u,2025,2035,0.0,sv_2c_buffer_decoal
R12_NAM,coal_ppl_u,2025,2040,0.0,sv_2c_buffer_decoal
R12_NAM,coal_ppl_u,2025,2045,0.0,sv_2c_buffer_decoal
R12_NAM,coal_ppl_u,2025,2050,0.0,sv_2c_buffer_decoal
R12_NAM,coal_ppl_u,2030,2030,18.27549666471988,sv_2c_buffer_decoal
R12_NAM,coal_ppl_u,2030,2035,18.27549666471988,sv_2c_buffer_decoal
R12_NAM,coal_ppl_u,2030,2040,18.27549666471988,sv_2c_buffer_decoal
R12_NAM,coal_ppl_u,2030,2045,18.27549666471988,sv_2c_buffer_decoal
R12_NAM,coal_ppl_u,2030,2050,18.27549666471988,sv_2c_buffer_decoal
R12_NAM,coal_ppl_u,2030,2055,0.0,sv_2c_buffer_decoal
R12_NAM,coal_ppl_u,2035,2035,0.0,sv_2c_buffer_decoal
R12_NAM,coal_ppl_u,2035,2040,0.0,sv_2c_buffer_decoal
R12_NAM,coal_ppl_u,2035,2045,0.0,sv_2c_buffer_decoal
R12_NAM,coal_ppl_u,2035,2050,0.0,sv_2c_buffer_decoal
R12_NAM,coal_ppl_u,2035,2055,0.0,sv_2c_buffer_decoal
R12_NAM,coal_ppl_u,2035,2060,0.0,sv_2c_buffer_decoal
R12_NAM,coal_ppl_u,2040,2040,0.0,sv_2c_buffer_decoal
R12_NAM,coal_ppl_u,2040,2045,0.0,sv_2c_buffer_decoal
R12_NAM,coal_ppl_u,2040,2050,0.0,sv_2c_buffer_decoal
R12_NAM,coal_ppl_u,2040,2055,0.0,sv_2c_buffer_decoal
R12_NAM,coal_ppl_u,2040,2060,0.0,sv_2c_buffer_decoal
R12_NAM,coal_ppl_u,2040,2070,0.0,sv_2c_buffer_decoal
R12_NAM,coal_ppl_u,2045,2045,0.0,sv_2c_buffer_decoal
R12_NAM,coal_ppl_u,2045,2050,0.0,sv_2c_buffer_decoal
R12_NAM,coal_ppl_u,2045,2055,0.0,sv_2c_buffer_decoal
R12_NAM,coal_ppl_u,2045,2060,0.0,sv_2c_buffer_decoal
R12_NAM,coal_ppl_u,2045,2070,0.0,sv_2c_buffer_decoal
R12_NAM,coal_ppl_u,2050,2050,0.0,sv_2c_buffer_decoal
R12_NAM,coal_ppl_u,2050,2055,0.0,sv_2c_buffer_decoal
R12_NAM,coal_ppl_u,2050,2060,0.0,sv_2c_buffer_decoal
R12_NAM,coal_ppl_u,2050,2070,0.0,sv_2c_buffer_decoal
R12_NAM,coal_ppl_u,2050,2080,0.0,sv_2c_buffer_decoal
R12_NAM,coal_ppl_u,2055,2055,0.0,sv_2c_buffer_decoal
R12_NAM,coal_ppl_u,2055,2060,0.0,sv_2c_buffer_decoal
R12_NAM,coal_ppl_u,2055,2070,0.0,sv_2c_buffer_decoal
R12_NAM,coal_ppl_u,2055,2080,0.0,sv_2c_buffer_decoal
R12_NAM,coal_ppl_u,2060,2060,0.0,sv_2c_buffer_decoal
R12_NAM,coal_ppl_u,2060,2070,0.0,sv_2c_buffer_decoal
R12_NAM,coal_ppl_u,2060,2080,0.0,sv_2c_buffer_decoal
R12_NAM,coal_ppl_u,2060,2090,0.0,sv_2c_buffer_decoal
R12_NAM,coal_ppl_u,2070,2070,0.0,sv_2c_buffer_decoal
R12_NAM,coal_ppl_u,2070,2080,0.0,sv_2c_buffer_decoal
R12_NAM,coal_ppl_u,2070,2090,0.0,sv_2c_buffer_decoal
R12_NAM,coal_ppl_u,2080,2080,0.0,sv_2c_buffer_decoal
R12_NAM,coal_ppl_u,2080,2090,0.0,sv_2c_buffer_decoal
R12_NAM,coal_ppl_u,2080,2100,0.0,sv_2c_buffer_decoal
R12_NAM,coal_ppl_u,2090,2090,0.0,sv_2c_buffer_decoal
R12_NAM,coal_ppl_u,2090,2100,0.0,sv_2c_buffer_decoal
R12_NAM,coal_ppl_u,2090,2110,0.0,sv_2c_buffer_decoal
R12_NAM,coal_ppl_u,2100,2100,0.0,sv_2c_buffer_decoal
R12_NAM,coal_ppl_u,2100,2110,0.0,sv_2c_buffer_decoal
R12_NAM,coal_ppl_u,2110,2110,0.0,sv_2c_buffer_decoal
R12_NAM,igcc,2010,2010,0.0,sv_2c_buffer_decoal
R12_NAM,igcc,2010,2030,0.0,sv_2c_buffer_decoal
R12_NAM,igcc,2010,2035,0.0,sv_2c_buffer_decoal
R12_NAM,igcc,2015,2015,0.0,sv_2c_buffer_decoal
R12_NAM,igcc,2015,2030,0.0,sv_2c_buffer_decoal
R12_NAM,igcc,2015,2035,0.0,sv_2c_buffer_decoal
R12_NAM,igcc,2015,2040,0.0,sv_2c_buffer_decoal
R12_NAM,igcc,2020,2020,0.0,sv_2c_buffer_decoal
R12_NAM,igcc,2020,2030,0.0,sv_2c_buffer_decoal
R12_NAM,igcc,2020,2035,0.0,sv_2c_buffer_decoal
R12_NAM,igcc,2020,2040,0.0,sv_2c_buffer_decoal
R12_NAM,igcc,2020,2045,0.0,sv_2c_buffer_decoal
R12_NAM,igcc,2025,2025,0.0,sv_2c_buffer_decoal
R12_NAM,igcc,2025,2030,0.0,sv_2c_buffer_decoal
R12_NAM,igcc,2025,2035,0.0,sv_2c_buffer_decoal
R12_NAM,igcc,2025,2040,0.0,sv_2c_buffer_decoal
R12_NAM,igcc,2025,2045,0.0,sv_2c_buffer_decoal
R12_NAM,igcc,2025,2050,0.0,sv_2c_buffer_decoal
R12_NAM,igcc,2030,2030,0.0,sv_2c_buffer_decoal
R12_NAM,igcc,2030,2035,0.0,sv_2c_buffer_decoal
R12_NAM,igcc,2030,2040,0.0,sv_2c_buffer_decoal
R12_NAM,igcc,2030,2045,0.0,sv_2c_buffer_decoal
R12_NAM,igcc,2030,2050,0.0,sv_2c_buffer_decoal
R12_NAM,igcc,2030,2055,0.0,sv_2c_buffer_decoal
R12_NAM,igcc,2035,2035,0.0,sv_2c_buffer_decoal
R12_NAM,igcc,2035,2040,0.0,sv_2c_buffer_decoal
R12_NAM,igcc,2035,2045,0.0,sv_2c_buffer_decoal
R12_NAM,igcc,2035,2050,0.0,sv_2c_buffer_decoal
R12_NAM,igcc,2035,2055,0.0,sv_2c_buffer_decoal
R12_NAM,igcc,2035,2060,0.0,sv_2c_buffer_decoal
R12_NAM,igcc,2040,2040,0.0,sv_2c_buffer_decoal
R12_NAM,igcc,2040,2045,0.0,sv_2c_buffer_decoal
R12_NAM,igcc,2040,2050,0.0,sv_2c_buffer_decoal
R12_NAM,igcc,2040,2055,0.0,sv_2c_buffer_decoal
R12_NAM,igcc,2040,2060,0.0,sv_2c_buffer_decoal
R12_NAM,igcc,2040,2070,0.0,sv_2c_buffer_decoal
R12_NAM,igcc,2045,2045,0.0,sv_2c_buffer_decoal
R12_NAM,igcc,2045,2050,0.0,sv_2c_buffer_decoal
R12_NAM,igcc,2045,2055,0.0,sv_2c_buffer_decoal
R12_NAM,igcc,2045,2060,0.0,sv_2c_buffer_decoal
R12_NAM,igcc,2045,2070,0.0,sv_2c_buffer_decoal
R12_NAM,igcc,2050,2050,0.0,sv_2c_buffer_decoal
R12_NAM,igcc,2050,2055,0.0,sv_2c_buffer_decoal
R12_NAM,igcc,2050,2060,0.0,sv_2c_buffer_decoal
R12_NAM,igcc,2050,2070,0.0,sv_2c_buffer_decoal
R12_NAM,igcc,2050,2080,0.0,sv_2c_buffer_decoal
R12_NAM,igcc,2055,2055,0.0,sv_2c_buffer_decoal
R12_NAM,igcc,2055,2060,0.0,sv_2c_buffer_decoal
R12_NAM,igcc,2055,2070,0.0,sv_2c_buffer_decoal
R12_NAM,igcc,2055,2080,0.0,sv_2c_buffer_decoal
R12_NAM,igcc,2060,2060,0.0,sv_2c_buffer_decoal
R12_NAM,igcc,2060,2070,0.0,sv_2c_buffer_decoal
R12_NAM,igcc,2060,2080,0.0,sv_2c_buffer_decoal
R12_NAM,igcc,2060,2090,0.0,sv_2c_buffer_decoal
R12_NAM,igcc,2070,2070,0.0,sv_2c_buffer_decoal
R12_NAM,igcc,2070,2080,0.0,sv_2c_buffer_decoal
R12_NAM,igcc,2070,2090,0.0,sv_2c_buffer_decoal
R12_NAM,igcc,2080,2080,0.0,sv_2c_buffer_decoal
R12_NAM,igcc,2080,2090,0.0,sv_2c_buffer_decoal
R12_NAM,igcc,2080,2100,0.0,sv_2c_buffer_decoal
R12_NAM,igcc,2090,2090,0.0,sv_2c_buffer_decoal
R12_NAM,igcc,2090,2100,0.0,sv_2c_buffer_decoal
R12_NAM,igcc,2090,2110,0.0,sv_2c_buffer_decoal
R12_NAM,igcc,2100,2100,0.0,sv_2c_buffer_decoal
R12_NAM,igcc,2100,2110,0.0,sv_2c_buffer_decoal
R12_NAM,igcc,2110,2110,0.0,sv_2c_buffer_decoal
R12_NAM,igcc_ccs,2030,2030,0.0,sv_2c_buffer_decoal
R12_NAM,igcc_ccs,2030,2035,0.0,sv_2c_buffer_decoal
R12_NAM,igcc_ccs,2030,2040,0.0,sv_2c_buffer_decoal
R12_NAM,igcc_ccs,2030,2045,0.0,sv_2c_buffer_decoal
R12_NAM,igcc_ccs,2030,2050,0.0,sv_2c_buffer_decoal
R12_NAM,igcc_ccs,2030,2055,0.0,sv_2c_buffer_decoal
R12_NAM,igcc_ccs,2035,2035,0.0,sv_2c_buffer_decoal
R12_NAM,igcc_ccs,2035,2040,0.0,sv_2c_buffer_decoal
R12_NAM,igcc_ccs,2035,2045,0.0,sv_2c_buffer_decoal
R12_NAM,igcc_ccs,2035,2050,0.0,sv_2c_buffer_decoal
R12_NAM,igcc_ccs,2035,2055,0.0,sv_2c_buffer_decoal
R12_NAM,igcc_ccs,2035,2060,0.0,sv_2c_buffer_decoal
R12_NAM,igcc_ccs,2040,2040,0.0,sv_2c_buffer_decoal
R12_NAM,igcc_ccs,2040,2045,0.0,sv_2c_buffer_decoal
R12_NAM,igcc_ccs,2040,2050,0.0,sv_2c_buffer_decoal
R12_NAM,igcc_ccs,2040,2055,0.0,sv_2c_buffer_decoal
R12_NAM,igcc_ccs,2040,2060,0.0,sv_2c_buffer_decoal
R12_NAM,igcc_ccs,2040,2070,0.0,sv_2c_buffer_decoal
R12_NAM,igcc_ccs,2045,2045,0.0,sv_2c_buffer_decoal
R12_NAM,igcc_ccs,2045,2050,0.0,sv_2c_buffer_decoal
R12_NAM,igcc_ccs,2045,2055,0.0,sv_2c_buffer_decoal
R12_NAM,igcc_ccs,2045,2060,0.0,sv_2c_buffer_decoal
R12_NAM,igcc_ccs,2045,2070,0.0,sv_2c_buffer_decoal
R12_NAM,igcc_ccs,2050,2050,0.0,sv_2c_buffer_decoal
R12_NAM,igcc_ccs,2050,2055,0.0,sv_2c_buffer_decoal
R12_NAM,igcc_ccs,2050,2060,0.0,sv_2c_buffer_decoal
R12_NAM,igcc_ccs,2050,2070,0.0,sv_2c_buffer_decoal
R12_NAM,igcc_ccs,2050,2080,0.0,sv_2c_buffer_decoal
R12_NAM,igcc_ccs,2055,2055,0.0,sv_2c_buffer_decoal
R12_NAM,igcc_ccs,2055,2060,0.0,sv_2c_buffer_decoal
R12_NAM,igcc_ccs,2055,2070,0.0,sv_2c_buffer_decoal
R12_NAM,igcc_ccs,2055,2080,0.0,sv_2c_buffer_decoal
R12_NAM,igcc_ccs,2060,2060,0.0,sv_2c_buffer_decoal
R12_NAM,igcc_ccs,2060,2070,0.0,sv_2c_buffer_decoal
R12_NAM,igcc_ccs,2060,2080,0.0,sv_2c_buffer_decoal
R12_NAM,igcc_ccs,2060,2090,0.0,sv_2c_buffer_decoal
R12_NAM,igcc_ccs,2070,2070,0.0,sv_2c_buffer_decoal
R12_NAM,igcc_ccs,2070,2080,0.0,sv_2c_buffer_decoal
R12_NAM,igcc_ccs,2070,2090,0.0,sv_2c_buffer_decoal
R12_NAM,igcc_ccs,2080,2080,0.0,sv_2c_buffer_decoal
R12_NAM,igcc_ccs,2080,2090,0.0,sv_2c_buffer_decoal
R12_NAM,igcc_ccs,2080,2100,0.0,sv_2c_buffer_decoal
R12_NAM,igcc_ccs,2090,2090,0.0,sv_2c_buffer_decoal
R12_NAM,igcc_ccs,2090,2100,0.0,sv_2c_buffer_decoal
R12_NAM,igcc_ccs,2090,2110,0.0,sv_2c_buffer_decoal
R12_NAM,igcc_ccs,2100,2100,0.0,sv_2c_buffer_decoal
R12_NAM,igcc_ccs,2100,2110,0.0,sv_2c_buffer_decoal
R12_NAM,igcc_ccs,2110,2110,0.0,sv_2c_buffer_decoal
R12_NAM,coal_adv_cfNH3,1960,1960,0.0,sv_2c_buffer_decoal
R12_NAM,coal_adv_cfNH3,1965,1965,0.0,sv_2c_buffer_decoal
R12_NAM,coal_adv_cfNH3,1970,1970,0.0,sv_2c_buffer_decoal
R12_NAM,coal_adv_cfNH3,1975,1975,0.0,sv_2c_buffer_decoal
R12_NAM,coal_adv_cfNH3,1980,1980,0.0,sv_2c_buffer_decoal
R12_NAM,coal_adv_cfNH3,1985,1985,0.0,sv_2c_buffer_decoal
R12_NAM,coal_adv_cfNH3,1990,1990,0.0,sv_2c_buffer_decoal
R12_NAM,coal_adv_cfNH3,1995,1995,0.0,sv_2c_buffer_decoal
R12_NAM,coal_adv_cfNH3,2000,2000,0.0,sv_2c_buffer_decoal
R12_NAM,coal_adv_cfNH3,2005,2005,0.0,sv_2c_buffer_decoal
R12_NAM,coal_adv_cfNH3,2005,2030,0.0,sv_2c_buffer_decoal
R12_NAM,coal_adv_cfNH3,2010,2010,0.0,sv_2c_buffer_decoal
R12_NAM,coal_adv_cfNH3,2010,2030,0.0,sv_2c_buffer_decoal
R12_NAM,coal_adv_cfNH3,2010,2035,0.0,sv_2c_buffer_decoal
R12_NAM,coal_adv_cfNH3,2015,2015,0.0,sv_2c_buffer_decoal
R12_NAM,coal_adv_cfNH3,2015,2030,0.0,sv_2c_buffer_decoal
R12_NAM,coal_adv_cfNH3,2015,2035,0.0,sv_2c_buffer_decoal
R12_NAM,coal_adv_cfNH3,2015,2040,0.0,sv_2c_buffer_decoal
R12_NAM,coal_adv_cfNH3,2020,2020,0.0,sv_2c_buffer_decoal
R12_NAM,coal_adv_cfNH3,2020,2030,0.0,sv_2c_buffer_decoal
R12_NAM,coal_adv_cfNH3,2020,2035,0.0,sv_2c_buffer_decoal
R12_NAM,coal_adv_cfNH3,2020,2040,0.0,sv_2c_buffer_decoal
R12_NAM,coal_adv_cfNH3,2020,2045,0.0,sv_2c_buffer_decoal
R12_NAM,coal_adv_cfNH3,2025,2025,0.0,sv_2c_buffer_decoal
R12_NAM,coal_adv_cfNH3,2025,2030,0.0,sv_2c_buffer_decoal
R12_NAM,coal_adv_cfNH3,2025,2035,0.0,sv_2c_buffer_decoal
R12_NAM,coal_adv_cfNH3,2025,2040,0.0,sv_2c_buffer_decoal
R12_NAM,coal_adv_cfNH3,2025,2045,0.0,sv_2c_buffer_decoal
R12_NAM,coal_adv_cfNH3,2025,2050,0.0,sv_2c_buffer_decoal
R12_NAM,coal_adv_cfNH3,2030,2030,0.0,sv_2c_buffer_decoal
R12_NAM,coal_adv_cfNH3,2030,2035,0.0,sv_2c_buffer_decoal
R12_NAM,coal_adv_cfNH3,2030,2040,0.0,sv_2c_buffer_decoal
R12_NAM,coal_adv_cfNH3,2030,2045,0.0,sv_2c_buffer_decoal
R12_NAM,coal_adv_cfNH3,2030,2050,0.0,sv_2c_buffer_decoal
R12_NAM,coal_adv_cfNH3,2030,2055,0.0,sv_2c_buffer_decoal
R12_NAM,coal_adv_cfNH3,2035,2035,0.0,sv_2c_buffer_decoal
R12_NAM,coal_adv_cfNH3,2035,2040,0.0,sv_2c_buffer_decoal
R12_NAM,coal_adv_cfNH3,2035,2045,0.0,sv_2c_buffer_decoal
R12_NAM,coal_adv_cfNH3,2035,2050,0.0,sv_2c_buffer_decoal
R12_NAM,coal_adv_cfNH3,2035,2055,0.0,sv_2c_buffer_decoal
R12_NAM,coal_adv_cfNH3,2035,2060,0.0,sv_2c_buffer_decoal
R12_NAM,coal_adv_cfNH3,2040,2040,0.0,sv_2c_buffer_decoal
R12_NAM,coal_adv_cfNH3,2040,2045,0.0,sv_2c_buffer_decoal
R12_NAM,coal_adv_cfNH3,2040,2050,0.0,sv_2c_buffer_decoal
R12_NAM,coal_adv_cfNH3,2040,2055,0.0,sv_2c_buffer_decoal
R12_NAM,coal_adv_cfNH3,2040,2060,0.0,sv_2c_buffer_decoal
R12_NAM,coal_adv_cfNH3,2040,2070,0.0,sv_2c_buffer_decoal
R12_NAM,coal_adv_cfNH3,2045,2045,0.0,sv_2c_buffer_decoal
R12_NAM,coal_adv_cfNH3,2045,2050,0.0,sv_2c_buffer_decoal
R12_NAM,coal_adv_cfNH3,2045,2055,0.0,sv_2c_buffer_decoal
R12_NAM,coal_adv_cfNH3,2045,2060,0.0,sv_2c_buffer_decoal
R12_NAM,coal_adv_cfNH3,2045,2070,0.0,sv_2c_buffer_decoal
R12_NAM,coal_adv_cfNH3,2050,2050,0.0,sv_2c_buffer_decoal
R12_NAM,coal_adv_cfNH3,2050,2055,0.0,sv_2c_buffer_decoal
R12_NAM,coal_adv_cfNH3,2050,2060,0.0,sv_2c_buffer_decoal
R12_NAM,coal_adv_cfNH3,2050,2070,0.0,sv_2c_buffer_decoal
R12_NAM,coal_adv_cfNH3,2050,2080,0.0,sv_2c_buffer_decoal
R12_NAM,coal_adv_cfNH3,2055,2055,0.0,sv_2c_buffer_decoal
R12_NAM,coal_adv_cfNH3,2055,2060,0.0,sv_2c_buffer_decoal
R12_NAM,coal_adv_cfNH3,2055,2070,0.0,sv_2c_buffer_decoal
R12_NAM,coal_adv_cfNH3,2055,2080,0.0,sv_2c_buffer_decoal
R12_NAM,coal_adv_cfNH3,2060,2060,0.0,sv_2c_buffer_decoal
R12_NAM,coal_adv_cfNH3,2060,2070,0.0,sv_2c_buffer_decoal
R12_NAM,coal_adv_cfNH3,2060,2080,0.0,sv_2c_buffer_decoal
R12_NAM,coal_adv_cfNH3,2060,2090,0.0,sv_2c_buffer_decoal
R12_NAM,coal_adv_cfNH3,2070,2070,0.0,sv_2c_buffer_decoal
R12_NAM,coal_adv_cfNH3,2070,2080,0.0,sv_2c_buffer_decoal
R12_NAM,coal_adv_cfNH3,2070,2090,0.0,sv_2c_buffer_decoal
R12_NAM,coal_adv_cfNH3,2080,2080,0.0,sv_2c_buffer_decoal
R12_NAM,coal_adv_cfNH3,2080,2090,0.0,sv_2c_buffer_decoal
R12_NAM,coal_adv_cfNH3,2080,2100,0.0,sv_2c_buffer_decoal
R12_NAM,coal_adv_cfNH3,2090,2090,0.0,sv_2c_buffer_decoal
R12_NAM,coal_adv_cfNH3,2090,2100,0.0,sv_2c_buffer_decoal
R12_NAM,coal_adv_cfNH3,2090,2110,0.0,sv_2c_buffer_decoal
R12_NAM,coal_adv_cfNH3,2100,2100,0.0,sv_2c_buffer_decoal
R12_NAM,coal_adv_cfNH3,2100,2110,0.0,sv_2c_buffer_decoal
R12_NAM,coal_adv_cfNH3,2110,2110,0.0,sv_2c_buffer_decoal
R12_NAM,coal_ppl_u_cfNH3,1960,1960,0.0,sv_2c_buffer_decoal
R12_NAM,coal_ppl_u_cfNH3,1965,1965,0.0,sv_2c_buffer_decoal
R12_NAM,coal_ppl_u_cfNH3,1970,1970,0.0,sv_2c_buffer_decoal
R12_NAM,coal_ppl_u_cfNH3,1970,2030,0.0,sv_2c_buffer_decoal
R12_NAM,coal_ppl_u_cfNH3,1975,1975,0.0,sv_2c_buffer_decoal
R12_NAM,coal_ppl_u_cfNH3,1975,2030,0.0,sv_2c_buffer_decoal
R12_NAM,coal_ppl_u_cfNH3,1980,1980,0.0,sv_2c_buffer_decoal
R12_NAM,coal_ppl_u_cfNH3,1980,2030,0.0,sv_2c_buffer_decoal
R12_NAM,coal_ppl_u_cfNH3,1980,2035,0.0,sv_2c_buffer_decoal
R12_NAM,coal_ppl_u_cfNH3,1985,1985,0.0,sv_2c_buffer_decoal
R12_NAM,coal_ppl_u_cfNH3,1985,2030,0.0,sv_2c_buffer_decoal
R12_NAM,coal_ppl_u_cfNH3,1985,2035,0.0,sv_2c_buffer_decoal
R12_NAM,coal_ppl_u_cfNH3,1990,1990,0.0,sv_2c_buffer_decoal
R12_NAM,coal_ppl_u_cfNH3,1990,2030,0.0,sv_2c_buffer_decoal
R12_NAM,coal_ppl_u_cfNH3,1990,2035,0.0,sv_2c_buffer_decoal
R12_NAM,coal_ppl_u_cfNH3,1990,2040,0.0,sv_2c_buffer_decoal
R12_NAM,coal_ppl_u_cfNH3,1995,1995,0.0,sv_2c_buffer_decoal
R12_NAM,coal_ppl_u_cfNH3,1995,2030,0.0,sv_2c_buffer_decoal
R12_NAM,coal_ppl_u_cfNH3,1995,2035,0.0,sv_2c_buffer_decoal
R12_NAM,coal_ppl_u_cfNH3,1995,2040,0.0,sv_2c_buffer_decoal
R12_NAM,coal_ppl_u_cfNH3,2000,2000,0.0,sv_2c_buffer_decoal
R12_NAM,coal_ppl_u_cfNH3,2000,2030,0.0,sv_2c_buffer_decoal
R12_NAM,coal_ppl_u_cfNH3,2000,2035,0.0,sv_2c_buffer_decoal
R12_NAM,coal_ppl_u_cfNH3,2000,2040,0.0,sv_2c_buffer_decoal
R12_NAM,coal_ppl_u_cfNH3,2000,2045,0.0,sv_2c_buffer_decoal
R12_NAM,coal_ppl_u_cfNH3,2005,2005,0.0,sv_2c_buffer_decoal
R12_NAM,coal_ppl_u_cfNH3,2005,2030,0.0,sv_2c_buffer_decoal
R12_NAM,coal_ppl_u_cfNH3,2005,2035,0.0,sv_2c_buffer_decoal
R12_NAM,coal_ppl_u_cfNH3,2005,2040,0.0,sv_2c_buffer_decoal
R12_NAM,coal_ppl_u_cfNH3,2005,2045,0.0,sv_2c_buffer_decoal
R12_NAM,coal_ppl_u_cfNH3,2010,2010,0.0,sv_2c_buffer_decoal
R12_NAM,coal_ppl_u_cfNH3,2010,2030,0.0,sv_2c_buffer_decoal
R12_NAM,coal_ppl_u_cfNH3,2010,2035,0.0,sv_2c_buffer_decoal
R12_NAM,coal_ppl_u_cfNH3,2010,2040,0.0,sv_2c_buffer_decoal
R12_NAM,coal_ppl_u_cfNH3,2010,2045,0.0,sv_2c_buffer_decoal
R12_NAM,coal_ppl_u_cfNH3,2010,2050,0.0,sv_2c_buffer_decoal
R12_NAM,coal_ppl_u_cfNH3,2015,2015,0.0,sv_2c_buffer_decoal
R12_NAM,coal_ppl_u_cfNH3,2015,2030,0.0,sv_2c_buffer_decoal
R12_NAM,coal_ppl_u_cfNH3,2015,2035,0.0,sv_2c_buffer_decoal
R12_NAM,coal_ppl_u_cfNH3,2015,2040,0.0,sv_2c_buffer_decoal
R12_NAM,coal_ppl_u_cfNH3,2015,2045,0.0,sv_2c_buffer_decoal
R12_NAM,coal_ppl_u_cfNH3,2020,2020,0.0,sv_2c_buffer_decoal
R12_NAM,coal_ppl_u_cfNH3,2020,2030,0.0,sv_2c_buffer_decoal
R12_NAM,coal_ppl_u_cfNH3,2020,2035,0.0,sv_2c_buffer_decoal
R12_NAM,coal_ppl_u_cfNH3,2020,2040,0.0,sv_2c_buffer_decoal
R12_NAM,coal_ppl_u_cfNH3,2020,2045,0.0,sv_2c_buffer_decoal
R12_NAM,coal_ppl_u_cfNH3,2025,2025,0.0,sv_2c_buffer_decoal
R12_NAM,coal_ppl_u_cfNH3,2025,2030,0.0,sv_2c_buffer_decoal
R12_NAM,coal_ppl_u_cfNH3,2025,2035,0.0,sv_2c_buffer_decoal
R12_NAM,coal_ppl_u_cfNH3,2025,2040,0.0,sv_2c_buffer_decoal
R12_NAM,coal_ppl_u_cfNH3,2025,2045,0.0,sv_2c_buffer_decoal
R12_NAM,coal_ppl_u_cfNH3,2025,2050,0.0,sv_2c_buffer_decoal
R12_NAM,coal_ppl_u_cfNH3,2030,2030,0.0,sv_2c_buffer_decoal
R12_NAM,coal_ppl_u_cfNH3,2030,2035,0.0,sv_2c_buffer_decoal
R12_NAM,coal_ppl_u_cfNH3,2030,2040,0.0,sv_2c_buffer_decoal
R12_NAM,coal_ppl_u_cfNH3,2030,2045,0.0,sv_2c_buffer_decoal
R12_NAM,coal_ppl_u_cfNH3,2030,2050,0.0,sv_2c_buffer_decoal
R12_NAM,coal_ppl_u_cfNH3,2030,2055,0.0,sv_2c_buffer_decoal
R12_NAM,coal_ppl_u_cfNH3,2035,2035,0.0,sv_2c_buffer_decoal
R12_NAM,coal_ppl_u_cfNH3,2035,2040,0.0,sv_2c_buffer_decoal
R12_NAM,coal_ppl_u_cfNH3,2035,2045,0.0,sv_2c_buffer_decoal
R12_NAM,coal_ppl_u_cfNH3,2035,2050,0.0,sv_2c_buffer_decoal
R12_NAM,coal_ppl_u_cfNH3,2035,2055,0.0,sv_2c_buffer_decoal
R12_NAM,coal_ppl_u_cfNH3,2035,2060,0.0,sv_2c_buffer_decoal
R12_NAM,coal_ppl_u_cfNH3,2040,2040,0.0,sv_2c_buffer_decoal
R12_NAM,coal_ppl_u_cfNH3,2040,2045,0.0,sv_2c_buffer_decoal
R12_NAM,coal_ppl_u_cfNH3,2040,2050,0.0,sv_2c_buffer_decoal
R12_NAM,coal_ppl_u_cfNH3,2040,2055,0.0,sv_2c_buffer_decoal
R12_NAM,coal_ppl_u_cfNH3,2040,2060,0.0,sv_2c_buffer_decoal
R12_NAM,coal_ppl_u_cfNH3,2040,2070,0.0,sv_2c_buffer_decoal
R12_NAM,coal_ppl_u_cfNH3,2045,2045,0.0,sv_2c_buffer_decoal
R12_NAM,coal_ppl_u_cfNH3,2045,2050,0.0,sv_2c_buffer_decoal
R12_NAM,coal_ppl_u_cfNH3,2045,2055,0.0,sv_2c_buffer_decoal
R12_NAM,coal_ppl_u_cfNH3,2045,2060,0.0,sv_2c_buffer_decoal
R12_NAM,coal_ppl_u_cfNH3,2045,2070,0.0,sv_2c_buffer_decoal
R12_NAM,coal_ppl_u_cfNH3,2050,2050,0.0,sv_2c_buffer_decoal
R12_NAM,coal_ppl_u_cfNH3,2050,2055,0.0,sv_2c_buffer_decoal
R12_NAM,coal_ppl_u_cfNH3,2050,2060,0.0,sv_2c_buffer_decoal
R12_NAM,coal_ppl_u_cfNH3,2050,2070,0.0,sv_2c_buffer_decoal
R12_NAM,coal_ppl_u_cfNH3,2050,2080,0.0,sv_2c_buffer_decoal
R12_NAM,coal_ppl_u_cfNH3,2055,2055,0.0,sv_2c_buffer_decoal
R12_NAM,coal_ppl_u_cfNH3,2055,2060,0.0,sv_2c_buffer_decoal
R12_NAM,coal_ppl_u_cfNH3,2055,2070,0.0,sv_2c_buffer_decoal
R12_NAM,coal_ppl_u_cfNH3,2055,2080,0.0,sv_2c_buffer_decoal
R12_NAM,coal_ppl_u_cfNH3,2060,2060,0.0,sv_2c_buffer_decoal
R12_NAM,coal_ppl_u_cfNH3,2060,2070,0.0,sv_2c_buffer_decoal
R12_NAM,coal_ppl_u_cfNH3,2060,2080,0.0,sv_2c_buffer_decoal
R12_NAM,coal_ppl_u_cfNH3,2060,2090,0.0,sv_2c_buffer_decoal
R12_NAM,coal_ppl_u_cfNH3,2070,2070,0.0,sv_2c_buffer_decoal
R12_NAM,coal_ppl_u_cfNH3,2070,2080,0.0,sv_2c_buffer_decoal
R12_NAM,coal_ppl_u_cfNH3,2070,2090,0.0,sv_2c_buffer_decoal
R12_NAM,coal_ppl_u_cfNH3,2080,2080,0.0,sv_2c_buffer_decoal
R12_NAM,coal_ppl_u_cfNH3,2080,2090,0.0,sv_2c_buffer_decoal
R12_NAM,coal_ppl_u_cfNH3,2080,2100,0.0,sv_2c_buffer_decoal
R12_NAM,coal_ppl_u_cfNH3,2090,2090,0.0,sv_2c_buffer_decoal
R12_NAM,coal_ppl_u_cfNH3,2090,2100,0.0,sv_2c_buffer_decoal
R12_NAM,coal_ppl_u_cfNH3,2090,2110,0.0,sv_2c_buffer_decoal
R12_NAM,coal_ppl_u_cfNH3,2100,2100,0.0,sv_2c_buffer_decoal
R12_NAM,coal_ppl_u_cfNH3,2100,2110,0.0,sv_2c_buffer_decoal
R12_NAM,coal_ppl_u_cfNH3,2110,2110,0.0,sv_2c_buffer_decoal
R12_NAM,coal_ppl_cfNH3,1960,1960,0.0,sv_2c_buffer_decoal
R12_NAM,coal_ppl_cfNH3,1965,1965,0.0,sv_2c_buffer_decoal
R12_NAM,coal_ppl_cfNH3,1970,1970,0.0,sv_2c_buffer_decoal
R12_NAM,coal_ppl_cfNH3,1975,1975,0.0,sv_2c_buffer_decoal
R12_NAM,coal_ppl_cfNH3,1980,1980,0.0,sv_2c_buffer_decoal
R12_NAM,coal_ppl_cfNH3,1985,1985,0.0,sv_2c_buffer_decoal
R12_NAM,coal_ppl_cfNH3,1990,1990,0.0,sv_2c_buffer_decoal
R12_NAM,coal_ppl_cfNH3,1990,2030,0.0,sv_2c_buffer_decoal
R12_NAM,coal_ppl_cfNH3,1995,1995,0.0,sv_2c_buffer_decoal
R12_NAM,coal_ppl_cfNH3,1995,2030,0.0,sv_2c_buffer_decoal
R12_NAM,coal_ppl_cfNH3,2000,2000,0.0,sv_2c_buffer_decoal
R12_NAM,coal_ppl_cfNH3,2000,2030,0.0,sv_2c_buffer_decoal
R12_NAM,coal_ppl_cfNH3,2000,2035,0.0,sv_2c_buffer_decoal
R12_NAM,coal_ppl_cfNH3,2005,2005,0.0,sv_2c_buffer_decoal
R12_NAM,coal_ppl_cfNH3,2005,2030,0.0,sv_2c_buffer_decoal
R12_NAM,coal_ppl_cfNH3,2005,2035,0.0,sv_2c_buffer_decoal
R12_NAM,coal_ppl_cfNH3,2010,2010,0.0,sv_2c_buffer_decoal
R12_NAM,coal_ppl_cfNH3,2010,2030,0.0,sv_2c_buffer_decoal
R12_NAM,coal_ppl_cfNH3,2010,2035,0.0,sv_2c_buffer_decoal
R12_NAM,coal_ppl_cfNH3,2010,2040,0.0,sv_2c_buffer_decoal
R12_NAM,coal_ppl_cfNH3,2015,2015,0.0,sv_2c_buffer_decoal
R12_NAM,coal_ppl_cfNH3,2015,2030,0.0,sv_2c_buffer_decoal
R12_NAM,coal_ppl_cfNH3,2015,2035,0.0,sv_2c_buffer_decoal
R12_NAM,coal_ppl_cfNH3,2015,2040,0.0,sv_2c_buffer_decoal
R12_NAM,coal_ppl_cfNH3,2020,2020,0.0,sv_2c_buffer_decoal
R12_NAM,coal_ppl_cfNH3,2020,2030,0.0,sv_2c_buffer_decoal
R12_NAM,coal_ppl_cfNH3,2020,2035,0.0,sv_2c_buffer_decoal
R12_NAM,coal_ppl_cfNH3,2020,2040,0.0,sv_2c_buffer_decoal
R12_NAM,coal_ppl_cfNH3,2020,2045,0.0,sv_2c_buffer_decoal
R12_NAM,coal_ppl_cfNH3,2025,2025,0.0,sv_2c_buffer_decoal
R12_NAM,coal_ppl_cfNH3,2025,2030,0.0,sv_2c_buffer_decoal
R12_NAM,coal_ppl_cfNH3,2025,2035,0.0,sv_2c_buffer_decoal
R12_NAM,coal_ppl_cfNH3,2025,2040,0.0,sv_2c_buffer_decoal
R12_NAM,coal_ppl_cfNH3,2025,2045,0.0,sv_2c_buffer_decoal
R12_NAM,coal_ppl_cfNH3,2025,2050,0.0,sv_2c_buffer_decoal
R12_NAM,coal_ppl_cfNH3,2030,2030,0.0,sv_2c_buffer_decoal
R12_NAM,coal_ppl_cfNH3,2030,2035,0.0,sv_2c_buffer_decoal
R12_NAM,coal_ppl_cfNH3,2030,2040,0.0,sv_2c_buffer_decoal
R12_NAM,coal_ppl_cfNH3,2030,2045,0.0,sv_2c_buffer_decoal
R12_NAM,coal_ppl_cfNH3,2030,2050,0.0,sv_2c_buffer_decoal
R12_NAM,coal_ppl_cfNH3,2030,2055,0.0,sv_2c_buffer_decoal
R12_NAM,coal_ppl_cfNH3,2035,2035,0.0,sv_2c_buffer_decoal
R12_NAM,coal_ppl_cfNH3,2035,2040,0.0,sv_2c_buffer_decoal
R12_NAM,coal_ppl_cfNH3,2035,2045,0.0,sv_2c_buffer_decoal
R12_NAM,coal_ppl_cfNH3,2035,2050,0.0,sv_2c_buffer_decoal
R12_NAM,coal_ppl_cfNH3,2035,2055,0.0,sv_2c_buffer_decoal
R12_NAM,coal_ppl_cfNH3,2035,2060,0.0,sv_2c_buffer_decoal
R12_NAM,coal_ppl_cfNH3,2040,2040,0.0,sv_2c_buffer_decoal
R12_NAM,coal_ppl_cfNH3,2040,2045,0.0,sv_2c_buffer_decoal
R12_NAM,coal_ppl_cfNH3,2040,2050,0.0,sv_2c_buffer_decoal
R12_NAM,coal_ppl_cfNH3,2040,2055,0.0,sv_2c_buffer_decoal
R12_NAM,coal_ppl_cfNH3,2040,2060,0.0,sv_2c_buffer_decoal
R12_NAM,coal_ppl_cfNH3,2040,2070,0.0,sv_2c_buffer_decoal
R12_NAM,coal_ppl_cfNH3,2045,2045,0.0,sv_2c_buffer_decoal
R12_NAM,coal_ppl_cfNH3,2045,2050,0.0,sv_2c_buffer_decoal
R12_NAM,coal_ppl_cfNH3,2045,2055,0.0,sv_2c_buffer_decoal
R12_NAM,coal_ppl_cfNH3,2045,2060,0.0,sv_2c_buffer_decoal
R12_NAM,coal_ppl_cfNH3,2045,2070,0.0,sv_2c_buffer_decoal
R12_NAM,coal_ppl_cfNH3,2050,2050,0.0,sv_2c_buffer_decoal
R12_NAM,coal_ppl_cfNH3,2050,2055,0.0,sv_2c_buffer_decoal
R12_NAM,coal_ppl_cfNH3,2050,2060,0.0,sv_2c_buffer_decoal
R12_NAM,coal_ppl_cfNH3,2050,2070,0.0,sv_2c_buffer_decoal
R12_NAM,coal_ppl_cfNH3,2050,2080,0.0,sv_2c_buffer_decoal
R12_NAM,coal_ppl_cfNH3,2055,2055,0.0,sv_2c_buffer_decoal
R12_NAM,coal_ppl_cfNH3,2055,2060,0.0,sv_2c_buffer_decoal
R12_NAM,coal_ppl_cfNH3,2055,2070,0.0,sv_2c_buffer_decoal
R12_NAM,coal_ppl_cfNH3,2055,2080,0.0,sv_2c_buffer_decoal
R12_NAM,coal_ppl_cfNH3,2060,2060,0.0,sv_2c_buffer_decoal
R12_NAM,coal_ppl_cfNH3,2060,2070,0.0,sv_2c_buffer_decoal
R12_NAM,coal_ppl_cfNH3,2060,2080,0.0,sv_2c_buffer_decoal
R12_NAM,coal_ppl_cfNH3,2060,2090,0.0,sv_2c_buffer_decoal
R12_NAM,coal_ppl_cfNH3,2070,2070,0.0,sv_2c_buffer_decoal
R12_NAM,coal_ppl_cfNH3,2070,2080,0.0,sv_2c_buffer_decoal
R12_NAM,coal_ppl_cfNH3,2070,2090,0.0,sv_2c_buffer_decoal
R12_NAM,coal_ppl_cfNH3,2080,2080,0.0,sv_2c_buffer_decoal
R12_NAM,coal_ppl_cfNH3,2080,2090,0.0,sv_2c_buffer_decoal
R12_NAM,coal_ppl_cfNH3,2080,2100,0.0,sv_2c_buffer_decoal
R12_NAM,coal_ppl_cfNH3,2090,2090,0.0,sv_2c_buffer_decoal
R12_NAM,coal_ppl_cfNH3,2090,2100,0.0,sv_2c_buffer_decoal
R12_NAM,coal_ppl_cfNH3,2090,2110,0.0,sv_2c_buffer_decoal
R12_NAM,coal_ppl_cfNH3,2100,2100,0.0,sv_2c_buffer_decoal
R12_NAM,coal_ppl_cfNH3,2100,2110,0.0,sv_2c_buffer_decoal
R12_NAM,coal_ppl_cfNH3,2110,2110,0.0,sv_2c_buffer_decoal
R12_NAM,coal_adv_cfbio,1965,1965,0.0,sv_2c_buffer_decoal
R12_NAM,coal_adv_cfbio,1970,1970,0.0,sv_2c_buffer_decoal
R12_NAM,coal_adv_cfbio,1975,1975,0.0,sv_2c_buffer_decoal
R12_NAM,coal_adv_cfbio,1980,1980,0.0,sv_2c_buffer_decoal
R12_NAM,coal_adv_cfbio,1985,1985,0.0,sv_2c_buffer_decoal
R12_NAM,coal_adv_cfbio,1990,1990,0.0,sv_2c_buffer_decoal
R12_NAM,coal_adv_cfbio,1995,1995,0.0,sv_2c_buffer_decoal
R12_NAM,coal_adv_cfbio,2000,2000,0.0,sv_2c_buffer_decoal
R12_NAM,coal_adv_cfbio,2005,2005,0.0,sv_2c_buffer_decoal
R12_NAM,coal_adv_cfbio,2005,2030,0.0,sv_2c_buffer_decoal
R12_NAM,coal_adv_cfbio,2010,2010,0.0,sv_2c_buffer_decoal
R12_NAM,coal_adv_cfbio,2010,2030,0.0,sv_2c_buffer_decoal
R12_NAM,coal_adv_cfbio,2010,2035,0.0,sv_2c_buffer_decoal
R12_NAM,coal_adv_cfbio,2015,2015,0.0,sv_2c_buffer_decoal
R12_NAM,coal_adv_cfbio,2015,2030,0.0,sv_2c_buffer_decoal
R12_NAM,coal_adv_cfbio,2015,2035,0.0,sv_2c_buffer_decoal
R12_NAM,coal_adv_cfbio,2015,2040,0.0,sv_2c_buffer_decoal
R12_NAM,coal_adv_cfbio,2020,2020,0.0,sv_2c_buffer_decoal
R12_NAM,coal_adv_cfbio,2020,2030,0.0,sv_2c_buffer_decoal
R12_NAM,coal_adv_cfbio,2020,2035,0.0,sv_2c_buffer_decoal
R12_NAM,coal_adv_cfbio,2020,2040,0.0,sv_2c_buffer_decoal
R12_NAM,coal_adv_cfbio,2020,2045,0.0,sv_2c_buffer_decoal
R12_NAM,coal_adv_cfbio,2025,2025,0.0,sv_2c_buffer_decoal
R12_NAM,coal_adv_cfbio,2025,2030,0.0,sv_2c_buffer_decoal
R12_NAM,coal_adv_cfbio,2025,2035,0.0,sv_2c_buffer_decoal
R12_NAM,coal_adv_cfbio,2025,2040,0.0,sv_2c_buffer_decoal
R12_NAM,coal_adv_cfbio,2025,2045,0.0,sv_2c_buffer_decoal
R12_NAM,coal_adv_cfbio,2025,2050,0.0,sv_2c_buffer_decoal
R12_NAM,coal_adv_cfbio,2030,2030,0.0,sv_2c_buffer_decoal
R12_NAM,coal_adv_cfbio,2030,2035,0.0,sv_2c_buffer_decoal
R12_NAM,coal_adv_cfbio,2030,2040,0.0,sv_2c_buffer_decoal
R12_NAM,coal_adv_cfbio,2030,2045,0.0,sv_2c_buffer_decoal
R12_NAM,coal_adv_cfbio,2030,2050,0.0,sv_2c_buffer_decoal
R12_NAM,coal_adv_cfbio,2030,2055,0.0,sv_2c_buffer_decoal
R12_NAM,coal_adv_cfbio,2035,2035,0.0,sv_2c_buffer_decoal
R12_NAM,coal_adv_cfbio,2035,2040,0.0,sv_2c_buffer_decoal
R12_NAM,coal_adv_cfbio,2035,2045,0.0,sv_2c_buffer_decoal
R12_NAM,coal_adv_cfbio,2035,2050,0.0,sv_2c_buffer_decoal
R12_NAM,coal_adv_cfbio,2035,2055,0.0,sv_2c_buffer_decoal
R12_NAM,coal_adv_cfbio,2035,2060,0.0,sv_2c_buffer_decoal
R12_NAM,coal_adv_cfbio,2040,2040,0.0,sv_2c_buffer_decoal
R12_NAM,coal_adv_cfbio,2040,2045,0.0,sv_2c_buffer_decoal
R12_NAM,coal_adv_cfbio,2040,2050,0.0,sv_2c_buffer_decoal
R12_NAM,coal_adv_cfbio,2040,2055,0.0,sv_2c_buffer_decoal
R12_NAM,coal_adv_cfbio,2040,2060,0.0,sv_2c_buffer_decoal
R12_NAM,coal_adv_cfbio,2040,2070,0.0,sv_2c_buffer_decoal
R12_NAM,coal_adv_cfbio,2045,2045,0.0,sv_2c_buffer_decoal
R12_NAM,coal_adv_cfbio,2045,2050,0.0,sv_2c_buffer_decoal
R12_NAM,coal_adv_cfbio,2045,2055,0.0,sv_2c_buffer_decoal
R12_NAM,coal_adv_cfbio,2045,2060,0.0,sv_2c_buffer_decoal
R12_NAM,coal_adv_cfbio,2045,2070,0.0,sv_2c_buffer_decoal
R12_NAM,coal_adv_cfbio,2050,2050,0.0,sv_2c_buffer_decoal
R12_NAM,coal_adv_cfbio,2050,2055,0.0,sv_2c_buffer_decoal
R12_NAM,coal_adv_cfbio,2050,2060,0.0,sv_2c_buffer_decoal
R12_NAM,coal_adv_cfbio,2050,2070,0.0,sv_2c_buffer_decoal
R12_NAM,coal_adv_cfbio,2050,2080,0.0,sv_2c_buffer_decoal
R12_NAM,coal_adv_cfbio,2055,2055,0.0,sv_2c_buffer_decoal
R12_NAM,coal_adv_cfbio,2055,2060,0.0,sv_2c_buffer_decoal
R12_NAM,coal_adv_cfbio,2055,2070,0.0,sv_2c_buffer_decoal
R12_NAM,coal_adv_cfbio,2055,2080,0.0,sv_2c_buffer_decoal
R12_NAM,coal_adv_cfbio,2060,2060,0.0,sv_2c_buffer_decoal
R12_NAM,coal_adv_cfbio,2060,2070,0.0,sv_2c_buffer_decoal
R12_NAM,coal_adv_cfbio,2060,2080,0.0,sv_2c_buffer_decoal
R12_NAM,coal_adv_cfbio,2060,2090,0.0,sv_2c_buffer_decoal
R12_NAM,coal_adv_cfbio,2070,2070,0.0,sv_2c_buffer_decoal
R12_NAM,coal_adv_cfbio,2070,2080,0.0,sv_2c_buffer_decoal
R12_NAM,coal_adv_cfbio,2070,2090,0.0,sv_2c_buffer_decoal
R12_NAM,coal_adv_cfbio,2080,2080,0.0,sv_2c_buffer_decoal
R12_NAM,coal_adv_cfbio,2080,2090,0.0,sv_2c_buffer_decoal
R12_NAM,coal_adv_cfbio,2080,2100,0.0,sv_2c_buffer_decoal
R12_NAM,coal_adv_cfbio,2090,2090,0.0,sv_2c_buffer_decoal
R12_NAM,coal_adv_cfbio,2090,2100,0.0,sv_2c_buffer_decoal
R12_NAM,coal_adv_cfbio,2090,2110,0.0,sv_2c_buffer_decoal
R12_NAM,coal_adv_cfbio,2100,2100,0.0,sv_2c_buffer_decoal
R12_NAM,coal_adv_cfbio,2100,2110,0.0,sv_2c_buffer_decoal
R12_NAM,coal_adv_cfbio,2110,2110,0.0,sv_2c_buffer_decoal
R12_NAM,coal_ppl_u_cfbio,1965,1965,0.0,sv_2c_buffer_decoal
R12_NAM,coal_ppl_u_cfbio,1970,1970,0.0,sv_2c_buffer_decoal
R12_NAM,coal_ppl_u_cfbio,1970,2030,0.0,sv_2c_buffer_decoal
R12_NAM,coal_ppl_u_cfbio,1975,1975,0.0,sv_2c_buffer_decoal
R12_NAM,coal_ppl_u_cfbio,1975,2030,0.0,sv_2c_buffer_decoal
R12_NAM,coal_ppl_u_cfbio,1980,1980,0.0,sv_2c_buffer_decoal
R12_NAM,coal_ppl_u_cfbio,1980,2030,0.0,sv_2c_buffer_decoal
R12_NAM,coal_ppl_u_cfbio,1980,2035,0.0,sv_2c_buffer_decoal
R12_NAM,coal_ppl_u_cfbio,1985,1985,0.0,sv_2c_buffer_decoal
R12_NAM,coal_ppl_u_cfbio,1985,2030,0.0,sv_2c_buffer_decoal
R12_NAM,coal_ppl_u_cfbio,1985,2035,0.0,sv_2c_buffer_decoal
R12_NAM,coal_ppl_u_cfbio,1990,1990,0.0,sv_2c_buffer_decoal
R12_NAM,coal_ppl_u_cfbio,1990,2030,0.0,sv_2c_buffer_decoal
R12_NAM,coal_ppl_u_cfbio,1990,2035,0.0,sv_2c_buffer_decoal
R12_NAM,coal_ppl_u_cfbio,1990,2040,0.0,sv_2c_buffer_decoal
R12_NAM,coal_ppl_u_cfbio,1995,1995,0.0,sv_2c_buffer_decoal
R12_NAM,coal_ppl_u_cfbio,1995,2030,0.0,sv_2c_buffer_decoal
R12_NAM,coal_ppl_u_cfbio,1995,2035,0.0,sv_2c_buffer_decoal
R12_NAM,coal_ppl_u_cfbio,1995,2040,0.0,sv_2c_buffer_decoal
R12_NAM,coal_ppl_u_cfbio,2000,2000,0.0,sv_2c_buffer_decoal
R12_NAM,coal_ppl_u_cfbio,2000,2030,0.0,sv_2c_buffer_decoal
R12_NAM,coal_ppl_u_cfbio,2000,2035,0.0,sv_2c_buffer_decoal
R12_NAM,coal_ppl_u_cfbio,2000,2040,0.0,sv_2c_buffer_decoal
R12_NAM,coal_ppl_u_cfbio,2000,2045,0.0,sv_2c_buffer_decoal
R12_NAM,coal_ppl_u_cfbio,2005,2005,0.0,sv_2c_buffer_decoal
R12_NAM,coal_ppl_u_cfbio,2005,2030,0.0,sv_2c_buffer_decoal
R12_NAM,coal_ppl_u_cfbio,2005,2035,0.0,sv_2c_buffer_decoal
R12_NAM,coal_ppl_u_cfbio,2005,2040,0.0,sv_2c_buffer_decoal
R12_NAM,coal_ppl_u_cfbio,2005,2045,0.0,sv_2c_buffer_decoal
R12_NAM,coal_ppl_u_cfbio,2010,2010,0.0,sv_2c_buffer_decoal
R12_NAM,coal_ppl_u_cfbio,2010,2030,0.0,sv_2c_buffer_decoal
R12_NAM,coal_ppl_u_cfbio,2010,2035,0.0,sv_2c_buffer_decoal
R12_NAM,coal_ppl_u_cfbio,2010,2040,0.0,sv_2c_buffer_decoal
R12_NAM,coal_ppl_u_cfbio,2010,2045,0.0,sv_2c_buffer_decoal
R12_NAM,coal_ppl_u_cfbio,2010,2050,0.0,sv_2c_buffer_decoal
R12_NAM,coal_ppl_u_cfbio,2015,2015,0.0,sv_2c_buffer_decoal
R12_NAM,coal_ppl_u_cfbio,2015,2030,0.0,sv_2c_buffer_decoal
R12_NAM,coal_ppl_u_cfbio,2015,2035,0.0,sv_2c_buffer_decoal
R12_NAM,coal_ppl_u_cfbio,2015,2040,0.0,sv_2c_buffer_decoal
R12_NAM,coal_ppl_u_cfbio,2015,2045,0.0,sv_2c_buffer_decoal
R12_NAM,coal_ppl_u_cfbio,2020,2020,0.0,sv_2c_buffer_decoal
R12_NAM,coal_ppl_u_cfbio,2020,2030,0.0,sv_2c_buffer_decoal
R12_NAM,coal_ppl_u_cfbio,2020,2035,0.0,sv_2c_buffer_decoal
R12_NAM,coal_ppl_u_cfbio,2020,2040,0.0,sv_2c_buffer_decoal
R12_NAM,coal_ppl_u_cfbio,2020,2045,0.0,sv_2c_buffer_decoal
R12_NAM,coal_ppl_u_cfbio,2025,2025,0.0,sv_2c_buffer_decoal
R12_NAM,coal_ppl_u_cfbio,2025,2030,0.0,sv_2c_buffer_decoal
R12_NAM,coal_ppl_u_cfbio,2025,2035,0.0,sv_2c_buffer_decoal
R12_NAM,coal_ppl_u_cfbio,2025,2040,0.0,sv_2c_buffer_decoal
R12_NAM,coal_ppl_u_cfbio,2025,2045,0.0,sv_2c_buffer_decoal
R12_NAM,coal_ppl_u_cfbio,2025,2050,0.0,sv_2c_buffer_decoal
R12_NAM,coal_ppl_u_cfbio,2030,2030,0.0,sv_2c_buffer_decoal
R12_NAM,coal_ppl_u_cfbio,2030,2035,0.0,sv_2c_buffer_decoal
R12_NAM,coal_ppl_u_cfbio,2030,2040,0.0,sv_2c_buffer_decoal
R12_NAM,coal_ppl_u_cfbio,2030,2045,0.0,sv_2c_buffer_decoal
R12_NAM,coal_ppl_u_cfbio,2030,2050,0.0,sv_2c_buffer_decoal
R12_NAM,coal_ppl_u_cfbio,2030,2055,0.0,sv_2c_buffer_decoal
R12_NAM,coal_ppl_u_cfbio,2035,2035,0.0,sv_2c_buffer_decoal
R12_NAM,coal_ppl_u_cfbio,2035,2040,0.0,sv_2c_buffer_decoal
R12_NAM,coal_ppl_u_cfbio,2035,2045,0.0,sv_2c_buffer_decoal
R12_NAM,coal_ppl_u_cfbio,2035,2050,0.0,sv_2c_buffer_decoal
R12_NAM,coal_ppl_u_cfbio,2035,2055,0.0,sv_2c_buffer_decoal
R12_NAM,coal_ppl_u_cfbio,2035,2060,0.0,sv_2c_buffer_decoal
R12_NAM,coal_ppl_u_cfbio,2040,2040,0.0,sv_2c_buffer_decoal
R12_NAM,coal_ppl_u_cfbio,2040,2045,0.0,sv_2c_buffer_decoal
R12_NAM,coal_ppl_u_cfbio,2040,2050,0.0,sv_2c_buffer_decoal
R12_NAM,coal_ppl_u_cfbio,2040,2055,0.0,sv_2c_buffer_decoal
R12_NAM,coal_ppl_u_cfbio,2040,2060,0.0,sv_2c_buffer_decoal
R12_NAM,coal_ppl_u_cfbio,2040,2070,0.0,sv_2c_buffer_decoal
R12_NAM,coal_ppl_u_cfbio,2045,2045,0.0,sv_2c_buffer_decoal
R12_NAM,coal_ppl_u_cfbio,2045,2050,0.0,sv_2c_buffer_decoal
R12_NAM,coal_ppl_u_cfbio,2045,2055,0.0,sv_2c_buffer_decoal
R12_NAM,coal_ppl_u_cfbio,2045,2060,0.0,sv_2c_buffer_decoal
R12_NAM,coal_ppl_u_cfbio,2045,2070,0.0,sv_2c_buffer_decoal
R12_NAM,coal_ppl_u_cfbio,2050,2050,0.0,sv_2c_buffer_decoal
R12_NAM,coal_ppl_u_cfbio,2050,2055,0.0,sv_2c_buffer_decoal
R12_NAM,coal_ppl_u_cfbio,2050,2060,0.0,sv_2c_buffer_decoal
R12_NAM,coal_ppl_u_cfbio,2050,2070,0.0,sv_2c_buffer_decoal
R12_NAM,coal_ppl_u_cfbio,2050,2080,0.0,sv_2c_buffer_decoal
R12_NAM,coal_ppl_u_cfbio,2055,2055,0.0,sv_2c_buffer_decoal
R12_NAM,coal_ppl_u_cfbio,2055,2060,0.0,sv_2c_buffer_decoal
R12_NAM,coal_ppl_u_cfbio,2055,2070,0.0,sv_2c_buffer_decoal
R12_NAM,coal_ppl_u_cfbio,2055,2080,0.0,sv_2c_buffer_decoal
R12_NAM,coal_ppl_u_cfbio,2060,2060,0.0,sv_2c_buffer_decoal
R12_NAM,coal_ppl_u_cfbio,2060,2070,0.0,sv_2c_buffer_decoal
R12_NAM,coal_ppl_u_cfbio,2060,2080,0.0,sv_2c_buffer_decoal
R12_NAM,coal_ppl_u_cfbio,2060,2090,0.0,sv_2c_buffer_decoal
R12_NAM,coal_ppl_u_cfbio,2070,2070,0.0,sv_2c_buffer_decoal
R12_NAM,coal_ppl_u_cfbio,2070,2080,0.0,sv_2c_buffer_decoal
R12_NAM,coal_ppl_u_cfbio,2070,2090,0.0,sv_2c_buffer_decoal
R12_NAM,coal_ppl_u_cfbio,2080,2080,0.0,sv_2c_buffer_decoal
R12_NAM,coal_ppl_u_cfbio,2080,2090,0.0,sv_2c_buffer_decoal
R12_NAM,coal_ppl_u_cfbio,2080,2100,0.0,sv_2c_buffer_decoal
R12_NAM,coal_ppl_u_cfbio,2090,2090,0.0,sv_2c_buffer_decoal
R12_NAM,coal_ppl_u_cfbio,2090,2100,0.0,sv_2c_buffer_decoal
R12_NAM,coal_ppl_u_cfbio,2090,2110,0.0,sv_2c_buffer_decoal
R12_NAM,coal_ppl_u_cfbio,2100,2100,0.0,sv_2c_buffer_decoal
R12_NAM,coal_ppl_u_cfbio,2100,2110,0.0,sv_2c_buffer_decoal
R12_NAM,coal_ppl_u_cfbio,2110,2110,0.0,sv_2c_buffer_decoal
R12_NAM,coal_ppl_cfbio,1965,1965,0.0,sv_2c_buffer_decoal
R12_NAM,coal_ppl_cfbio,1970,1970,0.0,sv_2c_buffer_decoal
R12_NAM,coal_ppl_cfbio,1975,1975,0.0,sv_2c_buffer_decoal
R12_NAM,coal_ppl_cfbio,1980,1980,0.0,sv_2c_buffer_decoal
R12_NAM,coal_ppl_cfbio,1985,1985,0.0,sv_2c_buffer_decoal
R12_NAM,coal_ppl_cfbio,1990,1990,0.0,sv_2c_buffer_decoal
R12_NAM,coal_ppl_cfbio,1990,2030,0.0,sv_2c_buffer_decoal
R12_NAM,coal_ppl_cfbio,1995,1995,0.0,sv_2c_buffer_decoal
R12_NAM,coal_ppl_cfbio,1995,2030,0.0,sv_2c_buffer_decoal
R12_NAM,coal_ppl_cfbio,2000,2000,0.0,sv_2c_buffer_decoal
R12_NAM,coal_ppl_cfbio,2000,2030,0.0,sv_2c_buffer_decoal
R12_NAM,coal_ppl_cfbio,2000,2035,0.0,sv_2c_buffer_decoal
R12_NAM,coal_ppl_cfbio,2005,2005,0.0,sv_2c_buffer_decoal
R12_NAM,coal_ppl_cfbio,2005,2030,0.0,sv_2c_buffer_decoal
R12_NAM,coal_ppl_cfbio,2005,2035,0.0,sv_2c_buffer_decoal
R12_NAM,coal_ppl_cfbio,2010,2010,0.0,sv_2c_buffer_decoal
R12_NAM,coal_ppl_cfbio,2010,2030,0.0,sv_2c_buffer_decoal
R12_NAM,coal_ppl_cfbio,2010,2035,0.0,sv_2c_buffer_decoal
R12_NAM,coal_ppl_cfbio,2010,2040,0.0,sv_2c_buffer_decoal
R12_NAM,coal_ppl_cfbio,2015,2015,0.0,sv_2c_buffer_decoal
R12_NAM,coal_ppl_cfbio,2015,2030,0.0,sv_2c_buffer_decoal
R12_NAM,coal_ppl_cfbio,2015,2035,0.0,sv_2c_buffer_decoal
R12_NAM,coal_ppl_cfbio,2015,2040,0.0,sv_2c_buffer_decoal
R12_NAM,coal_ppl_cfbio,2020,2020,0.0,sv_2c_buffer_decoal
R12_NAM,coal_ppl_cfbio,2020,2030,0.0,sv_2c_buffer_decoal
R12_NAM,coal_ppl_cfbio,2020,2035,0.0,sv_2c_buffer_decoal
R12_NAM,coal_ppl_cfbio,2020,2040,0.0,sv_2c_buffer_decoal
R12_NAM,coal_ppl_cfbio,2020,2045,0.0,sv_2c_buffer_decoal
R12_NAM,coal_ppl_cfbio,2025,2025,0.0,sv_2c_buffer_decoal
R12_NAM,coal_ppl_cfbio,2025,2030,0.0,sv_2c_buffer_decoal
R12_NAM,coal_ppl_cfbio,2025,2035,0.0,sv_2c_buffer_decoal
R12_NAM,coal_ppl_cfbio,2025,2040,0.0,sv_2c_buffer_decoal
R12_NAM,coal_ppl_cfbio,2025,2045,0.0,sv_2c_buffer_decoal
R12_NAM,coal_ppl_cfbio,2025,2050,0.0,sv_2c_buffer_decoal
R12_NAM,coal_ppl_cfbio,2030,2030,0.0,sv_2c_buffer_decoal
R12_NAM,coal_ppl_cfbio,2030,2035,0.0,sv_2c_buffer_decoal
R12_NAM,coal_ppl_cfbio,2030,2040,0.0,sv_2c_buffer_decoal
R12_NAM,coal_ppl_cfbio,2030,2045,0.0,sv_2c_buffer_decoal
R12_NAM,coal_ppl_cfbio,2030,2050,0.0,sv_2c_buffer_decoal
R12_NAM,coal_ppl_cfbio,2030,2055,0.0,sv_2c_buffer_decoal
R12_NAM,coal_ppl_cfbio,2035,2035,0.0,sv_2c_buffer_decoal
R12_NAM,coal_ppl_cfbio,2035,2040,0.0,sv_2c_buffer_decoal
R12_NAM,coal_ppl_cfbio,2035,2045,0.0,sv_2c_buffer_decoal
R12_NAM,coal_ppl_cfbio,2035,2050,0.0,sv_2c_buffer_decoal
R12_NAM,coal_ppl_cfbio,2035,2055,0.0,sv_2c_buffer_decoal
R12_NAM,coal_ppl_cfbio,2035,2060,0.0,sv_2c_buffer_decoal
R12_NAM,coal_ppl_cfbio,2040,2040,0.0,sv_2c_buffer_decoal
R12_NAM,coal_ppl_cfbio,2040,2045,0.0,sv_2c_buffer_decoal
R12_NAM,coal_ppl_cfbio,2040,2050,0.0,sv_2c_buffer_decoal
R12_NAM,coal_ppl_cfbio,2040,2055,0.0,sv_2c_buffer_decoal
R12_NAM,coal_ppl_cfbio,2040,2060,0.0,sv_2c_buffer_decoal
R12_NAM,coal_ppl_cfbio,2040,2070,0.0,sv_2c_buffer_decoal
R12_NAM,coal_ppl_cfbio,2045,2045,0.0,sv_2c_buffer_decoal
R12_NAM,coal_ppl_cfbio,2045,2050,0.0,sv_2c_buffer_decoal
R12_NAM,coal_ppl_cfbio,2045,2055,0.0,sv_2c_buffer_decoal
R12_NAM,coal_ppl_cfbio,2045,2060,0.0,sv_2c_buffer_decoal
R12_NAM,coal_ppl_cfbio,2045,2070,0.0,sv_2c_buffer_decoal
R12_NAM,coal_ppl_cfbio,2050,2050,0.0,sv_2c_buffer_decoal
R12_NAM,coal_ppl_cfbio,2050,2055,0.0,sv_2c_buffer_decoal
R12_NAM,coal_ppl_cfbio,2050,2060,0.0,sv_2c_buffer_decoal
R12_NAM,coal_ppl_cfbio,2050,2070,0.0,sv_2c_buffer_decoal
R12_NAM,coal_ppl_cfbio,2050,2080,0.0,sv_2c_buffer_decoal
R12_NAM,coal_ppl_cfbio,2055,2055,0.0,sv_2c_buffer_decoal
R12_NAM,coal_ppl_cfbio,2055,2060,0.0,sv_2c_buffer_decoal
R12_NAM,coal_ppl_cfbio,2055,2070,0.0,sv_2c_buffer_decoal
R12_NAM,coal_ppl_cfbio,2055,2080,0.0,sv_2c_buffer_decoal
R12_NAM,coal_ppl_cfbio,2060,2060,0.0,sv_2c_buffer_decoal
R12_NAM,coal_ppl_cfbio,2060,2070,0.0,sv_2c_buffer_decoal
R12_NAM,coal_ppl_cfbio,2060,2080,0.0,sv_2c_buffer_decoal
R12_NAM,coal_ppl_cfbio,2060,2090,0.0,sv_2c_buffer_decoal
R12_NAM,coal_ppl_cfbio,2070,2070,0.0,sv_2c_buffer_decoal
R12_NAM,coal_ppl_cfbio,2070,2080,0.0,sv_2c_buffer_decoal
R12_NAM,coal_ppl_cfbio,2070,2090,0.0,sv_2c_buffer_decoal
R12_NAM,coal_ppl_cfbio,2080,2080,0.0,sv_2c_buffer_decoal
R12_NAM,coal_ppl_cfbio,2080,2090,0.0,sv_2c_buffer_decoal
R12_NAM,coal_ppl_cfbio,2080,2100,0.0,sv_2c_buffer_decoal
R12_NAM,coal_ppl_cfbio,2090,2090,0.0,sv_2c_buffer_decoal
R12_NAM,coal_ppl_cfbio,2090,2100,0.0,sv_2c_buffer_decoal
R12_NAM,coal_ppl_cfbio,2090,2110,0.0,sv_2c_buffer_decoal
R12_NAM,coal_ppl_cfbio,2100,2100,0.0,sv_2c_buffer_decoal
R12_NAM,coal_ppl_cfbio,2100,2110,0.0,sv_2c_buffer_decoal
R12_NAM,coal_ppl_cfbio,2110,2110,0.0,sv_2c_buffer_decoal
R12_NAM,coal_adv_rccs,1965,1965,0.0,sv_2c_buffer_decoal
R12_NAM,coal_adv_rccs,1970,1970,0.0,sv_2c_buffer_decoal
R12_NAM,coal_adv_rccs,1975,1975,0.0,sv_2c_buffer_decoal
R12_NAM,coal_adv_rccs,1980,1980,0.0,sv_2c_buffer_decoal
R12_NAM,coal_adv_rccs,1985,1985,0.0,sv_2c_buffer_decoal
R12_NAM,coal_adv_rccs,1990,1990,0.0,sv_2c_buffer_decoal
R12_NAM,coal_adv_rccs,1995,1995,0.0,sv_2c_buffer_decoal
R12_NAM,coal_adv_rccs,2000,2000,0.0,sv_2c_buffer_decoal
R12_NAM,coal_adv_rccs,2005,2005,0.0,sv_2c_buffer_decoal
R12_NAM,coal_adv_rccs,2005,2030,0.0,sv_2c_buffer_decoal
R12_NAM,coal_adv_rccs,2010,2010,0.0,sv_2c_buffer_decoal
R12_NAM,coal_adv_rccs,2010,2030,0.0,sv_2c_buffer_decoal
R12_NAM,coal_adv_rccs,2010,2035,0.0,sv_2c_buffer_decoal
R12_NAM,coal_adv_rccs,2015,2015,0.0,sv_2c_buffer_decoal
R12_NAM,coal_adv_rccs,2015,2030,0.0,sv_2c_buffer_decoal
R12_NAM,coal_adv_rccs,2015,2035,0.0,sv_2c_buffer_decoal
R12_NAM,coal_adv_rccs,2015,2040,0.0,sv_2c_buffer_decoal
R12_NAM,coal_adv_rccs,2020,2020,0.0,sv_2c_buffer_decoal
R12_NAM,coal_adv_rccs,2020,2030,0.0,sv_2c_buffer_decoal
R12_NAM,coal_adv_rccs,2020,2035,0.0,sv_2c_buffer_decoal
R12_NAM,coal_adv_rccs,2020,2040,0.0,sv_2c_buffer_decoal
R12_NAM,coal_adv_rccs,2020,2045,0.0,sv_2c_buffer_decoal
R12_NAM,coal_adv_rccs,2025,2025,0.0,sv_2c_buffer_decoal
R12_NAM,coal_adv_rccs,2025,2030,0.0,sv_2c_buffer_decoal
R12_NAM,coal_adv_rccs,2025,2035,0.0,sv_2c_buffer_decoal
R12_NAM,coal_adv_rccs,2025,2040,0.0,sv_2c_buffer_decoal
R12_NAM,coal_adv_rccs,2025,2045,0.0,sv_2c_buffer_decoal
R12_NAM,coal_adv_rccs,2025,2050,0.0,sv_2c_buffer_decoal
R12_NAM,coal_adv_rccs,2030,2030,0.0,sv_2c_buffer_decoal
R12_NAM,coal_adv_rccs,2030,2035,0.0,sv_2c_buffer_decoal
R12_NAM,coal_adv_rccs,2030,2040,0.0,sv_2c_buffer_decoal
R12_NAM,coal_adv_rccs,2030,2045,0.0,sv_2c_buffer_decoal
R12_NAM,coal_adv_rccs,2030,2050,0.0,sv_2c_buffer_decoal
R12_NAM,coal_adv_rccs,2030,2055,0.0,sv_2c_buffer_decoal
R12_NAM,coal_adv_rccs,2035,2035,0.0,sv_2c_buffer_decoal
R12_NAM,coal_adv_rccs,2035,2040,0.0,sv_2c_buffer_decoal
R12_NAM,coal_adv_rccs,2035,2045,0.0,sv_2c_buffer_decoal
R12_NAM,coal_adv_rccs,2035,2050,0.0,sv_2c_buffer_decoal
R12_NAM,coal_adv_rccs,2035,2055,0.0,sv_2c_buffer_decoal
R12_NAM,coal_adv_rccs,2035,2060,0.0,sv_2c_buffer_decoal
R12_NAM,coal_adv_rccs,2040,2040,0.0,sv_2c_buffer_decoal
R12_NAM,coal_adv_rccs,2040,2045,0.0,sv_2c_buffer_decoal
R12_NAM,coal_adv_rccs,2040,2050,0.0,sv_2c_buffer_decoal
R12_NAM,coal_adv_rccs,2040,2055,0.0,sv_2c_buffer_decoal
R12_NAM,coal_adv_rccs,2040,2060,0.0,sv_2c_buffer_decoal
R12_NAM,coal_adv_rccs,2040,2070,0.0,sv_2c_buffer_decoal
R12_NAM,coal_adv_rccs,2045,2045,0.0,sv_2c_buffer_decoal
R12_NAM,coal_adv_rccs,2045,2050,0.0,sv_2c_buffer_decoal
R12_NAM,coal_adv_rccs,2045,2055,0.0,sv_2c_buffer_decoal
R12_NAM,coal_adv_rccs,2045,2060,0.0,sv_2c_buffer_decoal
R12_NAM,coal_adv_rccs,2045,2070,0.0,sv_2c_buffer_decoal
R12_NAM,coal_adv_rccs,2050,2050,0.0,sv_2c_buffer_decoal
R12_NAM,coal_adv_rccs,2050,2055,0.0,sv_2c_buffer_decoal
R12_NAM,coal_adv_rccs,2050,2060,0.0,sv_2c_buffer_decoal
R12_NAM,coal_adv_rccs,2050,2070,0.0,sv_2c_buffer_decoal
R12_NAM,coal_adv_rccs,2050,2080,0.0,sv_2c_buffer_decoal
R12_NAM,coal_adv_rccs,2055,2055,0.0,sv_2c_buffer_decoal
R12_NAM,coal_adv_rccs,2055,2060,0.0,sv_2c_buffer_decoal
R12_NAM,coal_adv_rccs,2055,2070,0.0,sv_2c_buffer_decoal
R12_NAM,coal_adv_rccs,2055,2080,0.0,sv_2c_buffer_decoal
R12_NAM,coal_adv_rccs,2060,2060,0.0,sv_2c_buffer_decoal
R12_NAM,coal_adv_rccs,2060,2070,0.0,sv_2c_buffer_decoal
R12_NAM,coal_adv_rccs,2060,2080,0.0,sv_2c_buffer_decoal
R12_NAM,coal_adv_rccs,2060,2090,0.0,sv_2c_buffer_decoal
R12_NAM,coal_adv_rccs,2070,2070,0.0,sv_2c_buffer_decoal
R12_NAM,coal_adv_rccs,2070,2080,0.0,sv_2c_buffer_decoal
R12_NAM,coal_adv_rccs,2070,2090,0.0,sv_2c_buffer_decoal
R12_NAM,coal_adv_rccs,2080,2080,0.0,sv_2c_buffer_decoal
R12_NAM,coal_adv_rccs,2080,2090,0.0,sv_2c_buffer_decoal
R12_NAM,coal_adv_rccs,2080,2100,0.0,sv_2c_buffer_decoal
R12_NAM,coal_adv_rccs,2090,2090,0.0,sv_2c_buffer_decoal
R12_NAM,coal_adv_rccs,2090,2100,0.0,sv_2c_buffer_decoal
R12_NAM,coal_adv_rccs,2090,2110,0.0,sv_2c_buffer_decoal
R12_NAM,coal_adv_rccs,2100,2100,0.0,sv_2c_buffer_decoal
R12_NAM,coal_adv_rccs,2100,2110,0.0,sv_2c_buffer_decoal
R12_NAM,coal_adv_rccs,2110,2110,0.0,sv_2c_buffer_decoal
R12_SAS,coal_adv,2010,2010,0.0,sv_2c_buffer_decoal
R12_SAS,coal_adv,2010,2030,0.0,sv_2c_buffer_decoal
R12_SAS,coal_adv,2010,2035,0.0,sv_2c_buffer_decoal
R12_SAS,coal_adv,2015,2015,0.0,sv_2c_buffer_decoal
R12_SAS,coal_adv,2015,2030,30.695,sv_2c_buffer_decoal
R12_SAS,coal_adv,2015,2035,30.695,sv_2c_buffer_decoal
R12_SAS,coal_adv,2015,2040,30.695,sv_2c_buffer_decoal
R12_SAS,coal_adv,2020,2020,0.0,sv_2c_buffer_decoal
R12_SAS,coal_adv,2020,2030,32.405,sv_2c_buffer_decoal
R12_SAS,coal_adv,2020,2035,32.405,sv_2c_buffer_decoal
R12_SAS,coal_adv,2020,2040,32.405,sv_2c_buffer_decoal
R12_SAS,coal_adv,2020,2045,21.274302721796914,sv_2c_buffer_decoal
R12_SAS,coal_adv,2025,2025,0.0,sv_2c_buffer_decoal
R12_SAS,coal_adv,2025,2030,3.8428215213564973,sv_2c_buffer_decoal
R12_SAS,coal_adv,2025,2035,3.8428215213564973,sv_2c_buffer_decoal
R12_SAS,coal_adv,2025,2040,3.8428215213564973,sv_2c_buffer_decoal
R12_SAS,coal_adv,2025,2045,3.8428215213564973,sv_2c_buffer_decoal
R12_SAS,coal_adv,2025,2050,0.0,sv_2c_buffer_decoal
R12_SAS,coal_adv,2030,2030,0.0,sv_2c_buffer_decoal
R12_SAS,coal_adv,2030,2035,0.0,sv_2c_buffer_decoal
R12_SAS,coal_adv,2030,2040,0.0,sv_2c_buffer_decoal
R12_SAS,coal_adv,2030,2045,0.0,sv_2c_buffer_decoal
R12_SAS,coal_adv,2030,2050,0.0,sv_2c_buffer_decoal
R12_SAS,coal_adv,2030,2055,0.0,sv_2c_buffer_decoal
R12_SAS,coal_adv,2035,2035,0.0,sv_2c_buffer_decoal
R12_SAS,coal_adv,2035,2040,0.0,sv_2c_buffer_decoal
R12_SAS,coal_adv,2035,2045,0.0,sv_2c_buffer_decoal
R12_SAS,coal_adv,2035,2050,0.0,sv_2c_buffer_decoal
R12_SAS,coal_adv,2035,2055,0.0,sv_2c_buffer_decoal
R12_SAS,coal_adv,2035,2060,0.0,sv_2c_buffer_decoal
R12_SAS,coal_adv,2040,2040,0.0,sv_2c_buffer_decoal
R12_SAS,coal_adv,2040,2045,0.0,sv_2c_buffer_decoal
R12_SAS,coal_adv,2040,2050,0.0,sv_2c_buffer_decoal
R12_SAS,coal_adv,2040,2055,0.0,sv_2c_buffer_decoal
R12_SAS,coal_adv,2040,2060,0.0,sv_2c_buffer_decoal
R12_SAS,coal_adv,2040,2070,0.0,sv_2c_buffer_decoal
R12_SAS,coal_adv,2045,2045,0.0,sv_2c_buffer_decoal
R12_SAS,coal_adv,2045,2050,0.0,sv_2c_buffer_decoal
R12_SAS,coal_adv,2045,2055,0.0,sv_2c_buffer_decoal
R12_SAS,coal_adv,2045,2060,0.0,sv_2c_buffer_decoal
R12_SAS,coal_adv,2045,2070,0.0,sv_2c_buffer_decoal
R12_SAS,coal_adv,2050,2050,0.0,sv_2c_buffer_decoal
R12_SAS,coal_adv,2050,2055,0.0,sv_2c_buffer_decoal
R12_SAS,coal_adv,2050,2060,0.0,sv_2c_buffer_decoal
R12_SAS,coal_adv,2050,2070,0.0,sv_2c_buffer_decoal
R12_SAS,coal_adv,2050,2080,0.0,sv_2c_buffer_decoal
R12_SAS,coal_adv,2055,2055,0.0,sv_2c_buffer_decoal
R12_SAS,coal_adv,2055,2060,0.0,sv_2c_buffer_decoal
R12_SAS,coal_adv,2055,2070,0.0,sv_2c_buffer_decoal
R12_SAS,coal_adv,2055,2080,0.0,sv_2c_buffer_decoal
R12_SAS,coal_adv,2060,2060,0.0,sv_2c_buffer_decoal
R12_SAS,coal_adv,2060,2070,0.0,sv_2c_buffer_decoal
R12_SAS,coal_adv,2060,2080,0.0,sv_2c_buffer_decoal
R12_SAS,coal_adv,2060,2090,0.0,sv_2c_buffer_decoal
R12_SAS,coal_adv,2070,2070,0.0,sv_2c_buffer_decoal
R12_SAS,coal_adv,2070,2080,0.0,sv_2c_buffer_decoal
R12_SAS,coal_adv,2070,2090,0.0,sv_2c_buffer_decoal
R12_SAS,coal_adv,2080,2080,0.0,sv_2c_buffer_decoal
R12_SAS,coal_adv,2080,2090,0.0,sv_2c_buffer_decoal
R12_SAS,coal_adv,2080,2100,0.0,sv_2c_buffer_decoal
R12_SAS,coal_adv,2090,2090,0.0,sv_2c_buffer_decoal
R12_SAS,coal_adv,2090,2100,0.0,sv_2c_buffer_decoal
R12_SAS,coal_adv,2090,2110,0.0,sv_2c_buffer_decoal
R12_SAS,coal_adv,2100,2100,0.0,sv_2c_buffer_decoal
R12_SAS,coal_adv,2100,2110,0.0,sv_2c_buffer_decoal
R12_SAS,coal_adv,2110,2110,0.0,sv_2c_buffer_decoal
R12_SAS,coal_adv_ccs,2030,2030,0.0,sv_2c_buffer_decoal
R12_SAS,coal_adv_ccs,2030,2035,0.0,sv_2c_buffer_decoal
R12_SAS,coal_adv_ccs,2030,2040,0.0,sv_2c_buffer_decoal
R12_SAS,coal_adv_ccs,2030,2045,0.0,sv_2c_buffer_decoal
R12_SAS,coal_adv_ccs,2030,2050,0.0,sv_2c_buffer_decoal
R12_SAS,coal_adv_ccs,2030,2055,0.0,sv_2c_buffer_decoal
R12_SAS,coal_adv_ccs,2035,2035,0.0,sv_2c_buffer_decoal
R12_SAS,coal_adv_ccs,2035,2040,0.0,sv_2c_buffer_decoal
R12_SAS,coal_adv_ccs,2035,2045,0.0,sv_2c_buffer_decoal
R12_SAS,coal_adv_ccs,2035,2050,0.0,sv_2c_buffer_decoal
R12_SAS,coal_adv_ccs,2035,2055,0.0,sv_2c_buffer_decoal
R12_SAS,coal_adv_ccs,2035,2060,0.0,sv_2c_buffer_decoal
R12_SAS,coal_adv_ccs,2040,2040,0.0,sv_2c_buffer_decoal
R12_SAS,coal_adv_ccs,2040,2045,0.0,sv_2c_buffer_decoal
R12_SAS,coal_adv_ccs,2040,2050,0.0,sv_2c_buffer_decoal
R12_SAS,coal_adv_ccs,2040,2055,0.0,sv_2c_buffer_decoal
R12_SAS,coal_adv_ccs,2040,2060,0.0,sv_2c_buffer_decoal
R12_SAS,coal_adv_ccs,2040,2070,0.0,sv_2c_buffer_decoal
R12_SAS,coal_adv_ccs,2045,2045,0.0,sv_2c_buffer_decoal
R12_SAS,coal_adv_ccs,2045,2050,0.0,sv_2c_buffer_decoal
R12_SAS,coal_adv_ccs,2045,2055,0.0,sv_2c_buffer_decoal
R12_SAS,coal_adv_ccs,2045,2060,0.0,sv_2c_buffer_decoal
R12_SAS,coal_adv_ccs,2045,2070,0.0,sv_2c_buffer_decoal
R12_SAS,coal_adv_ccs,2050,2050,0.0,sv_2c_buffer_decoal
R12_SAS,coal_adv_ccs,2050,2055,0.0,sv_2c_buffer_decoal
R12_SAS,coal_adv_ccs,2050,2060,0.0,sv_2c_buffer_decoal
R12_SAS,coal_adv_ccs,2050,2070,0.0,sv_2c_buffer_decoal
R12_SAS,coal_adv_ccs,2050,2080,0.0,sv_2c_buffer_decoal
R12_SAS,coal_adv_ccs,2055,2055,0.0,sv_2c_buffer_decoal
R12_SAS,coal_adv_ccs,2055,2060,0.0,sv_2c_buffer_decoal
R12_SAS,coal_adv_ccs,2055,2070,0.0,sv_2c_buffer_decoal
R12_SAS,coal_adv_ccs,2055,2080,0.0,sv_2c_buffer_decoal
R12_SAS,coal_adv_ccs,2060,2060,0.0,sv_2c_buffer_decoal
R12_SAS,coal_adv_ccs,2060,2070,0.0,sv_2c_buffer_decoal
R12_SAS,coal_adv_ccs,2060,2080,0.0,sv_2c_buffer_decoal
R12_SAS,coal_adv_ccs,2060,2090,0.0,sv_2c_buffer_decoal
R12_SAS,coal_adv_ccs,2070,2070,0.0,sv_2c_buffer_decoal
R12_SAS,coal_adv_ccs,2070,2080,0.0,sv_2c_buffer_decoal
R12_SAS,coal_adv_ccs,2070,2090,0.0,sv_2c_buffer_decoal
R12_SAS,coal_adv_ccs,2080,2080,0.0,sv_2c_buffer_decoal
R12_SAS,coal_adv_ccs,2080,2090,0.0,sv_2c_buffer_decoal
R12_SAS,coal_adv_ccs,2080,2100,0.0,sv_2c_buffer_decoal
R12_SAS,coal_adv_ccs,2090,2090,0.0,sv_2c_buffer_decoal
R12_SAS,coal_adv_ccs,2090,2100,0.0,sv_2c_buffer_decoal
R12_SAS,coal_adv_ccs,2090,2110,0.0,sv_2c_buffer_decoal
R12_SAS,coal_adv_ccs,2100,2100,0.0,sv_2c_buffer_decoal
R12_SAS,coal_adv_ccs,2100,2110,0.0,sv_2c_buffer_decoal
R12_SAS,coal_adv_ccs,2110,2110,0.0,sv_2c_buffer_decoal
R12_SAS,coal_ppl,1985,1985,0.0,sv_2c_buffer_decoal
R12_SAS,coal_ppl,1990,1990,0.0,sv_2c_buffer_decoal
R12_SAS,coal_ppl,1995,1995,0.0,sv_2c_buffer_decoal
R12_SAS,coal_ppl,1995,2030,0.0,sv_2c_buffer_decoal
R12_SAS,coal_ppl,2000,2000,0.0,sv_2c_buffer_decoal
R12_SAS,coal_ppl,2000,2030,0.5,sv_2c_buffer_decoal
R12_SAS,coal_ppl,2005,2005,0.0,sv_2c_buffer_decoal
R12_SAS,coal_ppl,2005,2030,0.0,sv_2c_buffer_decoal
R12_SAS,coal_ppl,2005,2035,0.0,sv_2c_buffer_decoal
R12_SAS,coal_ppl,2010,2010,0.0,sv_2c_buffer_decoal
R12_SAS,coal_ppl,2010,2030,1.4680000000000002,sv_2c_buffer_decoal
R12_SAS,coal_ppl,2010,2035,1.4680000000000002,sv_2c_buffer_decoal
R12_SAS,coal_ppl,2015,2015,0.0,sv_2c_buffer_decoal
R12_SAS,coal_ppl,2015,2030,2.8500000000000005,sv_2c_buffer_decoal
R12_SAS,coal_ppl,2015,2035,2.8500000000000005,sv_2c_buffer_decoal
R12_SAS,coal_ppl,2015,2040,2.8500000000000005,sv_2c_buffer_decoal
R12_SAS,coal_ppl,2020,2020,0.0,sv_2c_buffer_decoal
R12_SAS,coal_ppl,2020,2030,3.35,sv_2c_buffer_decoal
R12_SAS,coal_ppl,2020,2035,3.35,sv_2c_buffer_decoal
R12_SAS,coal_ppl,2020,2040,3.35,sv_2c_buffer_decoal
R12_SAS,coal_ppl,2020,2045,3.35,sv_2c_buffer_decoal
R12_SAS,coal_ppl,2025,2025,0.0,sv_2c_buffer_decoal
R12_SAS,coal_ppl,2025,2030,13.521944766113286,sv_2c_buffer_decoal
R12_SAS,coal_ppl,2025,2035,13.521944766113286,sv_2c_buffer_decoal
R12_SAS,coal_ppl,2025,2040,13.521944766113286,sv_2c_buffer_decoal
R12_SAS,coal_ppl,2025,2045,13.521944766113286,sv_2c_buffer_decoal
R12_SAS,coal_ppl,2025,2050,13.521944766113286,sv_2c_buffer_decoal
R12_SAS,coal_ppl,2030,2030,11.021944766113286,sv_2c_buffer_decoal
R12_SAS,coal_ppl,2030,2035,11.021944766113286,sv_2c_buffer_decoal
R12_SAS,coal_ppl,2030,2040,11.021944766113286,sv_2c_buffer_decoal
R12_SAS,coal_ppl,2030,2045,11.021944766113286,sv_2c_buffer_decoal
R12_SAS,coal_ppl,2030,2050,11.021944766113286,sv_2c_buffer_decoal
R12_SAS,coal_ppl,2030,2055,11.021944766113286,sv_2c_buffer_decoal
R12_SAS,coal_ppl,2035,2035,8.521944766113286,sv_2c_buffer_decoal
R12_SAS,coal_ppl,2035,2040,8.521944766113286,sv_2c_buffer_decoal
R12_SAS,coal_ppl,2035,2045,8.521944766113286,sv_2c_buffer_decoal
R12_SAS,coal_ppl,2035,2050,8.521944766113286,sv_2c_buffer_decoal
R12_SAS,coal_ppl,2035,2055,8.521944766113286,sv_2c_buffer_decoal
R12_SAS,coal_ppl,2035,2060,8.521944766113286,sv_2c_buffer_decoal
R12_SAS,coal_ppl,2040,2040,0.0,sv_2c_buffer_decoal
R12_SAS,coal_ppl,2040,2045,0.0,sv_2c_buffer_decoal
R12_SAS,coal_ppl,2040,2050,0.0,sv_2c_buffer_decoal
R12_SAS,coal_ppl,2040,2055,0.0,sv_2c_buffer_decoal
R12_SAS,coal_ppl,2040,2060,0.0,sv_2c_buffer_decoal
R12_SAS,coal_ppl,2040,2070,0.0,sv_2c_buffer_decoal
R12_SAS,coal_ppl,2045,2045,0.0,sv_2c_buffer_decoal
R12_SAS,coal_ppl,2045,2050,0.0,sv_2c_buffer_decoal
R12_SAS,coal_ppl,2045,2055,0.0,sv_2c_buffer_decoal
R12_SAS,coal_ppl,2045,2060,0.0,sv_2c_buffer_decoal
R12_SAS,coal_ppl,2045,2070,0.0,sv_2c_buffer_decoal
R12_SAS,coal_ppl,2050,2050,0.0,sv_2c_buffer_decoal
R12_SAS,coal_ppl,2050,2055,0.0,sv_2c_buffer_decoal
R12_SAS,coal_ppl,2050,2060,0.0,sv_2c_buffer_decoal
R12_SAS,coal_ppl,2050,2070,0.0,sv_2c_buffer_decoal
R12_SAS,coal_ppl,2050,2080,0.0,sv_2c_buffer_decoal
R12_SAS,coal_ppl,2055,2055,0.0,sv_2c_buffer_decoal
R12_SAS,coal_ppl,2055,2060,0.0,sv_2c_buffer_decoal
R12_SAS,coal_ppl,2055,2070,0.0,sv_2c_buffer_decoal
R12_SAS,coal_ppl,2055,2080,0.0,sv_2c_buffer_decoal
R12_SAS,coal_ppl,2060,2060,0.0,sv_2c_buffer_decoal
R12_SAS,coal_ppl,2060,2070,0.0,sv_2c_buffer_decoal
R12_SAS,coal_ppl,2060,2080,0.0,sv_2c_buffer_decoal
R12_SAS,coal_ppl,2060,2090,0.0,sv_2c_buffer_decoal
R12_SAS,coal_ppl,2070,2070,0.0,sv_2c_buffer_decoal
R12_SAS,coal_ppl,2070,2080,0.0,sv_2c_buffer_decoal
R12_SAS,coal_ppl,2070,2090,0.0,sv_2c_buffer_decoal
R12_SAS,coal_ppl,2080,2080,0.0,sv_2c_buffer_decoal
R12_SAS,coal_ppl,2080,2090,0.0,sv_2c_buffer_decoal
R12_SAS,coal_ppl,2080,2100,0.0,sv_2c_buffer_decoal
R12_SAS,coal_ppl,2090,2090,0.0,sv_2c_buffer_decoal
R12_SAS,coal_ppl,2090,2100,0.0,sv_2c_buffer_decoal
R12_SAS,coal_ppl,2090,2110,0.0,sv_2c_buffer_decoal
R12_SAS,coal_ppl,2100,2100,0.0,sv_2c_buffer_decoal
R12_SAS,coal_ppl,2100,2110,0.0,sv_2c_buffer_decoal
R12_SAS,coal_ppl,2110,2110,0.0,sv_2c_buffer_decoal
R12_SAS,coal_ppl_u,1960,1960,0.0,sv_2c_buffer_decoal
R12_SAS,coal_ppl_u,1965,1965,0.0,sv_2c_buffer_decoal
R12_SAS,coal_ppl_u,1970,1970,0.0,sv_2c_buffer_decoal
R12_SAS,coal_ppl_u,1970,2030,0.4025,sv_2c_buffer_decoal
R12_SAS,coal_ppl_u,1975,1975,0.0,sv_2c_buffer_decoal
R12_SAS,coal_ppl_u,1975,2030,0.7077000000000001,sv_2c_buffer_decoal
R12_SAS,coal_ppl_u,1980,1980,0.0,sv_2c_buffer_decoal
R12_SAS,coal_ppl_u,1980,2030,3.2240500000000005,sv_2c_buffer_decoal
R12_SAS,coal_ppl_u,1980,2035,3.2240500000000005,sv_2c_buffer_decoal
R12_SAS,coal_ppl_u,1985,1985,0.0,sv_2c_buffer_decoal
R12_SAS,coal_ppl_u,1985,2030,9.243500000000001,sv_2c_buffer_decoal
R12_SAS,coal_ppl_u,1985,2035,9.243500000000001,sv_2c_buffer_decoal
R12_SAS,coal_ppl_u,1990,1990,0.0,sv_2c_buffer_decoal
R12_SAS,coal_ppl_u,1990,2030,15.305599999999998,sv_2c_buffer_decoal
R12_SAS,coal_ppl_u,1990,2035,15.305599999999998,sv_2c_buffer_decoal
R12_SAS,coal_ppl_u,1990,2040,15.305599999999998,sv_2c_buffer_decoal
R12_SAS,coal_ppl_u,1995,1995,0.0,sv_2c_buffer_decoal
R12_SAS,coal_ppl_u,1995,2030,10.608799999999999,sv_2c_buffer_decoal
R12_SAS,coal_ppl_u,1995,2035,10.608799999999999,sv_2c_buffer_decoal
R12_SAS,coal_ppl_u,1995,2040,10.608799999999999,sv_2c_buffer_decoal
R12_SAS,coal_ppl_u,2000,2000,0.0,sv_2c_buffer_decoal
R12_SAS,coal_ppl_u,2000,2030,10.04888,sv_2c_buffer_decoal
R12_SAS,coal_ppl_u,2000,2035,10.04888,sv_2c_buffer_decoal
R12_SAS,coal_ppl_u,2000,2040,10.04888,sv_2c_buffer_decoal
R12_SAS,coal_ppl_u,2000,2045,10.04888,sv_2c_buffer_decoal
R12_SAS,coal_ppl_u,2005,2005,0.0,sv_2c_buffer_decoal
R12_SAS,coal_ppl_u,2005,2030,9.352500000000001,sv_2c_buffer_decoal
R12_SAS,coal_ppl_u,2005,2035,9.352500000000001,sv_2c_buffer_decoal
R12_SAS,coal_ppl_u,2005,2040,9.352500000000001,sv_2c_buffer_decoal
R12_SAS,coal_ppl_u,2005,2045,9.352500000000001,sv_2c_buffer_decoal
R12_SAS,coal_ppl_u,2010,2010,0.0,sv_2c_buffer_decoal
R12_SAS,coal_ppl_u,2010,2030,30.8367,sv_2c_buffer_decoal
R12_SAS,coal_ppl_u,2010,2035,30.8367,sv_2c_buffer_decoal
R12_SAS,coal_ppl_u,2010,2040,30.8367,sv_2c_buffer_decoal
R12_SAS,coal_ppl_u,2010,2045,30.8367,sv_2c_buffer_decoal
R12_SAS,coal_ppl_u,2010,2050,30.8367,sv_2c_buffer_decoal
R12_SAS,coal_ppl_u,2015,2015,0.0,sv_2c_buffer_decoal
R12_SAS,coal_ppl_u,2015,2030,55.26416999999999,sv_2c_buffer_decoal
R12_SAS,coal_ppl_u,2015,2035,55.26416999999999,sv_2c_buffer_decoal
R12_SAS,coal_ppl_u,2015,2040,55.26416999999999,sv_2c_buffer_decoal
R12_SAS,coal_ppl_u,2015,2045,55.26416999999999,sv_2c_buffer_decoal
R12_SAS,coal_ppl_u,2020,2020,0.0,sv_2c_buffer_decoal
R12_SAS,coal_ppl_u,2020,2030,21.773699999999998,sv_2c_buffer_decoal
R12_SAS,coal_ppl_u,2020,2035,21.773699999999998,sv_2c_buffer_decoal
R12_SAS,coal_ppl_u,2020,2040,21.773699999999998,sv_2c_buffer_decoal
R12_SAS,coal_ppl_u,2020,2045,21.773699999999998,sv_2c_buffer_decoal
R12_SAS,coal_ppl_u,2025,2025,0.0,sv_2c_buffer_decoal
R12_SAS,coal_ppl_u,2025,2030,0.0,sv_2c_buffer_decoal
R12_SAS,coal_ppl_u,2025,2035,0.0,sv_2c_buffer_decoal
R12_SAS,coal_ppl_u,2025,2040,0.0,sv_2c_buffer_decoal
R12_SAS,coal_ppl_u,2025,2045,0.0,sv_2c_buffer_decoal
R12_SAS,coal_ppl_u,2025,2050,0.0,sv_2c_buffer_decoal
R12_SAS,coal_ppl_u,2030,2030,0.026020200800000004,sv_2c_buffer_decoal
R12_SAS,coal_ppl_u,2030,2035,0.026020200800000004,sv_2c_buffer_decoal
R12_SAS,coal_ppl_u,2030,2040,0.026020200800000004,sv_2c_buffer_decoal
R12_SAS,coal_ppl_u,2030,2045,0.026020200800000004,sv_2c_buffer_decoal
R12_SAS,coal_ppl_u,2030,2050,0.026020200800000004,sv_2c_buffer_decoal
R12_SAS,coal_ppl_u,2030,2055,0.0,sv_2c_buffer_decoal
R12_SAS,coal_ppl_u,2035,2035,0.6076660813242349,sv_2c_buffer_decoal
R12_SAS,coal_ppl_u,2035,2040,0.6076660813242349,sv_2c_buffer_decoal
R12_SAS,coal_ppl_u,2035,2045,0.6076660813242349,sv_2c_buffer_decoal
R12_SAS,coal_ppl_u,2035,2050,0.6076660813242349,sv_2c_buffer_decoal
R12_SAS,coal_ppl_u,2035,2055,0.0,sv_2c_buffer_decoal
R12_SAS,coal_ppl_u,2035,2060,0.0,sv_2c_buffer_decoal
R12_SAS,coal_ppl_u,2040,2040,0.0,sv_2c_buffer_decoal
R12_SAS,coal_ppl_u,2040,2045,0.0,sv_2c_buffer_decoal
R12_SAS,coal_ppl_u,2040,2050,0.0,sv_2c_buffer_decoal
R12_SAS,coal_ppl_u,2040,2055,0.0,sv_2c_buffer_decoal
R12_SAS,coal_ppl_u,2040,2060,0.0,sv_2c_buffer_decoal
R12_SAS,coal_ppl_u,2040,2070,0.0,sv_2c_buffer_decoal
R12_SAS,coal_ppl_u,2045,2045,0.0,sv_2c_buffer_decoal
R12_SAS,coal_ppl_u,2045,2050,0.0,sv_2c_buffer_decoal
R12_SAS,coal_ppl_u,2045,2055,0.0,sv_2c_buffer_decoal
R12_SAS,coal_ppl_u,2045,2060,0.0,sv_2c_buffer_decoal
R12_SAS,coal_ppl_u,2045,2070,0.0,sv_2c_buffer_decoal
R12_SAS,coal_ppl_u,2050,2050,0.0,sv_2c_buffer_decoal
R12_SAS,coal_ppl_u,2050,2055,0.0,sv_2c_buffer_decoal
R12_SAS,coal_ppl_u,2050,2060,0.0,sv_2c_buffer_decoal
R12_SAS,coal_ppl_u,2050,2070,0.0,sv_2c_buffer_decoal
R12_SAS,coal_ppl_u,2050,2080,0.0,sv_2c_buffer_decoal
R12_SAS,coal_ppl_u,2055,2055,0.0,sv_2c_buffer_decoal
R12_SAS,coal_ppl_u,2055,2060,0.0,sv_2c_buffer_decoal
R12_SAS,coal_ppl_u,2055,2070,0.0,sv_2c_buffer_decoal
R12_SAS,coal_ppl_u,2055,2080,0.0,sv_2c_buffer_decoal
R12_SAS,coal_ppl_u,2060,2060,0.0,sv_2c_buffer_decoal
R12_SAS,coal_ppl_u,2060,2070,0.0,sv_2c_buffer_decoal
R12_SAS,coal_ppl_u,2060,2080,0.0,sv_2c_buffer_decoal
R12_SAS,coal_ppl_u,2060,2090,0.0,sv_2c_buffer_decoal
R12_SAS,coal_ppl_u,2070,2070,0.0,sv_2c_buffer_decoal
R12_SAS,coal_ppl_u,2070,2080,0.0,sv_2c_buffer_decoal
R12_SAS,coal_ppl_u,2070,2090,0.0,sv_2c_buffer_decoal
R12_SAS,coal_ppl_u,2080,2080,0.0,sv_2c_buffer_decoal
R12_SAS,coal_ppl_u,2080,2090,0.0,sv_2c_buffer_decoal
R12_SAS,coal_ppl_u,2080,2100,0.0,sv_2c_buffer_decoal
R12_SAS,coal_ppl_u,2090,2090,0.0,sv_2c_buffer_decoal
R12_SAS,coal_ppl_u,2090,2100,0.0,sv_2c_buffer_decoal
R12_SAS,coal_ppl_u,2090,2110,0.0,sv_2c_buffer_decoal
R12_SAS,coal_ppl_u,2100,2100,0.0,sv_2c_buffer_decoal
R12_SAS,coal_ppl_u,2100,2110,0.0,sv_2c_buffer_decoal
R12_SAS,coal_ppl_u,2110,2110,0.0,sv_2c_buffer_decoal
R12_SAS,igcc,2010,2010,0.0,sv_2c_buffer_decoal
R12_SAS,igcc,2010,2030,0.0,sv_2c_buffer_decoal
R12_SAS,igcc,2010,2035,0.0,sv_2c_buffer_decoal
R12_SAS,igcc,2015,2015,0.0,sv_2c_buffer_decoal
R12_SAS,igcc,2015,2030,0.0,sv_2c_buffer_decoal
R12_SAS,igcc,2015,2035,0.0,sv_2c_buffer_decoal
R12_SAS,igcc,2015,2040,0.0,sv_2c_buffer_decoal
R12_SAS,igcc,2020,2020,0.0,sv_2c_buffer_decoal
R12_SAS,igcc,2020,2030,0.0,sv_2c_buffer_decoal
R12_SAS,igcc,2020,2035,0.0,sv_2c_buffer_decoal
R12_SAS,igcc,2020,2040,0.0,sv_2c_buffer_decoal
R12_SAS,igcc,2020,2045,0.0,sv_2c_buffer_decoal
R12_SAS,igcc,2025,2025,0.0,sv_2c_buffer_decoal
R12_SAS,igcc,2025,2030,0.0,sv_2c_buffer_decoal
R12_SAS,igcc,2025,2035,0.0,sv_2c_buffer_decoal
R12_SAS,igcc,2025,2040,0.0,sv_2c_buffer_decoal
R12_SAS,igcc,2025,2045,0.0,sv_2c_buffer_decoal
R12_SAS,igcc,2025,2050,0.0,sv_2c_buffer_decoal
R12_SAS,igcc,2030,2030,0.0,sv_2c_buffer_decoal
R12_SAS,igcc,2030,2035,0.0,sv_2c_buffer_decoal
R12_SAS,igcc,2030,2040,0.0,sv_2c_buffer_decoal
R12_SAS,igcc,2030,2045,0.0,sv_2c_buffer_decoal
R12_SAS,igcc,2030,2050,0.0,sv_2c_buffer_decoal
R12_SAS,igcc,2030,2055,0.0,sv_2c_buffer_decoal
R12_SAS,igcc,2035,2035,0.0,sv_2c_buffer_decoal
R12_SAS,igcc,2035,2040,0.0,sv_2c_buffer_decoal
R12_SAS,igcc,2035,2045,0.0,sv_2c_buffer_decoal
R12_SAS,igcc,2035,2050,0.0,sv_2c_buffer_decoal
R12_SAS,igcc,2035,2055,0.0,sv_2c_buffer_decoal
R12_SAS,igcc,2035,2060,0.0,sv_2c_buffer_decoal
R12_SAS,igcc,2040,2040,0.0,sv_2c_buffer_decoal
R12_SAS,igcc,2040,2045,0.0,sv_2c_buffer_decoal
R12_SAS,igcc,2040,2050,0.0,sv_2c_buffer_decoal
R12_SAS,igcc,2040,2055,0.0,sv_2c_buffer_decoal
R12_SAS,igcc,2040,2060,0.0,sv_2c_buffer_decoal
R12_SAS,igcc,2040,2070,0.0,sv_2c_buffer_decoal
R12_SAS,igcc,2045,2045,0.0,sv_2c_buffer_decoal
R12_SAS,igcc,2045,2050,0.0,sv_2c_buffer_decoal
R12_SAS,igcc,2045,2055,0.0,sv_2c_buffer_decoal
R12_SAS,igcc,2045,2060,0.0,sv_2c_buffer_decoal
R12_SAS,igcc,2045,2070,0.0,sv_2c_buffer_decoal
R12_SAS,igcc,2050,2050,0.0,sv_2c_buffer_decoal
R12_SAS,igcc,2050,2055,0.0,sv_2c_buffer_decoal
R12_SAS,igcc,2050,2060,0.0,sv_2c_buffer_decoal
R12_SAS,igcc,2050,2070,0.0,sv_2c_buffer_decoal
R12_SAS,igcc,2050,2080,0.0,sv_2c_buffer_decoal
R12_SAS,igcc,2055,2055,0.0,sv_2c_buffer_decoal
R12_SAS,igcc,2055,2060,0.0,sv_2c_buffer_decoal
R12_SAS,igcc,2055,2070,0.0,sv_2c_buffer_decoal
R12_SAS,igcc,2055,2080,0.0,sv_2c_buffer_decoal
R12_SAS,igcc,2060,2060,0.0,sv_2c_buffer_decoal
R12_SAS,igcc,2060,2070,0.0,sv_2c_buffer_decoal
R12_SAS,igcc,2060,2080,0.0,sv_2c_buffer_decoal
R12_SAS,igcc,2060,2090,0.0,sv_2c_buffer_decoal
R12_SAS,igcc,2070,2070,0.0,sv_2c_buffer_decoal
R12_SAS,igcc,2070,2080,0.0,sv_2c_buffer_decoal
R12_SAS,igcc,2070,2090,0.0,sv_2c_buffer_decoal
R12_SAS,igcc,2080,2080,0.0,sv_2c_buffer_decoal
R12_SAS,igcc,2080,2090,0.0,sv_2c_buffer_decoal
R12_SAS,igcc,2080,2100,0.0,sv_2c_buffer_decoal
R12_SAS,igcc,2090,2090,0.0,sv_2c_buffer_decoal
R12_SAS,igcc,2090,2100,0.0,sv_2c_buffer_decoal
R12_SAS,igcc,2090,2110,0.0,sv_2c_buffer_decoal
R12_SAS,igcc,2100,2100,0.0,sv_2c_buffer_decoal
R12_SAS,igcc,2100,2110,0.0,sv_2c_buffer_decoal
R12_SAS,igcc,2110,2110,0.0,sv_2c_buffer_decoal
R12_SAS,igcc_ccs,2030,2030,0.0,sv_2c_buffer_decoal
R12_SAS,igcc_ccs,2030,2035,0.0,sv_2c_buffer_decoal
R12_SAS,igcc_ccs,2030,2040,0.0,sv_2c_buffer_decoal
R12_SAS,igcc_ccs,2030,2045,0.0,sv_2c_buffer_decoal
R12_SAS,igcc_ccs,2030,2050,0.0,sv_2c_buffer_decoal
R12_SAS,igcc_ccs,2030,2055,0.0,sv_2c_buffer_decoal
R12_SAS,igcc_ccs,2035,2035,0.0,sv_2c_buffer_decoal
R12_SAS,igcc_ccs,2035,2040,0.0,sv_2c_buffer_decoal
R12_SAS,igcc_ccs,2035,2045,0.0,sv_2c_buffer_decoal
R12_SAS,igcc_ccs,2035,2050,0.0,sv_2c_buffer_decoal
R12_SAS,igcc_ccs,2035,2055,0.0,sv_2c_buffer_decoal
R12_SAS,igcc_ccs,2035,2060,0.0,sv_2c_buffer_decoal
R12_SAS,igcc_ccs,2040,2040,0.0,sv_2c_buffer_decoal
R12_SAS,igcc_ccs,2040,2045,0.0,sv_2c_buffer_decoal
R12_SAS,igcc_ccs,2040,2050,0.0,sv_2c_buffer_decoal
R12_SAS,igcc_ccs,2040,2055,0.0,sv_2c_buffer_decoal
R12_SAS,igcc_ccs,2040,2060,0.0,sv_2c_buffer_decoal
R12_SAS,igcc_ccs,2040,2070,0.0,sv_2c_buffer_decoal
R12_SAS,igcc_ccs,2045,2045,0.0,sv_2c_buffer_decoal
R12_SAS,igcc_ccs,2045,2050,0.0,sv_2c_buffer_decoal
R12_SAS,igcc_ccs,2045,2055,0.0,sv_2c_buffer_decoal
R12_SAS,igcc_ccs,2045,2060,0.0,sv_2c_buffer_decoal
R12_SAS,igcc_ccs,2045,2070,0.0,sv_2c_buffer_decoal
R12_SAS,igcc_ccs,2050,2050,0.0,sv_2c_buffer_decoal
R12_SAS,igcc_ccs,2050,2055,0.0,sv_2c_buffer_decoal
R12_SAS,igcc_ccs,2050,2060,0.0,sv_2c_buffer_decoal
R12_SAS,igcc_ccs,2050,2070,0.0,sv_2c_buffer_decoal
R12_SAS,igcc_ccs,2050,2080,0.0,sv_2c_buffer_decoal
R12_SAS,igcc_ccs,2055,2055,0.0,sv_2c_buffer_decoal
R12_SAS,igcc_ccs,2055,2060,0.0,sv_2c_buffer_decoal
R12_SAS,igcc_ccs,2055,2070,0.0,sv_2c_buffer_decoal
R12_SAS,igcc_ccs,2055,2080,0.0,sv_2c_buffer_decoal
R12_SAS,igcc_ccs,2060,2060,0.0,sv_2c_buffer_decoal
R12_SAS,igcc_ccs,2060,2070,0.0,sv_2c_buffer_decoal
R12_SAS,igcc_ccs,2060,2080,0.0,sv_2c_buffer_decoal
R12_SAS,igcc_ccs,2060,2090,0.0,sv_2c_buffer_decoal
R12_SAS,igcc_ccs,2070,2070,0.0,sv_2c_buffer_decoal
R12_SAS,igcc_ccs,2070,2080,0.0,sv_2c_buffer_decoal
R12_SAS,igcc_ccs,2070,2090,0.0,sv_2c_buffer_decoal
R12_SAS,igcc_ccs,2080,2080,0.0,sv_2c_buffer_decoal
R12_SAS,igcc_ccs,2080,2090,0.0,sv_2c_buffer_decoal
R12_SAS,igcc_ccs,2080,2100,0.0,sv_2c_buffer_decoal
R12_SAS,igcc_ccs,2090,2090,0.0,sv_2c_buffer_decoal
R12_SAS,igcc_ccs,2090,2100,0.0,sv_2c_buffer_decoal
R12_SAS,igcc_ccs,2090,2110,0.0,sv_2c_buffer_decoal
R12_SAS,igcc_ccs,2100,2100,0.0,sv_2c_buffer_decoal
R12_SAS,igcc_ccs,2100,2110,0.0,sv_2c_buffer_decoal
R12_SAS,igcc_ccs,2110,2110,0.0,sv_2c_buffer_decoal
R12_SAS,coal_adv_cfNH3,1985,1985,0.0,sv_2c_buffer_decoal
R12_SAS,coal_adv_cfNH3,1990,1990,0.0,sv_2c_buffer_decoal
R12_SAS,coal_adv_cfNH3,1995,1995,0.0,sv_2c_buffer_decoal
R12_SAS,coal_adv_cfNH3,2000,2000,0.0,sv_2c_buffer_decoal
R12_SAS,coal_adv_cfNH3,2005,2005,0.0,sv_2c_buffer_decoal
R12_SAS,coal_adv_cfNH3,2010,2010,0.0,sv_2c_buffer_decoal
R12_SAS,coal_adv_cfNH3,2010,2030,0.0,sv_2c_buffer_decoal
R12_SAS,coal_adv_cfNH3,2010,2035,0.0,sv_2c_buffer_decoal
R12_SAS,coal_adv_cfNH3,2015,2015,0.0,sv_2c_buffer_decoal
R12_SAS,coal_adv_cfNH3,2015,2030,0.0,sv_2c_buffer_decoal
R12_SAS,coal_adv_cfNH3,2015,2035,0.0,sv_2c_buffer_decoal
R12_SAS,coal_adv_cfNH3,2015,2040,0.0,sv_2c_buffer_decoal
R12_SAS,coal_adv_cfNH3,2020,2020,0.0,sv_2c_buffer_decoal
R12_SAS,coal_adv_cfNH3,2020,2030,0.0,sv_2c_buffer_decoal
R12_SAS,coal_adv_cfNH3,2020,2035,0.0,sv_2c_buffer_decoal
R12_SAS,coal_adv_cfNH3,2020,2040,0.0,sv_2c_buffer_decoal
R12_SAS,coal_adv_cfNH3,2020,2045,0.0,sv_2c_buffer_decoal
R12_SAS,coal_adv_cfNH3,2025,2025,0.0,sv_2c_buffer_decoal
R12_SAS,coal_adv_cfNH3,2025,2030,0.0,sv_2c_buffer_decoal
R12_SAS,coal_adv_cfNH3,2025,2035,0.0,sv_2c_buffer_decoal
R12_SAS,coal_adv_cfNH3,2025,2040,0.0,sv_2c_buffer_decoal
R12_SAS,coal_adv_cfNH3,2025,2045,0.0,sv_2c_buffer_decoal
R12_SAS,coal_adv_cfNH3,2025,2050,0.0,sv_2c_buffer_decoal
R12_SAS,coal_adv_cfNH3,2030,2030,0.0,sv_2c_buffer_decoal
R12_SAS,coal_adv_cfNH3,2030,2035,0.0,sv_2c_buffer_decoal
R12_SAS,coal_adv_cfNH3,2030,2040,0.0,sv_2c_buffer_decoal
R12_SAS,coal_adv_cfNH3,2030,2045,0.0,sv_2c_buffer_decoal
R12_SAS,coal_adv_cfNH3,2030,2050,0.0,sv_2c_buffer_decoal
R12_SAS,coal_adv_cfNH3,2030,2055,0.0,sv_2c_buffer_decoal
R12_SAS,coal_adv_cfNH3,2035,2035,0.0,sv_2c_buffer_decoal
R12_SAS,coal_adv_cfNH3,2035,2040,0.0,sv_2c_buffer_decoal
R12_SAS,coal_adv_cfNH3,2035,2045,0.0,sv_2c_buffer_decoal
R12_SAS,coal_adv_cfNH3,2035,2050,0.0,sv_2c_buffer_decoal
R12_SAS,coal_adv_cfNH3,2035,2055,0.0,sv_2c_buffer_decoal
R12_SAS,coal_adv_cfNH3,2035,2060,0.0,sv_2c_buffer_decoal
R12_SAS,coal_adv_cfNH3,2040,2040,0.0,sv_2c_buffer_decoal
R12_SAS,coal_adv_cfNH3,2040,2045,0.0,sv_2c_buffer_decoal
R12_SAS,coal_adv_cfNH3,2040,2050,0.0,sv_2c_buffer_decoal
R12_SAS,coal_adv_cfNH3,2040,2055,0.0,sv_2c_buffer_decoal
R12_SAS,coal_adv_cfNH3,2040,2060,0.0,sv_2c_buffer_decoal
R12_SAS,coal_adv_cfNH3,2040,2070,0.0,sv_2c_buffer_decoal
R12_SAS,coal_adv_cfNH3,2045,2045,0.0,sv_2c_buffer_decoal
R12_SAS,coal_adv_cfNH3,2045,2050,0.0,sv_2c_buffer_decoal
R12_SAS,coal_adv_cfNH3,2045,2055,0.0,sv_2c_buffer_decoal
R12_SAS,coal_adv_cfNH3,2045,2060,0.0,sv_2c_buffer_decoal
R12_SAS,coal_adv_cfNH3,2045,2070,0.0,sv_2c_buffer_decoal
R12_SAS,coal_adv_cfNH3,2050,2050,0.0,sv_2c_buffer_decoal
R12_SAS,coal_adv_cfNH3,2050,2055,0.0,sv_2c_buffer_decoal
R12_SAS,coal_adv_cfNH3,2050,2060,0.0,sv_2c_buffer_decoal
R12_SAS,coal_adv_cfNH3,2050,2070,0.0,sv_2c_buffer_decoal
R12_SAS,coal_adv_cfNH3,2050,2080,0.0,sv_2c_buffer_decoal
R12_SAS,coal_adv_cfNH3,2055,2055,0.0,sv_2c_buffer_decoal
R12_SAS,coal_adv_cfNH3,2055,2060,0.0,sv_2c_buffer_decoal
R12_SAS,coal_adv_cfNH3,2055,2070,0.0,sv_2c_buffer_decoal
R12_SAS,coal_adv_cfNH3,2055,2080,0.0,sv_2c_buffer_decoal
R12_SAS,coal_adv_cfNH3,2060,2060,0.0,sv_2c_buffer_decoal
R12_SAS,coal_adv_cfNH3,2060,2070,0.0,sv_2c_buffer_decoal
R12_SAS,coal_adv_cfNH3,2060,2080,0.0,sv_2c_buffer_decoal
R12_SAS,coal_adv_cfNH3,2060,2090,0.0,sv_2c_buffer_decoal
R12_SAS,coal_adv_cfNH3,2070,2070,0.0,sv_2c_buffer_decoal
R12_SAS,coal_adv_cfNH3,2070,2080,0.0,sv_2c_buffer_decoal
R12_SAS,coal_adv_cfNH3,2070,2090,0.0,sv_2c_buffer_decoal
R12_SAS,coal_adv_cfNH3,2080,2080,0.0,sv_2c_buffer_decoal
R12_SAS,coal_adv_cfNH3,2080,2090,0.0,sv_2c_buffer_decoal
R12_SAS,coal_adv_cfNH3,2080,2100,0.0,sv_2c_buffer_decoal
R12_SAS,coal_adv_cfNH3,2090,2090,0.0,sv_2c_buffer_decoal
R12_SAS,coal_adv_cfNH3,2090,2100,0.0,sv_2c_buffer_decoal
R12_SAS,coal_adv_cfNH3,2090,2110,0.0,sv_2c_buffer_decoal
R12_SAS,coal_adv_cfNH3,2100,2100,0.0,sv_2c_buffer_decoal
R12_SAS,coal_adv_cfNH3,2100,2110,0.0,sv_2c_buffer_decoal
R12_SAS,coal_adv_cfNH3,2110,2110,0.0,sv_2c_buffer_decoal
R12_SAS,coal_ppl_u_cfNH3,1960,1960,0.0,sv_2c_buffer_decoal
R12_SAS,coal_ppl_u_cfNH3,1965,1965,0.0,sv_2c_buffer_decoal
R12_SAS,coal_ppl_u_cfNH3,1970,1970,0.0,sv_2c_buffer_decoal
R12_SAS,coal_ppl_u_cfNH3,1970,2030,0.0,sv_2c_buffer_decoal
R12_SAS,coal_ppl_u_cfNH3,1975,1975,0.0,sv_2c_buffer_decoal
R12_SAS,coal_ppl_u_cfNH3,1975,2030,0.0,sv_2c_buffer_decoal
R12_SAS,coal_ppl_u_cfNH3,1980,1980,0.0,sv_2c_buffer_decoal
R12_SAS,coal_ppl_u_cfNH3,1980,2030,0.0,sv_2c_buffer_decoal
R12_SAS,coal_ppl_u_cfNH3,1980,2035,0.0,sv_2c_buffer_decoal
R12_SAS,coal_ppl_u_cfNH3,1985,1985,0.0,sv_2c_buffer_decoal
R12_SAS,coal_ppl_u_cfNH3,1985,2030,0.0,sv_2c_buffer_decoal
R12_SAS,coal_ppl_u_cfNH3,1985,2035,0.0,sv_2c_buffer_decoal
R12_SAS,coal_ppl_u_cfNH3,1990,1990,0.0,sv_2c_buffer_decoal
R12_SAS,coal_ppl_u_cfNH3,1990,2030,0.0,sv_2c_buffer_decoal
R12_SAS,coal_ppl_u_cfNH3,1990,2035,0.0,sv_2c_buffer_decoal
R12_SAS,coal_ppl_u_cfNH3,1990,2040,0.0,sv_2c_buffer_decoal
R12_SAS,coal_ppl_u_cfNH3,1995,1995,0.0,sv_2c_buffer_decoal
R12_SAS,coal_ppl_u_cfNH3,1995,2030,0.0,sv_2c_buffer_decoal
R12_SAS,coal_ppl_u_cfNH3,1995,2035,0.0,sv_2c_buffer_decoal
R12_SAS,coal_ppl_u_cfNH3,1995,2040,0.0,sv_2c_buffer_decoal
R12_SAS,coal_ppl_u_cfNH3,2000,2000,0.0,sv_2c_buffer_decoal
R12_SAS,coal_ppl_u_cfNH3,2000,2030,0.0,sv_2c_buffer_decoal
R12_SAS,coal_ppl_u_cfNH3,2000,2035,0.0,sv_2c_buffer_decoal
R12_SAS,coal_ppl_u_cfNH3,2000,2040,0.0,sv_2c_buffer_decoal
R12_SAS,coal_ppl_u_cfNH3,2000,2045,0.0,sv_2c_buffer_decoal
R12_SAS,coal_ppl_u_cfNH3,2005,2005,0.0,sv_2c_buffer_decoal
R12_SAS,coal_ppl_u_cfNH3,2005,2030,0.0,sv_2c_buffer_decoal
R12_SAS,coal_ppl_u_cfNH3,2005,2035,0.0,sv_2c_buffer_decoal
R12_SAS,coal_ppl_u_cfNH3,2005,2040,0.0,sv_2c_buffer_decoal
R12_SAS,coal_ppl_u_cfNH3,2005,2045,0.0,sv_2c_buffer_decoal
R12_SAS,coal_ppl_u_cfNH3,2010,2010,0.0,sv_2c_buffer_decoal
R12_SAS,coal_ppl_u_cfNH3,2010,2030,0.0,sv_2c_buffer_decoal
R12_SAS,coal_ppl_u_cfNH3,2010,2035,0.0,sv_2c_buffer_decoal
R12_SAS,coal_ppl_u_cfNH3,2010,2040,0.0,sv_2c_buffer_decoal
R12_SAS,coal_ppl_u_cfNH3,2010,2045,0.0,sv_2c_buffer_decoal
R12_SAS,coal_ppl_u_cfNH3,2010,2050,0.0,sv_2c_buffer_decoal
R12_SAS,coal_ppl_u_cfNH3,2015,2015,0.0,sv_2c_buffer_decoal
R12_SAS,coal_ppl_u_cfNH3,2015,2030,0.0,sv_2c_buffer_decoal
R12_SAS,coal_ppl_u_cfNH3,2015,2035,0.0,sv_2c_buffer_decoal
R12_SAS,coal_ppl_u_cfNH3,2015,2040,0.0,sv_2c_buffer_decoal
R12_SAS,coal_ppl_u_cfNH3,2015,2045,0.0,sv_2c_buffer_decoal
R12_SAS,coal_ppl_u_cfNH3,2020,2020,0.0,sv_2c_buffer_decoal
R12_SAS,coal_ppl_u_cfNH3,2020,2030,0.0,sv_2c_buffer_decoal
R12_SAS,coal_ppl_u_cfNH3,2020,2035,0.0,sv_2c_buffer_decoal
R12_SAS,coal_ppl_u_cfNH3,2020,2040,0.0,sv_2c_buffer_decoal
R12_SAS,coal_ppl_u_cfNH3,2020,2045,0.0,sv_2c_buffer_decoal
R12_SAS,coal_ppl_u_cfNH3,2025,2025,0.0,sv_2c_buffer_decoal
R12_SAS,coal_ppl_u_cfNH3,2025,2030,0.0,sv_2c_buffer_decoal
R12_SAS,coal_ppl_u_cfNH3,2025,2035,0.0,sv_2c_buffer_decoal
R12_SAS,coal_ppl_u_cfNH3,2025,2040,0.0,sv_2c_buffer_decoal
R12_SAS,coal_ppl_u_cfNH3,2025,2045,0.0,sv_2c_buffer_decoal
R12_SAS,coal_ppl_u_cfNH3,2025,2050,0.0,sv_2c_buffer_decoal
R12_SAS,coal_ppl_u_cfNH3,2030,2030,0.026020200800000004,sv_2c_buffer_decoal
R12_SAS,coal_ppl_u_cfNH3,2030,2035,0.026020200800000004,sv_2c_buffer_decoal
R12_SAS,coal_ppl_u_cfNH3,2030,2040,0.026020200800000004,sv_2c_buffer_decoal
R12_SAS,coal_ppl_u_cfNH3,2030,2045,0.026020200800000004,sv_2c_buffer_decoal
R12_SAS,coal_ppl_u_cfNH3,2030,2050,0.026020200800000004,sv_2c_buffer_decoal
R12_SAS,coal_ppl_u_cfNH3,2030,2055,0.026020200800000004,sv_2c_buffer_decoal
R12_SAS,coal_ppl_u_cfNH3,2035,2035,0.05474860499868929,sv_2c_buffer_decoal
R12_SAS,coal_ppl_u_cfNH3,2035,2040,0.05474860499868929,sv_2c_buffer_decoal
R12_SAS,coal_ppl_u_cfNH3,2035,2045,0.05474860499868929,sv_2c_buffer_decoal
R12_SAS,coal_ppl_u_cfNH3,2035,2050,0.05474860499868929,sv_2c_buffer_decoal
R12_SAS,coal_ppl_u_cfNH3,2035,2055,0.05474860499868929,sv_2c_buffer_decoal
R12_SAS,coal_ppl_u_cfNH3,2035,2060,0.05474860499868929,sv_2c_buffer_decoal
R12_SAS,coal_ppl_u_cfNH3,2040,2040,0.06044688378103241,sv_2c_buffer_decoal
R12_SAS,coal_ppl_u_cfNH3,2040,2045,0.06044688378103241,sv_2c_buffer_decoal
R12_SAS,coal_ppl_u_cfNH3,2040,2050,0.06044688378103241,sv_2c_buffer_decoal
R12_SAS,coal_ppl_u_cfNH3,2040,2055,0.06044688378103241,sv_2c_buffer_decoal
R12_SAS,coal_ppl_u_cfNH3,2040,2060,0.06044688378103241,sv_2c_buffer_decoal
R12_SAS,coal_ppl_u_cfNH3,2040,2070,0.030223441890516206,sv_2c_buffer_decoal
R12_SAS,coal_ppl_u_cfNH3,2045,2045,0.06673824399589931,sv_2c_buffer_decoal
R12_SAS,coal_ppl_u_cfNH3,2045,2050,0.06673824399589931,sv_2c_buffer_decoal
R12_SAS,coal_ppl_u_cfNH3,2045,2055,0.06673824399589931,sv_2c_buffer_decoal
R12_SAS,coal_ppl_u_cfNH3,2045,2060,0.06673824399589931,sv_2c_buffer_decoal
R12_SAS,coal_ppl_u_cfNH3,2045,2070,0.06673824399589931,sv_2c_buffer_decoal
R12_SAS,coal_ppl_u_cfNH3,2050,2050,0.0736844140351501,sv_2c_buffer_decoal
R12_SAS,coal_ppl_u_cfNH3,2050,2055,0.0736844140351501,sv_2c_buffer_decoal
R12_SAS,coal_ppl_u_cfNH3,2050,2060,0.0736844140351501,sv_2c_buffer_decoal
R12_SAS,coal_ppl_u_cfNH3,2050,2070,0.0736844140351501,sv_2c_buffer_decoal
R12_SAS,coal_ppl_u_cfNH3,2050,2080,0.03684220701757505,sv_2c_buffer_decoal
R12_SAS,coal_ppl_u_cfNH3,2055,2055,0.024144908791038,sv_2c_buffer_decoal
R12_SAS,coal_ppl_u_cfNH3,2055,2060,0.024144908791038,sv_2c_buffer_decoal
R12_SAS,coal_ppl_u_cfNH3,2055,2070,0.024144908791038,sv_2c_buffer_decoal
R12_SAS,coal_ppl_u_cfNH3,2055,2080,0.024144908791038,sv_2c_buffer_decoal
R12_SAS,coal_ppl_u_cfNH3,2060,2060,0.007911803712647335,sv_2c_buffer_decoal
R12_SAS,coal_ppl_u_cfNH3,2060,2070,0.007911803712647335,sv_2c_buffer_decoal
R12_SAS,coal_ppl_u_cfNH3,2060,2080,0.007911803712647335,sv_2c_buffer_decoal
R12_SAS,coal_ppl_u_cfNH3,2060,2090,0.003955901856323668,sv_2c_buffer_decoal
R12_SAS,coal_ppl_u_cfNH3,2070,2070,0.0008495234549547931,sv_2c_buffer_decoal
R12_SAS,coal_ppl_u_cfNH3,2070,2080,0.0008495234549547931,sv_2c_buffer_decoal
R12_SAS,coal_ppl_u_cfNH3,2070,2090,0.0008495234549547931,sv_2c_buffer_decoal
R12_SAS,coal_ppl_u_cfNH3,2080,2080,9.121688640539424e-05,sv_2c_buffer_decoal
R12_SAS,coal_ppl_u_cfNH3,2080,2090,9.121688640539424e-05,sv_2c_buffer_decoal
R12_SAS,coal_ppl_u_cfNH3,2080,2100,9.121688640539424e-05,sv_2c_buffer_decoal
R12_SAS,coal_ppl_u_cfNH3,2090,2090,9.794338598852893e-06,sv_2c_buffer_decoal
R12_SAS,coal_ppl_u_cfNH3,2090,2100,9.794338598852893e-06,sv_2c_buffer_decoal
R12_SAS,coal_ppl_u_cfNH3,2090,2110,9.794338598852893e-06,sv_2c_buffer_decoal
R12_SAS,coal_ppl_u_cfNH3,2100,2100,0.0,sv_2c_buffer_decoal
R12_SAS,coal_ppl_u_cfNH3,2100,2110,0.0,sv_2c_buffer_decoal
R12_SAS,coal_ppl_u_cfNH3,2110,2110,0.0,sv_2c_buffer_decoal
R12_SAS,coal_ppl_cfNH3,1985,1985,0.0,sv_2c_buffer_decoal
R12_SAS,coal_ppl_cfNH3,1990,1990,0.0,sv_2c_buffer_decoal
R12_SAS,coal_ppl_cfNH3,1995,1995,0.0,sv_2c_buffer_decoal
R12_SAS,coal_ppl_cfNH3,1995,2030,0.0,sv_2c_buffer_decoal
R12_SAS,coal_ppl_cfNH3,2000,2000,0.0,sv_2c_buffer_decoal
R12_SAS,coal_ppl_cfNH3,2000,2030,0.0,sv_2c_buffer_decoal
R12_SAS,coal_ppl_cfNH3,2005,2005,0.0,sv_2c_buffer_decoal
R12_SAS,coal_ppl_cfNH3,2005,2030,0.0,sv_2c_buffer_decoal
R12_SAS,coal_ppl_cfNH3,2005,2035,0.0,sv_2c_buffer_decoal
R12_SAS,coal_ppl_cfNH3,2010,2010,0.0,sv_2c_buffer_decoal
R12_SAS,coal_ppl_cfNH3,2010,2030,0.0,sv_2c_buffer_decoal
R12_SAS,coal_ppl_cfNH3,2010,2035,0.0,sv_2c_buffer_decoal
R12_SAS,coal_ppl_cfNH3,2015,2015,0.0,sv_2c_buffer_decoal
R12_SAS,coal_ppl_cfNH3,2015,2030,0.0,sv_2c_buffer_decoal
R12_SAS,coal_ppl_cfNH3,2015,2035,0.0,sv_2c_buffer_decoal
R12_SAS,coal_ppl_cfNH3,2015,2040,0.0,sv_2c_buffer_decoal
R12_SAS,coal_ppl_cfNH3,2020,2020,0.0,sv_2c_buffer_decoal
R12_SAS,coal_ppl_cfNH3,2020,2030,0.0,sv_2c_buffer_decoal
R12_SAS,coal_ppl_cfNH3,2020,2035,0.0,sv_2c_buffer_decoal
R12_SAS,coal_ppl_cfNH3,2020,2040,0.0,sv_2c_buffer_decoal
R12_SAS,coal_ppl_cfNH3,2020,2045,0.0,sv_2c_buffer_decoal
R12_SAS,coal_ppl_cfNH3,2025,2025,0.0,sv_2c_buffer_decoal
R12_SAS,coal_ppl_cfNH3,2025,2030,0.0,sv_2c_buffer_decoal
R12_SAS,coal_ppl_cfNH3,2025,2035,0.0,sv_2c_buffer_decoal
R12_SAS,coal_ppl_cfNH3,2025,2040,0.0,sv_2c_buffer_decoal
R12_SAS,coal_ppl_cfNH3,2025,2045,0.0,sv_2c_buffer_decoal
R12_SAS,coal_ppl_cfNH3,2025,2050,0.0,sv_2c_buffer_decoal
R12_SAS,coal_ppl_cfNH3,2030,2030,1.3010100400000002,sv_2c_buffer_decoal
R12_SAS,coal_ppl_cfNH3,2030,2035,1.3010100400000002,sv_2c_buffer_decoal
R12_SAS,coal_ppl_cfNH3,2030,2040,1.3010100400000002,sv_2c_buffer_decoal
R12_SAS,coal_ppl_cfNH3,2030,2045,1.3010100400000002,sv_2c_buffer_decoal
R12_SAS,coal_ppl_cfNH3,2030,2050,1.3010100400000002,sv_2c_buffer_decoal
R12_SAS,coal_ppl_cfNH3,2030,2055,1.3010100400000002,sv_2c_buffer_decoal
R12_SAS,coal_ppl_cfNH3,2035,2035,2.737430249934465,sv_2c_buffer_decoal
R12_SAS,coal_ppl_cfNH3,2035,2040,2.737430249934465,sv_2c_buffer_decoal
R12_SAS,coal_ppl_cfNH3,2035,2045,2.737430249934465,sv_2c_buffer_decoal
R12_SAS,coal_ppl_cfNH3,2035,2050,2.737430249934465,sv_2c_buffer_decoal
R12_SAS,coal_ppl_cfNH3,2035,2055,2.737430249934465,sv_2c_buffer_decoal
R12_SAS,coal_ppl_cfNH3,2035,2060,2.737430249934465,sv_2c_buffer_decoal
R12_SAS,coal_ppl_cfNH3,2040,2040,3.0223441890516205,sv_2c_buffer_decoal
R12_SAS,coal_ppl_cfNH3,2040,2045,3.0223441890516205,sv_2c_buffer_decoal
R12_SAS,coal_ppl_cfNH3,2040,2050,3.0223441890516205,sv_2c_buffer_decoal
R12_SAS,coal_ppl_cfNH3,2040,2055,3.0223441890516205,sv_2c_buffer_decoal
R12_SAS,coal_ppl_cfNH3,2040,2060,3.0223441890516205,sv_2c_buffer_decoal
R12_SAS,coal_ppl_cfNH3,2040,2070,1.5111720945258102,sv_2c_buffer_decoal
R12_SAS,coal_ppl_cfNH3,2045,2045,3.336912199794966,sv_2c_buffer_decoal
R12_SAS,coal_ppl_cfNH3,2045,2050,3.336912199794966,sv_2c_buffer_decoal
R12_SAS,coal_ppl_cfNH3,2045,2055,3.336912199794966,sv_2c_buffer_decoal
R12_SAS,coal_ppl_cfNH3,2045,2060,3.336912199794966,sv_2c_buffer_decoal
R12_SAS,coal_ppl_cfNH3,2045,2070,3.336912199794966,sv_2c_buffer_decoal
R12_SAS,coal_ppl_cfNH3,2050,2050,2.828637040554891,sv_2c_buffer_decoal
R12_SAS,coal_ppl_cfNH3,2050,2055,2.828637040554891,sv_2c_buffer_decoal
R12_SAS,coal_ppl_cfNH3,2050,2060,2.828637040554891,sv_2c_buffer_decoal
R12_SAS,coal_ppl_cfNH3,2050,2070,2.828637040554891,sv_2c_buffer_decoal
R12_SAS,coal_ppl_cfNH3,2050,2080,1.4143185202774455,sv_2c_buffer_decoal
R12_SAS,coal_ppl_cfNH3,2055,2055,0.9268877854490274,sv_2c_buffer_decoal
R12_SAS,coal_ppl_cfNH3,2055,2060,0.9268877854490274,sv_2c_buffer_decoal
R12_SAS,coal_ppl_cfNH3,2055,2070,0.9268877854490274,sv_2c_buffer_decoal
R12_SAS,coal_ppl_cfNH3,2055,2080,0.9268877854490274,sv_2c_buffer_decoal
R12_SAS,coal_ppl_cfNH3,2060,2060,0.30372258953593745,sv_2c_buffer_decoal
R12_SAS,coal_ppl_cfNH3,2060,2070,0.30372258953593745,sv_2c_buffer_decoal
R12_SAS,coal_ppl_cfNH3,2060,2080,0.30372258953593745,sv_2c_buffer_decoal
R12_SAS,coal_ppl_cfNH3,2060,2090,0.15186129476796872,sv_2c_buffer_decoal
R12_SAS,coal_ppl_cfNH3,2070,2070,0.032611964727832114,sv_2c_buffer_decoal
R12_SAS,coal_ppl_cfNH3,2070,2080,0.032611964727832114,sv_2c_buffer_decoal
R12_SAS,coal_ppl_cfNH3,2070,2090,0.032611964727832114,sv_2c_buffer_decoal
R12_SAS,coal_ppl_cfNH3,2080,2080,0.003501683049108616,sv_2c_buffer_decoal
R12_SAS,coal_ppl_cfNH3,2080,2090,0.003501683049108616,sv_2c_buffer_decoal
R12_SAS,coal_ppl_cfNH3,2080,2100,0.003501683049108616,sv_2c_buffer_decoal
R12_SAS,coal_ppl_cfNH3,2090,2090,0.00037599035442197705,sv_2c_buffer_decoal
R12_SAS,coal_ppl_cfNH3,2090,2100,0.00037599035442197705,sv_2c_buffer_decoal
R12_SAS,coal_ppl_cfNH3,2090,2110,0.00037599035442197705,sv_2c_buffer_decoal
R12_SAS,coal_ppl_cfNH3,2100,2100,4.037165689634605e-05,sv_2c_buffer_decoal
R12_SAS,coal_ppl_cfNH3,2100,2110,4.037165689634605e-05,sv_2c_buffer_decoal
R12_SAS,coal_ppl_cfNH3,2110,2110,0.0,sv_2c_buffer_decoal
R12_SAS,coal_adv_cfbio,2010,2010,0.0,sv_2c_buffer_decoal
R12_SAS,coal_adv_cfbio,2010,2030,0.0,sv_2c_buffer_decoal
R12_SAS,coal_adv_cfbio,2010,2035,0.0,sv_2c_buffer_decoal
R12_SAS,coal_adv_cfbio,2015,2015,0.0,sv_2c_buffer_decoal
R12_SAS,coal_adv_cfbio,2015,2030,0.0,sv_2c_buffer_decoal
R12_SAS,coal_adv_cfbio,2015,2035,0.0,sv_2c_buffer_decoal
R12_SAS,coal_adv_cfbio,2015,2040,0.0,sv_2c_buffer_decoal
R12_SAS,coal_adv_cfbio,2020,2020,0.0,sv_2c_buffer_decoal
R12_SAS,coal_adv_cfbio,2020,2030,0.0,sv_2c_buffer_decoal
R12_SAS,coal_adv_cfbio,2020,2035,0.0,sv_2c_buffer_decoal
R12_SAS,coal_adv_cfbio,2020,2040,0.0,sv_2c_buffer_decoal
R12_SAS,coal_adv_cfbio,2020,2045,0.0,sv_2c_buffer_decoal
R12_SAS,coal_adv_cfbio,2025,2025,0.0,sv_2c_buffer_decoal
R12_SAS,coal_adv_cfbio,2025,2030,0.0,sv_2c_buffer_decoal
R12_SAS,coal_adv_cfbio,2025,2035,0.0,sv_2c_buffer_decoal
R12_SAS,coal_adv_cfbio,2025,2040,0.0,sv_2c_buffer_decoal
R12_SAS,coal_adv_cfbio,2025,2045,0.0,sv_2c_buffer_decoal
R12_SAS,coal_adv_cfbio,2025,2050,0.0,sv_2c_buffer_decoal
R12_SAS,coal_adv_cfbio,2030,2030,3.1224240960000005,sv_2c_buffer_decoal
R12_SAS,coal_adv_cfbio,2030,2035,3.1224240960000005,sv_2c_buffer_decoal
R12_SAS,coal_adv_cfbio,2030,2040,3.1224240960000005,sv_2c_buffer_decoal
R12_SAS,coal_adv_cfbio,2030,2045,3.1224240960000005,sv_2c_buffer_decoal
R12_SAS,coal_adv_cfbio,2030,2050,3.1224240960000005,sv_2c_buffer_decoal
R12_SAS,coal_adv_cfbio,2030,2055,3.1224240960000005,sv_2c_buffer_decoal
R12_SAS,coal_adv_cfbio,2035,2035,3.571858056135649,sv_2c_buffer_decoal
R12_SAS,coal_adv_cfbio,2035,2040,3.571858056135649,sv_2c_buffer_decoal
R12_SAS,coal_adv_cfbio,2035,2045,3.571858056135649,sv_2c_buffer_decoal
R12_SAS,coal_adv_cfbio,2035,2050,3.571858056135649,sv_2c_buffer_decoal
R12_SAS,coal_adv_cfbio,2035,2055,3.571858056135649,sv_2c_buffer_decoal
R12_SAS,coal_adv_cfbio,2035,2060,3.571858056135649,sv_2c_buffer_decoal
R12_SAS,coal_adv_cfbio,2040,2040,3.2286767801586347,sv_2c_buffer_decoal
R12_SAS,coal_adv_cfbio,2040,2045,3.2286767801586347,sv_2c_buffer_decoal
R12_SAS,coal_adv_cfbio,2040,2050,3.2286767801586347,sv_2c_buffer_decoal
R12_SAS,coal_adv_cfbio,2040,2055,3.2286767801586347,sv_2c_buffer_decoal
R12_SAS,coal_adv_cfbio,2040,2060,3.2286767801586347,sv_2c_buffer_decoal
R12_SAS,coal_adv_cfbio,2040,2070,1.6143383900793173,sv_2c_buffer_decoal
R12_SAS,coal_adv_cfbio,2045,2045,1.0579728073223822,sv_2c_buffer_decoal
R12_SAS,coal_adv_cfbio,2045,2050,1.0579728073223822,sv_2c_buffer_decoal
R12_SAS,coal_adv_cfbio,2045,2055,1.0579728073223822,sv_2c_buffer_decoal
R12_SAS,coal_adv_cfbio,2045,2060,1.0579728073223822,sv_2c_buffer_decoal
R12_SAS,coal_adv_cfbio,2045,2070,1.0579728073223822,sv_2c_buffer_decoal
R12_SAS,coal_adv_cfbio,2050,2050,0.34667652950339833,sv_2c_buffer_decoal
R12_SAS,coal_adv_cfbio,2050,2055,0.34667652950339833,sv_2c_buffer_decoal
R12_SAS,coal_adv_cfbio,2050,2060,0.34667652950339833,sv_2c_buffer_decoal
R12_SAS,coal_adv_cfbio,2050,2070,0.34667652950339833,sv_2c_buffer_decoal
R12_SAS,coal_adv_cfbio,2050,2080,0.17333826475169917,sv_2c_buffer_decoal
R12_SAS,coal_adv_cfbio,2055,2055,0.11359896518767364,sv_2c_buffer_decoal
R12_SAS,coal_adv_cfbio,2055,2060,0.11359896518767364,sv_2c_buffer_decoal
R12_SAS,coal_adv_cfbio,2055,2070,0.11359896518767364,sv_2c_buffer_decoal
R12_SAS,coal_adv_cfbio,2055,2080,0.11359896518767364,sv_2c_buffer_decoal
R12_SAS,coal_adv_cfbio,2060,2060,0.03722410891269692,sv_2c_buffer_decoal
R12_SAS,coal_adv_cfbio,2060,2070,0.03722410891269692,sv_2c_buffer_decoal
R12_SAS,coal_adv_cfbio,2060,2080,0.03722410891269692,sv_2c_buffer_decoal
R12_SAS,coal_adv_cfbio,2060,2090,0.01861205445634846,sv_2c_buffer_decoal
R12_SAS,coal_adv_cfbio,2070,2070,0.003996908260069389,sv_2c_buffer_decoal
R12_SAS,coal_adv_cfbio,2070,2080,0.003996908260069389,sv_2c_buffer_decoal
R12_SAS,coal_adv_cfbio,2070,2090,0.003996908260069389,sv_2c_buffer_decoal
R12_SAS,coal_adv_cfbio,2080,2080,0.00042916475655275767,sv_2c_buffer_decoal
R12_SAS,coal_adv_cfbio,2080,2090,0.00042916475655275767,sv_2c_buffer_decoal
R12_SAS,coal_adv_cfbio,2080,2100,0.00042916475655275767,sv_2c_buffer_decoal
R12_SAS,coal_adv_cfbio,2090,2090,4.6081214849747444e-05,sv_2c_buffer_decoal
R12_SAS,coal_adv_cfbio,2090,2100,4.6081214849747444e-05,sv_2c_buffer_decoal
R12_SAS,coal_adv_cfbio,2090,2110,4.6081214849747444e-05,sv_2c_buffer_decoal
R12_SAS,coal_adv_cfbio,2100,2100,0.0,sv_2c_buffer_decoal
R12_SAS,coal_adv_cfbio,2100,2110,0.0,sv_2c_buffer_decoal
R12_SAS,coal_adv_cfbio,2110,2110,0.0,sv_2c_buffer_decoal
R12_SAS,coal_ppl_u_cfbio,2010,2010,0.0,sv_2c_buffer_decoal
R12_SAS,coal_ppl_u_cfbio,2010,2030,0.0,sv_2c_buffer_decoal
R12_SAS,coal_ppl_u_cfbio,2010,2035,0.0,sv_2c_buffer_decoal
R12_SAS,coal_ppl_u_cfbio,2010,2040,0.0,sv_2c_buffer_decoal
R12_SAS,coal_ppl_u_cfbio,2010,2045,0.0,sv_2c_buffer_decoal
R12_SAS,coal_ppl_u_cfbio,2010,2050,0.0,sv_2c_buffer_decoal
R12_SAS,coal_ppl_u_cfbio,2015,2015,0.0,sv_2c_buffer_decoal
R12_SAS,coal_ppl_u_cfbio,2015,2030,0.0,sv_2c_buffer_decoal
R12_SAS,coal_ppl_u_cfbio,2015,2035,0.0,sv_2c_buffer_decoal
R12_SAS,coal_ppl_u_cfbio,2015,2040,0.0,sv_2c_buffer_decoal
R12_SAS,coal_ppl_u_cfbio,2015,2045,0.0,sv_2c_buffer_decoal
R12_SAS,coal_ppl_u_cfbio,2020,2020,0.0,sv_2c_buffer_decoal
R12_SAS,coal_ppl_u_cfbio,2020,2030,0.0,sv_2c_buffer_decoal
R12_SAS,coal_ppl_u_cfbio,2020,2035,0.0,sv_2c_buffer_decoal
R12_SAS,coal_ppl_u_cfbio,2020,2040,0.0,sv_2c_buffer_decoal
R12_SAS,coal_ppl_u_cfbio,2020,2045,0.0,sv_2c_buffer_decoal
R12_SAS,coal_ppl_u_cfbio,2025,2025,0.0,sv_2c_buffer_decoal
R12_SAS,coal_ppl_u_cfbio,2025,2030,0.0,sv_2c_buffer_decoal
R12_SAS,coal_ppl_u_cfbio,2025,2035,0.0,sv_2c_buffer_decoal
R12_SAS,coal_ppl_u_cfbio,2025,2040,0.0,sv_2c_buffer_decoal
R12_SAS,coal_ppl_u_cfbio,2025,2045,0.0,sv_2c_buffer_decoal
R12_SAS,coal_ppl_u_cfbio,2025,2050,0.0,sv_2c_buffer_decoal
R12_SAS,coal_ppl_u_cfbio,2030,2030,0.026020200800000004,sv_2c_buffer_decoal
R12_SAS,coal_ppl_u_cfbio,2030,2035,0.026020200800000004,sv_2c_buffer_decoal
R12_SAS,coal_ppl_u_cfbio,2030,2040,0.026020200800000004,sv_2c_buffer_decoal
R12_SAS,coal_ppl_u_cfbio,2030,2045,0.026020200800000004,sv_2c_buffer_decoal
R12_SAS,coal_ppl_u_cfbio,2030,2050,0.026020200800000004,sv_2c_buffer_decoal
R12_SAS,coal_ppl_u_cfbio,2030,2055,0.026020200800000004,sv_2c_buffer_decoal
R12_SAS,coal_ppl_u_cfbio,2035,2035,0.05474860499868929,sv_2c_buffer_decoal
R12_SAS,coal_ppl_u_cfbio,2035,2040,0.05474860499868929,sv_2c_buffer_decoal
R12_SAS,coal_ppl_u_cfbio,2035,2045,0.05474860499868929,sv_2c_buffer_decoal
R12_SAS,coal_ppl_u_cfbio,2035,2050,0.05474860499868929,sv_2c_buffer_decoal
R12_SAS,coal_ppl_u_cfbio,2035,2055,0.05474860499868929,sv_2c_buffer_decoal
R12_SAS,coal_ppl_u_cfbio,2035,2060,0.05474860499868929,sv_2c_buffer_decoal
R12_SAS,coal_ppl_u_cfbio,2040,2040,0.049488402654103675,sv_2c_buffer_decoal
R12_SAS,coal_ppl_u_cfbio,2040,2045,0.049488402654103675,sv_2c_buffer_decoal
R12_SAS,coal_ppl_u_cfbio,2040,2050,0.049488402654103675,sv_2c_buffer_decoal
R12_SAS,coal_ppl_u_cfbio,2040,2055,0.049488402654103675,sv_2c_buffer_decoal
R12_SAS,coal_ppl_u_cfbio,2040,2060,0.049488402654103675,sv_2c_buffer_decoal
R12_SAS,coal_ppl_u_cfbio,2040,2070,0.024744201327051837,sv_2c_buffer_decoal
R12_SAS,coal_ppl_u_cfbio,2045,2045,0.016216359781696704,sv_2c_buffer_decoal
R12_SAS,coal_ppl_u_cfbio,2045,2050,0.016216359781696704,sv_2c_buffer_decoal
R12_SAS,coal_ppl_u_cfbio,2045,2055,0.016216359781696704,sv_2c_buffer_decoal
R12_SAS,coal_ppl_u_cfbio,2045,2060,0.016216359781696704,sv_2c_buffer_decoal
R12_SAS,coal_ppl_u_cfbio,2045,2070,0.016216359781696704,sv_2c_buffer_decoal
R12_SAS,coal_ppl_u_cfbio,2050,2050,0.005313776773266379,sv_2c_buffer_decoal
R12_SAS,coal_ppl_u_cfbio,2050,2055,0.005313776773266379,sv_2c_buffer_decoal
R12_SAS,coal_ppl_u_cfbio,2050,2060,0.005313776773266379,sv_2c_buffer_decoal
R12_SAS,coal_ppl_u_cfbio,2050,2070,0.005313776773266379,sv_2c_buffer_decoal
R12_SAS,coal_ppl_u_cfbio,2050,2080,0.0026568883866331895,sv_2c_buffer_decoal
R12_SAS,coal_ppl_u_cfbio,2055,2055,0.0017412183730639282,sv_2c_buffer_decoal
R12_SAS,coal_ppl_u_cfbio,2055,2060,0.0017412183730639282,sv_2c_buffer_decoal
R12_SAS,coal_ppl_u_cfbio,2055,2070,0.0017412183730639282,sv_2c_buffer_decoal
R12_SAS,coal_ppl_u_cfbio,2055,2080,0.0017412183730639282,sv_2c_buffer_decoal
R12_SAS,coal_ppl_u_cfbio,2060,2060,0.0005705624364855883,sv_2c_buffer_decoal
R12_SAS,coal_ppl_u_cfbio,2060,2070,0.0005705624364855883,sv_2c_buffer_decoal
R12_SAS,coal_ppl_u_cfbio,2060,2080,0.0005705624364855883,sv_2c_buffer_decoal
R12_SAS,coal_ppl_u_cfbio,2060,2090,0.00028528121824279414,sv_2c_buffer_decoal
R12_SAS,coal_ppl_u_cfbio,2070,2070,6.126367512579204e-05,sv_2c_buffer_decoal
R12_SAS,coal_ppl_u_cfbio,2070,2080,6.126367512579204e-05,sv_2c_buffer_decoal
R12_SAS,coal_ppl_u_cfbio,2070,2090,6.126367512579204e-05,sv_2c_buffer_decoal
R12_SAS,coal_ppl_u_cfbio,2080,2080,0.0,sv_2c_buffer_decoal
R12_SAS,coal_ppl_u_cfbio,2080,2090,0.0,sv_2c_buffer_decoal
R12_SAS,coal_ppl_u_cfbio,2080,2100,0.0,sv_2c_buffer_decoal
R12_SAS,coal_ppl_u_cfbio,2090,2090,0.0,sv_2c_buffer_decoal
R12_SAS,coal_ppl_u_cfbio,2090,2100,0.0,sv_2c_buffer_decoal
R12_SAS,coal_ppl_u_cfbio,2090,2110,0.0,sv_2c_buffer_decoal
R12_SAS,coal_ppl_u_cfbio,2100,2100,0.0,sv_2c_buffer_decoal
R12_SAS,coal_ppl_u_cfbio,2100,2110,0.0,sv_2c_buffer_decoal
R12_SAS,coal_ppl_u_cfbio,2110,2110,0.0,sv_2c_buffer_decoal
R12_SAS,coal_ppl_cfbio,2010,2010,0.0,sv_2c_buffer_decoal
R12_SAS,coal_ppl_cfbio,2010,2030,0.0,sv_2c_buffer_decoal
R12_SAS,coal_ppl_cfbio,2010,2035,0.0,sv_2c_buffer_decoal
R12_SAS,coal_ppl_cfbio,2015,2015,0.0,sv_2c_buffer_decoal
R12_SAS,coal_ppl_cfbio,2015,2030,0.0,sv_2c_buffer_decoal
R12_SAS,coal_ppl_cfbio,2015,2035,0.0,sv_2c_buffer_decoal
R12_SAS,coal_ppl_cfbio,2015,2040,0.0,sv_2c_buffer_decoal
R12_SAS,coal_ppl_cfbio,2020,2020,0.0,sv_2c_buffer_decoal
R12_SAS,coal_ppl_cfbio,2020,2030,0.0,sv_2c_buffer_decoal
R12_SAS,coal_ppl_cfbio,2020,2035,0.0,sv_2c_buffer_decoal
R12_SAS,coal_ppl_cfbio,2020,2040,0.0,sv_2c_buffer_decoal
R12_SAS,coal_ppl_cfbio,2020,2045,0.0,sv_2c_buffer_decoal
R12_SAS,coal_ppl_cfbio,2025,2025,0.0,sv_2c_buffer_decoal
R12_SAS,coal_ppl_cfbio,2025,2030,0.0,sv_2c_buffer_decoal
R12_SAS,coal_ppl_cfbio,2025,2035,0.0,sv_2c_buffer_decoal
R12_SAS,coal_ppl_cfbio,2025,2040,0.0,sv_2c_buffer_decoal
R12_SAS,coal_ppl_cfbio,2025,2045,0.0,sv_2c_buffer_decoal
R12_SAS,coal_ppl_cfbio,2025,2050,0.0,sv_2c_buffer_decoal
R12_SAS,coal_ppl_cfbio,2030,2030,1.3010100400000002,sv_2c_buffer_decoal
R12_SAS,coal_ppl_cfbio,2030,2035,1.3010100400000002,sv_2c_buffer_decoal
R12_SAS,coal_ppl_cfbio,2030,2040,1.3010100400000002,sv_2c_buffer_decoal
R12_SAS,coal_ppl_cfbio,2030,2045,1.3010100400000002,sv_2c_buffer_decoal
R12_SAS,coal_ppl_cfbio,2030,2050,1.3010100400000002,sv_2c_buffer_decoal
R12_SAS,coal_ppl_cfbio,2030,2055,1.3010100400000002,sv_2c_buffer_decoal
R12_SAS,coal_ppl_cfbio,2035,2035,2.737430249934465,sv_2c_buffer_decoal
R12_SAS,coal_ppl_cfbio,2035,2040,2.737430249934465,sv_2c_buffer_decoal
R12_SAS,coal_ppl_cfbio,2035,2045,2.737430249934465,sv_2c_buffer_decoal
R12_SAS,coal_ppl_cfbio,2035,2050,2.737430249934465,sv_2c_buffer_decoal
R12_SAS,coal_ppl_cfbio,2035,2055,2.737430249934465,sv_2c_buffer_decoal
R12_SAS,coal_ppl_cfbio,2035,2060,2.737430249934465,sv_2c_buffer_decoal
R12_SAS,coal_ppl_cfbio,2040,2040,2.4744201327051845,sv_2c_buffer_decoal
R12_SAS,coal_ppl_cfbio,2040,2045,2.4744201327051845,sv_2c_buffer_decoal
R12_SAS,coal_ppl_cfbio,2040,2050,2.4744201327051845,sv_2c_buffer_decoal
R12_SAS,coal_ppl_cfbio,2040,2055,2.4744201327051845,sv_2c_buffer_decoal
R12_SAS,coal_ppl_cfbio,2040,2060,2.4744201327051845,sv_2c_buffer_decoal
R12_SAS,coal_ppl_cfbio,2040,2070,1.2372100663525922,sv_2c_buffer_decoal
R12_SAS,coal_ppl_cfbio,2045,2045,0.8108179890848353,sv_2c_buffer_decoal
R12_SAS,coal_ppl_cfbio,2045,2050,0.8108179890848353,sv_2c_buffer_decoal
R12_SAS,coal_ppl_cfbio,2045,2055,0.8108179890848353,sv_2c_buffer_decoal
R12_SAS,coal_ppl_cfbio,2045,2060,0.8108179890848353,sv_2c_buffer_decoal
R12_SAS,coal_ppl_cfbio,2045,2070,0.8108179890848353,sv_2c_buffer_decoal
R12_SAS,coal_ppl_cfbio,2050,2050,0.26568883866331894,sv_2c_buffer_decoal
R12_SAS,coal_ppl_cfbio,2050,2055,0.26568883866331894,sv_2c_buffer_decoal
R12_SAS,coal_ppl_cfbio,2050,2060,0.26568883866331894,sv_2c_buffer_decoal
R12_SAS,coal_ppl_cfbio,2050,2070,0.26568883866331894,sv_2c_buffer_decoal
R12_SAS,coal_ppl_cfbio,2050,2080,0.13284441933165947,sv_2c_buffer_decoal
R12_SAS,coal_ppl_cfbio,2055,2055,0.08706091865319641,sv_2c_buffer_decoal
R12_SAS,coal_ppl_cfbio,2055,2060,0.08706091865319641,sv_2c_buffer_decoal
R12_SAS,coal_ppl_cfbio,2055,2070,0.08706091865319641,sv_2c_buffer_decoal
R12_SAS,coal_ppl_cfbio,2055,2080,0.08706091865319641,sv_2c_buffer_decoal
R12_SAS,coal_ppl_cfbio,2060,2060,0.02852812182427942,sv_2c_buffer_decoal
R12_SAS,coal_ppl_cfbio,2060,2070,0.02852812182427942,sv_2c_buffer_decoal
R12_SAS,coal_ppl_cfbio,2060,2080,0.02852812182427942,sv_2c_buffer_decoal
R12_SAS,coal_ppl_cfbio,2060,2090,0.01426406091213971,sv_2c_buffer_decoal
R12_SAS,coal_ppl_cfbio,2070,2070,0.003063183756289602,sv_2c_buffer_decoal
R12_SAS,coal_ppl_cfbio,2070,2080,0.003063183756289602,sv_2c_buffer_decoal
R12_SAS,coal_ppl_cfbio,2070,2090,0.003063183756289602,sv_2c_buffer_decoal
R12_SAS,coal_ppl_cfbio,2080,2080,0.00032890685137255726,sv_2c_buffer_decoal
R12_SAS,coal_ppl_cfbio,2080,2090,0.00032890685137255726,sv_2c_buffer_decoal
R12_SAS,coal_ppl_cfbio,2080,2100,0.00032890685137255726,sv_2c_buffer_decoal
R12_SAS,coal_ppl_cfbio,2090,2090,3.531610425188669e-05,sv_2c_buffer_decoal
R12_SAS,coal_ppl_cfbio,2090,2100,3.531610425188669e-05,sv_2c_buffer_decoal
R12_SAS,coal_ppl_cfbio,2090,2110,3.531610425188669e-05,sv_2c_buffer_decoal
R12_SAS,coal_ppl_cfbio,2100,2100,0.0,sv_2c_buffer_decoal
R12_SAS,coal_ppl_cfbio,2100,2110,0.0,sv_2c_buffer_decoal
R12_SAS,coal_ppl_cfbio,2110,2110,0.0,sv_2c_buffer_decoal
R12_SAS,coal_adv_rccs,2010,2010,0.0,sv_2c_buffer_decoal
R12_SAS,coal_adv_rccs,2010,2030,0.0,sv_2c_buffer_decoal
R12_SAS,coal_adv_rccs,2010,2035,0.0,sv_2c_buffer_decoal
R12_SAS,coal_adv_rccs,2015,2015,0.0,sv_2c_buffer_decoal
R12_SAS,coal_adv_rccs,2015,2030,0.0,sv_2c_buffer_decoal
R12_SAS,coal_adv_rccs,2015,2035,0.0,sv_2c_buffer_decoal
R12_SAS,coal_adv_rccs,2015,2040,0.0,sv_2c_buffer_decoal
R12_SAS,coal_adv_rccs,2020,2020,0.0,sv_2c_buffer_decoal
R12_SAS,coal_adv_rccs,2020,2030,0.0,sv_2c_buffer_decoal
R12_SAS,coal_adv_rccs,2020,2035,0.0,sv_2c_buffer_decoal
R12_SAS,coal_adv_rccs,2020,2040,0.0,sv_2c_buffer_decoal
R12_SAS,coal_adv_rccs,2020,2045,0.0,sv_2c_buffer_decoal
R12_SAS,coal_adv_rccs,2025,2025,0.0,sv_2c_buffer_decoal
R12_SAS,coal_adv_rccs,2025,2030,0.0,sv_2c_buffer_decoal
R12_SAS,coal_adv_rccs,2025,2035,0.0,sv_2c_buffer_decoal
R12_SAS,coal_adv_rccs,2025,2040,0.0,sv_2c_buffer_decoal
R12_SAS,coal_adv_rccs,2025,2045,0.0,sv_2c_buffer_decoal
R12_SAS,coal_adv_rccs,2025,2050,0.0,sv_2c_buffer_decoal
R12_SAS,coal_adv_rccs,2030,2030,0.0,sv_2c_buffer_decoal
R12_SAS,coal_adv_rccs,2030,2035,0.0,sv_2c_buffer_decoal
R12_SAS,coal_adv_rccs,2030,2040,0.0,sv_2c_buffer_decoal
R12_SAS,coal_adv_rccs,2030,2045,0.0,sv_2c_buffer_decoal
R12_SAS,coal_adv_rccs,2030,2050,0.0,sv_2c_buffer_decoal
R12_SAS,coal_adv_rccs,2030,2055,0.0,sv_2c_buffer_decoal
R12_SAS,coal_adv_rccs,2035,2035,0.0,sv_2c_buffer_decoal
R12_SAS,coal_adv_rccs,2035,2040,0.0,sv_2c_buffer_decoal
R12_SAS,coal_adv_rccs,2035,2045,0.0,sv_2c_buffer_decoal
R12_SAS,coal_adv_rccs,2035,2050,0.0,sv_2c_buffer_decoal
R12_SAS,coal_adv_rccs,2035,2055,0.0,sv_2c_buffer_decoal
R12_SAS,coal_adv_rccs,2035,2060,0.0,sv_2c_buffer_decoal
R12_SAS,coal_adv_rccs,2040,2040,0.0,sv_2c_buffer_decoal
R12_SAS,coal_adv_rccs,2040,2045,0.0,sv_2c_buffer_decoal
R12_SAS,coal_adv_rccs,2040,2050,0.0,sv_2c_buffer_decoal
R12_SAS,coal_adv_rccs,2040,2055,0.0,sv_2c_buffer_decoal
R12_SAS,coal_adv_rccs,2040,2060,0.0,sv_2c_buffer_decoal
R12_SAS,coal_adv_rccs,2040,2070,0.0,sv_2c_buffer_decoal
R12_SAS,coal_adv_rccs,2045,2045,0.0,sv_2c_buffer_decoal
R12_SAS,coal_adv_rccs,2045,2050,0.0,sv_2c_buffer_decoal
R12_SAS,coal_adv_rccs,2045,2055,0.0,sv_2c_buffer_decoal
R12_SAS,coal_adv_rccs,2045,2060,0.0,sv_2c_buffer_decoal
R12_SAS,coal_adv_rccs,2045,2070,0.0,sv_2c_buffer_decoal
R12_SAS,coal_adv_rccs,2050,2050,0.0,sv_2c_buffer_decoal
R12_SAS,coal_adv_rccs,2050,2055,0.0,sv_2c_buffer_decoal
R12_SAS,coal_adv_rccs,2050,2060,0.0,sv_2c_buffer_decoal
R12_SAS,coal_adv_rccs,2050,2070,0.0,sv_2c_buffer_decoal
R12_SAS,coal_adv_rccs,2050,2080,0.0,sv_2c_buffer_decoal
R12_SAS,coal_adv_rccs,2055,2055,0.0,sv_2c_buffer_decoal
R12_SAS,coal_adv_rccs,2055,2060,0.0,sv_2c_buffer_decoal
R12_SAS,coal_adv_rccs,2055,2070,0.0,sv_2c_buffer_decoal
R12_SAS,coal_adv_rccs,2055,2080,0.0,sv_2c_buffer_decoal
R12_SAS,coal_adv_rccs,2060,2060,0.0,sv_2c_buffer_decoal
R12_SAS,coal_adv_rccs,2060,2070,0.0,sv_2c_buffer_decoal
R12_SAS,coal_adv_rccs,2060,2080,0.0,sv_2c_buffer_decoal
R12_SAS,coal_adv_rccs,2060,2090,0.0,sv_2c_buffer_decoal
R12_SAS,coal_adv_rccs,2070,2070,0.0,sv_2c_buffer_decoal
R12_SAS,coal_adv_rccs,2070,2080,0.0,sv_2c_buffer_decoal
R12_SAS,coal_adv_rccs,2070,2090,0.0,sv_2c_buffer_decoal
R12_SAS,coal_adv_rccs,2080,2080,0.0,sv_2c_buffer_decoal
R12_SAS,coal_adv_rccs,2080,2090,0.0,sv_2c_buffer_decoal
R12_SAS,coal_adv_rccs,2080,2100,0.0,sv_2c_buffer_decoal
R12_SAS,coal_adv_rccs,2090,2090,0.0,sv_2c_buffer_decoal
R12_SAS,coal_adv_rccs,2090,2100,0.0,sv_2c_buffer_decoal
R12_SAS,coal_adv_rccs,2090,2110,0.0,sv_2c_buffer_decoal
R12_SAS,coal_adv_rccs,2100,2100,0.0,sv_2c_buffer_decoal
R12_SAS,coal_adv_rccs,2100,2110,0.0,sv_2c_buffer_decoal
R12_SAS,coal_adv_rccs,2110,2110,0.0,sv_2c_buffer_decoal
R12_WEU,coal_adv,1970,1970,0.0,sv_2c_buffer_decoal
R12_WEU,coal_adv,1975,1975,0.0,sv_2c_buffer_decoal
R12_WEU,coal_adv,1980,1980,0.0,sv_2c_buffer_decoal
R12_WEU,coal_adv,1980,2030,0.0,sv_2c_buffer_decoal
R12_WEU,coal_adv,1985,1985,0.0,sv_2c_buffer_decoal
R12_WEU,coal_adv,1985,2030,0.9490000000000001,sv_2c_buffer_decoal
R12_WEU,coal_adv,1990,1990,0.0,sv_2c_buffer_decoal
R12_WEU,coal_adv,1990,2030,1.0250000000000001,sv_2c_buffer_decoal
R12_WEU,coal_adv,1990,2035,1.0250000000000001,sv_2c_buffer_decoal
R12_WEU,coal_adv,1995,1995,0.0,sv_2c_buffer_decoal
R12_WEU,coal_adv,1995,2030,5.760000000000001,sv_2c_buffer_decoal
R12_WEU,coal_adv,1995,2035,5.760000000000001,sv_2c_buffer_decoal
R12_WEU,coal_adv,2000,2000,0.0,sv_2c_buffer_decoal
R12_WEU,coal_adv,2000,2030,4.66,sv_2c_buffer_decoal
R12_WEU,coal_adv,2000,2035,4.66,sv_2c_buffer_decoal
R12_WEU,coal_adv,2000,2040,4.66,sv_2c_buffer_decoal
R12_WEU,coal_adv,2005,2005,0.0,sv_2c_buffer_decoal
R12_WEU,coal_adv,2005,2030,0.33,sv_2c_buffer_decoal
R12_WEU,coal_adv,2005,2035,0.33,sv_2c_buffer_decoal
R12_WEU,coal_adv,2005,2040,0.33,sv_2c_buffer_decoal
R12_WEU,coal_adv,2010,2010,0.0,sv_2c_buffer_decoal
R12_WEU,coal_adv,2010,2030,1.23,sv_2c_buffer_decoal
R12_WEU,coal_adv,2010,2035,1.23,sv_2c_buffer_decoal
R12_WEU,coal_adv,2010,2040,1.23,sv_2c_buffer_decoal
R12_WEU,coal_adv,2010,2045,0.0,sv_2c_buffer_decoal
R12_WEU,coal_adv,2015,2015,0.0,sv_2c_buffer_decoal
R12_WEU,coal_adv,2015,2030,2.8360000000000003,sv_2c_buffer_decoal
R12_WEU,coal_adv,2015,2035,2.8360000000000003,sv_2c_buffer_decoal
R12_WEU,coal_adv,2015,2040,2.8360000000000003,sv_2c_buffer_decoal
R12_WEU,coal_adv,2015,2045,0.12656470588235294,sv_2c_buffer_decoal
R12_WEU,coal_adv,2020,2020,0.0,sv_2c_buffer_decoal
R12_WEU,coal_adv,2020,2030,1.4000000000000001,sv_2c_buffer_decoal
R12_WEU,coal_adv,2020,2035,1.4000000000000001,sv_2c_buffer_decoal
R12_WEU,coal_adv,2020,2040,1.4000000000000001,sv_2c_buffer_decoal
R12_WEU,coal_adv,2020,2045,0.0,sv_2c_buffer_decoal
R12_WEU,coal_adv,2020,2050,0.0,sv_2c_buffer_decoal
R12_WEU,coal_adv,2025,2025,0.0,sv_2c_buffer_decoal
R12_WEU,coal_adv,2025,2030,0.0,sv_2c_buffer_decoal
R12_WEU,coal_adv,2025,2035,0.0,sv_2c_buffer_decoal
R12_WEU,coal_adv,2025,2040,0.0,sv_2c_buffer_decoal
R12_WEU,coal_adv,2025,2045,0.0,sv_2c_buffer_decoal
R12_WEU,coal_adv,2025,2050,0.0,sv_2c_buffer_decoal
R12_WEU,coal_adv,2030,2030,0.0,sv_2c_buffer_decoal
R12_WEU,coal_adv,2030,2035,0.0,sv_2c_buffer_decoal
R12_WEU,coal_adv,2030,2040,0.0,sv_2c_buffer_decoal
R12_WEU,coal_adv,2030,2045,0.0,sv_2c_buffer_decoal
R12_WEU,coal_adv,2030,2050,0.0,sv_2c_buffer_decoal
R12_WEU,coal_adv,2030,2055,0.0,sv_2c_buffer_decoal
R12_WEU,coal_adv,2035,2035,0.0,sv_2c_buffer_decoal
R12_WEU,coal_adv,2035,2040,0.0,sv_2c_buffer_decoal
R12_WEU,coal_adv,2035,2045,0.0,sv_2c_buffer_decoal
R12_WEU,coal_adv,2035,2050,0.0,sv_2c_buffer_decoal
R12_WEU,coal_adv,2035,2055,0.0,sv_2c_buffer_decoal
R12_WEU,coal_adv,2035,2060,0.0,sv_2c_buffer_decoal
R12_WEU,coal_adv,2040,2040,0.0,sv_2c_buffer_decoal
R12_WEU,coal_adv,2040,2045,0.0,sv_2c_buffer_decoal
R12_WEU,coal_adv,2040,2050,0.0,sv_2c_buffer_decoal
R12_WEU,coal_adv,2040,2055,0.0,sv_2c_buffer_decoal
R12_WEU,coal_adv,2040,2060,0.0,sv_2c_buffer_decoal
R12_WEU,coal_adv,2040,2070,0.0,sv_2c_buffer_decoal
R12_WEU,coal_adv,2045,2045,0.0,sv_2c_buffer_decoal
R12_WEU,coal_adv,2045,2050,0.0,sv_2c_buffer_decoal
R12_WEU,coal_adv,2045,2055,0.0,sv_2c_buffer_decoal
R12_WEU,coal_adv,2045,2060,0.0,sv_2c_buffer_decoal
R12_WEU,coal_adv,2045,2070,0.0,sv_2c_buffer_decoal
R12_WEU,coal_adv,2050,2050,0.0,sv_2c_buffer_decoal
R12_WEU,coal_adv,2050,2055,0.0,sv_2c_buffer_decoal
R12_WEU,coal_adv,2050,2060,0.0,sv_2c_buffer_decoal
R12_WEU,coal_adv,2050,2070,0.0,sv_2c_buffer_decoal
R12_WEU,coal_adv,2050,2080,0.0,sv_2c_buffer_decoal
R12_WEU,coal_adv,2055,2055,0.0,sv_2c_buffer_decoal
R12_WEU,coal_adv,2055,2060,0.0,sv_2c_buffer_decoal
R12_WEU,coal_adv,2055,2070,0.0,sv_2c_buffer_decoal
R12_WEU,coal_adv,2055,2080,0.0,sv_2c_buffer_decoal
R12_WEU,coal_adv,2060,2060,0.0,sv_2c_buffer_decoal
R12_WEU,coal_adv,2060,2070,0.0,sv_2c_buffer_decoal
R12_WEU,coal_adv,2060,2080,0.0,sv_2c_buffer_decoal
R12_WEU,coal_adv,2060,2090,0.0,sv_2c_buffer_decoal
R12_WEU,coal_adv,2070,2070,0.0,sv_2c_buffer_decoal
R12_WEU,coal_adv,2070,2080,0.0,sv_2c_buffer_decoal
R12_WEU,coal_adv,2070,2090,0.0,sv_2c_buffer_decoal
R12_WEU,coal_adv,2080,2080,0.0,sv_2c_buffer_decoal
R12_WEU,coal_adv,2080,2090,0.0,sv_2c_buffer_decoal
R12_WEU,coal_adv,2080,2100,0.0,sv_2c_buffer_decoal
R12_WEU,coal_adv,2090,2090,0.0,sv_2c_buffer_decoal
R12_WEU,coal_adv,2090,2100,0.0,sv_2c_buffer_decoal
R12_WEU,coal_adv,2090,2110,0.0,sv_2c_buffer_decoal
R12_WEU,coal_adv,2100,2100,0.0,sv_2c_buffer_decoal
R12_WEU,coal_adv,2100,2110,0.0,sv_2c_buffer_decoal
R12_WEU,coal_adv,2110,2110,0.0,sv_2c_buffer_decoal
R12_WEU,coal_adv_ccs,2030,2030,0.0,sv_2c_buffer_decoal
R12_WEU,coal_adv_ccs,2030,2035,0.0,sv_2c_buffer_decoal
R12_WEU,coal_adv_ccs,2030,2040,0.0,sv_2c_buffer_decoal
R12_WEU,coal_adv_ccs,2030,2045,0.0,sv_2c_buffer_decoal
R12_WEU,coal_adv_ccs,2030,2050,0.0,sv_2c_buffer_decoal
R12_WEU,coal_adv_ccs,2030,2055,0.0,sv_2c_buffer_decoal
R12_WEU,coal_adv_ccs,2035,2035,0.0,sv_2c_buffer_decoal
R12_WEU,coal_adv_ccs,2035,2040,0.0,sv_2c_buffer_decoal
R12_WEU,coal_adv_ccs,2035,2045,0.0,sv_2c_buffer_decoal
R12_WEU,coal_adv_ccs,2035,2050,0.0,sv_2c_buffer_decoal
R12_WEU,coal_adv_ccs,2035,2055,0.0,sv_2c_buffer_decoal
R12_WEU,coal_adv_ccs,2035,2060,0.0,sv_2c_buffer_decoal
R12_WEU,coal_adv_ccs,2040,2040,0.0,sv_2c_buffer_decoal
R12_WEU,coal_adv_ccs,2040,2045,0.0,sv_2c_buffer_decoal
R12_WEU,coal_adv_ccs,2040,2050,0.0,sv_2c_buffer_decoal
R12_WEU,coal_adv_ccs,2040,2055,0.0,sv_2c_buffer_decoal
R12_WEU,coal_adv_ccs,2040,2060,0.0,sv_2c_buffer_decoal
R12_WEU,coal_adv_ccs,2040,2070,0.0,sv_2c_buffer_decoal
R12_WEU,coal_adv_ccs,2045,2045,0.0,sv_2c_buffer_decoal
R12_WEU,coal_adv_ccs,2045,2050,0.0,sv_2c_buffer_decoal
R12_WEU,coal_adv_ccs,2045,2055,0.0,sv_2c_buffer_decoal
R12_WEU,coal_adv_ccs,2045,2060,0.0,sv_2c_buffer_decoal
R12_WEU,coal_adv_ccs,2045,2070,0.0,sv_2c_buffer_decoal
R12_WEU,coal_adv_ccs,2050,2050,0.0,sv_2c_buffer_decoal
R12_WEU,coal_adv_ccs,2050,2055,0.0,sv_2c_buffer_decoal
R12_WEU,coal_adv_ccs,2050,2060,0.0,sv_2c_buffer_decoal
R12_WEU,coal_adv_ccs,2050,2070,0.0,sv_2c_buffer_decoal
R12_WEU,coal_adv_ccs,2050,2080,0.0,sv_2c_buffer_decoal
R12_WEU,coal_adv_ccs,2055,2055,0.0,sv_2c_buffer_decoal
R12_WEU,coal_adv_ccs,2055,2060,0.0,sv_2c_buffer_decoal
R12_WEU,coal_adv_ccs,2055,2070,0.0,sv_2c_buffer_decoal
R12_WEU,coal_adv_ccs,2055,2080,0.0,sv_2c_buffer_decoal
R12_WEU,coal_adv_ccs,2060,2060,0.0,sv_2c_buffer_decoal
R12_WEU,coal_adv_ccs,2060,2070,0.0,sv_2c_buffer_decoal
R12_WEU,coal_adv_ccs,2060,2080,0.0,sv_2c_buffer_decoal
R12_WEU,coal_adv_ccs,2060,2090,0.0,sv_2c_buffer_decoal
R12_WEU,coal_adv_ccs,2070,2070,0.0,sv_2c_buffer_decoal
R12_WEU,coal_adv_ccs,2070,2080,0.0,sv_2c_buffer_decoal
R12_WEU,coal_adv_ccs,2070,2090,0.0,sv_2c_buffer_decoal
R12_WEU,coal_adv_ccs,2080,2080,0.0,sv_2c_buffer_decoal
R12_WEU,coal_adv_ccs,2080,2090,0.0,sv_2c_buffer_decoal
R12_WEU,coal_adv_ccs,2080,2100,0.0,sv_2c_buffer_decoal
R12_WEU,coal_adv_ccs,2090,2090,0.0,sv_2c_buffer_decoal
R12_WEU,coal_adv_ccs,2090,2100,0.0,sv_2c_buffer_decoal
R12_WEU,coal_adv_ccs,2090,2110,0.0,sv_2c_buffer_decoal
R12_WEU,coal_adv_ccs,2100,2100,0.0,sv_2c_buffer_decoal
R12_WEU,coal_adv_ccs,2100,2110,0.0,sv_2c_buffer_decoal
R12_WEU,coal_adv_ccs,2110,2110,0.0,sv_2c_buffer_decoal
R12_WEU,coal_ppl,1960,1960,0.0,sv_2c_buffer_decoal
R12_WEU,coal_ppl,1965,1965,0.0,sv_2c_buffer_decoal
R12_WEU,coal_ppl,1970,1970,0.0,sv_2c_buffer_decoal
R12_WEU,coal_ppl,1970,2030,1.2931436497822786,sv_2c_buffer_decoal
R12_WEU,coal_ppl,1975,1975,0.0,sv_2c_buffer_decoal
R12_WEU,coal_ppl,1975,2030,0.0,sv_2c_buffer_decoal
R12_WEU,coal_ppl,1980,1980,0.0,sv_2c_buffer_decoal
R12_WEU,coal_ppl,1980,2030,4.2102,sv_2c_buffer_decoal
R12_WEU,coal_ppl,1980,2035,4.2102,sv_2c_buffer_decoal
R12_WEU,coal_ppl,1985,1985,0.0,sv_2c_buffer_decoal
R12_WEU,coal_ppl,1985,2030,14.19925,sv_2c_buffer_decoal
R12_WEU,coal_ppl,1985,2035,14.19925,sv_2c_buffer_decoal
R12_WEU,coal_ppl,1990,1990,0.0,sv_2c_buffer_decoal
R12_WEU,coal_ppl,1990,2030,4.8649,sv_2c_buffer_decoal
R12_WEU,coal_ppl,1990,2035,4.8649,sv_2c_buffer_decoal
R12_WEU,coal_ppl,1990,2040,4.8649,sv_2c_buffer_decoal
R12_WEU,coal_ppl,1995,1995,0.0,sv_2c_buffer_decoal
R12_WEU,coal_ppl,1995,2030,3.45765,sv_2c_buffer_decoal
R12_WEU,coal_ppl,1995,2035,3.45765,sv_2c_buffer_decoal
R12_WEU,coal_ppl,1995,2040,3.45765,sv_2c_buffer_decoal
R12_WEU,coal_ppl,2000,2000,0.0,sv_2c_buffer_decoal
R12_WEU,coal_ppl,2000,2030,2.8920000000000003,sv_2c_buffer_decoal
R12_WEU,coal_ppl,2000,2035,2.8920000000000003,sv_2c_buffer_decoal
R12_WEU,coal_ppl,2000,2040,2.8920000000000003,sv_2c_buffer_decoal
R12_WEU,coal_ppl,2000,2045,0.0,sv_2c_buffer_decoal
R12_WEU,coal_ppl,2005,2005,0.0,sv_2c_buffer_decoal
R12_WEU,coal_ppl,2005,2030,2.692,sv_2c_buffer_decoal
R12_WEU,coal_ppl,2005,2035,2.692,sv_2c_buffer_decoal
R12_WEU,coal_ppl,2005,2040,2.692,sv_2c_buffer_decoal
R12_WEU,coal_ppl,2005,2045,0.0,sv_2c_buffer_decoal
R12_WEU,coal_ppl,2010,2010,0.0,sv_2c_buffer_decoal
R12_WEU,coal_ppl,2010,2030,3.06,sv_2c_buffer_decoal
R12_WEU,coal_ppl,2010,2035,3.06,sv_2c_buffer_decoal
R12_WEU,coal_ppl,2010,2040,3.06,sv_2c_buffer_decoal
R12_WEU,coal_ppl,2010,2045,0.0,sv_2c_buffer_decoal
R12_WEU,coal_ppl,2010,2050,0.0,sv_2c_buffer_decoal
R12_WEU,coal_ppl,2015,2015,0.0,sv_2c_buffer_decoal
R12_WEU,coal_ppl,2015,2030,12.213000000000001,sv_2c_buffer_decoal
R12_WEU,coal_ppl,2015,2035,12.213000000000001,sv_2c_buffer_decoal
R12_WEU,coal_ppl,2015,2040,12.213000000000001,sv_2c_buffer_decoal
R12_WEU,coal_ppl,2015,2045,11.350508794805934,sv_2c_buffer_decoal
R12_WEU,coal_ppl,2015,2050,0.0,sv_2c_buffer_decoal
R12_WEU,coal_ppl,2020,2020,0.0,sv_2c_buffer_decoal
R12_WEU,coal_ppl,2020,2030,4.511,sv_2c_buffer_decoal
R12_WEU,coal_ppl,2020,2035,4.511,sv_2c_buffer_decoal
R12_WEU,coal_ppl,2020,2040,4.511,sv_2c_buffer_decoal
R12_WEU,coal_ppl,2020,2045,0.0,sv_2c_buffer_decoal
R12_WEU,coal_ppl,2020,2050,0.0,sv_2c_buffer_decoal
R12_WEU,coal_ppl,2025,2025,0.0,sv_2c_buffer_decoal
R12_WEU,coal_ppl,2025,2030,3.261,sv_2c_buffer_decoal
R12_WEU,coal_ppl,2025,2035,3.261,sv_2c_buffer_decoal
R12_WEU,coal_ppl,2025,2040,3.261,sv_2c_buffer_decoal
R12_WEU,coal_ppl,2025,2045,0.0,sv_2c_buffer_decoal
R12_WEU,coal_ppl,2025,2050,0.0,sv_2c_buffer_decoal
R12_WEU,coal_ppl,2030,2030,2.011,sv_2c_buffer_decoal
R12_WEU,coal_ppl,2030,2035,2.011,sv_2c_buffer_decoal
R12_WEU,coal_ppl,2030,2040,2.011,sv_2c_buffer_decoal
R12_WEU,coal_ppl,2030,2045,0.0,sv_2c_buffer_decoal
R12_WEU,coal_ppl,2030,2050,0.0,sv_2c_buffer_decoal
R12_WEU,coal_ppl,2030,2055,0.0,sv_2c_buffer_decoal
R12_WEU,coal_ppl,2035,2035,0.761,sv_2c_buffer_decoal
R12_WEU,coal_ppl,2035,2040,0.761,sv_2c_buffer_decoal
R12_WEU,coal_ppl,2035,2045,0.0,sv_2c_buffer_decoal
R12_WEU,coal_ppl,2035,2050,0.0,sv_2c_buffer_decoal
R12_WEU,coal_ppl,2035,2055,0.0,sv_2c_buffer_decoal
R12_WEU,coal_ppl,2035,2060,0.0,sv_2c_buffer_decoal
R12_WEU,coal_ppl,2040,2040,0.0,sv_2c_buffer_decoal
R12_WEU,coal_ppl,2040,2045,0.0,sv_2c_buffer_decoal
R12_WEU,coal_ppl,2040,2050,0.0,sv_2c_buffer_decoal
R12_WEU,coal_ppl,2040,2055,0.0,sv_2c_buffer_decoal
R12_WEU,coal_ppl,2040,2060,0.0,sv_2c_buffer_decoal
R12_WEU,coal_ppl,2040,2070,0.0,sv_2c_buffer_decoal
R12_WEU,coal_ppl,2045,2045,0.0,sv_2c_buffer_decoal
R12_WEU,coal_ppl,2045,2050,0.0,sv_2c_buffer_decoal
R12_WEU,coal_ppl,2045,2055,0.0,sv_2c_buffer_decoal
R12_WEU,coal_ppl,2045,2060,0.0,sv_2c_buffer_decoal
R12_WEU,coal_ppl,2045,2070,0.0,sv_2c_buffer_decoal
R12_WEU,coal_ppl,2050,2050,0.0,sv_2c_buffer_decoal
R12_WEU,coal_ppl,2050,2055,0.0,sv_2c_buffer_decoal
R12_WEU,coal_ppl,2050,2060,0.0,sv_2c_buffer_decoal
R12_WEU,coal_ppl,2050,2070,0.0,sv_2c_buffer_decoal
R12_WEU,coal_ppl,2050,2080,0.0,sv_2c_buffer_decoal
R12_WEU,coal_ppl,2055,2055,0.0,sv_2c_buffer_decoal
R12_WEU,coal_ppl,2055,2060,0.0,sv_2c_buffer_decoal
R12_WEU,coal_ppl,2055,2070,0.0,sv_2c_buffer_decoal
R12_WEU,coal_ppl,2055,2080,0.0,sv_2c_buffer_decoal
R12_WEU,coal_ppl,2060,2060,0.0,sv_2c_buffer_decoal
R12_WEU,coal_ppl,2060,2070,0.0,sv_2c_buffer_decoal
R12_WEU,coal_ppl,2060,2080,0.0,sv_2c_buffer_decoal
R12_WEU,coal_ppl,2060,2090,0.0,sv_2c_buffer_decoal
R12_WEU,coal_ppl,2070,2070,0.0,sv_2c_buffer_decoal
R12_WEU,coal_ppl,2070,2080,0.0,sv_2c_buffer_decoal
R12_WEU,coal_ppl,2070,2090,0.0,sv_2c_buffer_decoal
R12_WEU,coal_ppl,2080,2080,0.0,sv_2c_buffer_decoal
R12_WEU,coal_ppl,2080,2090,0.0,sv_2c_buffer_decoal
R12_WEU,coal_ppl,2080,2100,0.0,sv_2c_buffer_decoal
R12_WEU,coal_ppl,2090,2090,0.0,sv_2c_buffer_decoal
R12_WEU,coal_ppl,2090,2100,0.0,sv_2c_buffer_decoal
R12_WEU,coal_ppl,2090,2110,0.0,sv_2c_buffer_decoal
R12_WEU,coal_ppl,2100,2100,0.0,sv_2c_buffer_decoal
R12_WEU,coal_ppl,2100,2110,0.0,sv_2c_buffer_decoal
R12_WEU,coal_ppl,2110,2110,0.0,sv_2c_buffer_decoal
R12_WEU,coal_ppl_u,1960,1960,0.0,sv_2c_buffer_decoal
R12_WEU,coal_ppl_u,1965,1965,0.0,sv_2c_buffer_decoal
R12_WEU,coal_ppl_u,1970,1970,0.0,sv_2c_buffer_decoal
R12_WEU,coal_ppl_u,1970,2030,0.7733000000000001,sv_2c_buffer_decoal
R12_WEU,coal_ppl_u,1975,1975,0.0,sv_2c_buffer_decoal
R12_WEU,coal_ppl_u,1975,2030,2.4232,sv_2c_buffer_decoal
R12_WEU,coal_ppl_u,1980,1980,0.0,sv_2c_buffer_decoal
R12_WEU,coal_ppl_u,1980,2030,3.0047099999999998,sv_2c_buffer_decoal
R12_WEU,coal_ppl_u,1980,2035,3.0047099999999998,sv_2c_buffer_decoal
R12_WEU,coal_ppl_u,1985,1985,0.0,sv_2c_buffer_decoal
R12_WEU,coal_ppl_u,1985,2030,2.0419899999999997,sv_2c_buffer_decoal
R12_WEU,coal_ppl_u,1985,2035,2.0419899999999997,sv_2c_buffer_decoal
R12_WEU,coal_ppl_u,1990,1990,0.0,sv_2c_buffer_decoal
R12_WEU,coal_ppl_u,1990,2030,2.4565200000000003,sv_2c_buffer_decoal
R12_WEU,coal_ppl_u,1990,2035,2.4565200000000003,sv_2c_buffer_decoal
R12_WEU,coal_ppl_u,1990,2040,2.4565200000000003,sv_2c_buffer_decoal
R12_WEU,coal_ppl_u,1995,1995,0.0,sv_2c_buffer_decoal
R12_WEU,coal_ppl_u,1995,2030,1.20825,sv_2c_buffer_decoal
R12_WEU,coal_ppl_u,1995,2035,1.20825,sv_2c_buffer_decoal
R12_WEU,coal_ppl_u,1995,2040,1.20825,sv_2c_buffer_decoal
R12_WEU,coal_ppl_u,2000,2000,0.0,sv_2c_buffer_decoal
R12_WEU,coal_ppl_u,2000,2030,0.361328,sv_2c_buffer_decoal
R12_WEU,coal_ppl_u,2000,2035,0.361328,sv_2c_buffer_decoal
R12_WEU,coal_ppl_u,2000,2040,0.361328,sv_2c_buffer_decoal
R12_WEU,coal_ppl_u,2000,2045,0.361328,sv_2c_buffer_decoal
R12_WEU,coal_ppl_u,2005,2005,0.0,sv_2c_buffer_decoal
R12_WEU,coal_ppl_u,2005,2030,0.8906000000000001,sv_2c_buffer_decoal
R12_WEU,coal_ppl_u,2005,2035,0.8906000000000001,sv_2c_buffer_decoal
R12_WEU,coal_ppl_u,2005,2040,0.8906000000000001,sv_2c_buffer_decoal
R12_WEU,coal_ppl_u,2005,2045,0.8906000000000001,sv_2c_buffer_decoal
R12_WEU,coal_ppl_u,2010,2010,0.0,sv_2c_buffer_decoal
R12_WEU,coal_ppl_u,2010,2030,0.6390850000000001,sv_2c_buffer_decoal
R12_WEU,coal_ppl_u,2010,2035,0.6390850000000001,sv_2c_buffer_decoal
R12_WEU,coal_ppl_u,2010,2040,0.6390850000000001,sv_2c_buffer_decoal
R12_WEU,coal_ppl_u,2010,2045,0.6390850000000001,sv_2c_buffer_decoal
R12_WEU,coal_ppl_u,2010,2050,0.0,sv_2c_buffer_decoal
R12_WEU,coal_ppl_u,2015,2015,0.0,sv_2c_buffer_decoal
R12_WEU,coal_ppl_u,2015,2030,0.0496,sv_2c_buffer_decoal
R12_WEU,coal_ppl_u,2015,2035,0.0496,sv_2c_buffer_decoal
R12_WEU,coal_ppl_u,2015,2040,0.0496,sv_2c_buffer_decoal
R12_WEU,coal_ppl_u,2020,2020,0.0,sv_2c_buffer_decoal
R12_WEU,coal_ppl_u,2020,2030,0.489,sv_2c_buffer_decoal
R12_WEU,coal_ppl_u,2020,2035,0.489,sv_2c_buffer_decoal
R12_WEU,coal_ppl_u,2020,2040,0.489,sv_2c_buffer_decoal
R12_WEU,coal_ppl_u,2020,2045,0.489,sv_2c_buffer_decoal
R12_WEU,coal_ppl_u,2025,2025,0.0,sv_2c_buffer_decoal
R12_WEU,coal_ppl_u,2025,2030,0.0,sv_2c_buffer_decoal
R12_WEU,coal_ppl_u,2025,2035,0.0,sv_2c_buffer_decoal
R12_WEU,coal_ppl_u,2025,2040,0.0,sv_2c_buffer_decoal
R12_WEU,coal_ppl_u,2025,2045,0.0,sv_2c_buffer_decoal
R12_WEU,coal_ppl_u,2025,2050,0.0,sv_2c_buffer_decoal
R12_WEU,coal_ppl_u,2030,2030,0.0,sv_2c_buffer_decoal
R12_WEU,coal_ppl_u,2030,2035,0.0,sv_2c_buffer_decoal
R12_WEU,coal_ppl_u,2030,2040,0.0,sv_2c_buffer_decoal
R12_WEU,coal_ppl_u,2030,2045,0.0,sv_2c_buffer_decoal
R12_WEU,coal_ppl_u,2030,2050,0.0,sv_2c_buffer_decoal
R12_WEU,coal_ppl_u,2030,2055,0.0,sv_2c_buffer_decoal
R12_WEU,coal_ppl_u,2035,2035,0.0,sv_2c_buffer_decoal
R12_WEU,coal_ppl_u,2035,2040,0.0,sv_2c_buffer_decoal
R12_WEU,coal_ppl_u,2035,2045,0.0,sv_2c_buffer_decoal
R12_WEU,coal_ppl_u,2035,2050,0.0,sv_2c_buffer_decoal
R12_WEU,coal_ppl_u,2035,2055,0.0,sv_2c_buffer_decoal
R12_WEU,coal_ppl_u,2035,2060,0.0,sv_2c_buffer_decoal
R12_WEU,coal_ppl_u,2040,2040,0.0,sv_2c_buffer_decoal
R12_WEU,coal_ppl_u,2040,2045,0.0,sv_2c_buffer_decoal
R12_WEU,coal_ppl_u,2040,2050,0.0,sv_2c_buffer_decoal
R12_WEU,coal_ppl_u,2040,2055,0.0,sv_2c_buffer_decoal
R12_WEU,coal_ppl_u,2040,2060,0.0,sv_2c_buffer_decoal
R12_WEU,coal_ppl_u,2040,2070,0.0,sv_2c_buffer_decoal
R12_WEU,coal_ppl_u,2045,2045,0.0,sv_2c_buffer_decoal
R12_WEU,coal_ppl_u,2045,2050,0.0,sv_2c_buffer_decoal
R12_WEU,coal_ppl_u,2045,2055,0.0,sv_2c_buffer_decoal
R12_WEU,coal_ppl_u,2045,2060,0.0,sv_2c_buffer_decoal
R12_WEU,coal_ppl_u,2045,2070,0.0,sv_2c_buffer_decoal
R12_WEU,coal_ppl_u,2050,2050,0.0,sv_2c_buffer_decoal
R12_WEU,coal_ppl_u,2050,2055,0.0,sv_2c_buffer_decoal
R12_WEU,coal_ppl_u,2050,2060,0.0,sv_2c_buffer_decoal
R12_WEU,coal_ppl_u,2050,2070,0.0,sv_2c_buffer_decoal
R12_WEU,coal_ppl_u,2050,2080,0.0,sv_2c_buffer_decoal
R12_WEU,coal_ppl_u,2055,2055,0.0,sv_2c_buffer_decoal
R12_WEU,coal_ppl_u,2055,2060,0.0,sv_2c_buffer_decoal
R12_WEU,coal_ppl_u,2055,2070,0.0,sv_2c_buffer_decoal
R12_WEU,coal_ppl_u,2055,2080,0.0,sv_2c_buffer_decoal
R12_WEU,coal_ppl_u,2060,2060,0.0,sv_2c_buffer_decoal
R12_WEU,coal_ppl_u,2060,2070,0.0,sv_2c_buffer_decoal
R12_WEU,coal_ppl_u,2060,2080,0.0,sv_2c_buffer_decoal
R12_WEU,coal_ppl_u,2060,2090,0.0,sv_2c_buffer_decoal
R12_WEU,coal_ppl_u,2070,2070,0.0,sv_2c_buffer_decoal
R12_WEU,coal_ppl_u,2070,2080,0.0,sv_2c_buffer_decoal
R12_WEU,coal_ppl_u,2070,2090,0.0,sv_2c_buffer_decoal
R12_WEU,coal_ppl_u,2080,2080,0.0,sv_2c_buffer_decoal
R12_WEU,coal_ppl_u,2080,2090,0.0,sv_2c_buffer_decoal
R12_WEU,coal_ppl_u,2080,2100,0.0,sv_2c_buffer_decoal
R12_WEU,coal_ppl_u,2090,2090,0.0,sv_2c_buffer_decoal
R12_WEU,coal_ppl_u,2090,2100,0.0,sv_2c_buffer_decoal
R12_WEU,coal_ppl_u,2090,2110,0.0,sv_2c_buffer_decoal
R12_WEU,coal_ppl_u,2100,2100,0.0,sv_2c_buffer_decoal
R12_WEU,coal_ppl_u,2100,2110,0.0,sv_2c_buffer_decoal
R12_WEU,coal_ppl_u,2110,2110,0.0,sv_2c_buffer_decoal
R12_WEU,igcc,2010,2010,0.0,sv_2c_buffer_decoal
R12_WEU,igcc,2010,2030,0.0,sv_2c_buffer_decoal
R12_WEU,igcc,2010,2035,0.0,sv_2c_buffer_decoal
R12_WEU,igcc,2015,2015,0.0,sv_2c_buffer_decoal
R12_WEU,igcc,2015,2030,0.0,sv_2c_buffer_decoal
R12_WEU,igcc,2015,2035,0.0,sv_2c_buffer_decoal
R12_WEU,igcc,2015,2040,0.0,sv_2c_buffer_decoal
R12_WEU,igcc,2020,2020,0.0,sv_2c_buffer_decoal
R12_WEU,igcc,2020,2030,0.0,sv_2c_buffer_decoal
R12_WEU,igcc,2020,2035,0.0,sv_2c_buffer_decoal
R12_WEU,igcc,2020,2040,0.0,sv_2c_buffer_decoal
R12_WEU,igcc,2020,2045,0.0,sv_2c_buffer_decoal
R12_WEU,igcc,2025,2025,0.0,sv_2c_buffer_decoal
R12_WEU,igcc,2025,2030,0.0,sv_2c_buffer_decoal
R12_WEU,igcc,2025,2035,0.0,sv_2c_buffer_decoal
R12_WEU,igcc,2025,2040,0.0,sv_2c_buffer_decoal
R12_WEU,igcc,2025,2045,0.0,sv_2c_buffer_decoal
R12_WEU,igcc,2025,2050,0.0,sv_2c_buffer_decoal
R12_WEU,igcc,2030,2030,0.0,sv_2c_buffer_decoal
R12_WEU,igcc,2030,2035,0.0,sv_2c_buffer_decoal
R12_WEU,igcc,2030,2040,0.0,sv_2c_buffer_decoal
R12_WEU,igcc,2030,2045,0.0,sv_2c_buffer_decoal
R12_WEU,igcc,2030,2050,0.0,sv_2c_buffer_decoal
R12_WEU,igcc,2030,2055,0.0,sv_2c_buffer_decoal
R12_WEU,igcc,2035,2035,0.0,sv_2c_buffer_decoal
R12_WEU,igcc,2035,2040,0.0,sv_2c_buffer_decoal
R12_WEU,igcc,2035,2045,0.0,sv_2c_buffer_decoal
R12_WEU,igcc,2035,2050,0.0,sv_2c_buffer_decoal
R12_WEU,igcc,2035,2055,0.0,sv_2c_buffer_decoal
R12_WEU,igcc,2035,2060,0.0,sv_2c_buffer_decoal
R12_WEU,igcc,2040,2040,0.0,sv_2c_buffer_decoal
R12_WEU,igcc,2040,2045,0.0,sv_2c_buffer_decoal
R12_WEU,igcc,2040,2050,0.0,sv_2c_buffer_decoal
R12_WEU,igcc,2040,2055,0.0,sv_2c_buffer_decoal
R12_WEU,igcc,2040,2060,0.0,sv_2c_buffer_decoal
R12_WEU,igcc,2040,2070,0.0,sv_2c_buffer_decoal
R12_WEU,igcc,2045,2045,0.0,sv_2c_buffer_decoal
R12_WEU,igcc,2045,2050,0.0,sv_2c_buffer_decoal
R12_WEU,igcc,2045,2055,0.0,sv_2c_buffer_decoal
R12_WEU,igcc,2045,2060,0.0,sv_2c_buffer_decoal
R12_WEU,igcc,2045,2070,0.0,sv_2c_buffer_decoal
R12_WEU,igcc,2050,2050,0.0,sv_2c_buffer_decoal
R12_WEU,igcc,2050,2055,0.0,sv_2c_buffer_decoal
R12_WEU,igcc,2050,2060,0.0,sv_2c_buffer_decoal
R12_WEU,igcc,2050,2070,0.0,sv_2c_buffer_decoal
R12_WEU,igcc,2050,2080,0.0,sv_2c_buffer_decoal
R12_WEU,igcc,2055,2055,0.0,sv_2c_buffer_decoal
R12_WEU,igcc,2055,2060,0.0,sv_2c_buffer_decoal
R12_WEU,igcc,2055,2070,0.0,sv_2c_buffer_decoal
R12_WEU,igcc,2055,2080,0.0,sv_2c_buffer_decoal
R12_WEU,igcc,2060,2060,0.0,sv_2c_buffer_decoal
R12_WEU,igcc,2060,2070,0.0,sv_2c_buffer_decoal
R12_WEU,igcc,2060,2080,0.0,sv_2c_buffer_decoal
R12_WEU,igcc,2060,2090,0.0,sv_2c_buffer_decoal
R12_WEU,igcc,2070,2070,0.0,sv_2c_buffer_decoal
R12_WEU,igcc,2070,2080,0.0,sv_2c_buffer_decoal
R12_WEU,igcc,2070,2090,0.0,sv_2c_buffer_decoal
R12_WEU,igcc,2080,2080,0.0,sv_2c_buffer_decoal
R12_WEU,igcc,2080,2090,0.0,sv_2c_buffer_decoal
R12_WEU,igcc,2080,2100,0.0,sv_2c_buffer_decoal
R12_WEU,igcc,2090,2090,0.0,sv_2c_buffer_decoal
R12_WEU,igcc,2090,2100,0.0,sv_2c_buffer_decoal
R12_WEU,igcc,2090,2110,0.0,sv_2c_buffer_decoal
R12_WEU,igcc,2100,2100,0.0,sv_2c_buffer_decoal
R12_WEU,igcc,2100,2110,0.0,sv_2c_buffer_decoal
R12_WEU,igcc,2110,2110,0.0,sv_2c_buffer_decoal
R12_WEU,igcc_ccs,2030,2030,0.0,sv_2c_buffer_decoal
R12_WEU,igcc_ccs,2030,2035,0.0,sv_2c_buffer_decoal
R12_WEU,igcc_ccs,2030,2040,0.0,sv_2c_buffer_decoal
R12_WEU,igcc_ccs,2030,2045,0.0,sv_2c_buffer_decoal
R12_WEU,igcc_ccs,2030,2050,0.0,sv_2c_buffer_decoal
R12_WEU,igcc_ccs,2030,2055,0.0,sv_2c_buffer_decoal
R12_WEU,igcc_ccs,2035,2035,0.0,sv_2c_buffer_decoal
R12_WEU,igcc_ccs,2035,2040,0.0,sv_2c_buffer_decoal
R12_WEU,igcc_ccs,2035,2045,0.0,sv_2c_buffer_decoal
R12_WEU,igcc_ccs,2035,2050,0.0,sv_2c_buffer_decoal
R12_WEU,igcc_ccs,2035,2055,0.0,sv_2c_buffer_decoal
R12_WEU,igcc_ccs,2035,2060,0.0,sv_2c_buffer_decoal
R12_WEU,igcc_ccs,2040,2040,0.0,sv_2c_buffer_decoal
R12_WEU,igcc_ccs,2040,2045,0.0,sv_2c_buffer_decoal
R12_WEU,igcc_ccs,2040,2050,0.0,sv_2c_buffer_decoal
R12_WEU,igcc_ccs,2040,2055,0.0,sv_2c_buffer_decoal
R12_WEU,igcc_ccs,2040,2060,0.0,sv_2c_buffer_decoal
R12_WEU,igcc_ccs,2040,2070,0.0,sv_2c_buffer_decoal
R12_WEU,igcc_ccs,2045,2045,0.0,sv_2c_buffer_decoal
R12_WEU,igcc_ccs,2045,2050,0.0,sv_2c_buffer_decoal
R12_WEU,igcc_ccs,2045,2055,0.0,sv_2c_buffer_decoal
R12_WEU,igcc_ccs,2045,2060,0.0,sv_2c_buffer_decoal
R12_WEU,igcc_ccs,2045,2070,0.0,sv_2c_buffer_decoal
R12_WEU,igcc_ccs,2050,2050,0.0,sv_2c_buffer_decoal
R12_WEU,igcc_ccs,2050,2055,0.0,sv_2c_buffer_decoal
R12_WEU,igcc_ccs,2050,2060,0.0,sv_2c_buffer_decoal
R12_WEU,igcc_ccs,2050,2070,0.0,sv_2c_buffer_decoal
R12_WEU,igcc_ccs,2050,2080,0.0,sv_2c_buffer_decoal
R12_WEU,igcc_ccs,2055,2055,0.0,sv_2c_buffer_decoal
R12_WEU,igcc_ccs,2055,2060,0.0,sv_2c_buffer_decoal
R12_WEU,igcc_ccs,2055,2070,0.0,sv_2c_buffer_decoal
R12_WEU,igcc_ccs,2055,2080,0.0,sv_2c_buffer_decoal
R12_WEU,igcc_ccs,2060,2060,0.0,sv_2c_buffer_decoal
R12_WEU,igcc_ccs,2060,2070,0.0,sv_2c_buffer_decoal
R12_WEU,igcc_ccs,2060,2080,0.0,sv_2c_buffer_decoal
R12_WEU,igcc_ccs,2060,2090,0.0,sv_2c_buffer_decoal
R12_WEU,igcc_ccs,2070,2070,0.0,sv_2c_buffer_decoal
R12_WEU,igcc_ccs,2070,2080,0.0,sv_2c_buffer_decoal
R12_WEU,igcc_ccs,2070,2090,0.0,sv_2c_buffer_decoal
R12_WEU,igcc_ccs,2080,2080,0.0,sv_2c_buffer_decoal
R12_WEU,igcc_ccs,2080,2090,0.0,sv_2c_buffer_decoal
R12_WEU,igcc_ccs,2080,2100,0.0,sv_2c_buffer_decoal
R12_WEU,igcc_ccs,2090,2090,0.0,sv_2c_buffer_decoal
R12_WEU,igcc_ccs,2090,2100,0.0,sv_2c_buffer_decoal
R12_WEU,igcc_ccs,2090,2110,0.0,sv_2c_buffer_decoal
R12_WEU,igcc_ccs,2100,2100,0.0,sv_2c_buffer_decoal
R12_WEU,igcc_ccs,2100,2110,0.0,sv_2c_buffer_decoal
R12_WEU,igcc_ccs,2110,2110,0.0,sv_2c_buffer_decoal
R12_WEU,coal_adv_cfNH3,1960,1960,0.0,sv_2c_buffer_decoal
R12_WEU,coal_adv_cfNH3,1965,1965,0.0,sv_2c_buffer_decoal
R12_WEU,coal_adv_cfNH3,1970,1970,0.0,sv_2c_buffer_decoal
R12_WEU,coal_adv_cfNH3,1975,1975,0.0,sv_2c_buffer_decoal
R12_WEU,coal_adv_cfNH3,1980,1980,0.0,sv_2c_buffer_decoal
R12_WEU,coal_adv_cfNH3,1985,1985,0.0,sv_2c_buffer_decoal
R12_WEU,coal_adv_cfNH3,1990,1990,0.0,sv_2c_buffer_decoal
R12_WEU,coal_adv_cfNH3,1995,1995,0.0,sv_2c_buffer_decoal
R12_WEU,coal_adv_cfNH3,2000,2000,0.0,sv_2c_buffer_decoal
R12_WEU,coal_adv_cfNH3,2005,2005,0.0,sv_2c_buffer_decoal
R12_WEU,coal_adv_cfNH3,2005,2030,0.0,sv_2c_buffer_decoal
R12_WEU,coal_adv_cfNH3,2010,2010,0.0,sv_2c_buffer_decoal
R12_WEU,coal_adv_cfNH3,2010,2030,0.0,sv_2c_buffer_decoal
R12_WEU,coal_adv_cfNH3,2010,2035,0.0,sv_2c_buffer_decoal
R12_WEU,coal_adv_cfNH3,2015,2015,0.0,sv_2c_buffer_decoal
R12_WEU,coal_adv_cfNH3,2015,2030,0.0,sv_2c_buffer_decoal
R12_WEU,coal_adv_cfNH3,2015,2035,0.0,sv_2c_buffer_decoal
R12_WEU,coal_adv_cfNH3,2015,2040,0.0,sv_2c_buffer_decoal
R12_WEU,coal_adv_cfNH3,2020,2020,0.0,sv_2c_buffer_decoal
R12_WEU,coal_adv_cfNH3,2020,2030,0.0,sv_2c_buffer_decoal
R12_WEU,coal_adv_cfNH3,2020,2035,0.0,sv_2c_buffer_decoal
R12_WEU,coal_adv_cfNH3,2020,2040,0.0,sv_2c_buffer_decoal
R12_WEU,coal_adv_cfNH3,2020,2045,0.0,sv_2c_buffer_decoal
R12_WEU,coal_adv_cfNH3,2025,2025,0.0,sv_2c_buffer_decoal
R12_WEU,coal_adv_cfNH3,2025,2030,0.0,sv_2c_buffer_decoal
R12_WEU,coal_adv_cfNH3,2025,2035,0.0,sv_2c_buffer_decoal
R12_WEU,coal_adv_cfNH3,2025,2040,0.0,sv_2c_buffer_decoal
R12_WEU,coal_adv_cfNH3,2025,2045,0.0,sv_2c_buffer_decoal
R12_WEU,coal_adv_cfNH3,2025,2050,0.0,sv_2c_buffer_decoal
R12_WEU,coal_adv_cfNH3,2030,2030,0.0,sv_2c_buffer_decoal
R12_WEU,coal_adv_cfNH3,2030,2035,0.0,sv_2c_buffer_decoal
R12_WEU,coal_adv_cfNH3,2030,2040,0.0,sv_2c_buffer_decoal
R12_WEU,coal_adv_cfNH3,2030,2045,0.0,sv_2c_buffer_decoal
R12_WEU,coal_adv_cfNH3,2030,2050,0.0,sv_2c_buffer_decoal
R12_WEU,coal_adv_cfNH3,2030,2055,0.0,sv_2c_buffer_decoal
R12_WEU,coal_adv_cfNH3,2035,2035,0.0,sv_2c_buffer_decoal
R12_WEU,coal_adv_cfNH3,2035,2040,0.0,sv_2c_buffer_decoal
R12_WEU,coal_adv_cfNH3,2035,2045,0.0,sv_2c_buffer_decoal
R12_WEU,coal_adv_cfNH3,2035,2050,0.0,sv_2c_buffer_decoal
R12_WEU,coal_adv_cfNH3,2035,2055,0.0,sv_2c_buffer_decoal
R12_WEU,coal_adv_cfNH3,2035,2060,0.0,sv_2c_buffer_decoal
R12_WEU,coal_adv_cfNH3,2040,2040,0.0,sv_2c_buffer_decoal
R12_WEU,coal_adv_cfNH3,2040,2045,0.0,sv_2c_buffer_decoal
R12_WEU,coal_adv_cfNH3,2040,2050,0.0,sv_2c_buffer_decoal
R12_WEU,coal_adv_cfNH3,2040,2055,0.0,sv_2c_buffer_decoal
R12_WEU,coal_adv_cfNH3,2040,2060,0.0,sv_2c_buffer_decoal
R12_WEU,coal_adv_cfNH3,2040,2070,0.0,sv_2c_buffer_decoal
R12_WEU,coal_adv_cfNH3,2045,2045,0.0,sv_2c_buffer_decoal
R12_WEU,coal_adv_cfNH3,2045,2050,0.0,sv_2c_buffer_decoal
R12_WEU,coal_adv_cfNH3,2045,2055,0.0,sv_2c_buffer_decoal
R12_WEU,coal_adv_cfNH3,2045,2060,0.0,sv_2c_buffer_decoal
R12_WEU,coal_adv_cfNH3,2045,2070,0.0,sv_2c_buffer_decoal
R12_WEU,coal_adv_cfNH3,2050,2050,0.0,sv_2c_buffer_decoal
R12_WEU,coal_adv_cfNH3,2050,2055,0.0,sv_2c_buffer_decoal
R12_WEU,coal_adv_cfNH3,2050,2060,0.0,sv_2c_buffer_decoal
R12_WEU,coal_adv_cfNH3,2050,2070,0.0,sv_2c_buffer_decoal
R12_WEU,coal_adv_cfNH3,2050,2080,0.0,sv_2c_buffer_decoal
R12_WEU,coal_adv_cfNH3,2055,2055,0.0,sv_2c_buffer_decoal
R12_WEU,coal_adv_cfNH3,2055,2060,0.0,sv_2c_buffer_decoal
R12_WEU,coal_adv_cfNH3,2055,2070,0.0,sv_2c_buffer_decoal
R12_WEU,coal_adv_cfNH3,2055,2080,0.0,sv_2c_buffer_decoal
R12_WEU,coal_adv_cfNH3,2060,2060,0.0,sv_2c_buffer_decoal
R12_WEU,coal_adv_cfNH3,2060,2070,0.0,sv_2c_buffer_decoal
R12_WEU,coal_adv_cfNH3,2060,2080,0.0,sv_2c_buffer_decoal
R12_WEU,coal_adv_cfNH3,2060,2090,0.0,sv_2c_buffer_decoal
R12_WEU,coal_adv_cfNH3,2070,2070,0.0,sv_2c_buffer_decoal
R12_WEU,coal_adv_cfNH3,2070,2080,0.0,sv_2c_buffer_decoal
R12_WEU,coal_adv_cfNH3,2070,2090,0.0,sv_2c_buffer_decoal
R12_WEU,coal_adv_cfNH3,2080,2080,0.0,sv_2c_buffer_decoal
R12_WEU,coal_adv_cfNH3,2080,2090,0.0,sv_2c_buffer_decoal
R12_WEU,coal_adv_cfNH3,2080,2100,0.0,sv_2c_buffer_decoal
R12_WEU,coal_adv_cfNH3,2090,2090,0.0,sv_2c_buffer_decoal
R12_WEU,coal_adv_cfNH3,2090,2100,0.0,sv_2c_buffer_decoal
R12_WEU,coal_adv_cfNH3,2090,2110,0.0,sv_2c_buffer_decoal
R12_WEU,coal_adv_cfNH3,2100,2100,0.0,sv_2c_buffer_decoal
R12_WEU,coal_adv_cfNH3,2100,2110,0.0,sv_2c_buffer_decoal
R12_WEU,coal_adv_cfNH3,2110,2110,0.0,sv_2c_buffer_decoal
R12_WEU,coal_ppl_u_cfNH3,1960,1960,0.0,sv_2c_buffer_decoal
R12_WEU,coal_ppl_u_cfNH3,1965,1965,0.0,sv_2c_buffer_decoal
R12_WEU,coal_ppl_u_cfNH3,1970,1970,0.0,sv_2c_buffer_decoal
R12_WEU,coal_ppl_u_cfNH3,1970,2030,0.0,sv_2c_buffer_decoal
R12_WEU,coal_ppl_u_cfNH3,1975,1975,0.0,sv_2c_buffer_decoal
R12_WEU,coal_ppl_u_cfNH3,1975,2030,0.0,sv_2c_buffer_decoal
R12_WEU,coal_ppl_u_cfNH3,1980,1980,0.0,sv_2c_buffer_decoal
R12_WEU,coal_ppl_u_cfNH3,1980,2030,0.0,sv_2c_buffer_decoal
R12_WEU,coal_ppl_u_cfNH3,1980,2035,0.0,sv_2c_buffer_decoal
R12_WEU,coal_ppl_u_cfNH3,1985,1985,0.0,sv_2c_buffer_decoal
R12_WEU,coal_ppl_u_cfNH3,1985,2030,0.0,sv_2c_buffer_decoal
R12_WEU,coal_ppl_u_cfNH3,1985,2035,0.0,sv_2c_buffer_decoal
R12_WEU,coal_ppl_u_cfNH3,1990,1990,0.0,sv_2c_buffer_decoal
R12_WEU,coal_ppl_u_cfNH3,1990,2030,0.0,sv_2c_buffer_decoal
R12_WEU,coal_ppl_u_cfNH3,1990,2035,0.0,sv_2c_buffer_decoal
R12_WEU,coal_ppl_u_cfNH3,1990,2040,0.0,sv_2c_buffer_decoal
R12_WEU,coal_ppl_u_cfNH3,1995,1995,0.0,sv_2c_buffer_decoal
R12_WEU,coal_ppl_u_cfNH3,1995,2030,0.0,sv_2c_buffer_decoal
R12_WEU,coal_ppl_u_cfNH3,1995,2035,0.0,sv_2c_buffer_decoal
R12_WEU,coal_ppl_u_cfNH3,1995,2040,0.0,sv_2c_buffer_decoal
R12_WEU,coal_ppl_u_cfNH3,2000,2000,0.0,sv_2c_buffer_decoal
R12_WEU,coal_ppl_u_cfNH3,2000,2030,0.0,sv_2c_buffer_decoal
R12_WEU,coal_ppl_u_cfNH3,2000,2035,0.0,sv_2c_buffer_decoal
R12_WEU,coal_ppl_u_cfNH3,2000,2040,0.0,sv_2c_buffer_decoal
R12_WEU,coal_ppl_u_cfNH3,2000,2045,0.0,sv_2c_buffer_decoal
R12_WEU,coal_ppl_u_cfNH3,2005,2005,0.0,sv_2c_buffer_decoal
R12_WEU,coal_ppl_u_cfNH3,2005,2030,0.0,sv_2c_buffer_decoal
R12_WEU,coal_ppl_u_cfNH3,2005,2035,0.0,sv_2c_buffer_decoal
R12_WEU,coal_ppl_u_cfNH3,2005,2040,0.0,sv_2c_buffer_decoal
R12_WEU,coal_ppl_u_cfNH3,2005,2045,0.0,sv_2c_buffer_decoal
R12_WEU,coal_ppl_u_cfNH3,2010,2010,0.0,sv_2c_buffer_decoal
R12_WEU,coal_ppl_u_cfNH3,2010,2030,0.0,sv_2c_buffer_decoal
R12_WEU,coal_ppl_u_cfNH3,2010,2035,0.0,sv_2c_buffer_decoal
R12_WEU,coal_ppl_u_cfNH3,2010,2040,0.0,sv_2c_buffer_decoal
R12_WEU,coal_ppl_u_cfNH3,2010,2045,0.0,sv_2c_buffer_decoal
R12_WEU,coal_ppl_u_cfNH3,2010,2050,0.0,sv_2c_buffer_decoal
R12_WEU,coal_ppl_u_cfNH3,2015,2015,0.0,sv_2c_buffer_decoal
R12_WEU,coal_ppl_u_cfNH3,2015,2030,0.0,sv_2c_buffer_decoal
R12_WEU,coal_ppl_u_cfNH3,2015,2035,0.0,sv_2c_buffer_decoal
R12_WEU,coal_ppl_u_cfNH3,2015,2040,0.0,sv_2c_buffer_decoal
R12_WEU,coal_ppl_u_cfNH3,2015,2045,0.0,sv_2c_buffer_decoal
R12_WEU,coal_ppl_u_cfNH3,2020,2020,0.0,sv_2c_buffer_decoal
R12_WEU,coal_ppl_u_cfNH3,2020,2030,0.0,sv_2c_buffer_decoal
R12_WEU,coal_ppl_u_cfNH3,2020,2035,0.0,sv_2c_buffer_decoal
R12_WEU,coal_ppl_u_cfNH3,2020,2040,0.0,sv_2c_buffer_decoal
R12_WEU,coal_ppl_u_cfNH3,2020,2045,0.0,sv_2c_buffer_decoal
R12_WEU,coal_ppl_u_cfNH3,2025,2025,0.0,sv_2c_buffer_decoal
R12_WEU,coal_ppl_u_cfNH3,2025,2030,0.0,sv_2c_buffer_decoal
R12_WEU,coal_ppl_u_cfNH3,2025,2035,0.0,sv_2c_buffer_decoal
R12_WEU,coal_ppl_u_cfNH3,2025,2040,0.0,sv_2c_buffer_decoal
R12_WEU,coal_ppl_u_cfNH3,2025,2045,0.0,sv_2c_buffer_decoal
R12_WEU,coal_ppl_u_cfNH3,2025,2050,0.0,sv_2c_buffer_decoal
R12_WEU,coal_ppl_u_cfNH3,2030,2030,0.0,sv_2c_buffer_decoal
R12_WEU,coal_ppl_u_cfNH3,2030,2035,0.0,sv_2c_buffer_decoal
R12_WEU,coal_ppl_u_cfNH3,2030,2040,0.0,sv_2c_buffer_decoal
R12_WEU,coal_ppl_u_cfNH3,2030,2045,0.0,sv_2c_buffer_decoal
R12_WEU,coal_ppl_u_cfNH3,2030,2050,0.0,sv_2c_buffer_decoal
R12_WEU,coal_ppl_u_cfNH3,2030,2055,0.0,sv_2c_buffer_decoal
R12_WEU,coal_ppl_u_cfNH3,2035,2035,0.0,sv_2c_buffer_decoal
R12_WEU,coal_ppl_u_cfNH3,2035,2040,0.0,sv_2c_buffer_decoal
R12_WEU,coal_ppl_u_cfNH3,2035,2045,0.0,sv_2c_buffer_decoal
R12_WEU,coal_ppl_u_cfNH3,2035,2050,0.0,sv_2c_buffer_decoal
R12_WEU,coal_ppl_u_cfNH3,2035,2055,0.0,sv_2c_buffer_decoal
R12_WEU,coal_ppl_u_cfNH3,2035,2060,0.0,sv_2c_buffer_decoal
R12_WEU,coal_ppl_u_cfNH3,2040,2040,0.0,sv_2c_buffer_decoal
R12_WEU,coal_ppl_u_cfNH3,2040,2045,0.0,sv_2c_buffer_decoal
R12_WEU,coal_ppl_u_cfNH3,2040,2050,0.0,sv_2c_buffer_decoal
R12_WEU,coal_ppl_u_cfNH3,2040,2055,0.0,sv_2c_buffer_decoal
R12_WEU,coal_ppl_u_cfNH3,2040,2060,0.0,sv_2c_buffer_decoal
R12_WEU,coal_ppl_u_cfNH3,2040,2070,0.0,sv_2c_buffer_decoal
R12_WEU,coal_ppl_u_cfNH3,2045,2045,0.0,sv_2c_buffer_decoal
R12_WEU,coal_ppl_u_cfNH3,2045,2050,0.0,sv_2c_buffer_decoal
R12_WEU,coal_ppl_u_cfNH3,2045,2055,0.0,sv_2c_buffer_decoal
R12_WEU,coal_ppl_u_cfNH3,2045,2060,0.0,sv_2c_buffer_decoal
R12_WEU,coal_ppl_u_cfNH3,2045,2070,0.0,sv_2c_buffer_decoal
R12_WEU,coal_ppl_u_cfNH3,2050,2050,0.0,sv_2c_buffer_decoal
R12_WEU,coal_ppl_u_cfNH3,2050,2055,0.0,sv_2c_buffer_decoal
R12_WEU,coal_ppl_u_cfNH3,2050,2060,0.0,sv_2c_buffer_decoal
R12_WEU,coal_ppl_u_cfNH3,2050,2070,0.0,sv_2c_buffer_decoal
R12_WEU,coal_ppl_u_cfNH3,2050,2080,0.0,sv_2c_buffer_decoal
R12_WEU,coal_ppl_u_cfNH3,2055,2055,0.0,sv_2c_buffer_decoal
R12_WEU,coal_ppl_u_cfNH3,2055,2060,0.0,sv_2c_buffer_decoal
R12_WEU,coal_ppl_u_cfNH3,2055,2070,0.0,sv_2c_buffer_decoal
R12_WEU,coal_ppl_u_cfNH3,2055,2080,0.0,sv_2c_buffer_decoal
R12_WEU,coal_ppl_u_cfNH3,2060,2060,0.0,sv_2c_buffer_decoal
R12_WEU,coal_ppl_u_cfNH3,2060,2070,0.0,sv_2c_buffer_decoal
R12_WEU,coal_ppl_u_cfNH3,2060,2080,0.0,sv_2c_buffer_decoal
R12_WEU,coal_ppl_u_cfNH3,2060,2090,0.0,sv_2c_buffer_decoal
R12_WEU,coal_ppl_u_cfNH3,2070,2070,0.0,sv_2c_buffer_decoal
R12_WEU,coal_ppl_u_cfNH3,2070,2080,0.0,sv_2c_buffer_decoal
R12_WEU,coal_ppl_u_cfNH3,2070,2090,0.0,sv_2c_buffer_decoal
R12_WEU,coal_ppl_u_cfNH3,2080,2080,0.0,sv_2c_buffer_decoal
R12_WEU,coal_ppl_u_cfNH3,2080,2090,0.0,sv_2c_buffer_decoal
R12_WEU,coal_ppl_u_cfNH3,2080,2100,0.0,sv_2c_buffer_decoal
R12_WEU,coal_ppl_u_cfNH3,2090,2090,0.0,sv_2c_buffer_decoal
R12_WEU,coal_ppl_u_cfNH3,2090,2100,0.0,sv_2c_buffer_decoal
R12_WEU,coal_ppl_u_cfNH3,2090,2110,0.0,sv_2c_buffer_decoal
R12_WEU,coal_ppl_u_cfNH3,2100,2100,0.0,sv_2c_buffer_decoal
R12_WEU,coal_ppl_u_cfNH3,2100,2110,0.0,sv_2c_buffer_decoal
R12_WEU,coal_ppl_u_cfNH3,2110,2110,0.0,sv_2c_buffer_decoal
R12_WEU,coal_ppl_cfNH3,1960,1960,0.0,sv_2c_buffer_decoal
R12_WEU,coal_ppl_cfNH3,1965,1965,0.0,sv_2c_buffer_decoal
R12_WEU,coal_ppl_cfNH3,1970,1970,0.0,sv_2c_buffer_decoal
R12_WEU,coal_ppl_cfNH3,1975,1975,0.0,sv_2c_buffer_decoal
R12_WEU,coal_ppl_cfNH3,1980,1980,0.0,sv_2c_buffer_decoal
R12_WEU,coal_ppl_cfNH3,1985,1985,0.0,sv_2c_buffer_decoal
R12_WEU,coal_ppl_cfNH3,1990,1990,0.0,sv_2c_buffer_decoal
R12_WEU,coal_ppl_cfNH3,1990,2030,0.0,sv_2c_buffer_decoal
R12_WEU,coal_ppl_cfNH3,1995,1995,0.0,sv_2c_buffer_decoal
R12_WEU,coal_ppl_cfNH3,1995,2030,0.0,sv_2c_buffer_decoal
R12_WEU,coal_ppl_cfNH3,2000,2000,0.0,sv_2c_buffer_decoal
R12_WEU,coal_ppl_cfNH3,2000,2030,0.0,sv_2c_buffer_decoal
R12_WEU,coal_ppl_cfNH3,2000,2035,0.0,sv_2c_buffer_decoal
R12_WEU,coal_ppl_cfNH3,2005,2005,0.0,sv_2c_buffer_decoal
R12_WEU,coal_ppl_cfNH3,2005,2030,0.0,sv_2c_buffer_decoal
R12_WEU,coal_ppl_cfNH3,2005,2035,0.0,sv_2c_buffer_decoal
R12_WEU,coal_ppl_cfNH3,2010,2010,0.0,sv_2c_buffer_decoal
R12_WEU,coal_ppl_cfNH3,2010,2030,0.0,sv_2c_buffer_decoal
R12_WEU,coal_ppl_cfNH3,2010,2035,0.0,sv_2c_buffer_decoal
R12_WEU,coal_ppl_cfNH3,2010,2040,0.0,sv_2c_buffer_decoal
R12_WEU,coal_ppl_cfNH3,2015,2015,0.0,sv_2c_buffer_decoal
R12_WEU,coal_ppl_cfNH3,2015,2030,0.0,sv_2c_buffer_decoal
R12_WEU,coal_ppl_cfNH3,2015,2035,0.0,sv_2c_buffer_decoal
R12_WEU,coal_ppl_cfNH3,2015,2040,0.0,sv_2c_buffer_decoal
R12_WEU,coal_ppl_cfNH3,2020,2020,0.0,sv_2c_buffer_decoal
R12_WEU,coal_ppl_cfNH3,2020,2030,0.0,sv_2c_buffer_decoal
R12_WEU,coal_ppl_cfNH3,2020,2035,0.0,sv_2c_buffer_decoal
R12_WEU,coal_ppl_cfNH3,2020,2040,0.0,sv_2c_buffer_decoal
R12_WEU,coal_ppl_cfNH3,2020,2045,0.0,sv_2c_buffer_decoal
R12_WEU,coal_ppl_cfNH3,2025,2025,0.0,sv_2c_buffer_decoal
R12_WEU,coal_ppl_cfNH3,2025,2030,0.0,sv_2c_buffer_decoal
R12_WEU,coal_ppl_cfNH3,2025,2035,0.0,sv_2c_buffer_decoal
R12_WEU,coal_ppl_cfNH3,2025,2040,0.0,sv_2c_buffer_decoal
R12_WEU,coal_ppl_cfNH3,2025,2045,0.0,sv_2c_buffer_decoal
R12_WEU,coal_ppl_cfNH3,2025,2050,0.0,sv_2c_buffer_decoal
R12_WEU,coal_ppl_cfNH3,2030,2030,0.0,sv_2c_buffer_decoal
R12_WEU,coal_ppl_cfNH3,2030,2035,0.0,sv_2c_buffer_decoal
R12_WEU,coal_ppl_cfNH3,2030,2040,0.0,sv_2c_buffer_decoal
R12_WEU,coal_ppl_cfNH3,2030,2045,0.0,sv_2c_buffer_decoal
R12_WEU,coal_ppl_cfNH3,2030,2050,0.0,sv_2c_buffer_decoal
R12_WEU,coal_ppl_cfNH3,2030,2055,0.0,sv_2c_buffer_decoal
R12_WEU,coal_ppl_cfNH3,2035,2035,0.0,sv_2c_buffer_decoal
R12_WEU,coal_ppl_cfNH3,2035,2040,0.0,sv_2c_buffer_decoal
R12_WEU,coal_ppl_cfNH3,2035,2045,0.0,sv_2c_buffer_decoal
R12_WEU,coal_ppl_cfNH3,2035,2050,0.0,sv_2c_buffer_decoal
R12_WEU,coal_ppl_cfNH3,2035,2055,0.0,sv_2c_buffer_decoal
R12_WEU,coal_ppl_cfNH3,2035,2060,0.0,sv_2c_buffer_decoal
R12_WEU,coal_ppl_cfNH3,2040,2040,0.0,sv_2c_buffer_decoal
R12_WEU,coal_ppl_cfNH3,2040,2045,0.0,sv_2c_buffer_decoal
R12_WEU,coal_ppl_cfNH3,2040,2050,0.0,sv_2c_buffer_decoal
R12_WEU,coal_ppl_cfNH3,2040,2055,0.0,sv_2c_buffer_decoal
R12_WEU,coal_ppl_cfNH3,2040,2060,0.0,sv_2c_buffer_decoal
R12_WEU,coal_ppl_cfNH3,2040,2070,0.0,sv_2c_buffer_decoal
R12_WEU,coal_ppl_cfNH3,2045,2045,0.0,sv_2c_buffer_decoal
R12_WEU,coal_ppl_cfNH3,2045,2050,0.0,sv_2c_buffer_decoal
R12_WEU,coal_ppl_cfNH3,2045,2055,0.0,sv_2c_buffer_decoal
R12_WEU,coal_ppl_cfNH3,2045,2060,0.0,sv_2c_buffer_decoal
R12_WEU,coal_ppl_cfNH3,2045,2070,0.0,sv_2c_buffer_decoal
R12_WEU,coal_ppl_cfNH3,2050,2050,0.0,sv_2c_buffer_decoal
R12_WEU,coal_ppl_cfNH3,2050,2055,0.0,sv_2c_buffer_decoal
R12_WEU,coal_ppl_cfNH3,2050,2060,0.0,sv_2c_buffer_decoal
R12_WEU,coal_ppl_cfNH3,2050,2070,0.0,sv_2c_buffer_decoal
R12_WEU,coal_ppl_cfNH3,2050,2080,0.0,sv_2c_buffer_decoal
R12_WEU,coal_ppl_cfNH3,2055,2055,0.0,sv_2c_buffer_decoal
R12_WEU,coal_ppl_cfNH3,2055,2060,0.0,sv_2c_buffer_decoal
R12_WEU,coal_ppl_cfNH3,2055,2070,0.0,sv_2c_buffer_decoal
R12_WEU,coal_ppl_cfNH3,2055,2080,0.0,sv_2c_buffer_decoal
R12_WEU,coal_ppl_cfNH3,2060,2060,0.0,sv_2c_buffer_decoal
R12_WEU,coal_ppl_cfNH3,2060,2070,0.0,sv_2c_buffer_decoal
R12_WEU,coal_ppl_cfNH3,2060,2080,0.0,sv_2c_buffer_decoal
R12_WEU,coal_ppl_cfNH3,2060,2090,0.0,sv_2c_buffer_decoal
R12_WEU,coal_ppl_cfNH3,2070,2070,0.0,sv_2c_buffer_decoal
R12_WEU,coal_ppl_cfNH3,2070,2080,0.0,sv_2c_buffer_decoal
R12_WEU,coal_ppl_cfNH3,2070,2090,0.0,sv_2c_buffer_decoal
R12_WEU,coal_ppl_cfNH3,2080,2080,0.0,sv_2c_buffer_decoal
R12_WEU,coal_ppl_cfNH3,2080,2090,0.0,sv_2c_buffer_decoal
R12_WEU,coal_ppl_cfNH3,2080,2100,0.0,sv_2c_buffer_decoal
R12_WEU,coal_ppl_cfNH3,2090,2090,0.0,sv_2c_buffer_decoal
R12_WEU,coal_ppl_cfNH3,2090,2100,0.0,sv_2c_buffer_decoal
R12_WEU,coal_ppl_cfNH3,2090,2110,0.0,sv_2c_buffer_decoal
R12_WEU,coal_ppl_cfNH3,2100,2100,0.0,sv_2c_buffer_decoal
R12_WEU,coal_ppl_cfNH3,2100,2110,0.0,sv_2c_buffer_decoal
R12_WEU,coal_ppl_cfNH3,2110,2110,0.0,sv_2c_buffer_decoal
R12_WEU,coal_adv_cfbio,1970,1970,0.0,sv_2c_buffer_decoal
R12_WEU,coal_adv_cfbio,1975,1975,0.0,sv_2c_buffer_decoal
R12_WEU,coal_adv_cfbio,1980,1980,0.0,sv_2c_buffer_decoal
R12_WEU,coal_adv_cfbio,1985,1985,0.0,sv_2c_buffer_decoal
R12_WEU,coal_adv_cfbio,1990,1990,0.0,sv_2c_buffer_decoal
R12_WEU,coal_adv_cfbio,1995,1995,0.0,sv_2c_buffer_decoal
R12_WEU,coal_adv_cfbio,2000,2000,0.0,sv_2c_buffer_decoal
R12_WEU,coal_adv_cfbio,2005,2005,0.0,sv_2c_buffer_decoal
R12_WEU,coal_adv_cfbio,2005,2030,0.0,sv_2c_buffer_decoal
R12_WEU,coal_adv_cfbio,2010,2010,0.0,sv_2c_buffer_decoal
R12_WEU,coal_adv_cfbio,2010,2030,0.0,sv_2c_buffer_decoal
R12_WEU,coal_adv_cfbio,2010,2035,0.0,sv_2c_buffer_decoal
R12_WEU,coal_adv_cfbio,2015,2015,0.0,sv_2c_buffer_decoal
R12_WEU,coal_adv_cfbio,2015,2030,0.0,sv_2c_buffer_decoal
R12_WEU,coal_adv_cfbio,2015,2035,0.0,sv_2c_buffer_decoal
R12_WEU,coal_adv_cfbio,2015,2040,0.0,sv_2c_buffer_decoal
R12_WEU,coal_adv_cfbio,2020,2020,0.0,sv_2c_buffer_decoal
R12_WEU,coal_adv_cfbio,2020,2030,0.0,sv_2c_buffer_decoal
R12_WEU,coal_adv_cfbio,2020,2035,0.0,sv_2c_buffer_decoal
R12_WEU,coal_adv_cfbio,2020,2040,0.0,sv_2c_buffer_decoal
R12_WEU,coal_adv_cfbio,2020,2045,0.0,sv_2c_buffer_decoal
R12_WEU,coal_adv_cfbio,2025,2025,0.0,sv_2c_buffer_decoal
R12_WEU,coal_adv_cfbio,2025,2030,0.0,sv_2c_buffer_decoal
R12_WEU,coal_adv_cfbio,2025,2035,0.0,sv_2c_buffer_decoal
R12_WEU,coal_adv_cfbio,2025,2040,0.0,sv_2c_buffer_decoal
R12_WEU,coal_adv_cfbio,2025,2045,0.0,sv_2c_buffer_decoal
R12_WEU,coal_adv_cfbio,2025,2050,0.0,sv_2c_buffer_decoal
R12_WEU,coal_adv_cfbio,2030,2030,0.0,sv_2c_buffer_decoal
R12_WEU,coal_adv_cfbio,2030,2035,0.0,sv_2c_buffer_decoal
R12_WEU,coal_adv_cfbio,2030,2040,0.0,sv_2c_buffer_decoal
R12_WEU,coal_adv_cfbio,2030,2045,0.0,sv_2c_buffer_decoal
R12_WEU,coal_adv_cfbio,2030,2050,0.0,sv_2c_buffer_decoal
R12_WEU,coal_adv_cfbio,2030,2055,0.0,sv_2c_buffer_decoal
R12_WEU,coal_adv_cfbio,2035,2035,0.0,sv_2c_buffer_decoal
R12_WEU,coal_adv_cfbio,2035,2040,0.0,sv_2c_buffer_decoal
R12_WEU,coal_adv_cfbio,2035,2045,0.0,sv_2c_buffer_decoal
R12_WEU,coal_adv_cfbio,2035,2050,0.0,sv_2c_buffer_decoal
R12_WEU,coal_adv_cfbio,2035,2055,0.0,sv_2c_buffer_decoal
R12_WEU,coal_adv_cfbio,2035,2060,0.0,sv_2c_buffer_decoal
R12_WEU,coal_adv_cfbio,2040,2040,0.0,sv_2c_buffer_decoal
R12_WEU,coal_adv_cfbio,2040,2045,0.0,sv_2c_buffer_decoal
R12_WEU,coal_adv_cfbio,2040,2050,0.0,sv_2c_buffer_decoal
R12_WEU,coal_adv_cfbio,2040,2055,0.0,sv_2c_buffer_decoal
R12_WEU,coal_adv_cfbio,2040,2060,0.0,sv_2c_buffer_decoal
R12_WEU,coal_adv_cfbio,2040,2070,0.0,sv_2c_buffer_decoal
R12_WEU,coal_adv_cfbio,2045,2045,0.0,sv_2c_buffer_decoal
R12_WEU,coal_adv_cfbio,2045,2050,0.0,sv_2c_buffer_decoal
R12_WEU,coal_adv_cfbio,2045,2055,0.0,sv_2c_buffer_decoal
R12_WEU,coal_adv_cfbio,2045,2060,0.0,sv_2c_buffer_decoal
R12_WEU,coal_adv_cfbio,2045,2070,0.0,sv_2c_buffer_decoal
R12_WEU,coal_adv_cfbio,2050,2050,0.0,sv_2c_buffer_decoal
R12_WEU,coal_adv_cfbio,2050,2055,0.0,sv_2c_buffer_decoal
R12_WEU,coal_adv_cfbio,2050,2060,0.0,sv_2c_buffer_decoal
R12_WEU,coal_adv_cfbio,2050,2070,0.0,sv_2c_buffer_decoal
R12_WEU,coal_adv_cfbio,2050,2080,0.0,sv_2c_buffer_decoal
R12_WEU,coal_adv_cfbio,2055,2055,0.0,sv_2c_buffer_decoal
R12_WEU,coal_adv_cfbio,2055,2060,0.0,sv_2c_buffer_decoal
R12_WEU,coal_adv_cfbio,2055,2070,0.0,sv_2c_buffer_decoal
R12_WEU,coal_adv_cfbio,2055,2080,0.0,sv_2c_buffer_decoal
R12_WEU,coal_adv_cfbio,2060,2060,0.0,sv_2c_buffer_decoal
R12_WEU,coal_adv_cfbio,2060,2070,0.0,sv_2c_buffer_decoal
R12_WEU,coal_adv_cfbio,2060,2080,0.0,sv_2c_buffer_decoal
R12_WEU,coal_adv_cfbio,2060,2090,0.0,sv_2c_buffer_decoal
R12_WEU,coal_adv_cfbio,2070,2070,0.0,sv_2c_buffer_decoal
R12_WEU,coal_adv_cfbio,2070,2080,0.0,sv_2c_buffer_decoal
R12_WEU,coal_adv_cfbio,2070,2090,0.0,sv_2c_buffer_decoal
R12_WEU,coal_adv_cfbio,2080,2080,0.0,sv_2c_buffer_decoal
R12_WEU,coal_adv_cfbio,2080,2090,0.0,sv_2c_buffer_decoal
R12_WEU,coal_adv_cfbio,2080,2100,0.0,sv_2c_buffer_decoal
R12_WEU,coal_adv_cfbio,2090,2090,0.0,sv_2c_buffer_decoal
R12_WEU,coal_adv_cfbio,2090,2100,0.0,sv_2c_buffer_decoal
R12_WEU,coal_adv_cfbio,2090,2110,0.0,sv_2c_buffer_decoal
R12_WEU,coal_adv_cfbio,2100,2100,0.0,sv_2c_buffer_decoal
R12_WEU,coal_adv_cfbio,2100,2110,0.0,sv_2c_buffer_decoal
R12_WEU,coal_adv_cfbio,2110,2110,0.0,sv_2c_buffer_decoal
R12_WEU,coal_ppl_u_cfbio,1970,1970,0.0,sv_2c_buffer_decoal
R12_WEU,coal_ppl_u_cfbio,1970,2030,0.0,sv_2c_buffer_decoal
R12_WEU,coal_ppl_u_cfbio,1975,1975,0.0,sv_2c_buffer_decoal
R12_WEU,coal_ppl_u_cfbio,1975,2030,0.0,sv_2c_buffer_decoal
R12_WEU,coal_ppl_u_cfbio,1980,1980,0.0,sv_2c_buffer_decoal
R12_WEU,coal_ppl_u_cfbio,1980,2030,0.0,sv_2c_buffer_decoal
R12_WEU,coal_ppl_u_cfbio,1980,2035,0.0,sv_2c_buffer_decoal
R12_WEU,coal_ppl_u_cfbio,1985,1985,0.0,sv_2c_buffer_decoal
R12_WEU,coal_ppl_u_cfbio,1985,2030,0.0,sv_2c_buffer_decoal
R12_WEU,coal_ppl_u_cfbio,1985,2035,0.0,sv_2c_buffer_decoal
R12_WEU,coal_ppl_u_cfbio,1990,1990,0.0,sv_2c_buffer_decoal
R12_WEU,coal_ppl_u_cfbio,1990,2030,0.0,sv_2c_buffer_decoal
R12_WEU,coal_ppl_u_cfbio,1990,2035,0.0,sv_2c_buffer_decoal
R12_WEU,coal_ppl_u_cfbio,1990,2040,0.0,sv_2c_buffer_decoal
R12_WEU,coal_ppl_u_cfbio,1995,1995,0.0,sv_2c_buffer_decoal
R12_WEU,coal_ppl_u_cfbio,1995,2030,0.0,sv_2c_buffer_decoal
R12_WEU,coal_ppl_u_cfbio,1995,2035,0.0,sv_2c_buffer_decoal
R12_WEU,coal_ppl_u_cfbio,1995,2040,0.0,sv_2c_buffer_decoal
R12_WEU,coal_ppl_u_cfbio,2000,2000,0.0,sv_2c_buffer_decoal
R12_WEU,coal_ppl_u_cfbio,2000,2030,0.0,sv_2c_buffer_decoal
R12_WEU,coal_ppl_u_cfbio,2000,2035,0.0,sv_2c_buffer_decoal
R12_WEU,coal_ppl_u_cfbio,2000,2040,0.0,sv_2c_buffer_decoal
R12_WEU,coal_ppl_u_cfbio,2000,2045,0.0,sv_2c_buffer_decoal
R12_WEU,coal_ppl_u_cfbio,2005,2005,0.0,sv_2c_buffer_decoal
R12_WEU,coal_ppl_u_cfbio,2005,2030,0.0,sv_2c_buffer_decoal
R12_WEU,coal_ppl_u_cfbio,2005,2035,0.0,sv_2c_buffer_decoal
R12_WEU,coal_ppl_u_cfbio,2005,2040,0.0,sv_2c_buffer_decoal
R12_WEU,coal_ppl_u_cfbio,2005,2045,0.0,sv_2c_buffer_decoal
R12_WEU,coal_ppl_u_cfbio,2010,2010,0.0,sv_2c_buffer_decoal
R12_WEU,coal_ppl_u_cfbio,2010,2030,0.0,sv_2c_buffer_decoal
R12_WEU,coal_ppl_u_cfbio,2010,2035,0.0,sv_2c_buffer_decoal
R12_WEU,coal_ppl_u_cfbio,2010,2040,0.0,sv_2c_buffer_decoal
R12_WEU,coal_ppl_u_cfbio,2010,2045,0.0,sv_2c_buffer_decoal
R12_WEU,coal_ppl_u_cfbio,2010,2050,0.0,sv_2c_buffer_decoal
R12_WEU,coal_ppl_u_cfbio,2015,2015,0.0,sv_2c_buffer_decoal
R12_WEU,coal_ppl_u_cfbio,2015,2030,0.0,sv_2c_buffer_decoal
R12_WEU,coal_ppl_u_cfbio,2015,2035,0.0,sv_2c_buffer_decoal
R12_WEU,coal_ppl_u_cfbio,2015,2040,0.0,sv_2c_buffer_decoal
R12_WEU,coal_ppl_u_cfbio,2015,2045,0.0,sv_2c_buffer_decoal
R12_WEU,coal_ppl_u_cfbio,2020,2020,0.0,sv_2c_buffer_decoal
R12_WEU,coal_ppl_u_cfbio,2020,2030,0.0,sv_2c_buffer_decoal
R12_WEU,coal_ppl_u_cfbio,2020,2035,0.0,sv_2c_buffer_decoal
R12_WEU,coal_ppl_u_cfbio,2020,2040,0.0,sv_2c_buffer_decoal
R12_WEU,coal_ppl_u_cfbio,2020,2045,0.0,sv_2c_buffer_decoal
R12_WEU,coal_ppl_u_cfbio,2025,2025,0.0,sv_2c_buffer_decoal
R12_WEU,coal_ppl_u_cfbio,2025,2030,0.0,sv_2c_buffer_decoal
R12_WEU,coal_ppl_u_cfbio,2025,2035,0.0,sv_2c_buffer_decoal
R12_WEU,coal_ppl_u_cfbio,2025,2040,0.0,sv_2c_buffer_decoal
R12_WEU,coal_ppl_u_cfbio,2025,2045,0.0,sv_2c_buffer_decoal
R12_WEU,coal_ppl_u_cfbio,2025,2050,0.0,sv_2c_buffer_decoal
R12_WEU,coal_ppl_u_cfbio,2030,2030,0.0,sv_2c_buffer_decoal
R12_WEU,coal_ppl_u_cfbio,2030,2035,0.0,sv_2c_buffer_decoal
R12_WEU,coal_ppl_u_cfbio,2030,2040,0.0,sv_2c_buffer_decoal
R12_WEU,coal_ppl_u_cfbio,2030,2045,0.0,sv_2c_buffer_decoal
R12_WEU,coal_ppl_u_cfbio,2030,2050,0.0,sv_2c_buffer_decoal
R12_WEU,coal_ppl_u_cfbio,2030,2055,0.0,sv_2c_buffer_decoal
R12_WEU,coal_ppl_u_cfbio,2035,2035,0.0,sv_2c_buffer_decoal
R12_WEU,coal_ppl_u_cfbio,2035,2040,0.0,sv_2c_buffer_decoal
R12_WEU,coal_ppl_u_cfbio,2035,2045,0.0,sv_2c_buffer_decoal
R12_WEU,coal_ppl_u_cfbio,2035,2050,0.0,sv_2c_buffer_decoal
R12_WEU,coal_ppl_u_cfbio,2035,2055,0.0,sv_2c_buffer_decoal
R12_WEU,coal_ppl_u_cfbio,2035,2060,0.0,sv_2c_buffer_decoal
R12_WEU,coal_ppl_u_cfbio,2040,2040,0.0,sv_2c_buffer_decoal
R12_WEU,coal_ppl_u_cfbio,2040,2045,0.0,sv_2c_buffer_decoal
R12_WEU,coal_ppl_u_cfbio,2040,2050,0.0,sv_2c_buffer_decoal
R12_WEU,coal_ppl_u_cfbio,2040,2055,0.0,sv_2c_buffer_decoal
R12_WEU,coal_ppl_u_cfbio,2040,2060,0.0,sv_2c_buffer_decoal
R12_WEU,coal_ppl_u_cfbio,2040,2070,0.0,sv_2c_buffer_decoal
R12_WEU,coal_ppl_u_cfbio,2045,2045,0.0,sv_2c_buffer_decoal
R12_WEU,coal_ppl_u_cfbio,2045,2050,0.0,sv_2c_buffer_decoal
R12_WEU,coal_ppl_u_cfbio,2045,2055,0.0,sv_2c_buffer_decoal
R12_WEU,coal_ppl_u_cfbio,2045,2060,0.0,sv_2c_buffer_decoal
R12_WEU,coal_ppl_u_cfbio,2045,2070,0.0,sv_2c_buffer_decoal
R12_WEU,coal_ppl_u_cfbio,2050,2050,0.0,sv_2c_buffer_decoal
R12_WEU,coal_ppl_u_cfbio,2050,2055,0.0,sv_2c_buffer_decoal
R12_WEU,coal_ppl_u_cfbio,2050,2060,0.0,sv_2c_buffer_decoal
R12_WEU,coal_ppl_u_cfbio,2050,2070,0.0,sv_2c_buffer_decoal
R12_WEU,coal_ppl_u_cfbio,2050,2080,0.0,sv_2c_buffer_decoal
R12_WEU,coal_ppl_u_cfbio,2055,2055,0.0,sv_2c_buffer_decoal
R12_WEU,coal_ppl_u_cfbio,2055,2060,0.0,sv_2c_buffer_decoal
R12_WEU,coal_ppl_u_cfbio,2055,2070,0.0,sv_2c_buffer_decoal
R12_WEU,coal_ppl_u_cfbio,2055,2080,0.0,sv_2c_buffer_decoal
R12_WEU,coal_ppl_u_cfbio,2060,2060,0.0,sv_2c_buffer_decoal
R12_WEU,coal_ppl_u_cfbio,2060,2070,0.0,sv_2c_buffer_decoal
R12_WEU,coal_ppl_u_cfbio,2060,2080,0.0,sv_2c_buffer_decoal
R12_WEU,coal_ppl_u_cfbio,2060,2090,0.0,sv_2c_buffer_decoal
R12_WEU,coal_ppl_u_cfbio,2070,2070,0.0,sv_2c_buffer_decoal
R12_WEU,coal_ppl_u_cfbio,2070,2080,0.0,sv_2c_buffer_decoal
R12_WEU,coal_ppl_u_cfbio,2070,2090,0.0,sv_2c_buffer_decoal
R12_WEU,coal_ppl_u_cfbio,2080,2080,0.0,sv_2c_buffer_decoal
R12_WEU,coal_ppl_u_cfbio,2080,2090,0.0,sv_2c_buffer_decoal
R12_WEU,coal_ppl_u_cfbio,2080,2100,0.0,sv_2c_buffer_decoal
R12_WEU,coal_ppl_u_cfbio,2090,2090,0.0,sv_2c_buffer_decoal
R12_WEU,coal_ppl_u_cfbio,2090,2100,0.0,sv_2c_buffer_decoal
R12_WEU,coal_ppl_u_cfbio,2090,2110,0.0,sv_2c_buffer_decoal
R12_WEU,coal_ppl_u_cfbio,2100,2100,0.0,sv_2c_buffer_decoal
R12_WEU,coal_ppl_u_cfbio,2100,2110,0.0,sv_2c_buffer_decoal
R12_WEU,coal_ppl_u_cfbio,2110,2110,0.0,sv_2c_buffer_decoal
R12_WEU,coal_ppl_cfbio,1970,1970,0.0,sv_2c_buffer_decoal
R12_WEU,coal_ppl_cfbio,1975,1975,0.0,sv_2c_buffer_decoal
R12_WEU,coal_ppl_cfbio,1980,1980,0.0,sv_2c_buffer_decoal
R12_WEU,coal_ppl_cfbio,1985,1985,0.0,sv_2c_buffer_decoal
R12_WEU,coal_ppl_cfbio,1990,1990,0.0,sv_2c_buffer_decoal
R12_WEU,coal_ppl_cfbio,1990,2030,0.0,sv_2c_buffer_decoal
R12_WEU,coal_ppl_cfbio,1995,1995,0.0,sv_2c_buffer_decoal
R12_WEU,coal_ppl_cfbio,1995,2030,0.0,sv_2c_buffer_decoal
R12_WEU,coal_ppl_cfbio,2000,2000,0.0,sv_2c_buffer_decoal
R12_WEU,coal_ppl_cfbio,2000,2030,0.0,sv_2c_buffer_decoal
R12_WEU,coal_ppl_cfbio,2000,2035,0.0,sv_2c_buffer_decoal
R12_WEU,coal_ppl_cfbio,2005,2005,0.0,sv_2c_buffer_decoal
R12_WEU,coal_ppl_cfbio,2005,2030,0.0,sv_2c_buffer_decoal
R12_WEU,coal_ppl_cfbio,2005,2035,0.0,sv_2c_buffer_decoal
R12_WEU,coal_ppl_cfbio,2010,2010,0.0,sv_2c_buffer_decoal
R12_WEU,coal_ppl_cfbio,2010,2030,0.0,sv_2c_buffer_decoal
R12_WEU,coal_ppl_cfbio,2010,2035,0.0,sv_2c_buffer_decoal
R12_WEU,coal_ppl_cfbio,2010,2040,0.0,sv_2c_buffer_decoal
R12_WEU,coal_ppl_cfbio,2015,2015,0.0,sv_2c_buffer_decoal
R12_WEU,coal_ppl_cfbio,2015,2030,0.0,sv_2c_buffer_decoal
R12_WEU,coal_ppl_cfbio,2015,2035,0.0,sv_2c_buffer_decoal
R12_WEU,coal_ppl_cfbio,2015,2040,0.0,sv_2c_buffer_decoal
R12_WEU,coal_ppl_cfbio,2020,2020,0.0,sv_2c_buffer_decoal
R12_WEU,coal_ppl_cfbio,2020,2030,0.0,sv_2c_buffer_decoal
R12_WEU,coal_ppl_cfbio,2020,2035,0.0,sv_2c_buffer_decoal
R12_WEU,coal_ppl_cfbio,2020,2040,0.0,sv_2c_buffer_decoal
R12_WEU,coal_ppl_cfbio,2020,2045,0.0,sv_2c_buffer_decoal
R12_WEU,coal_ppl_cfbio,2025,2025,0.0,sv_2c_buffer_decoal
R12_WEU,coal_ppl_cfbio,2025,2030,0.0,sv_2c_buffer_decoal
R12_WEU,coal_ppl_cfbio,2025,2035,0.0,sv_2c_buffer_decoal
R12_WEU,coal_ppl_cfbio,2025,2040,0.0,sv_2c_buffer_decoal
R12_WEU,coal_ppl_cfbio,2025,2045,0.0,sv_2c_buffer_decoal
R12_WEU,coal_ppl_cfbio,2025,2050,0.0,sv_2c_buffer_decoal
R12_WEU,coal_ppl_cfbio,2030,2030,0.0,sv_2c_buffer_decoal
R12_WEU,coal_ppl_cfbio,2030,2035,0.0,sv_2c_buffer_decoal
R12_WEU,coal_ppl_cfbio,2030,2040,0.0,sv_2c_buffer_decoal
R12_WEU,coal_ppl_cfbio,2030,2045,0.0,sv_2c_buffer_decoal
R12_WEU,coal_ppl_cfbio,2030,2050,0.0,sv_2c_buffer_decoal
R12_WEU,coal_ppl_cfbio,2030,2055,0.0,sv_2c_buffer_decoal
R12_WEU,coal_ppl_cfbio,2035,2035,0.0,sv_2c_buffer_decoal
R12_WEU,coal_ppl_cfbio,2035,2040,0.0,sv_2c_buffer_decoal
R12_WEU,coal_ppl_cfbio,2035,2045,0.0,sv_2c_buffer_decoal
R12_WEU,coal_ppl_cfbio,2035,2050,0.0,sv_2c_buffer_decoal
R12_WEU,coal_ppl_cfbio,2035,2055,0.0,sv_2c_buffer_decoal
R12_WEU,coal_ppl_cfbio,2035,2060,0.0,sv_2c_buffer_decoal
R12_WEU,coal_ppl_cfbio,2040,2040,0.0,sv_2c_buffer_decoal
R12_WEU,coal_ppl_cfbio,2040,2045,0.0,sv_2c_buffer_decoal
R12_WEU,coal_ppl_cfbio,2040,2050,0.0,sv_2c_buffer_decoal
R12_WEU,coal_ppl_cfbio,2040,2055,0.0,sv_2c_buffer_decoal
R12_WEU,coal_ppl_cfbio,2040,2060,0.0,sv_2c_buffer_decoal
R12_WEU,coal_ppl_cfbio,2040,2070,0.0,sv_2c_buffer_decoal
R12_WEU,coal_ppl_cfbio,2045,2045,0.0,sv_2c_buffer_decoal
R12_WEU,coal_ppl_cfbio,2045,2050,0.0,sv_2c_buffer_decoal
R12_WEU,coal_ppl_cfbio,2045,2055,0.0,sv_2c_buffer_decoal
R12_WEU,coal_ppl_cfbio,2045,2060,0.0,sv_2c_buffer_decoal
R12_WEU,coal_ppl_cfbio,2045,2070,0.0,sv_2c_buffer_decoal
R12_WEU,coal_ppl_cfbio,2050,2050,0.0,sv_2c_buffer_decoal
R12_WEU,coal_ppl_cfbio,2050,2055,0.0,sv_2c_buffer_decoal
R12_WEU,coal_ppl_cfbio,2050,2060,0.0,sv_2c_buffer_decoal
R12_WEU,coal_ppl_cfbio,2050,2070,0.0,sv_2c_buffer_decoal
R12_WEU,coal_ppl_cfbio,2050,2080,0.0,sv_2c_buffer_decoal
R12_WEU,coal_ppl_cfbio,2055,2055,0.0,sv_2c_buffer_decoal
R12_WEU,coal_ppl_cfbio,2055,2060,0.0,sv_2c_buffer_decoal
R12_WEU,coal_ppl_cfbio,2055,2070,0.0,sv_2c_buffer_decoal
R12_WEU,coal_ppl_cfbio,2055,2080,0.0,sv_2c_buffer_decoal
R12_WEU,coal_ppl_cfbio,2060,2060,0.0,sv_2c_buffer_decoal
R12_WEU,coal_ppl_cfbio,2060,2070,0.0,sv_2c_buffer_decoal
R12_WEU,coal_ppl_cfbio,2060,2080,0.0,sv_2c_buffer_decoal
R12_WEU,coal_ppl_cfbio,2060,2090,0.0,sv_2c_buffer_decoal
R12_WEU,coal_ppl_cfbio,2070,2070,0.0,sv_2c_buffer_decoal
R12_WEU,coal_ppl_cfbio,2070,2080,0.0,sv_2c_buffer_decoal
R12_WEU,coal_ppl_cfbio,2070,2090,0.0,sv_2c_buffer_decoal
R12_WEU,coal_ppl_cfbio,2080,2080,0.0,sv_2c_buffer_decoal
R12_WEU,coal_ppl_cfbio,2080,2090,0.0,sv_2c_buffer_decoal
R12_WEU,coal_ppl_cfbio,2080,2100,0.0,sv_2c_buffer_decoal
R12_WEU,coal_ppl_cfbio,2090,2090,0.0,sv_2c_buffer_decoal
R12_WEU,coal_ppl_cfbio,2090,2100,0.0,sv_2c_buffer_decoal
R12_WEU,coal_ppl_cfbio,2090,2110,0.0,sv_2c_buffer_decoal
R12_WEU,coal_ppl_cfbio,2100,2100,0.0,sv_2c_buffer_decoal
R12_WEU,coal_ppl_cfbio,2100,2110,0.0,sv_2c_buffer_decoal
R12_WEU,coal_ppl_cfbio,2110,2110,0.0,sv_2c_buffer_decoal
R12_WEU,coal_adv_rccs,1970,1970,0.0,sv_2c_buffer_decoal
R12_WEU,coal_adv_rccs,1975,1975,0.0,sv_2c_buffer_decoal
R12_WEU,coal_adv_rccs,1980,1980,0.0,sv_2c_buffer_decoal
R12_WEU,coal_adv_rccs,1985,1985,0.0,sv_2c_buffer_decoal
R12_WEU,coal_adv_rccs,1990,1990,0.0,sv_2c_buffer_decoal
R12_WEU,coal_adv_rccs,1995,1995,0.0,sv_2c_buffer_decoal
R12_WEU,coal_adv_rccs,2000,2000,0.0,sv_2c_buffer_decoal
R12_WEU,coal_adv_rccs,2005,2005,0.0,sv_2c_buffer_decoal
R12_WEU,coal_adv_rccs,2005,2030,0.0,sv_2c_buffer_decoal
R12_WEU,coal_adv_rccs,2010,2010,0.0,sv_2c_buffer_decoal
R12_WEU,coal_adv_rccs,2010,2030,0.0,sv_2c_buffer_decoal
R12_WEU,coal_adv_rccs,2010,2035,0.0,sv_2c_buffer_decoal
R12_WEU,coal_adv_rccs,2015,2015,0.0,sv_2c_buffer_decoal
R12_WEU,coal_adv_rccs,2015,2030,0.0,sv_2c_buffer_decoal
R12_WEU,coal_adv_rccs,2015,2035,0.0,sv_2c_buffer_decoal
R12_WEU,coal_adv_rccs,2015,2040,0.0,sv_2c_buffer_decoal
R12_WEU,coal_adv_rccs,2020,2020,0.0,sv_2c_buffer_decoal
R12_WEU,coal_adv_rccs,2020,2030,0.0,sv_2c_buffer_decoal
R12_WEU,coal_adv_rccs,2020,2035,0.0,sv_2c_buffer_decoal
R12_WEU,coal_adv_rccs,2020,2040,0.0,sv_2c_buffer_decoal
R12_WEU,coal_adv_rccs,2020,2045,0.0,sv_2c_buffer_decoal
R12_WEU,coal_adv_rccs,2025,2025,0.0,sv_2c_buffer_decoal
R12_WEU,coal_adv_rccs,2025,2030,0.0,sv_2c_buffer_decoal
R12_WEU,coal_adv_rccs,2025,2035,0.0,sv_2c_buffer_decoal
R12_WEU,coal_adv_rccs,2025,2040,0.0,sv_2c_buffer_decoal
R12_WEU,coal_adv_rccs,2025,2045,0.0,sv_2c_buffer_decoal
R12_WEU,coal_adv_rccs,2025,2050,0.0,sv_2c_buffer_decoal
R12_WEU,coal_adv_rccs,2030,2030,0.0,sv_2c_buffer_decoal
R12_WEU,coal_adv_rccs,2030,2035,0.0,sv_2c_buffer_decoal
R12_WEU,coal_adv_rccs,2030,2040,0.0,sv_2c_buffer_decoal
R12_WEU,coal_adv_rccs,2030,2045,0.0,sv_2c_buffer_decoal
R12_WEU,coal_adv_rccs,2030,2050,0.0,sv_2c_buffer_decoal
R12_WEU,coal_adv_rccs,2030,2055,0.0,sv_2c_buffer_decoal
R12_WEU,coal_adv_rccs,2035,2035,0.0,sv_2c_buffer_decoal
R12_WEU,coal_adv_rccs,2035,2040,0.0,sv_2c_buffer_decoal
R12_WEU,coal_adv_rccs,2035,2045,0.0,sv_2c_buffer_decoal
R12_WEU,coal_adv_rccs,2035,2050,0.0,sv_2c_buffer_decoal
R12_WEU,coal_adv_rccs,2035,2055,0.0,sv_2c_buffer_decoal
R12_WEU,coal_adv_rccs,2035,2060,0.0,sv_2c_buffer_decoal
R12_WEU,coal_adv_rccs,2040,2040,0.0,sv_2c_buffer_decoal
R12_WEU,coal_adv_rccs,2040,2045,0.0,sv_2c_buffer_decoal
R12_WEU,coal_adv_rccs,2040,2050,0.0,sv_2c_buffer_decoal
R12_WEU,coal_adv_rccs,2040,2055,0.0,sv_2c_buffer_decoal
R12_WEU,coal_adv_rccs,2040,2060,0.0,sv_2c_buffer_decoal
R12_WEU,coal_adv_rccs,2040,2070,0.0,sv_2c_buffer_decoal
R12_WEU,coal_adv_rccs,2045,2045,0.0,sv_2c_buffer_decoal
R12_WEU,coal_adv_rccs,2045,2050,0.0,sv_2c_buffer_decoal
R12_WEU,coal_adv_rccs,2045,2055,0.0,sv_2c_buffer_decoal
R12_WEU,coal_adv_rccs,2045,2060,0.0,sv_2c_buffer_decoal
R12_WEU,coal_adv_rccs,2045,2070,0.0,sv_2c_buffer_decoal
R12_WEU,coal_adv_rccs,2050,2050,0.0,sv_2c_buffer_decoal
R12_WEU,coal_adv_rccs,2050,2055,0.0,sv_2c_buffer_decoal
R12_WEU,coal_adv_rccs,2050,2060,0.0,sv_2c_buffer_decoal
R12_WEU,coal_adv_rccs,2050,2070,0.0,sv_2c_buffer_decoal
R12_WEU,coal_adv_rccs,2050,2080,0.0,sv_2c_buffer_decoal
R12_WEU,coal_adv_rccs,2055,2055,0.0,sv_2c_buffer_decoal
R12_WEU,coal_adv_rccs,2055,2060,0.0,sv_2c_buffer_decoal
R12_WEU,coal_adv_rccs,2055,2070,0.0,sv_2c_buffer_decoal
R12_WEU,coal_adv_rccs,2055,2080,0.0,sv_2c_buffer_decoal
R12_WEU,coal_adv_rccs,2060,2060,0.0,sv_2c_buffer_decoal
R12_WEU,coal_adv_rccs,2060,2070,0.0,sv_2c_buffer_decoal
R12_WEU,coal_adv_rccs,2060,2080,0.0,sv_2c_buffer_decoal
R12_WEU,coal_adv_rccs,2060,2090,0.0,sv_2c_buffer_decoal
R12_WEU,coal_adv_rccs,2070,2070,0.0,sv_2c_buffer_decoal
R12_WEU,coal_adv_rccs,2070,2080,0.0,sv_2c_buffer_decoal
R12_WEU,coal_adv_rccs,2070,2090,0.0,sv_2c_buffer_decoal
R12_WEU,coal_adv_rccs,2080,2080,0.0,sv_2c_buffer_decoal
R12_WEU,coal_adv_rccs,2080,2090,0.0,sv_2c_buffer_decoal
R12_WEU,coal_adv_rccs,2080,2100,0.0,sv_2c_buffer_decoal
R12_WEU,coal_adv_rccs,2090,2090,0.0,sv_2c_buffer_decoal
R12_WEU,coal_adv_rccs,2090,2100,0.0,sv_2c_buffer_decoal
R12_WEU,coal_adv_rccs,2090,2110,0.0,sv_2c_buffer_decoal
R12_WEU,coal_adv_rccs,2100,2100,0.0,sv_2c_buffer_decoal
R12_WEU,coal_adv_rccs,2100,2110,0.0,sv_2c_buffer_decoal
R12_WEU,coal_adv_rccs,2110,2110,0.0,sv_2c_buffer_decoal
R12_FSU,coal_adv,1965,1965,0.0,sv_2c_buffer_decoal
R12_FSU,coal_adv,1970,1970,0.0,sv_2c_buffer_decoal
R12_FSU,coal_adv,1975,1975,0.0,sv_2c_buffer_decoal
R12_FSU,coal_adv,1975,2030,2.540290035011315,sv_2c_buffer_decoal
R12_FSU,coal_adv,1980,1980,0.0,sv_2c_buffer_decoal
R12_FSU,coal_adv,1980,2030,3.0,sv_2c_buffer_decoal
R12_FSU,coal_adv,1985,1985,0.0,sv_2c_buffer_decoal
R12_FSU,coal_adv,1985,2030,3.9000000000000004,sv_2c_buffer_decoal
R12_FSU,coal_adv,1985,2035,3.9000000000000004,sv_2c_buffer_decoal
R12_FSU,coal_adv,1990,1990,0.0,sv_2c_buffer_decoal
R12_FSU,coal_adv,1990,2030,3.125,sv_2c_buffer_decoal
R12_FSU,coal_adv,1990,2035,3.125,sv_2c_buffer_decoal
R12_FSU,coal_adv,1995,1995,0.0,sv_2c_buffer_decoal
R12_FSU,coal_adv,1995,2030,1.3,sv_2c_buffer_decoal
R12_FSU,coal_adv,1995,2035,1.3,sv_2c_buffer_decoal
R12_FSU,coal_adv,1995,2040,1.3,sv_2c_buffer_decoal
R12_FSU,coal_adv,2000,2000,0.0,sv_2c_buffer_decoal
R12_FSU,coal_adv,2000,2030,0.3,sv_2c_buffer_decoal
R12_FSU,coal_adv,2000,2035,0.3,sv_2c_buffer_decoal
R12_FSU,coal_adv,2000,2040,0.3,sv_2c_buffer_decoal
R12_FSU,coal_adv,2005,2005,0.0,sv_2c_buffer_decoal
R12_FSU,coal_adv,2005,2030,0.62,sv_2c_buffer_decoal
R12_FSU,coal_adv,2005,2035,0.62,sv_2c_buffer_decoal
R12_FSU,coal_adv,2005,2040,0.62,sv_2c_buffer_decoal
R12_FSU,coal_adv,2005,2045,0.0,sv_2c_buffer_decoal
R12_FSU,coal_adv,2010,2010,0.0,sv_2c_buffer_decoal
R12_FSU,coal_adv,2010,2030,0.655,sv_2c_buffer_decoal
R12_FSU,coal_adv,2010,2035,0.655,sv_2c_buffer_decoal
R12_FSU,coal_adv,2010,2040,0.655,sv_2c_buffer_decoal
R12_FSU,coal_adv,2010,2045,0.31977355956191583,sv_2c_buffer_decoal
R12_FSU,coal_adv,2015,2015,0.0,sv_2c_buffer_decoal
R12_FSU,coal_adv,2015,2030,2.08,sv_2c_buffer_decoal
R12_FSU,coal_adv,2015,2035,2.08,sv_2c_buffer_decoal
R12_FSU,coal_adv,2015,2040,2.08,sv_2c_buffer_decoal
R12_FSU,coal_adv,2015,2045,2.08,sv_2c_buffer_decoal
R12_FSU,coal_adv,2015,2050,2.08,sv_2c_buffer_decoal
R12_FSU,coal_adv,2020,2020,0.0,sv_2c_buffer_decoal
R12_FSU,coal_adv,2020,2030,0.99,sv_2c_buffer_decoal
R12_FSU,coal_adv,2020,2035,0.99,sv_2c_buffer_decoal
R12_FSU,coal_adv,2020,2040,0.99,sv_2c_buffer_decoal
R12_FSU,coal_adv,2020,2045,0.20628919871314721,sv_2c_buffer_decoal
R12_FSU,coal_adv,2020,2050,0.20628919871314721,sv_2c_buffer_decoal
R12_FSU,coal_adv,2025,2025,0.0,sv_2c_buffer_decoal
R12_FSU,coal_adv,2025,2030,0.0,sv_2c_buffer_decoal
R12_FSU,coal_adv,2025,2035,0.0,sv_2c_buffer_decoal
R12_FSU,coal_adv,2025,2040,0.0,sv_2c_buffer_decoal
R12_FSU,coal_adv,2025,2045,0.0,sv_2c_buffer_decoal
R12_FSU,coal_adv,2025,2050,0.0,sv_2c_buffer_decoal
R12_FSU,coal_adv,2030,2030,0.0,sv_2c_buffer_decoal
R12_FSU,coal_adv,2030,2035,0.0,sv_2c_buffer_decoal
R12_FSU,coal_adv,2030,2040,0.0,sv_2c_buffer_decoal
R12_FSU,coal_adv,2030,2045,0.0,sv_2c_buffer_decoal
R12_FSU,coal_adv,2030,2050,0.0,sv_2c_buffer_decoal
R12_FSU,coal_adv,2030,2055,0.0,sv_2c_buffer_decoal
R12_FSU,coal_adv,2035,2035,0.0,sv_2c_buffer_decoal
R12_FSU,coal_adv,2035,2040,0.0,sv_2c_buffer_decoal
R12_FSU,coal_adv,2035,2045,0.0,sv_2c_buffer_decoal
R12_FSU,coal_adv,2035,2050,0.0,sv_2c_buffer_decoal
R12_FSU,coal_adv,2035,2055,0.0,sv_2c_buffer_decoal
R12_FSU,coal_adv,2035,2060,0.0,sv_2c_buffer_decoal
R12_FSU,coal_adv,2040,2040,0.0,sv_2c_buffer_decoal
R12_FSU,coal_adv,2040,2045,0.0,sv_2c_buffer_decoal
R12_FSU,coal_adv,2040,2050,0.0,sv_2c_buffer_decoal
R12_FSU,coal_adv,2040,2055,0.0,sv_2c_buffer_decoal
R12_FSU,coal_adv,2040,2060,0.0,sv_2c_buffer_decoal
R12_FSU,coal_adv,2040,2070,0.0,sv_2c_buffer_decoal
R12_FSU,coal_adv,2045,2045,0.0,sv_2c_buffer_decoal
R12_FSU,coal_adv,2045,2050,0.0,sv_2c_buffer_decoal
R12_FSU,coal_adv,2045,2055,0.0,sv_2c_buffer_decoal
R12_FSU,coal_adv,2045,2060,0.0,sv_2c_buffer_decoal
R12_FSU,coal_adv,2045,2070,0.0,sv_2c_buffer_decoal
R12_FSU,coal_adv,2050,2050,0.0,sv_2c_buffer_decoal
R12_FSU,coal_adv,2050,2055,0.0,sv_2c_buffer_decoal
R12_FSU,coal_adv,2050,2060,0.0,sv_2c_buffer_decoal
R12_FSU,coal_adv,2050,2070,0.0,sv_2c_buffer_decoal
R12_FSU,coal_adv,2050,2080,0.0,sv_2c_buffer_decoal
R12_FSU,coal_adv,2055,2055,0.0,sv_2c_buffer_decoal
R12_FSU,coal_adv,2055,2060,0.0,sv_2c_buffer_decoal
R12_FSU,coal_adv,2055,2070,0.0,sv_2c_buffer_decoal
R12_FSU,coal_adv,2055,2080,0.0,sv_2c_buffer_decoal
R12_FSU,coal_adv,2060,2060,0.0,sv_2c_buffer_decoal
R12_FSU,coal_adv,2060,2070,0.0,sv_2c_buffer_decoal
R12_FSU,coal_adv,2060,2080,0.0,sv_2c_buffer_decoal
R12_FSU,coal_adv,2060,2090,0.0,sv_2c_buffer_decoal
R12_FSU,coal_adv,2070,2070,0.0,sv_2c_buffer_decoal
R12_FSU,coal_adv,2070,2080,0.0,sv_2c_buffer_decoal
R12_FSU,coal_adv,2070,2090,0.0,sv_2c_buffer_decoal
R12_FSU,coal_adv,2080,2080,0.0,sv_2c_buffer_decoal
R12_FSU,coal_adv,2080,2090,0.0,sv_2c_buffer_decoal
R12_FSU,coal_adv,2080,2100,0.0,sv_2c_buffer_decoal
R12_FSU,coal_adv,2090,2090,0.0,sv_2c_buffer_decoal
R12_FSU,coal_adv,2090,2100,0.0,sv_2c_buffer_decoal
R12_FSU,coal_adv,2090,2110,0.0,sv_2c_buffer_decoal
R12_FSU,coal_adv,2100,2100,0.0,sv_2c_buffer_decoal
R12_FSU,coal_adv,2100,2110,0.0,sv_2c_buffer_decoal
R12_FSU,coal_adv,2110,2110,0.0,sv_2c_buffer_decoal
R12_FSU,coal_adv_ccs,2030,2030,0.0,sv_2c_buffer_decoal
R12_FSU,coal_adv_ccs,2030,2035,0.0,sv_2c_buffer_decoal
R12_FSU,coal_adv_ccs,2030,2040,0.0,sv_2c_buffer_decoal
R12_FSU,coal_adv_ccs,2030,2045,0.0,sv_2c_buffer_decoal
R12_FSU,coal_adv_ccs,2030,2050,0.0,sv_2c_buffer_decoal
R12_FSU,coal_adv_ccs,2030,2055,0.0,sv_2c_buffer_decoal
R12_FSU,coal_adv_ccs,2035,2035,0.0,sv_2c_buffer_decoal
R12_FSU,coal_adv_ccs,2035,2040,0.0,sv_2c_buffer_decoal
R12_FSU,coal_adv_ccs,2035,2045,0.0,sv_2c_buffer_decoal
R12_FSU,coal_adv_ccs,2035,2050,0.0,sv_2c_buffer_decoal
R12_FSU,coal_adv_ccs,2035,2055,0.0,sv_2c_buffer_decoal
R12_FSU,coal_adv_ccs,2035,2060,0.0,sv_2c_buffer_decoal
R12_FSU,coal_adv_ccs,2040,2040,0.0,sv_2c_buffer_decoal
R12_FSU,coal_adv_ccs,2040,2045,0.0,sv_2c_buffer_decoal
R12_FSU,coal_adv_ccs,2040,2050,0.0,sv_2c_buffer_decoal
R12_FSU,coal_adv_ccs,2040,2055,0.0,sv_2c_buffer_decoal
R12_FSU,coal_adv_ccs,2040,2060,0.0,sv_2c_buffer_decoal
R12_FSU,coal_adv_ccs,2040,2070,0.0,sv_2c_buffer_decoal
R12_FSU,coal_adv_ccs,2045,2045,0.0,sv_2c_buffer_decoal
R12_FSU,coal_adv_ccs,2045,2050,0.0,sv_2c_buffer_decoal
R12_FSU,coal_adv_ccs,2045,2055,0.0,sv_2c_buffer_decoal
R12_FSU,coal_adv_ccs,2045,2060,0.0,sv_2c_buffer_decoal
R12_FSU,coal_adv_ccs,2045,2070,0.0,sv_2c_buffer_decoal
R12_FSU,coal_adv_ccs,2050,2050,0.0,sv_2c_buffer_decoal
R12_FSU,coal_adv_ccs,2050,2055,0.0,sv_2c_buffer_decoal
R12_FSU,coal_adv_ccs,2050,2060,0.0,sv_2c_buffer_decoal
R12_FSU,coal_adv_ccs,2050,2070,0.0,sv_2c_buffer_decoal
R12_FSU,coal_adv_ccs,2050,2080,0.0,sv_2c_buffer_decoal
R12_FSU,coal_adv_ccs,2055,2055,0.0,sv_2c_buffer_decoal
R12_FSU,coal_adv_ccs,2055,2060,0.0,sv_2c_buffer_decoal
R12_FSU,coal_adv_ccs,2055,2070,0.0,sv_2c_buffer_decoal
R12_FSU,coal_adv_ccs,2055,2080,0.0,sv_2c_buffer_decoal
R12_FSU,coal_adv_ccs,2060,2060,0.0,sv_2c_buffer_decoal
R12_FSU,coal_adv_ccs,2060,2070,0.0,sv_2c_buffer_decoal
R12_FSU,coal_adv_ccs,2060,2080,0.0,sv_2c_buffer_decoal
R12_FSU,coal_adv_ccs,2060,2090,0.0,sv_2c_buffer_decoal
R12_FSU,coal_adv_ccs,2070,2070,0.0,sv_2c_buffer_decoal
R12_FSU,coal_adv_ccs,2070,2080,0.0,sv_2c_buffer_decoal
R12_FSU,coal_adv_ccs,2070,2090,0.0,sv_2c_buffer_decoal
R12_FSU,coal_adv_ccs,2080,2080,0.0,sv_2c_buffer_decoal
R12_FSU,coal_adv_ccs,2080,2090,0.0,sv_2c_buffer_decoal
R12_FSU,coal_adv_ccs,2080,2100,0.0,sv_2c_buffer_decoal
R12_FSU,coal_adv_ccs,2090,2090,0.0,sv_2c_buffer_decoal
R12_FSU,coal_adv_ccs,2090,2100,0.0,sv_2c_buffer_decoal
R12_FSU,coal_adv_ccs,2090,2110,0.0,sv_2c_buffer_decoal
R12_FSU,coal_adv_ccs,2100,2100,0.0,sv_2c_buffer_decoal
R12_FSU,coal_adv_ccs,2100,2110,0.0,sv_2c_buffer_decoal
R12_FSU,coal_adv_ccs,2110,2110,0.0,sv_2c_buffer_decoal
R12_FSU,coal_ppl,1965,1965,0.0,sv_2c_buffer_decoal
R12_FSU,coal_ppl,1970,1970,0.0,sv_2c_buffer_decoal
R12_FSU,coal_ppl,1975,1975,0.0,sv_2c_buffer_decoal
R12_FSU,coal_ppl,1975,2030,0.0,sv_2c_buffer_decoal
R12_FSU,coal_ppl,1980,1980,0.0,sv_2c_buffer_decoal
R12_FSU,coal_ppl,1980,2030,0.0,sv_2c_buffer_decoal
R12_FSU,coal_ppl,1985,1985,0.0,sv_2c_buffer_decoal
R12_FSU,coal_ppl,1985,2030,0.0,sv_2c_buffer_decoal
R12_FSU,coal_ppl,1985,2035,0.0,sv_2c_buffer_decoal
R12_FSU,coal_ppl,1990,1990,0.0,sv_2c_buffer_decoal
R12_FSU,coal_ppl,1990,2030,0.0,sv_2c_buffer_decoal
R12_FSU,coal_ppl,1990,2035,0.0,sv_2c_buffer_decoal
R12_FSU,coal_ppl,1995,1995,0.0,sv_2c_buffer_decoal
R12_FSU,coal_ppl,1995,2030,0.0,sv_2c_buffer_decoal
R12_FSU,coal_ppl,1995,2035,0.0,sv_2c_buffer_decoal
R12_FSU,coal_ppl,1995,2040,0.0,sv_2c_buffer_decoal
R12_FSU,coal_ppl,2000,2000,0.0,sv_2c_buffer_decoal
R12_FSU,coal_ppl,2000,2030,0.0,sv_2c_buffer_decoal
R12_FSU,coal_ppl,2000,2035,0.0,sv_2c_buffer_decoal
R12_FSU,coal_ppl,2000,2040,0.0,sv_2c_buffer_decoal
R12_FSU,coal_ppl,2005,2005,0.0,sv_2c_buffer_decoal
R12_FSU,coal_ppl,2005,2030,0.0,sv_2c_buffer_decoal
R12_FSU,coal_ppl,2005,2035,0.0,sv_2c_buffer_decoal
R12_FSU,coal_ppl,2005,2040,0.0,sv_2c_buffer_decoal
R12_FSU,coal_ppl,2005,2045,0.0,sv_2c_buffer_decoal
R12_FSU,coal_ppl,2010,2010,0.0,sv_2c_buffer_decoal
R12_FSU,coal_ppl,2010,2030,0.0,sv_2c_buffer_decoal
R12_FSU,coal_ppl,2010,2035,0.0,sv_2c_buffer_decoal
R12_FSU,coal_ppl,2010,2040,0.0,sv_2c_buffer_decoal
R12_FSU,coal_ppl,2010,2045,0.0,sv_2c_buffer_decoal
R12_FSU,coal_ppl,2015,2015,0.0,sv_2c_buffer_decoal
R12_FSU,coal_ppl,2015,2030,0.0,sv_2c_buffer_decoal
R12_FSU,coal_ppl,2015,2035,0.0,sv_2c_buffer_decoal
R12_FSU,coal_ppl,2015,2040,0.0,sv_2c_buffer_decoal
R12_FSU,coal_ppl,2015,2045,0.0,sv_2c_buffer_decoal
R12_FSU,coal_ppl,2015,2050,0.0,sv_2c_buffer_decoal
R12_FSU,coal_ppl,2020,2020,0.0,sv_2c_buffer_decoal
R12_FSU,coal_ppl,2020,2030,0.0,sv_2c_buffer_decoal
R12_FSU,coal_ppl,2020,2035,0.0,sv_2c_buffer_decoal
R12_FSU,coal_ppl,2020,2040,0.0,sv_2c_buffer_decoal
R12_FSU,coal_ppl,2020,2045,0.0,sv_2c_buffer_decoal
R12_FSU,coal_ppl,2020,2050,0.0,sv_2c_buffer_decoal
R12_FSU,coal_ppl,2025,2025,0.0,sv_2c_buffer_decoal
R12_FSU,coal_ppl,2025,2030,0.0,sv_2c_buffer_decoal
R12_FSU,coal_ppl,2025,2035,0.0,sv_2c_buffer_decoal
R12_FSU,coal_ppl,2025,2040,0.0,sv_2c_buffer_decoal
R12_FSU,coal_ppl,2025,2045,0.0,sv_2c_buffer_decoal
R12_FSU,coal_ppl,2025,2050,0.0,sv_2c_buffer_decoal
R12_FSU,coal_ppl,2030,2030,0.0,sv_2c_buffer_decoal
R12_FSU,coal_ppl,2030,2035,0.0,sv_2c_buffer_decoal
R12_FSU,coal_ppl,2030,2040,0.0,sv_2c_buffer_decoal
R12_FSU,coal_ppl,2030,2045,0.0,sv_2c_buffer_decoal
R12_FSU,coal_ppl,2030,2050,0.0,sv_2c_buffer_decoal
R12_FSU,coal_ppl,2030,2055,0.0,sv_2c_buffer_decoal
R12_FSU,coal_ppl,2035,2035,0.0,sv_2c_buffer_decoal
R12_FSU,coal_ppl,2035,2040,0.0,sv_2c_buffer_decoal
R12_FSU,coal_ppl,2035,2045,0.0,sv_2c_buffer_decoal
R12_FSU,coal_ppl,2035,2050,0.0,sv_2c_buffer_decoal
R12_FSU,coal_ppl,2035,2055,0.0,sv_2c_buffer_decoal
R12_FSU,coal_ppl,2035,2060,0.0,sv_2c_buffer_decoal
R12_FSU,coal_ppl,2040,2040,0.0,sv_2c_buffer_decoal
R12_FSU,coal_ppl,2040,2045,0.0,sv_2c_buffer_decoal
R12_FSU,coal_ppl,2040,2050,0.0,sv_2c_buffer_decoal
R12_FSU,coal_ppl,2040,2055,0.0,sv_2c_buffer_decoal
R12_FSU,coal_ppl,2040,2060,0.0,sv_2c_buffer_decoal
R12_FSU,coal_ppl,2040,2070,0.0,sv_2c_buffer_decoal
R12_FSU,coal_ppl,2045,2045,0.0,sv_2c_buffer_decoal
R12_FSU,coal_ppl,2045,2050,0.0,sv_2c_buffer_decoal
R12_FSU,coal_ppl,2045,2055,0.0,sv_2c_buffer_decoal
R12_FSU,coal_ppl,2045,2060,0.0,sv_2c_buffer_decoal
R12_FSU,coal_ppl,2045,2070,0.0,sv_2c_buffer_decoal
R12_FSU,coal_ppl,2050,2050,0.0,sv_2c_buffer_decoal
R12_FSU,coal_ppl,2050,2055,0.0,sv_2c_buffer_decoal
R12_FSU,coal_ppl,2050,2060,0.0,sv_2c_buffer_decoal
R12_FSU,coal_ppl,2050,2070,0.0,sv_2c_buffer_decoal
R12_FSU,coal_ppl,2050,2080,0.0,sv_2c_buffer_decoal
R12_FSU,coal_ppl,2055,2055,0.0,sv_2c_buffer_decoal
R12_FSU,coal_ppl,2055,2060,0.0,sv_2c_buffer_decoal
R12_FSU,coal_ppl,2055,2070,0.0,sv_2c_buffer_decoal
R12_FSU,coal_ppl,2055,2080,0.0,sv_2c_buffer_decoal
R12_FSU,coal_ppl,2060,2060,0.0,sv_2c_buffer_decoal
R12_FSU,coal_ppl,2060,2070,0.0,sv_2c_buffer_decoal
R12_FSU,coal_ppl,2060,2080,0.0,sv_2c_buffer_decoal
R12_FSU,coal_ppl,2060,2090,0.0,sv_2c_buffer_decoal
R12_FSU,coal_ppl,2070,2070,0.0,sv_2c_buffer_decoal
R12_FSU,coal_ppl,2070,2080,0.0,sv_2c_buffer_decoal
R12_FSU,coal_ppl,2070,2090,0.0,sv_2c_buffer_decoal
R12_FSU,coal_ppl,2080,2080,0.0,sv_2c_buffer_decoal
R12_FSU,coal_ppl,2080,2090,0.0,sv_2c_buffer_decoal
R12_FSU,coal_ppl,2080,2100,0.0,sv_2c_buffer_decoal
R12_FSU,coal_ppl,2090,2090,0.0,sv_2c_buffer_decoal
R12_FSU,coal_ppl,2090,2100,0.0,sv_2c_buffer_decoal
R12_FSU,coal_ppl,2090,2110,0.0,sv_2c_buffer_decoal
R12_FSU,coal_ppl,2100,2100,0.0,sv_2c_buffer_decoal
R12_FSU,coal_ppl,2100,2110,0.0,sv_2c_buffer_decoal
R12_FSU,coal_ppl,2110,2110,0.0,sv_2c_buffer_decoal
R12_FSU,coal_ppl_u,1960,1960,0.0,sv_2c_buffer_decoal
R12_FSU,coal_ppl_u,1965,1965,0.0,sv_2c_buffer_decoal
R12_FSU,coal_ppl_u,1970,1970,0.0,sv_2c_buffer_decoal
R12_FSU,coal_ppl_u,1970,2030,0.0,sv_2c_buffer_decoal
R12_FSU,coal_ppl_u,1975,1975,0.0,sv_2c_buffer_decoal
R12_FSU,coal_ppl_u,1975,2030,0.0,sv_2c_buffer_decoal
R12_FSU,coal_ppl_u,1980,1980,0.0,sv_2c_buffer_decoal
R12_FSU,coal_ppl_u,1980,2030,6.189999999999999,sv_2c_buffer_decoal
R12_FSU,coal_ppl_u,1980,2035,6.189999999999999,sv_2c_buffer_decoal
R12_FSU,coal_ppl_u,1985,1985,0.0,sv_2c_buffer_decoal
R12_FSU,coal_ppl_u,1985,2030,5.539000000000001,sv_2c_buffer_decoal
R12_FSU,coal_ppl_u,1985,2035,5.539000000000001,sv_2c_buffer_decoal
R12_FSU,coal_ppl_u,1990,1990,0.0,sv_2c_buffer_decoal
R12_FSU,coal_ppl_u,1990,2030,3.4769999999999994,sv_2c_buffer_decoal
R12_FSU,coal_ppl_u,1990,2035,3.4769999999999994,sv_2c_buffer_decoal
R12_FSU,coal_ppl_u,1990,2040,3.4769999999999994,sv_2c_buffer_decoal
R12_FSU,coal_ppl_u,1995,1995,0.0,sv_2c_buffer_decoal
R12_FSU,coal_ppl_u,1995,2030,1.262,sv_2c_buffer_decoal
R12_FSU,coal_ppl_u,1995,2035,1.262,sv_2c_buffer_decoal
R12_FSU,coal_ppl_u,1995,2040,1.262,sv_2c_buffer_decoal
R12_FSU,coal_ppl_u,2000,2000,0.0,sv_2c_buffer_decoal
R12_FSU,coal_ppl_u,2000,2030,0.576,sv_2c_buffer_decoal
R12_FSU,coal_ppl_u,2000,2035,0.576,sv_2c_buffer_decoal
R12_FSU,coal_ppl_u,2000,2040,0.576,sv_2c_buffer_decoal
R12_FSU,coal_ppl_u,2000,2045,0.576,sv_2c_buffer_decoal
R12_FSU,coal_ppl_u,2005,2005,0.0,sv_2c_buffer_decoal
R12_FSU,coal_ppl_u,2005,2030,1.1223,sv_2c_buffer_decoal
R12_FSU,coal_ppl_u,2005,2035,1.1223,sv_2c_buffer_decoal
R12_FSU,coal_ppl_u,2005,2040,1.1223,sv_2c_buffer_decoal
R12_FSU,coal_ppl_u,2005,2045,1.1223,sv_2c_buffer_decoal
R12_FSU,coal_ppl_u,2010,2010,0.0,sv_2c_buffer_decoal
R12_FSU,coal_ppl_u,2010,2030,0.48600000000000004,sv_2c_buffer_decoal
R12_FSU,coal_ppl_u,2010,2035,0.48600000000000004,sv_2c_buffer_decoal
R12_FSU,coal_ppl_u,2010,2040,0.48600000000000004,sv_2c_buffer_decoal
R12_FSU,coal_ppl_u,2010,2045,0.48600000000000004,sv_2c_buffer_decoal
R12_FSU,coal_ppl_u,2010,2050,0.48600000000000004,sv_2c_buffer_decoal
R12_FSU,coal_ppl_u,2015,2015,0.0,sv_2c_buffer_decoal
R12_FSU,coal_ppl_u,2015,2030,1.959,sv_2c_buffer_decoal
R12_FSU,coal_ppl_u,2015,2035,1.959,sv_2c_buffer_decoal
R12_FSU,coal_ppl_u,2015,2040,1.959,sv_2c_buffer_decoal
R12_FSU,coal_ppl_u,2020,2020,0.0,sv_2c_buffer_decoal
R12_FSU,coal_ppl_u,2020,2030,1.1501000000000001,sv_2c_buffer_decoal
R12_FSU,coal_ppl_u,2020,2035,1.1501000000000001,sv_2c_buffer_decoal
R12_FSU,coal_ppl_u,2020,2040,1.1501000000000001,sv_2c_buffer_decoal
R12_FSU,coal_ppl_u,2020,2045,1.1501000000000001,sv_2c_buffer_decoal
R12_FSU,coal_ppl_u,2025,2025,0.0,sv_2c_buffer_decoal
R12_FSU,coal_ppl_u,2025,2030,0.0,sv_2c_buffer_decoal
R12_FSU,coal_ppl_u,2025,2035,0.0,sv_2c_buffer_decoal
R12_FSU,coal_ppl_u,2025,2040,0.0,sv_2c_buffer_decoal
R12_FSU,coal_ppl_u,2025,2045,0.0,sv_2c_buffer_decoal
R12_FSU,coal_ppl_u,2025,2050,0.0,sv_2c_buffer_decoal
R12_FSU,coal_ppl_u,2030,2030,2.224047037864837,sv_2c_buffer_decoal
R12_FSU,coal_ppl_u,2030,2035,2.224047037864837,sv_2c_buffer_decoal
R12_FSU,coal_ppl_u,2030,2040,2.224047037864837,sv_2c_buffer_decoal
R12_FSU,coal_ppl_u,2030,2045,2.224047037864837,sv_2c_buffer_decoal
R12_FSU,coal_ppl_u,2030,2050,2.224047037864837,sv_2c_buffer_decoal
R12_FSU,coal_ppl_u,2030,2055,0.0,sv_2c_buffer_decoal
R12_FSU,coal_ppl_u,2035,2035,3.2581943328884924,sv_2c_buffer_decoal
R12_FSU,coal_ppl_u,2035,2040,3.2581943328884924,sv_2c_buffer_decoal
R12_FSU,coal_ppl_u,2035,2045,3.2581943328884924,sv_2c_buffer_decoal
R12_FSU,coal_ppl_u,2035,2050,3.2581943328884924,sv_2c_buffer_decoal
R12_FSU,coal_ppl_u,2035,2055,0.0,sv_2c_buffer_decoal
R12_FSU,coal_ppl_u,2035,2060,0.0,sv_2c_buffer_decoal
R12_FSU,coal_ppl_u,2040,2040,0.0,sv_2c_buffer_decoal
R12_FSU,coal_ppl_u,2040,2045,0.0,sv_2c_buffer_decoal
R12_FSU,coal_ppl_u,2040,2050,0.0,sv_2c_buffer_decoal
R12_FSU,coal_ppl_u,2040,2055,0.0,sv_2c_buffer_decoal
R12_FSU,coal_ppl_u,2040,2060,0.0,sv_2c_buffer_decoal
R12_FSU,coal_ppl_u,2040,2070,0.0,sv_2c_buffer_decoal
R12_FSU,coal_ppl_u,2045,2045,0.0,sv_2c_buffer_decoal
R12_FSU,coal_ppl_u,2045,2050,0.0,sv_2c_buffer_decoal
R12_FSU,coal_ppl_u,2045,2055,0.0,sv_2c_buffer_decoal
R12_FSU,coal_ppl_u,2045,2060,0.0,sv_2c_buffer_decoal
R12_FSU,coal_ppl_u,2045,2070,0.0,sv_2c_buffer_decoal
R12_FSU,coal_ppl_u,2050,2050,0.0,sv_2c_buffer_decoal
R12_FSU,coal_ppl_u,2050,2055,0.0,sv_2c_buffer_decoal
R12_FSU,coal_ppl_u,2050,2060,0.0,sv_2c_buffer_decoal
R12_FSU,coal_ppl_u,2050,2070,0.0,sv_2c_buffer_decoal
R12_FSU,coal_ppl_u,2050,2080,0.0,sv_2c_buffer_decoal
R12_FSU,coal_ppl_u,2055,2055,0.0,sv_2c_buffer_decoal
R12_FSU,coal_ppl_u,2055,2060,0.0,sv_2c_buffer_decoal
R12_FSU,coal_ppl_u,2055,2070,0.0,sv_2c_buffer_decoal
R12_FSU,coal_ppl_u,2055,2080,0.0,sv_2c_buffer_decoal
R12_FSU,coal_ppl_u,2060,2060,0.0,sv_2c_buffer_decoal
R12_FSU,coal_ppl_u,2060,2070,0.0,sv_2c_buffer_decoal
R12_FSU,coal_ppl_u,2060,2080,0.0,sv_2c_buffer_decoal
R12_FSU,coal_ppl_u,2060,2090,0.0,sv_2c_buffer_decoal
R12_FSU,coal_ppl_u,2070,2070,0.0,sv_2c_buffer_decoal
R12_FSU,coal_ppl_u,2070,2080,0.0,sv_2c_buffer_decoal
R12_FSU,coal_ppl_u,2070,2090,0.0,sv_2c_buffer_decoal
R12_FSU,coal_ppl_u,2080,2080,0.0,sv_2c_buffer_decoal
R12_FSU,coal_ppl_u,2080,2090,0.0,sv_2c_buffer_decoal
R12_FSU,coal_ppl_u,2080,2100,0.0,sv_2c_buffer_decoal
R12_FSU,coal_ppl_u,2090,2090,0.0,sv_2c_buffer_decoal
R12_FSU,coal_ppl_u,2090,2100,0.0,sv_2c_buffer_decoal
R12_FSU,coal_ppl_u,2090,2110,0.0,sv_2c_buffer_decoal
R12_FSU,coal_ppl_u,2100,2100,0.0,sv_2c_buffer_decoal
R12_FSU,coal_ppl_u,2100,2110,0.0,sv_2c_buffer_decoal
R12_FSU,coal_ppl_u,2110,2110,0.0,sv_2c_buffer_decoal
R12_FSU,igcc,2010,2010,0.0,sv_2c_buffer_decoal
R12_FSU,igcc,2010,2030,0.0,sv_2c_buffer_decoal
R12_FSU,igcc,2010,2035,0.0,sv_2c_buffer_decoal
R12_FSU,igcc,2015,2015,0.0,sv_2c_buffer_decoal
R12_FSU,igcc,2015,2030,0.0,sv_2c_buffer_decoal
R12_FSU,igcc,2015,2035,0.0,sv_2c_buffer_decoal
R12_FSU,igcc,2015,2040,0.0,sv_2c_buffer_decoal
R12_FSU,igcc,2020,2020,0.0,sv_2c_buffer_decoal
R12_FSU,igcc,2020,2030,0.0,sv_2c_buffer_decoal
R12_FSU,igcc,2020,2035,0.0,sv_2c_buffer_decoal
R12_FSU,igcc,2020,2040,0.0,sv_2c_buffer_decoal
R12_FSU,igcc,2020,2045,0.0,sv_2c_buffer_decoal
R12_FSU,igcc,2025,2025,0.0,sv_2c_buffer_decoal
R12_FSU,igcc,2025,2030,0.0,sv_2c_buffer_decoal
R12_FSU,igcc,2025,2035,0.0,sv_2c_buffer_decoal
R12_FSU,igcc,2025,2040,0.0,sv_2c_buffer_decoal
R12_FSU,igcc,2025,2045,0.0,sv_2c_buffer_decoal
R12_FSU,igcc,2025,2050,0.0,sv_2c_buffer_decoal
R12_FSU,igcc,2030,2030,0.0,sv_2c_buffer_decoal
R12_FSU,igcc,2030,2035,0.0,sv_2c_buffer_decoal
R12_FSU,igcc,2030,2040,0.0,sv_2c_buffer_decoal
R12_FSU,igcc,2030,2045,0.0,sv_2c_buffer_decoal
R12_FSU,igcc,2030,2050,0.0,sv_2c_buffer_decoal
R12_FSU,igcc,2030,2055,0.0,sv_2c_buffer_decoal
R12_FSU,igcc,2035,2035,0.0,sv_2c_buffer_decoal
R12_FSU,igcc,2035,2040,0.0,sv_2c_buffer_decoal
R12_FSU,igcc,2035,2045,0.0,sv_2c_buffer_decoal
R12_FSU,igcc,2035,2050,0.0,sv_2c_buffer_decoal
R12_FSU,igcc,2035,2055,0.0,sv_2c_buffer_decoal
R12_FSU,igcc,2035,2060,0.0,sv_2c_buffer_decoal
R12_FSU,igcc,2040,2040,0.0,sv_2c_buffer_decoal
R12_FSU,igcc,2040,2045,0.0,sv_2c_buffer_decoal
R12_FSU,igcc,2040,2050,0.0,sv_2c_buffer_decoal
R12_FSU,igcc,2040,2055,0.0,sv_2c_buffer_decoal
R12_FSU,igcc,2040,2060,0.0,sv_2c_buffer_decoal
R12_FSU,igcc,2040,2070,0.0,sv_2c_buffer_decoal
R12_FSU,igcc,2045,2045,0.0,sv_2c_buffer_decoal
R12_FSU,igcc,2045,2050,0.0,sv_2c_buffer_decoal
R12_FSU,igcc,2045,2055,0.0,sv_2c_buffer_decoal
R12_FSU,igcc,2045,2060,0.0,sv_2c_buffer_decoal
R12_FSU,igcc,2045,2070,0.0,sv_2c_buffer_decoal
R12_FSU,igcc,2050,2050,0.0,sv_2c_buffer_decoal
R12_FSU,igcc,2050,2055,0.0,sv_2c_buffer_decoal
R12_FSU,igcc,2050,2060,0.0,sv_2c_buffer_decoal
R12_FSU,igcc,2050,2070,0.0,sv_2c_buffer_decoal
R12_FSU,igcc,2050,2080,0.0,sv_2c_buffer_decoal
R12_FSU,igcc,2055,2055,0.0,sv_2c_buffer_decoal
R12_FSU,igcc,2055,2060,0.0,sv_2c_buffer_decoal
R12_FSU,igcc,2055,2070,0.0,sv_2c_buffer_decoal
R12_FSU,igcc,2055,2080,0.0,sv_2c_buffer_decoal
R12_FSU,igcc,2060,2060,0.0,sv_2c_buffer_decoal
R12_FSU,igcc,2060,2070,0.0,sv_2c_buffer_decoal
R12_FSU,igcc,2060,2080,0.0,sv_2c_buffer_decoal
R12_FSU,igcc,2060,2090,0.0,sv_2c_buffer_decoal
R12_FSU,igcc,2070,2070,0.0,sv_2c_buffer_decoal
R12_FSU,igcc,2070,2080,0.0,sv_2c_buffer_decoal
R12_FSU,igcc,2070,2090,0.0,sv_2c_buffer_decoal
R12_FSU,igcc,2080,2080,0.0,sv_2c_buffer_decoal
R12_FSU,igcc,2080,2090,0.0,sv_2c_buffer_decoal
R12_FSU,igcc,2080,2100,0.0,sv_2c_buffer_decoal
R12_FSU,igcc,2090,2090,0.0,sv_2c_buffer_decoal
R12_FSU,igcc,2090,2100,0.0,sv_2c_buffer_decoal
R12_FSU,igcc,2090,2110,0.0,sv_2c_buffer_decoal
R12_FSU,igcc,2100,2100,0.0,sv_2c_buffer_decoal
R12_FSU,igcc,2100,2110,0.0,sv_2c_buffer_decoal
R12_FSU,igcc,2110,2110,0.0,sv_2c_buffer_decoal
R12_FSU,igcc_ccs,2030,2030,0.0,sv_2c_buffer_decoal
R12_FSU,igcc_ccs,2030,2035,0.0,sv_2c_buffer_decoal
R12_FSU,igcc_ccs,2030,2040,0.0,sv_2c_buffer_decoal
R12_FSU,igcc_ccs,2030,2045,0.0,sv_2c_buffer_decoal
R12_FSU,igcc_ccs,2030,2050,0.0,sv_2c_buffer_decoal
R12_FSU,igcc_ccs,2030,2055,0.0,sv_2c_buffer_decoal
R12_FSU,igcc_ccs,2035,2035,0.0,sv_2c_buffer_decoal
R12_FSU,igcc_ccs,2035,2040,0.0,sv_2c_buffer_decoal
R12_FSU,igcc_ccs,2035,2045,0.0,sv_2c_buffer_decoal
R12_FSU,igcc_ccs,2035,2050,0.0,sv_2c_buffer_decoal
R12_FSU,igcc_ccs,2035,2055,0.0,sv_2c_buffer_decoal
R12_FSU,igcc_ccs,2035,2060,0.0,sv_2c_buffer_decoal
R12_FSU,igcc_ccs,2040,2040,0.0,sv_2c_buffer_decoal
R12_FSU,igcc_ccs,2040,2045,0.0,sv_2c_buffer_decoal
R12_FSU,igcc_ccs,2040,2050,0.0,sv_2c_buffer_decoal
R12_FSU,igcc_ccs,2040,2055,0.0,sv_2c_buffer_decoal
R12_FSU,igcc_ccs,2040,2060,0.0,sv_2c_buffer_decoal
R12_FSU,igcc_ccs,2040,2070,0.0,sv_2c_buffer_decoal
R12_FSU,igcc_ccs,2045,2045,0.0,sv_2c_buffer_decoal
R12_FSU,igcc_ccs,2045,2050,0.0,sv_2c_buffer_decoal
R12_FSU,igcc_ccs,2045,2055,0.0,sv_2c_buffer_decoal
R12_FSU,igcc_ccs,2045,2060,0.0,sv_2c_buffer_decoal
R12_FSU,igcc_ccs,2045,2070,0.0,sv_2c_buffer_decoal
R12_FSU,igcc_ccs,2050,2050,0.0,sv_2c_buffer_decoal
R12_FSU,igcc_ccs,2050,2055,0.0,sv_2c_buffer_decoal
R12_FSU,igcc_ccs,2050,2060,0.0,sv_2c_buffer_decoal
R12_FSU,igcc_ccs,2050,2070,0.0,sv_2c_buffer_decoal
R12_FSU,igcc_ccs,2050,2080,0.0,sv_2c_buffer_decoal
R12_FSU,igcc_ccs,2055,2055,0.0,sv_2c_buffer_decoal
R12_FSU,igcc_ccs,2055,2060,0.0,sv_2c_buffer_decoal
R12_FSU,igcc_ccs,2055,2070,0.0,sv_2c_buffer_decoal
R12_FSU,igcc_ccs,2055,2080,0.0,sv_2c_buffer_decoal
R12_FSU,igcc_ccs,2060,2060,0.0,sv_2c_buffer_decoal
R12_FSU,igcc_ccs,2060,2070,0.0,sv_2c_buffer_decoal
R12_FSU,igcc_ccs,2060,2080,0.0,sv_2c_buffer_decoal
R12_FSU,igcc_ccs,2060,2090,0.0,sv_2c_buffer_decoal
R12_FSU,igcc_ccs,2070,2070,0.0,sv_2c_buffer_decoal
R12_FSU,igcc_ccs,2070,2080,0.0,sv_2c_buffer_decoal
R12_FSU,igcc_ccs,2070,2090,0.0,sv_2c_buffer_decoal
R12_FSU,igcc_ccs,2080,2080,0.0,sv_2c_buffer_decoal
R12_FSU,igcc_ccs,2080,2090,0.0,sv_2c_buffer_decoal
R12_FSU,igcc_ccs,2080,2100,0.0,sv_2c_buffer_decoal
R12_FSU,igcc_ccs,2090,2090,0.0,sv_2c_buffer_decoal
R12_FSU,igcc_ccs,2090,2100,0.0,sv_2c_buffer_decoal
R12_FSU,igcc_ccs,2090,2110,0.0,sv_2c_buffer_decoal
R12_FSU,igcc_ccs,2100,2100,0.0,sv_2c_buffer_decoal
R12_FSU,igcc_ccs,2100,2110,0.0,sv_2c_buffer_decoal
R12_FSU,igcc_ccs,2110,2110,0.0,sv_2c_buffer_decoal
R12_FSU,coal_adv_cfNH3,1965,1965,0.0,sv_2c_buffer_decoal
R12_FSU,coal_adv_cfNH3,1970,1970,0.0,sv_2c_buffer_decoal
R12_FSU,coal_adv_cfNH3,1975,1975,0.0,sv_2c_buffer_decoal
R12_FSU,coal_adv_cfNH3,1980,1980,0.0,sv_2c_buffer_decoal
R12_FSU,coal_adv_cfNH3,1985,1985,0.0,sv_2c_buffer_decoal
R12_FSU,coal_adv_cfNH3,1990,1990,0.0,sv_2c_buffer_decoal
R12_FSU,coal_adv_cfNH3,1995,1995,0.0,sv_2c_buffer_decoal
R12_FSU,coal_adv_cfNH3,2000,2000,0.0,sv_2c_buffer_decoal
R12_FSU,coal_adv_cfNH3,2005,2005,0.0,sv_2c_buffer_decoal
R12_FSU,coal_adv_cfNH3,2005,2030,0.0,sv_2c_buffer_decoal
R12_FSU,coal_adv_cfNH3,2010,2010,0.0,sv_2c_buffer_decoal
R12_FSU,coal_adv_cfNH3,2010,2030,0.0,sv_2c_buffer_decoal
R12_FSU,coal_adv_cfNH3,2010,2035,0.0,sv_2c_buffer_decoal
R12_FSU,coal_adv_cfNH3,2015,2015,0.0,sv_2c_buffer_decoal
R12_FSU,coal_adv_cfNH3,2015,2030,0.0,sv_2c_buffer_decoal
R12_FSU,coal_adv_cfNH3,2015,2035,0.0,sv_2c_buffer_decoal
R12_FSU,coal_adv_cfNH3,2015,2040,0.0,sv_2c_buffer_decoal
R12_FSU,coal_adv_cfNH3,2020,2020,0.0,sv_2c_buffer_decoal
R12_FSU,coal_adv_cfNH3,2020,2030,0.0,sv_2c_buffer_decoal
R12_FSU,coal_adv_cfNH3,2020,2035,0.0,sv_2c_buffer_decoal
R12_FSU,coal_adv_cfNH3,2020,2040,0.0,sv_2c_buffer_decoal
R12_FSU,coal_adv_cfNH3,2020,2045,0.0,sv_2c_buffer_decoal
R12_FSU,coal_adv_cfNH3,2025,2025,0.0,sv_2c_buffer_decoal
R12_FSU,coal_adv_cfNH3,2025,2030,0.0,sv_2c_buffer_decoal
R12_FSU,coal_adv_cfNH3,2025,2035,0.0,sv_2c_buffer_decoal
R12_FSU,coal_adv_cfNH3,2025,2040,0.0,sv_2c_buffer_decoal
R12_FSU,coal_adv_cfNH3,2025,2045,0.0,sv_2c_buffer_decoal
R12_FSU,coal_adv_cfNH3,2025,2050,0.0,sv_2c_buffer_decoal
R12_FSU,coal_adv_cfNH3,2030,2030,0.0,sv_2c_buffer_decoal
R12_FSU,coal_adv_cfNH3,2030,2035,0.0,sv_2c_buffer_decoal
R12_FSU,coal_adv_cfNH3,2030,2040,0.0,sv_2c_buffer_decoal
R12_FSU,coal_adv_cfNH3,2030,2045,0.0,sv_2c_buffer_decoal
R12_FSU,coal_adv_cfNH3,2030,2050,0.0,sv_2c_buffer_decoal
R12_FSU,coal_adv_cfNH3,2030,2055,0.0,sv_2c_buffer_decoal
R12_FSU,coal_adv_cfNH3,2035,2035,0.0,sv_2c_buffer_decoal
R12_FSU,coal_adv_cfNH3,2035,2040,0.0,sv_2c_buffer_decoal
R12_FSU,coal_adv_cfNH3,2035,2045,0.0,sv_2c_buffer_decoal
R12_FSU,coal_adv_cfNH3,2035,2050,0.0,sv_2c_buffer_decoal
R12_FSU,coal_adv_cfNH3,2035,2055,0.0,sv_2c_buffer_decoal
R12_FSU,coal_adv_cfNH3,2035,2060,0.0,sv_2c_buffer_decoal
R12_FSU,coal_adv_cfNH3,2040,2040,0.0,sv_2c_buffer_decoal
R12_FSU,coal_adv_cfNH3,2040,2045,0.0,sv_2c_buffer_decoal
R12_FSU,coal_adv_cfNH3,2040,2050,0.0,sv_2c_buffer_decoal
R12_FSU,coal_adv_cfNH3,2040,2055,0.0,sv_2c_buffer_decoal
R12_FSU,coal_adv_cfNH3,2040,2060,0.0,sv_2c_buffer_decoal
R12_FSU,coal_adv_cfNH3,2040,2070,0.0,sv_2c_buffer_decoal
R12_FSU,coal_adv_cfNH3,2045,2045,0.0,sv_2c_buffer_decoal
R12_FSU,coal_adv_cfNH3,2045,2050,0.0,sv_2c_buffer_decoal
R12_FSU,coal_adv_cfNH3,2045,2055,0.0,sv_2c_buffer_decoal
R12_FSU,coal_adv_cfNH3,2045,2060,0.0,sv_2c_buffer_decoal
R12_FSU,coal_adv_cfNH3,2045,2070,0.0,sv_2c_buffer_decoal
R12_FSU,coal_adv_cfNH3,2050,2050,0.0,sv_2c_buffer_decoal
R12_FSU,coal_adv_cfNH3,2050,2055,0.0,sv_2c_buffer_decoal
R12_FSU,coal_adv_cfNH3,2050,2060,0.0,sv_2c_buffer_decoal
R12_FSU,coal_adv_cfNH3,2050,2070,0.0,sv_2c_buffer_decoal
R12_FSU,coal_adv_cfNH3,2050,2080,0.0,sv_2c_buffer_decoal
R12_FSU,coal_adv_cfNH3,2055,2055,0.0,sv_2c_buffer_decoal
R12_FSU,coal_adv_cfNH3,2055,2060,0.0,sv_2c_buffer_decoal
R12_FSU,coal_adv_cfNH3,2055,2070,0.0,sv_2c_buffer_decoal
R12_FSU,coal_adv_cfNH3,2055,2080,0.0,sv_2c_buffer_decoal
R12_FSU,coal_adv_cfNH3,2060,2060,0.0,sv_2c_buffer_decoal
R12_FSU,coal_adv_cfNH3,2060,2070,0.0,sv_2c_buffer_decoal
R12_FSU,coal_adv_cfNH3,2060,2080,0.0,sv_2c_buffer_decoal
R12_FSU,coal_adv_cfNH3,2060,2090,0.0,sv_2c_buffer_decoal
R12_FSU,coal_adv_cfNH3,2070,2070,0.0,sv_2c_buffer_decoal
R12_FSU,coal_adv_cfNH3,2070,2080,0.0,sv_2c_buffer_decoal
R12_FSU,coal_adv_cfNH3,2070,2090,0.0,sv_2c_buffer_decoal
R12_FSU,coal_adv_cfNH3,2080,2080,0.0,sv_2c_buffer_decoal
R12_FSU,coal_adv_cfNH3,2080,2090,0.0,sv_2c_buffer_decoal
R12_FSU,coal_adv_cfNH3,2080,2100,0.0,sv_2c_buffer_decoal
R12_FSU,coal_adv_cfNH3,2090,2090,0.0,sv_2c_buffer_decoal
R12_FSU,coal_adv_cfNH3,2090,2100,0.0,sv_2c_buffer_decoal
R12_FSU,coal_adv_cfNH3,2090,2110,0.0,sv_2c_buffer_decoal
R12_FSU,coal_adv_cfNH3,2100,2100,0.0,sv_2c_buffer_decoal
R12_FSU,coal_adv_cfNH3,2100,2110,0.0,sv_2c_buffer_decoal
R12_FSU,coal_adv_cfNH3,2110,2110,0.0,sv_2c_buffer_decoal
R12_FSU,coal_ppl_u_cfNH3,1960,1960,0.0,sv_2c_buffer_decoal
R12_FSU,coal_ppl_u_cfNH3,1965,1965,0.0,sv_2c_buffer_decoal
R12_FSU,coal_ppl_u_cfNH3,1970,1970,0.0,sv_2c_buffer_decoal
R12_FSU,coal_ppl_u_cfNH3,1970,2030,0.0,sv_2c_buffer_decoal
R12_FSU,coal_ppl_u_cfNH3,1975,1975,0.0,sv_2c_buffer_decoal
R12_FSU,coal_ppl_u_cfNH3,1975,2030,0.0,sv_2c_buffer_decoal
R12_FSU,coal_ppl_u_cfNH3,1980,1980,0.0,sv_2c_buffer_decoal
R12_FSU,coal_ppl_u_cfNH3,1980,2030,0.0,sv_2c_buffer_decoal
R12_FSU,coal_ppl_u_cfNH3,1980,2035,0.0,sv_2c_buffer_decoal
R12_FSU,coal_ppl_u_cfNH3,1985,1985,0.0,sv_2c_buffer_decoal
R12_FSU,coal_ppl_u_cfNH3,1985,2030,0.0,sv_2c_buffer_decoal
R12_FSU,coal_ppl_u_cfNH3,1985,2035,0.0,sv_2c_buffer_decoal
R12_FSU,coal_ppl_u_cfNH3,1990,1990,0.0,sv_2c_buffer_decoal
R12_FSU,coal_ppl_u_cfNH3,1990,2030,0.0,sv_2c_buffer_decoal
R12_FSU,coal_ppl_u_cfNH3,1990,2035,0.0,sv_2c_buffer_decoal
R12_FSU,coal_ppl_u_cfNH3,1990,2040,0.0,sv_2c_buffer_decoal
R12_FSU,coal_ppl_u_cfNH3,1995,1995,0.0,sv_2c_buffer_decoal
R12_FSU,coal_ppl_u_cfNH3,1995,2030,0.0,sv_2c_buffer_decoal
R12_FSU,coal_ppl_u_cfNH3,1995,2035,0.0,sv_2c_buffer_decoal
R12_FSU,coal_ppl_u_cfNH3,1995,2040,0.0,sv_2c_buffer_decoal
R12_FSU,coal_ppl_u_cfNH3,2000,2000,0.0,sv_2c_buffer_decoal
R12_FSU,coal_ppl_u_cfNH3,2000,2030,0.0,sv_2c_buffer_decoal
R12_FSU,coal_ppl_u_cfNH3,2000,2035,0.0,sv_2c_buffer_decoal
R12_FSU,coal_ppl_u_cfNH3,2000,2040,0.0,sv_2c_buffer_decoal
R12_FSU,coal_ppl_u_cfNH3,2000,2045,0.0,sv_2c_buffer_decoal
R12_FSU,coal_ppl_u_cfNH3,2005,2005,0.0,sv_2c_buffer_decoal
R12_FSU,coal_ppl_u_cfNH3,2005,2030,0.0,sv_2c_buffer_decoal
R12_FSU,coal_ppl_u_cfNH3,2005,2035,0.0,sv_2c_buffer_decoal
R12_FSU,coal_ppl_u_cfNH3,2005,2040,0.0,sv_2c_buffer_decoal
R12_FSU,coal_ppl_u_cfNH3,2005,2045,0.0,sv_2c_buffer_decoal
R12_FSU,coal_ppl_u_cfNH3,2010,2010,0.0,sv_2c_buffer_decoal
R12_FSU,coal_ppl_u_cfNH3,2010,2030,0.0,sv_2c_buffer_decoal
R12_FSU,coal_ppl_u_cfNH3,2010,2035,0.0,sv_2c_buffer_decoal
R12_FSU,coal_ppl_u_cfNH3,2010,2040,0.0,sv_2c_buffer_decoal
R12_FSU,coal_ppl_u_cfNH3,2010,2045,0.0,sv_2c_buffer_decoal
R12_FSU,coal_ppl_u_cfNH3,2010,2050,0.0,sv_2c_buffer_decoal
R12_FSU,coal_ppl_u_cfNH3,2015,2015,0.0,sv_2c_buffer_decoal
R12_FSU,coal_ppl_u_cfNH3,2015,2030,0.0,sv_2c_buffer_decoal
R12_FSU,coal_ppl_u_cfNH3,2015,2035,0.0,sv_2c_buffer_decoal
R12_FSU,coal_ppl_u_cfNH3,2015,2040,0.0,sv_2c_buffer_decoal
R12_FSU,coal_ppl_u_cfNH3,2015,2045,0.0,sv_2c_buffer_decoal
R12_FSU,coal_ppl_u_cfNH3,2020,2020,0.0,sv_2c_buffer_decoal
R12_FSU,coal_ppl_u_cfNH3,2020,2030,0.0,sv_2c_buffer_decoal
R12_FSU,coal_ppl_u_cfNH3,2020,2035,0.0,sv_2c_buffer_decoal
R12_FSU,coal_ppl_u_cfNH3,2020,2040,0.0,sv_2c_buffer_decoal
R12_FSU,coal_ppl_u_cfNH3,2020,2045,0.0,sv_2c_buffer_decoal
R12_FSU,coal_ppl_u_cfNH3,2025,2025,0.0,sv_2c_buffer_decoal
R12_FSU,coal_ppl_u_cfNH3,2025,2030,0.0,sv_2c_buffer_decoal
R12_FSU,coal_ppl_u_cfNH3,2025,2035,0.0,sv_2c_buffer_decoal
R12_FSU,coal_ppl_u_cfNH3,2025,2040,0.0,sv_2c_buffer_decoal
R12_FSU,coal_ppl_u_cfNH3,2025,2045,0.0,sv_2c_buffer_decoal
R12_FSU,coal_ppl_u_cfNH3,2025,2050,0.0,sv_2c_buffer_decoal
R12_FSU,coal_ppl_u_cfNH3,2030,2030,0.0,sv_2c_buffer_decoal
R12_FSU,coal_ppl_u_cfNH3,2030,2035,0.0,sv_2c_buffer_decoal
R12_FSU,coal_ppl_u_cfNH3,2030,2040,0.0,sv_2c_buffer_decoal
R12_FSU,coal_ppl_u_cfNH3,2030,2045,0.0,sv_2c_buffer_decoal
R12_FSU,coal_ppl_u_cfNH3,2030,2050,0.0,sv_2c_buffer_decoal
R12_FSU,coal_ppl_u_cfNH3,2030,2055,0.0,sv_2c_buffer_decoal
R12_FSU,coal_ppl_u_cfNH3,2035,2035,0.0,sv_2c_buffer_decoal
R12_FSU,coal_ppl_u_cfNH3,2035,2040,0.0,sv_2c_buffer_decoal
R12_FSU,coal_ppl_u_cfNH3,2035,2045,0.0,sv_2c_buffer_decoal
R12_FSU,coal_ppl_u_cfNH3,2035,2050,0.0,sv_2c_buffer_decoal
R12_FSU,coal_ppl_u_cfNH3,2035,2055,0.0,sv_2c_buffer_decoal
R12_FSU,coal_ppl_u_cfNH3,2035,2060,0.0,sv_2c_buffer_decoal
R12_FSU,coal_ppl_u_cfNH3,2040,2040,0.0,sv_2c_buffer_decoal
R12_FSU,coal_ppl_u_cfNH3,2040,2045,0.0,sv_2c_buffer_decoal
R12_FSU,coal_ppl_u_cfNH3,2040,2050,0.0,sv_2c_buffer_decoal
R12_FSU,coal_ppl_u_cfNH3,2040,2055,0.0,sv_2c_buffer_decoal
R12_FSU,coal_ppl_u_cfNH3,2040,2060,0.0,sv_2c_buffer_decoal
R12_FSU,coal_ppl_u_cfNH3,2040,2070,0.0,sv_2c_buffer_decoal
R12_FSU,coal_ppl_u_cfNH3,2045,2045,0.0,sv_2c_buffer_decoal
R12_FSU,coal_ppl_u_cfNH3,2045,2050,0.0,sv_2c_buffer_decoal
R12_FSU,coal_ppl_u_cfNH3,2045,2055,0.0,sv_2c_buffer_decoal
R12_FSU,coal_ppl_u_cfNH3,2045,2060,0.0,sv_2c_buffer_decoal
R12_FSU,coal_ppl_u_cfNH3,2045,2070,0.0,sv_2c_buffer_decoal
R12_FSU,coal_ppl_u_cfNH3,2050,2050,0.0,sv_2c_buffer_decoal
R12_FSU,coal_ppl_u_cfNH3,2050,2055,0.0,sv_2c_buffer_decoal
R12_FSU,coal_ppl_u_cfNH3,2050,2060,0.0,sv_2c_buffer_decoal
R12_FSU,coal_ppl_u_cfNH3,2050,2070,0.0,sv_2c_buffer_decoal
R12_FSU,coal_ppl_u_cfNH3,2050,2080,0.0,sv_2c_buffer_decoal
R12_FSU,coal_ppl_u_cfNH3,2055,2055,0.0,sv_2c_buffer_decoal
R12_FSU,coal_ppl_u_cfNH3,2055,2060,0.0,sv_2c_buffer_decoal
R12_FSU,coal_ppl_u_cfNH3,2055,2070,0.0,sv_2c_buffer_decoal
R12_FSU,coal_ppl_u_cfNH3,2055,2080,0.0,sv_2c_buffer_decoal
R12_FSU,coal_ppl_u_cfNH3,2060,2060,0.0,sv_2c_buffer_decoal
R12_FSU,coal_ppl_u_cfNH3,2060,2070,0.0,sv_2c_buffer_decoal
R12_FSU,coal_ppl_u_cfNH3,2060,2080,0.0,sv_2c_buffer_decoal
R12_FSU,coal_ppl_u_cfNH3,2060,2090,0.0,sv_2c_buffer_decoal
R12_FSU,coal_ppl_u_cfNH3,2070,2070,0.0,sv_2c_buffer_decoal
R12_FSU,coal_ppl_u_cfNH3,2070,2080,0.0,sv_2c_buffer_decoal
R12_FSU,coal_ppl_u_cfNH3,2070,2090,0.0,sv_2c_buffer_decoal
R12_FSU,coal_ppl_u_cfNH3,2080,2080,0.0,sv_2c_buffer_decoal
R12_FSU,coal_ppl_u_cfNH3,2080,2090,0.0,sv_2c_buffer_decoal
R12_FSU,coal_ppl_u_cfNH3,2080,2100,0.0,sv_2c_buffer_decoal
R12_FSU,coal_ppl_u_cfNH3,2090,2090,0.0,sv_2c_buffer_decoal
R12_FSU,coal_ppl_u_cfNH3,2090,2100,0.0,sv_2c_buffer_decoal
R12_FSU,coal_ppl_u_cfNH3,2090,2110,0.0,sv_2c_buffer_decoal
R12_FSU,coal_ppl_u_cfNH3,2100,2100,0.0,sv_2c_buffer_decoal
R12_FSU,coal_ppl_u_cfNH3,2100,2110,0.0,sv_2c_buffer_decoal
R12_FSU,coal_ppl_u_cfNH3,2110,2110,0.0,sv_2c_buffer_decoal
R12_FSU,coal_ppl_cfNH3,1965,1965,0.0,sv_2c_buffer_decoal
R12_FSU,coal_ppl_cfNH3,1970,1970,0.0,sv_2c_buffer_decoal
R12_FSU,coal_ppl_cfNH3,1975,1975,0.0,sv_2c_buffer_decoal
R12_FSU,coal_ppl_cfNH3,1980,1980,0.0,sv_2c_buffer_decoal
R12_FSU,coal_ppl_cfNH3,1985,1985,0.0,sv_2c_buffer_decoal
R12_FSU,coal_ppl_cfNH3,1990,1990,0.0,sv_2c_buffer_decoal
R12_FSU,coal_ppl_cfNH3,1990,2030,0.0,sv_2c_buffer_decoal
R12_FSU,coal_ppl_cfNH3,1995,1995,0.0,sv_2c_buffer_decoal
R12_FSU,coal_ppl_cfNH3,1995,2030,0.0,sv_2c_buffer_decoal
R12_FSU,coal_ppl_cfNH3,2000,2000,0.0,sv_2c_buffer_decoal
R12_FSU,coal_ppl_cfNH3,2000,2030,0.0,sv_2c_buffer_decoal
R12_FSU,coal_ppl_cfNH3,2000,2035,0.0,sv_2c_buffer_decoal
R12_FSU,coal_ppl_cfNH3,2005,2005,0.0,sv_2c_buffer_decoal
R12_FSU,coal_ppl_cfNH3,2005,2030,0.0,sv_2c_buffer_decoal
R12_FSU,coal_ppl_cfNH3,2005,2035,0.0,sv_2c_buffer_decoal
R12_FSU,coal_ppl_cfNH3,2010,2010,0.0,sv_2c_buffer_decoal
R12_FSU,coal_ppl_cfNH3,2010,2030,0.0,sv_2c_buffer_decoal
R12_FSU,coal_ppl_cfNH3,2010,2035,0.0,sv_2c_buffer_decoal
R12_FSU,coal_ppl_cfNH3,2010,2040,0.0,sv_2c_buffer_decoal
R12_FSU,coal_ppl_cfNH3,2015,2015,0.0,sv_2c_buffer_decoal
R12_FSU,coal_ppl_cfNH3,2015,2030,0.0,sv_2c_buffer_decoal
R12_FSU,coal_ppl_cfNH3,2015,2035,0.0,sv_2c_buffer_decoal
R12_FSU,coal_ppl_cfNH3,2015,2040,0.0,sv_2c_buffer_decoal
R12_FSU,coal_ppl_cfNH3,2020,2020,0.0,sv_2c_buffer_decoal
R12_FSU,coal_ppl_cfNH3,2020,2030,0.0,sv_2c_buffer_decoal
R12_FSU,coal_ppl_cfNH3,2020,2035,0.0,sv_2c_buffer_decoal
R12_FSU,coal_ppl_cfNH3,2020,2040,0.0,sv_2c_buffer_decoal
R12_FSU,coal_ppl_cfNH3,2020,2045,0.0,sv_2c_buffer_decoal
R12_FSU,coal_ppl_cfNH3,2025,2025,0.0,sv_2c_buffer_decoal
R12_FSU,coal_ppl_cfNH3,2025,2030,0.0,sv_2c_buffer_decoal
R12_FSU,coal_ppl_cfNH3,2025,2035,0.0,sv_2c_buffer_decoal
R12_FSU,coal_ppl_cfNH3,2025,2040,0.0,sv_2c_buffer_decoal
R12_FSU,coal_ppl_cfNH3,2025,2045,0.0,sv_2c_buffer_decoal
R12_FSU,coal_ppl_cfNH3,2025,2050,0.0,sv_2c_buffer_decoal
R12_FSU,coal_ppl_cfNH3,2030,2030,0.0,sv_2c_buffer_decoal
R12_FSU,coal_ppl_cfNH3,2030,2035,0.0,sv_2c_buffer_decoal
R12_FSU,coal_ppl_cfNH3,2030,2040,0.0,sv_2c_buffer_decoal
R12_FSU,coal_ppl_cfNH3,2030,2045,0.0,sv_2c_buffer_decoal
R12_FSU,coal_ppl_cfNH3,2030,2050,0.0,sv_2c_buffer_decoal
R12_FSU,coal_ppl_cfNH3,2030,2055,0.0,sv_2c_buffer_decoal
R12_FSU,coal_ppl_cfNH3,2035,2035,0.0,sv_2c_buffer_decoal
R12_FSU,coal_ppl_cfNH3,2035,2040,0.0,sv_2c_buffer_decoal
R12_FSU,coal_ppl_cfNH3,2035,2045,0.0,sv_2c_buffer_decoal
R12_FSU,coal_ppl_cfNH3,2035,2050,0.0,sv_2c_buffer_decoal
R12_FSU,coal_ppl_cfNH3,2035,2055,0.0,sv_2c_buffer_decoal
R12_FSU,coal_ppl_cfNH3,2035,2060,0.0,sv_2c_buffer_decoal
R12_FSU,coal_ppl_cfNH3,2040,2040,0.0,sv_2c_buffer_decoal
R12_FSU,coal_ppl_cfNH3,2040,2045,0.0,sv_2c_buffer_decoal
R12_FSU,coal_ppl_cfNH3,2040,2050,0.0,sv_2c_buffer_decoal
R12_FSU,coal_ppl_cfNH3,2040,2055,0.0,sv_2c_buffer_decoal
R12_FSU,coal_ppl_cfNH3,2040,2060,0.0,sv_2c_buffer_decoal
R12_FSU,coal_ppl_cfNH3,2040,2070,0.0,sv_2c_buffer_decoal
R12_FSU,coal_ppl_cfNH3,2045,2045,0.0,sv_2c_buffer_decoal
R12_FSU,coal_ppl_cfNH3,2045,2050,0.0,sv_2c_buffer_decoal
R12_FSU,coal_ppl_cfNH3,2045,2055,0.0,sv_2c_buffer_decoal
R12_FSU,coal_ppl_cfNH3,2045,2060,0.0,sv_2c_buffer_decoal
R12_FSU,coal_ppl_cfNH3,2045,2070,0.0,sv_2c_buffer_decoal
R12_FSU,coal_ppl_cfNH3,2050,2050,0.0,sv_2c_buffer_decoal
R12_FSU,coal_ppl_cfNH3,2050,2055,0.0,sv_2c_buffer_decoal
R12_FSU,coal_ppl_cfNH3,2050,2060,0.0,sv_2c_buffer_decoal
R12_FSU,coal_ppl_cfNH3,2050,2070,0.0,sv_2c_buffer_decoal
R12_FSU,coal_ppl_cfNH3,2050,2080,0.0,sv_2c_buffer_decoal
R12_FSU,coal_ppl_cfNH3,2055,2055,0.0,sv_2c_buffer_decoal
R12_FSU,coal_ppl_cfNH3,2055,2060,0.0,sv_2c_buffer_decoal
R12_FSU,coal_ppl_cfNH3,2055,2070,0.0,sv_2c_buffer_decoal
R12_FSU,coal_ppl_cfNH3,2055,2080,0.0,sv_2c_buffer_decoal
R12_FSU,coal_ppl_cfNH3,2060,2060,0.0,sv_2c_buffer_decoal
R12_FSU,coal_ppl_cfNH3,2060,2070,0.0,sv_2c_buffer_decoal
R12_FSU,coal_ppl_cfNH3,2060,2080,0.0,sv_2c_buffer_decoal
R12_FSU,coal_ppl_cfNH3,2060,2090,0.0,sv_2c_buffer_decoal
R12_FSU,coal_ppl_cfNH3,2070,2070,0.0,sv_2c_buffer_decoal
R12_FSU,coal_ppl_cfNH3,2070,2080,0.0,sv_2c_buffer_decoal
R12_FSU,coal_ppl_cfNH3,2070,2090,0.0,sv_2c_buffer_decoal
R12_FSU,coal_ppl_cfNH3,2080,2080,0.0,sv_2c_buffer_decoal
R12_FSU,coal_ppl_cfNH3,2080,2090,0.0,sv_2c_buffer_decoal
R12_FSU,coal_ppl_cfNH3,2080,2100,0.0,sv_2c_buffer_decoal
R12_FSU,coal_ppl_cfNH3,2090,2090,0.0,sv_2c_buffer_decoal
R12_FSU,coal_ppl_cfNH3,2090,2100,0.0,sv_2c_buffer_decoal
R12_FSU,coal_ppl_cfNH3,2090,2110,0.0,sv_2c_buffer_decoal
R12_FSU,coal_ppl_cfNH3,2100,2100,0.0,sv_2c_buffer_decoal
R12_FSU,coal_ppl_cfNH3,2100,2110,0.0,sv_2c_buffer_decoal
R12_FSU,coal_ppl_cfNH3,2110,2110,0.0,sv_2c_buffer_decoal
R12_FSU,coal_adv_cfbio,1965,1965,0.0,sv_2c_buffer_decoal
R12_FSU,coal_adv_cfbio,1970,1970,0.0,sv_2c_buffer_decoal
R12_FSU,coal_adv_cfbio,1975,1975,0.0,sv_2c_buffer_decoal
R12_FSU,coal_adv_cfbio,1980,1980,0.0,sv_2c_buffer_decoal
R12_FSU,coal_adv_cfbio,1985,1985,0.0,sv_2c_buffer_decoal
R12_FSU,coal_adv_cfbio,1990,1990,0.0,sv_2c_buffer_decoal
R12_FSU,coal_adv_cfbio,1995,1995,0.0,sv_2c_buffer_decoal
R12_FSU,coal_adv_cfbio,2000,2000,0.0,sv_2c_buffer_decoal
R12_FSU,coal_adv_cfbio,2005,2005,0.0,sv_2c_buffer_decoal
R12_FSU,coal_adv_cfbio,2005,2030,0.0,sv_2c_buffer_decoal
R12_FSU,coal_adv_cfbio,2010,2010,0.0,sv_2c_buffer_decoal
R12_FSU,coal_adv_cfbio,2010,2030,0.0,sv_2c_buffer_decoal
R12_FSU,coal_adv_cfbio,2010,2035,0.0,sv_2c_buffer_decoal
R12_FSU,coal_adv_cfbio,2015,2015,0.0,sv_2c_buffer_decoal
R12_FSU,coal_adv_cfbio,2015,2030,0.0,sv_2c_buffer_decoal
R12_FSU,coal_adv_cfbio,2015,2035,0.0,sv_2c_buffer_decoal
R12_FSU,coal_adv_cfbio,2015,2040,0.0,sv_2c_buffer_decoal
R12_FSU,coal_adv_cfbio,2020,2020,0.0,sv_2c_buffer_decoal
R12_FSU,coal_adv_cfbio,2020,2030,0.0,sv_2c_buffer_decoal
R12_FSU,coal_adv_cfbio,2020,2035,0.0,sv_2c_buffer_decoal
R12_FSU,coal_adv_cfbio,2020,2040,0.0,sv_2c_buffer_decoal
R12_FSU,coal_adv_cfbio,2020,2045,0.0,sv_2c_buffer_decoal
R12_FSU,coal_adv_cfbio,2025,2025,0.0,sv_2c_buffer_decoal
R12_FSU,coal_adv_cfbio,2025,2030,0.0,sv_2c_buffer_decoal
R12_FSU,coal_adv_cfbio,2025,2035,0.0,sv_2c_buffer_decoal
R12_FSU,coal_adv_cfbio,2025,2040,0.0,sv_2c_buffer_decoal
R12_FSU,coal_adv_cfbio,2025,2045,0.0,sv_2c_buffer_decoal
R12_FSU,coal_adv_cfbio,2025,2050,0.0,sv_2c_buffer_decoal
R12_FSU,coal_adv_cfbio,2030,2030,0.0,sv_2c_buffer_decoal
R12_FSU,coal_adv_cfbio,2030,2035,0.0,sv_2c_buffer_decoal
R12_FSU,coal_adv_cfbio,2030,2040,0.0,sv_2c_buffer_decoal
R12_FSU,coal_adv_cfbio,2030,2045,0.0,sv_2c_buffer_decoal
R12_FSU,coal_adv_cfbio,2030,2050,0.0,sv_2c_buffer_decoal
R12_FSU,coal_adv_cfbio,2030,2055,0.0,sv_2c_buffer_decoal
R12_FSU,coal_adv_cfbio,2035,2035,0.0,sv_2c_buffer_decoal
R12_FSU,coal_adv_cfbio,2035,2040,0.0,sv_2c_buffer_decoal
R12_FSU,coal_adv_cfbio,2035,2045,0.0,sv_2c_buffer_decoal
R12_FSU,coal_adv_cfbio,2035,2050,0.0,sv_2c_buffer_decoal
R12_FSU,coal_adv_cfbio,2035,2055,0.0,sv_2c_buffer_decoal
R12_FSU,coal_adv_cfbio,2035,2060,0.0,sv_2c_buffer_decoal
R12_FSU,coal_adv_cfbio,2040,2040,0.0,sv_2c_buffer_decoal
R12_FSU,coal_adv_cfbio,2040,2045,0.0,sv_2c_buffer_decoal
R12_FSU,coal_adv_cfbio,2040,2050,0.0,sv_2c_buffer_decoal
R12_FSU,coal_adv_cfbio,2040,2055,0.0,sv_2c_buffer_decoal
R12_FSU,coal_adv_cfbio,2040,2060,0.0,sv_2c_buffer_decoal
R12_FSU,coal_adv_cfbio,2040,2070,0.0,sv_2c_buffer_decoal
R12_FSU,coal_adv_cfbio,2045,2045,0.0,sv_2c_buffer_decoal
R12_FSU,coal_adv_cfbio,2045,2050,0.0,sv_2c_buffer_decoal
R12_FSU,coal_adv_cfbio,2045,2055,0.0,sv_2c_buffer_decoal
R12_FSU,coal_adv_cfbio,2045,2060,0.0,sv_2c_buffer_decoal
R12_FSU,coal_adv_cfbio,2045,2070,0.0,sv_2c_buffer_decoal
R12_FSU,coal_adv_cfbio,2050,2050,0.0,sv_2c_buffer_decoal
R12_FSU,coal_adv_cfbio,2050,2055,0.0,sv_2c_buffer_decoal
R12_FSU,coal_adv_cfbio,2050,2060,0.0,sv_2c_buffer_decoal
R12_FSU,coal_adv_cfbio,2050,2070,0.0,sv_2c_buffer_decoal
R12_FSU,coal_adv_cfbio,2050,2080,0.0,sv_2c_buffer_decoal
R12_FSU,coal_adv_cfbio,2055,2055,0.0,sv_2c_buffer_decoal
R12_FSU,coal_adv_cfbio,2055,2060,0.0,sv_2c_buffer_decoal
R12_FSU,coal_adv_cfbio,2055,2070,0.0,sv_2c_buffer_decoal
R12_FSU,coal_adv_cfbio,2055,2080,0.0,sv_2c_buffer_decoal
R12_FSU,coal_adv_cfbio,2060,2060,0.0,sv_2c_buffer_decoal
R12_FSU,coal_adv_cfbio,2060,2070,0.0,sv_2c_buffer_decoal
R12_FSU,coal_adv_cfbio,2060,2080,0.0,sv_2c_buffer_decoal
R12_FSU,coal_adv_cfbio,2060,2090,0.0,sv_2c_buffer_decoal
R12_FSU,coal_adv_cfbio,2070,2070,0.0,sv_2c_buffer_decoal
R12_FSU,coal_adv_cfbio,2070,2080,0.0,sv_2c_buffer_decoal
R12_FSU,coal_adv_cfbio,2070,2090,0.0,sv_2c_buffer_decoal
R12_FSU,coal_adv_cfbio,2080,2080,0.0,sv_2c_buffer_decoal
R12_FSU,coal_adv_cfbio,2080,2090,0.0,sv_2c_buffer_decoal
R12_FSU,coal_adv_cfbio,2080,2100,0.0,sv_2c_buffer_decoal
R12_FSU,coal_adv_cfbio,2090,2090,0.0,sv_2c_buffer_decoal
R12_FSU,coal_adv_cfbio,2090,2100,0.0,sv_2c_buffer_decoal
R12_FSU,coal_adv_cfbio,2090,2110,0.0,sv_2c_buffer_decoal
R12_FSU,coal_adv_cfbio,2100,2100,0.0,sv_2c_buffer_decoal
R12_FSU,coal_adv_cfbio,2100,2110,0.0,sv_2c_buffer_decoal
R12_FSU,coal_adv_cfbio,2110,2110,0.0,sv_2c_buffer_decoal
R12_FSU,coal_ppl_u_cfbio,1965,1965,0.0,sv_2c_buffer_decoal
R12_FSU,coal_ppl_u_cfbio,1970,1970,0.0,sv_2c_buffer_decoal
R12_FSU,coal_ppl_u_cfbio,1970,2030,0.0,sv_2c_buffer_decoal
R12_FSU,coal_ppl_u_cfbio,1975,1975,0.0,sv_2c_buffer_decoal
R12_FSU,coal_ppl_u_cfbio,1975,2030,0.0,sv_2c_buffer_decoal
R12_FSU,coal_ppl_u_cfbio,1980,1980,0.0,sv_2c_buffer_decoal
R12_FSU,coal_ppl_u_cfbio,1980,2030,0.0,sv_2c_buffer_decoal
R12_FSU,coal_ppl_u_cfbio,1980,2035,0.0,sv_2c_buffer_decoal
R12_FSU,coal_ppl_u_cfbio,1985,1985,0.0,sv_2c_buffer_decoal
R12_FSU,coal_ppl_u_cfbio,1985,2030,0.0,sv_2c_buffer_decoal
R12_FSU,coal_ppl_u_cfbio,1985,2035,0.0,sv_2c_buffer_decoal
R12_FSU,coal_ppl_u_cfbio,1990,1990,0.0,sv_2c_buffer_decoal
R12_FSU,coal_ppl_u_cfbio,1990,2030,0.0,sv_2c_buffer_decoal
R12_FSU,coal_ppl_u_cfbio,1990,2035,0.0,sv_2c_buffer_decoal
R12_FSU,coal_ppl_u_cfbio,1990,2040,0.0,sv_2c_buffer_decoal
R12_FSU,coal_ppl_u_cfbio,1995,1995,0.0,sv_2c_buffer_decoal
R12_FSU,coal_ppl_u_cfbio,1995,2030,0.0,sv_2c_buffer_decoal
R12_FSU,coal_ppl_u_cfbio,1995,2035,0.0,sv_2c_buffer_decoal
R12_FSU,coal_ppl_u_cfbio,1995,2040,0.0,sv_2c_buffer_decoal
R12_FSU,coal_ppl_u_cfbio,2000,2000,0.0,sv_2c_buffer_decoal
R12_FSU,coal_ppl_u_cfbio,2000,2030,0.0,sv_2c_buffer_decoal
R12_FSU,coal_ppl_u_cfbio,2000,2035,0.0,sv_2c_buffer_decoal
R12_FSU,coal_ppl_u_cfbio,2000,2040,0.0,sv_2c_buffer_decoal
R12_FSU,coal_ppl_u_cfbio,2000,2045,0.0,sv_2c_buffer_decoal
R12_FSU,coal_ppl_u_cfbio,2005,2005,0.0,sv_2c_buffer_decoal
R12_FSU,coal_ppl_u_cfbio,2005,2030,0.0,sv_2c_buffer_decoal
R12_FSU,coal_ppl_u_cfbio,2005,2035,0.0,sv_2c_buffer_decoal
R12_FSU,coal_ppl_u_cfbio,2005,2040,0.0,sv_2c_buffer_decoal
R12_FSU,coal_ppl_u_cfbio,2005,2045,0.0,sv_2c_buffer_decoal
R12_FSU,coal_ppl_u_cfbio,2010,2010,0.0,sv_2c_buffer_decoal
R12_FSU,coal_ppl_u_cfbio,2010,2030,0.0,sv_2c_buffer_decoal
R12_FSU,coal_ppl_u_cfbio,2010,2035,0.0,sv_2c_buffer_decoal
R12_FSU,coal_ppl_u_cfbio,2010,2040,0.0,sv_2c_buffer_decoal
R12_FSU,coal_ppl_u_cfbio,2010,2045,0.0,sv_2c_buffer_decoal
R12_FSU,coal_ppl_u_cfbio,2010,2050,0.0,sv_2c_buffer_decoal
R12_FSU,coal_ppl_u_cfbio,2015,2015,0.0,sv_2c_buffer_decoal
R12_FSU,coal_ppl_u_cfbio,2015,2030,0.0,sv_2c_buffer_decoal
R12_FSU,coal_ppl_u_cfbio,2015,2035,0.0,sv_2c_buffer_decoal
R12_FSU,coal_ppl_u_cfbio,2015,2040,0.0,sv_2c_buffer_decoal
R12_FSU,coal_ppl_u_cfbio,2015,2045,0.0,sv_2c_buffer_decoal
R12_FSU,coal_ppl_u_cfbio,2020,2020,0.0,sv_2c_buffer_decoal
R12_FSU,coal_ppl_u_cfbio,2020,2030,0.0,sv_2c_buffer_decoal
R12_FSU,coal_ppl_u_cfbio,2020,2035,0.0,sv_2c_buffer_decoal
R12_FSU,coal_ppl_u_cfbio,2020,2040,0.0,sv_2c_buffer_decoal
R12_FSU,coal_ppl_u_cfbio,2020,2045,0.0,sv_2c_buffer_decoal
R12_FSU,coal_ppl_u_cfbio,2025,2025,0.0,sv_2c_buffer_decoal
R12_FSU,coal_ppl_u_cfbio,2025,2030,0.0,sv_2c_buffer_decoal
R12_FSU,coal_ppl_u_cfbio,2025,2035,0.0,sv_2c_buffer_decoal
R12_FSU,coal_ppl_u_cfbio,2025,2040,0.0,sv_2c_buffer_decoal
R12_FSU,coal_ppl_u_cfbio,2025,2045,0.0,sv_2c_buffer_decoal
R12_FSU,coal_ppl_u_cfbio,2025,2050,0.0,sv_2c_buffer_decoal
R12_FSU,coal_ppl_u_cfbio,2030,2030,0.0,sv_2c_buffer_decoal
R12_FSU,coal_ppl_u_cfbio,2030,2035,0.0,sv_2c_buffer_decoal
R12_FSU,coal_ppl_u_cfbio,2030,2040,0.0,sv_2c_buffer_decoal
R12_FSU,coal_ppl_u_cfbio,2030,2045,0.0,sv_2c_buffer_decoal
R12_FSU,coal_ppl_u_cfbio,2030,2050,0.0,sv_2c_buffer_decoal
R12_FSU,coal_ppl_u_cfbio,2030,2055,0.0,sv_2c_buffer_decoal
R12_FSU,coal_ppl_u_cfbio,2035,2035,0.0,sv_2c_buffer_decoal
R12_FSU,coal_ppl_u_cfbio,2035,2040,0.0,sv_2c_buffer_decoal
R12_FSU,coal_ppl_u_cfbio,2035,2045,0.0,sv_2c_buffer_decoal
R12_FSU,coal_ppl_u_cfbio,2035,2050,0.0,sv_2c_buffer_decoal
R12_FSU,coal_ppl_u_cfbio,2035,2055,0.0,sv_2c_buffer_decoal
R12_FSU,coal_ppl_u_cfbio,2035,2060,0.0,sv_2c_buffer_decoal
R12_FSU,coal_ppl_u_cfbio,2040,2040,0.0,sv_2c_buffer_decoal
R12_FSU,coal_ppl_u_cfbio,2040,2045,0.0,sv_2c_buffer_decoal
R12_FSU,coal_ppl_u_cfbio,2040,2050,0.0,sv_2c_buffer_decoal
R12_FSU,coal_ppl_u_cfbio,2040,2055,0.0,sv_2c_buffer_decoal
R12_FSU,coal_ppl_u_cfbio,2040,2060,0.0,sv_2c_buffer_decoal
R12_FSU,coal_ppl_u_cfbio,2040,2070,0.0,sv_2c_buffer_decoal
R12_FSU,coal_ppl_u_cfbio,2045,2045,0.0,sv_2c_buffer_decoal
R12_FSU,coal_ppl_u_cfbio,2045,2050,0.0,sv_2c_buffer_decoal
R12_FSU,coal_ppl_u_cfbio,2045,2055,0.0,sv_2c_buffer_decoal
R12_FSU,coal_ppl_u_cfbio,2045,2060,0.0,sv_2c_buffer_decoal
R12_FSU,coal_ppl_u_cfbio,2045,2070,0.0,sv_2c_buffer_decoal
R12_FSU,coal_ppl_u_cfbio,2050,2050,0.0,sv_2c_buffer_decoal
R12_FSU,coal_ppl_u_cfbio,2050,2055,0.0,sv_2c_buffer_decoal
R12_FSU,coal_ppl_u_cfbio,2050,2060,0.0,sv_2c_buffer_decoal
R12_FSU,coal_ppl_u_cfbio,2050,2070,0.0,sv_2c_buffer_decoal
R12_FSU,coal_ppl_u_cfbio,2050,2080,0.0,sv_2c_buffer_decoal
R12_FSU,coal_ppl_u_cfbio,2055,2055,0.0,sv_2c_buffer_decoal
R12_FSU,coal_ppl_u_cfbio,2055,2060,0.0,sv_2c_buffer_decoal
R12_FSU,coal_ppl_u_cfbio,2055,2070,0.0,sv_2c_buffer_decoal
R12_FSU,coal_ppl_u_cfbio,2055,2080,0.0,sv_2c_buffer_decoal
R12_FSU,coal_ppl_u_cfbio,2060,2060,0.0,sv_2c_buffer_decoal
R12_FSU,coal_ppl_u_cfbio,2060,2070,0.0,sv_2c_buffer_decoal
R12_FSU,coal_ppl_u_cfbio,2060,2080,0.0,sv_2c_buffer_decoal
R12_FSU,coal_ppl_u_cfbio,2060,2090,0.0,sv_2c_buffer_decoal
R12_FSU,coal_ppl_u_cfbio,2070,2070,0.0,sv_2c_buffer_decoal
R12_FSU,coal_ppl_u_cfbio,2070,2080,0.0,sv_2c_buffer_decoal
R12_FSU,coal_ppl_u_cfbio,2070,2090,0.0,sv_2c_buffer_decoal
R12_FSU,coal_ppl_u_cfbio,2080,2080,0.0,sv_2c_buffer_decoal
R12_FSU,coal_ppl_u_cfbio,2080,2090,0.0,sv_2c_buffer_decoal
R12_FSU,coal_ppl_u_cfbio,2080,2100,0.0,sv_2c_buffer_decoal
R12_FSU,coal_ppl_u_cfbio,2090,2090,0.0,sv_2c_buffer_decoal
R12_FSU,coal_ppl_u_cfbio,2090,2100,0.0,sv_2c_buffer_decoal
R12_FSU,coal_ppl_u_cfbio,2090,2110,0.0,sv_2c_buffer_decoal
R12_FSU,coal_ppl_u_cfbio,2100,2100,0.0,sv_2c_buffer_decoal
R12_FSU,coal_ppl_u_cfbio,2100,2110,0.0,sv_2c_buffer_decoal
R12_FSU,coal_ppl_u_cfbio,2110,2110,0.0,sv_2c_buffer_decoal
R12_FSU,coal_ppl_cfbio,1965,1965,0.0,sv_2c_buffer_decoal
R12_FSU,coal_ppl_cfbio,1970,1970,0.0,sv_2c_buffer_decoal
R12_FSU,coal_ppl_cfbio,1975,1975,0.0,sv_2c_buffer_decoal
R12_FSU,coal_ppl_cfbio,1980,1980,0.0,sv_2c_buffer_decoal
R12_FSU,coal_ppl_cfbio,1985,1985,0.0,sv_2c_buffer_decoal
R12_FSU,coal_ppl_cfbio,1990,1990,0.0,sv_2c_buffer_decoal
R12_FSU,coal_ppl_cfbio,1990,2030,0.0,sv_2c_buffer_decoal
R12_FSU,coal_ppl_cfbio,1995,1995,0.0,sv_2c_buffer_decoal
R12_FSU,coal_ppl_cfbio,1995,2030,0.0,sv_2c_buffer_decoal
R12_FSU,coal_ppl_cfbio,2000,2000,0.0,sv_2c_buffer_decoal
R12_FSU,coal_ppl_cfbio,2000,2030,0.0,sv_2c_buffer_decoal
R12_FSU,coal_ppl_cfbio,2000,2035,0.0,sv_2c_buffer_decoal
R12_FSU,coal_ppl_cfbio,2005,2005,0.0,sv_2c_buffer_decoal
R12_FSU,coal_ppl_cfbio,2005,2030,0.0,sv_2c_buffer_decoal
R12_FSU,coal_ppl_cfbio,2005,2035,0.0,sv_2c_buffer_decoal
R12_FSU,coal_ppl_cfbio,2010,2010,0.0,sv_2c_buffer_decoal
R12_FSU,coal_ppl_cfbio,2010,2030,0.0,sv_2c_buffer_decoal
R12_FSU,coal_ppl_cfbio,2010,2035,0.0,sv_2c_buffer_decoal
R12_FSU,coal_ppl_cfbio,2010,2040,0.0,sv_2c_buffer_decoal
R12_FSU,coal_ppl_cfbio,2015,2015,0.0,sv_2c_buffer_decoal
R12_FSU,coal_ppl_cfbio,2015,2030,0.0,sv_2c_buffer_decoal
R12_FSU,coal_ppl_cfbio,2015,2035,0.0,sv_2c_buffer_decoal
R12_FSU,coal_ppl_cfbio,2015,2040,0.0,sv_2c_buffer_decoal
R12_FSU,coal_ppl_cfbio,2020,2020,0.0,sv_2c_buffer_decoal
R12_FSU,coal_ppl_cfbio,2020,2030,0.0,sv_2c_buffer_decoal
R12_FSU,coal_ppl_cfbio,2020,2035,0.0,sv_2c_buffer_decoal
R12_FSU,coal_ppl_cfbio,2020,2040,0.0,sv_2c_buffer_decoal
R12_FSU,coal_ppl_cfbio,2020,2045,0.0,sv_2c_buffer_decoal
R12_FSU,coal_ppl_cfbio,2025,2025,0.0,sv_2c_buffer_decoal
R12_FSU,coal_ppl_cfbio,2025,2030,0.0,sv_2c_buffer_decoal
R12_FSU,coal_ppl_cfbio,2025,2035,0.0,sv_2c_buffer_decoal
R12_FSU,coal_ppl_cfbio,2025,2040,0.0,sv_2c_buffer_decoal
R12_FSU,coal_ppl_cfbio,2025,2045,0.0,sv_2c_buffer_decoal
R12_FSU,coal_ppl_cfbio,2025,2050,0.0,sv_2c_buffer_decoal
R12_FSU,coal_ppl_cfbio,2030,2030,0.0,sv_2c_buffer_decoal
R12_FSU,coal_ppl_cfbio,2030,2035,0.0,sv_2c_buffer_decoal
R12_FSU,coal_ppl_cfbio,2030,2040,0.0,sv_2c_buffer_decoal
R12_FSU,coal_ppl_cfbio,2030,2045,0.0,sv_2c_buffer_decoal
R12_FSU,coal_ppl_cfbio,2030,2050,0.0,sv_2c_buffer_decoal
R12_FSU,coal_ppl_cfbio,2030,2055,0.0,sv_2c_buffer_decoal
R12_FSU,coal_ppl_cfbio,2035,2035,0.0,sv_2c_buffer_decoal
R12_FSU,coal_ppl_cfbio,2035,2040,0.0,sv_2c_buffer_decoal
R12_FSU,coal_ppl_cfbio,2035,2045,0.0,sv_2c_buffer_decoal
R12_FSU,coal_ppl_cfbio,2035,2050,0.0,sv_2c_buffer_decoal
R12_FSU,coal_ppl_cfbio,2035,2055,0.0,sv_2c_buffer_decoal
R12_FSU,coal_ppl_cfbio,2035,2060,0.0,sv_2c_buffer_decoal
R12_FSU,coal_ppl_cfbio,2040,2040,0.0,sv_2c_buffer_decoal
R12_FSU,coal_ppl_cfbio,2040,2045,0.0,sv_2c_buffer_decoal
R12_FSU,coal_ppl_cfbio,2040,2050,0.0,sv_2c_buffer_decoal
R12_FSU,coal_ppl_cfbio,2040,2055,0.0,sv_2c_buffer_decoal
R12_FSU,coal_ppl_cfbio,2040,2060,0.0,sv_2c_buffer_decoal
R12_FSU,coal_ppl_cfbio,2040,2070,0.0,sv_2c_buffer_decoal
R12_FSU,coal_ppl_cfbio,2045,2045,0.0,sv_2c_buffer_decoal
R12_FSU,coal_ppl_cfbio,2045,2050,0.0,sv_2c_buffer_decoal
R12_FSU,coal_ppl_cfbio,2045,2055,0.0,sv_2c_buffer_decoal
R12_FSU,coal_ppl_cfbio,2045,2060,0.0,sv_2c_buffer_decoal
R12_FSU,coal_ppl_cfbio,2045,2070,0.0,sv_2c_buffer_decoal
R12_FSU,coal_ppl_cfbio,2050,2050,0.0,sv_2c_buffer_decoal
R12_FSU,coal_ppl_cfbio,2050,2055,0.0,sv_2c_buffer_decoal
R12_FSU,coal_ppl_cfbio,2050,2060,0.0,sv_2c_buffer_decoal
R12_FSU,coal_ppl_cfbio,2050,2070,0.0,sv_2c_buffer_decoal
R12_FSU,coal_ppl_cfbio,2050,2080,0.0,sv_2c_buffer_decoal
R12_FSU,coal_ppl_cfbio,2055,2055,0.0,sv_2c_buffer_decoal
R12_FSU,coal_ppl_cfbio,2055,2060,0.0,sv_2c_buffer_decoal
R12_FSU,coal_ppl_cfbio,2055,2070,0.0,sv_2c_buffer_decoal
R12_FSU,coal_ppl_cfbio,2055,2080,0.0,sv_2c_buffer_decoal
R12_FSU,coal_ppl_cfbio,2060,2060,0.0,sv_2c_buffer_decoal
R12_FSU,coal_ppl_cfbio,2060,2070,0.0,sv_2c_buffer_decoal
R12_FSU,coal_ppl_cfbio,2060,2080,0.0,sv_2c_buffer_decoal
R12_FSU,coal_ppl_cfbio,2060,2090,0.0,sv_2c_buffer_decoal
R12_FSU,coal_ppl_cfbio,2070,2070,0.0,sv_2c_buffer_decoal
R12_FSU,coal_ppl_cfbio,2070,2080,0.0,sv_2c_buffer_decoal
R12_FSU,coal_ppl_cfbio,2070,2090,0.0,sv_2c_buffer_decoal
R12_FSU,coal_ppl_cfbio,2080,2080,0.0,sv_2c_buffer_decoal
R12_FSU,coal_ppl_cfbio,2080,2090,0.0,sv_2c_buffer_decoal
R12_FSU,coal_ppl_cfbio,2080,2100,0.0,sv_2c_buffer_decoal
R12_FSU,coal_ppl_cfbio,2090,2090,0.0,sv_2c_buffer_decoal
R12_FSU,coal_ppl_cfbio,2090,2100,0.0,sv_2c_buffer_decoal
R12_FSU,coal_ppl_cfbio,2090,2110,0.0,sv_2c_buffer_decoal
R12_FSU,coal_ppl_cfbio,2100,2100,0.0,sv_2c_buffer_decoal
R12_FSU,coal_ppl_cfbio,2100,2110,0.0,sv_2c_buffer_decoal
R12_FSU,coal_ppl_cfbio,2110,2110,0.0,sv_2c_buffer_decoal
R12_FSU,coal_adv_rccs,1965,1965,0.0,sv_2c_buffer_decoal
R12_FSU,coal_adv_rccs,1970,1970,0.0,sv_2c_buffer_decoal
R12_FSU,coal_adv_rccs,1975,1975,0.0,sv_2c_buffer_decoal
R12_FSU,coal_adv_rccs,1980,1980,0.0,sv_2c_buffer_decoal
R12_FSU,coal_adv_rccs,1985,1985,0.0,sv_2c_buffer_decoal
R12_FSU,coal_adv_rccs,1990,1990,0.0,sv_2c_buffer_decoal
R12_FSU,coal_adv_rccs,1995,1995,0.0,sv_2c_buffer_decoal
R12_FSU,coal_adv_rccs,2000,2000,0.0,sv_2c_buffer_decoal
R12_FSU,coal_adv_rccs,2005,2005,0.0,sv_2c_buffer_decoal
R12_FSU,coal_adv_rccs,2005,2030,0.0,sv_2c_buffer_decoal
R12_FSU,coal_adv_rccs,2010,2010,0.0,sv_2c_buffer_decoal
R12_FSU,coal_adv_rccs,2010,2030,0.0,sv_2c_buffer_decoal
R12_FSU,coal_adv_rccs,2010,2035,0.0,sv_2c_buffer_decoal
R12_FSU,coal_adv_rccs,2015,2015,0.0,sv_2c_buffer_decoal
R12_FSU,coal_adv_rccs,2015,2030,0.0,sv_2c_buffer_decoal
R12_FSU,coal_adv_rccs,2015,2035,0.0,sv_2c_buffer_decoal
R12_FSU,coal_adv_rccs,2015,2040,0.0,sv_2c_buffer_decoal
R12_FSU,coal_adv_rccs,2020,2020,0.0,sv_2c_buffer_decoal
R12_FSU,coal_adv_rccs,2020,2030,0.0,sv_2c_buffer_decoal
R12_FSU,coal_adv_rccs,2020,2035,0.0,sv_2c_buffer_decoal
R12_FSU,coal_adv_rccs,2020,2040,0.0,sv_2c_buffer_decoal
R12_FSU,coal_adv_rccs,2020,2045,0.0,sv_2c_buffer_decoal
R12_FSU,coal_adv_rccs,2025,2025,0.0,sv_2c_buffer_decoal
R12_FSU,coal_adv_rccs,2025,2030,0.0,sv_2c_buffer_decoal
R12_FSU,coal_adv_rccs,2025,2035,0.0,sv_2c_buffer_decoal
R12_FSU,coal_adv_rccs,2025,2040,0.0,sv_2c_buffer_decoal
R12_FSU,coal_adv_rccs,2025,2045,0.0,sv_2c_buffer_decoal
R12_FSU,coal_adv_rccs,2025,2050,0.0,sv_2c_buffer_decoal
R12_FSU,coal_adv_rccs,2030,2030,0.0,sv_2c_buffer_decoal
R12_FSU,coal_adv_rccs,2030,2035,0.0,sv_2c_buffer_decoal
R12_FSU,coal_adv_rccs,2030,2040,0.0,sv_2c_buffer_decoal
R12_FSU,coal_adv_rccs,2030,2045,0.0,sv_2c_buffer_decoal
R12_FSU,coal_adv_rccs,2030,2050,0.0,sv_2c_buffer_decoal
R12_FSU,coal_adv_rccs,2030,2055,0.0,sv_2c_buffer_decoal
R12_FSU,coal_adv_rccs,2035,2035,0.0,sv_2c_buffer_decoal
R12_FSU,coal_adv_rccs,2035,2040,0.0,sv_2c_buffer_decoal
R12_FSU,coal_adv_rccs,2035,2045,0.0,sv_2c_buffer_decoal
R12_FSU,coal_adv_rccs,2035,2050,0.0,sv_2c_buffer_decoal
R12_FSU,coal_adv_rccs,2035,2055,0.0,sv_2c_buffer_decoal
R12_FSU,coal_adv_rccs,2035,2060,0.0,sv_2c_buffer_decoal
R12_FSU,coal_adv_rccs,2040,2040,0.0,sv_2c_buffer_decoal
R12_FSU,coal_adv_rccs,2040,2045,0.0,sv_2c_buffer_decoal
R12_FSU,coal_adv_rccs,2040,2050,0.0,sv_2c_buffer_decoal
R12_FSU,coal_adv_rccs,2040,2055,0.0,sv_2c_buffer_decoal
R12_FSU,coal_adv_rccs,2040,2060,0.0,sv_2c_buffer_decoal
R12_FSU,coal_adv_rccs,2040,2070,0.0,sv_2c_buffer_decoal
R12_FSU,coal_adv_rccs,2045,2045,0.0,sv_2c_buffer_decoal
R12_FSU,coal_adv_rccs,2045,2050,0.0,sv_2c_buffer_decoal
R12_FSU,coal_adv_rccs,2045,2055,0.0,sv_2c_buffer_decoal
R12_FSU,coal_adv_rccs,2045,2060,0.0,sv_2c_buffer_decoal
R12_FSU,coal_adv_rccs,2045,2070,0.0,sv_2c_buffer_decoal
R12_FSU,coal_adv_rccs,2050,2050,0.0,sv_2c_buffer_decoal
R12_FSU,coal_adv_rccs,2050,2055,0.0,sv_2c_buffer_decoal
R12_FSU,coal_adv_rccs,2050,2060,0.0,sv_2c_buffer_decoal
R12_FSU,coal_adv_rccs,2050,2070,0.0,sv_2c_buffer_decoal
R12_FSU,coal_adv_rccs,2050,2080,0.0,sv_2c_buffer_decoal
R12_FSU,coal_adv_rccs,2055,2055,0.0,sv_2c_buffer_decoal
R12_FSU,coal_adv_rccs,2055,2060,0.0,sv_2c_buffer_decoal
R12_FSU,coal_adv_rccs,2055,2070,0.0,sv_2c_buffer_decoal
R12_FSU,coal_adv_rccs,2055,2080,0.0,sv_2c_buffer_decoal
R12_FSU,coal_adv_rccs,2060,2060,0.0,sv_2c_buffer_decoal
R12_FSU,coal_adv_rccs,2060,2070,0.0,sv_2c_buffer_decoal
R12_FSU,coal_adv_rccs,2060,2080,0.0,sv_2c_buffer_decoal
R12_FSU,coal_adv_rccs,2060,2090,0.0,sv_2c_buffer_decoal
R12_FSU,coal_adv_rccs,2070,2070,0.0,sv_2c_buffer_decoal
R12_FSU,coal_adv_rccs,2070,2080,0.0,sv_2c_buffer_decoal
R12_FSU,coal_adv_rccs,2070,2090,0.0,sv_2c_buffer_decoal
R12_FSU,coal_adv_rccs,2080,2080,0.0,sv_2c_buffer_decoal
R12_FSU,coal_adv_rccs,2080,2090,0.0,sv_2c_buffer_decoal
R12_FSU,coal_adv_rccs,2080,2100,0.0,sv_2c_buffer_decoal
R12_FSU,coal_adv_rccs,2090,2090,0.0,sv_2c_buffer_decoal
R12_FSU,coal_adv_rccs,2090,2100,0.0,sv_2c_buffer_decoal
R12_FSU,coal_adv_rccs,2090,2110,0.0,sv_2c_buffer_decoal
R12_FSU,coal_adv_rccs,2100,2100,0.0,sv_2c_buffer_decoal
R12_FSU,coal_adv_rccs,2100,2110,0.0,sv_2c_buffer_decoal
R12_FSU,coal_adv_rccs,2110,2110,0.0,sv_2c_buffer_decoal
R12_PAO,coal_adv,1985,1985,0.0,sv_2c_buffer_decoal
R12_PAO,coal_adv,1990,1990,0.0,sv_2c_buffer_decoal
R12_PAO,coal_adv,1995,1995,0.0,sv_2c_buffer_decoal
R12_PAO,coal_adv,1995,2030,5.700000000000001,sv_2c_buffer_decoal
R12_PAO,coal_adv,2000,2000,0.0,sv_2c_buffer_decoal
R12_PAO,coal_adv,2000,2030,1.4000000000000001,sv_2c_buffer_decoal
R12_PAO,coal_adv,2005,2005,0.0,sv_2c_buffer_decoal
R12_PAO,coal_adv,2005,2030,4.635,sv_2c_buffer_decoal
R12_PAO,coal_adv,2005,2035,4.635,sv_2c_buffer_decoal
R12_PAO,coal_adv,2010,2010,0.0,sv_2c_buffer_decoal
R12_PAO,coal_adv,2010,2030,1.2570000000000001,sv_2c_buffer_decoal
R12_PAO,coal_adv,2010,2035,1.2570000000000001,sv_2c_buffer_decoal
R12_PAO,coal_adv,2015,2015,0.0,sv_2c_buffer_decoal
R12_PAO,coal_adv,2015,2030,0.0,sv_2c_buffer_decoal
R12_PAO,coal_adv,2015,2035,0.0,sv_2c_buffer_decoal
R12_PAO,coal_adv,2015,2040,0.0,sv_2c_buffer_decoal
R12_PAO,coal_adv,2020,2020,0.0,sv_2c_buffer_decoal
R12_PAO,coal_adv,2020,2030,0.0,sv_2c_buffer_decoal
R12_PAO,coal_adv,2020,2035,0.0,sv_2c_buffer_decoal
R12_PAO,coal_adv,2020,2040,0.0,sv_2c_buffer_decoal
R12_PAO,coal_adv,2020,2045,0.0,sv_2c_buffer_decoal
R12_PAO,coal_adv,2025,2025,0.0,sv_2c_buffer_decoal
R12_PAO,coal_adv,2025,2030,0.0,sv_2c_buffer_decoal
R12_PAO,coal_adv,2025,2035,0.0,sv_2c_buffer_decoal
R12_PAO,coal_adv,2025,2040,0.0,sv_2c_buffer_decoal
R12_PAO,coal_adv,2025,2045,0.0,sv_2c_buffer_decoal
R12_PAO,coal_adv,2025,2050,0.0,sv_2c_buffer_decoal
R12_PAO,coal_adv,2030,2030,0.0,sv_2c_buffer_decoal
R12_PAO,coal_adv,2030,2035,0.0,sv_2c_buffer_decoal
R12_PAO,coal_adv,2030,2040,0.0,sv_2c_buffer_decoal
R12_PAO,coal_adv,2030,2045,0.0,sv_2c_buffer_decoal
R12_PAO,coal_adv,2030,2050,0.0,sv_2c_buffer_decoal
R12_PAO,coal_adv,2030,2055,0.0,sv_2c_buffer_decoal
R12_PAO,coal_adv,2035,2035,0.0,sv_2c_buffer_decoal
R12_PAO,coal_adv,2035,2040,0.0,sv_2c_buffer_decoal
R12_PAO,coal_adv,2035,2045,0.0,sv_2c_buffer_decoal
R12_PAO,coal_adv,2035,2050,0.0,sv_2c_buffer_decoal
R12_PAO,coal_adv,2035,2055,0.0,sv_2c_buffer_decoal
R12_PAO,coal_adv,2035,2060,0.0,sv_2c_buffer_decoal
R12_PAO,coal_adv,2040,2040,0.0,sv_2c_buffer_decoal
R12_PAO,coal_adv,2040,2045,0.0,sv_2c_buffer_decoal
R12_PAO,coal_adv,2040,2050,0.0,sv_2c_buffer_decoal
R12_PAO,coal_adv,2040,2055,0.0,sv_2c_buffer_decoal
R12_PAO,coal_adv,2040,2060,0.0,sv_2c_buffer_decoal
R12_PAO,coal_adv,2040,2070,0.0,sv_2c_buffer_decoal
R12_PAO,coal_adv,2045,2045,0.0,sv_2c_buffer_decoal
R12_PAO,coal_adv,2045,2050,0.0,sv_2c_buffer_decoal
R12_PAO,coal_adv,2045,2055,0.0,sv_2c_buffer_decoal
R12_PAO,coal_adv,2045,2060,0.0,sv_2c_buffer_decoal
R12_PAO,coal_adv,2045,2070,0.0,sv_2c_buffer_decoal
R12_PAO,coal_adv,2050,2050,0.0,sv_2c_buffer_decoal
R12_PAO,coal_adv,2050,2055,0.0,sv_2c_buffer_decoal
R12_PAO,coal_adv,2050,2060,0.0,sv_2c_buffer_decoal
R12_PAO,coal_adv,2050,2070,0.0,sv_2c_buffer_decoal
R12_PAO,coal_adv,2050,2080,0.0,sv_2c_buffer_decoal
R12_PAO,coal_adv,2055,2055,0.0,sv_2c_buffer_decoal
R12_PAO,coal_adv,2055,2060,0.0,sv_2c_buffer_decoal
R12_PAO,coal_adv,2055,2070,0.0,sv_2c_buffer_decoal
R12_PAO,coal_adv,2055,2080,0.0,sv_2c_buffer_decoal
R12_PAO,coal_adv,2060,2060,0.0,sv_2c_buffer_decoal
R12_PAO,coal_adv,2060,2070,0.0,sv_2c_buffer_decoal
R12_PAO,coal_adv,2060,2080,0.0,sv_2c_buffer_decoal
R12_PAO,coal_adv,2060,2090,0.0,sv_2c_buffer_decoal
R12_PAO,coal_adv,2070,2070,0.0,sv_2c_buffer_decoal
R12_PAO,coal_adv,2070,2080,0.0,sv_2c_buffer_decoal
R12_PAO,coal_adv,2070,2090,0.0,sv_2c_buffer_decoal
R12_PAO,coal_adv,2080,2080,0.0,sv_2c_buffer_decoal
R12_PAO,coal_adv,2080,2090,0.0,sv_2c_buffer_decoal
R12_PAO,coal_adv,2080,2100,0.0,sv_2c_buffer_decoal
R12_PAO,coal_adv,2090,2090,0.0,sv_2c_buffer_decoal
R12_PAO,coal_adv,2090,2100,0.0,sv_2c_buffer_decoal
R12_PAO,coal_adv,2090,2110,0.0,sv_2c_buffer_decoal
R12_PAO,coal_adv,2100,2100,0.0,sv_2c_buffer_decoal
R12_PAO,coal_adv,2100,2110,0.0,sv_2c_buffer_decoal
R12_PAO,coal_adv,2110,2110,0.0,sv_2c_buffer_decoal
R12_PAO,coal_adv_ccs,2030,2030,0.0,sv_2c_buffer_decoal
R12_PAO,coal_adv_ccs,2030,2035,0.0,sv_2c_buffer_decoal
R12_PAO,coal_adv_ccs,2030,2040,0.0,sv_2c_buffer_decoal
R12_PAO,coal_adv_ccs,2030,2045,0.0,sv_2c_buffer_decoal
R12_PAO,coal_adv_ccs,2030,2050,0.0,sv_2c_buffer_decoal
R12_PAO,coal_adv_ccs,2030,2055,0.0,sv_2c_buffer_decoal
R12_PAO,coal_adv_ccs,2035,2035,0.0,sv_2c_buffer_decoal
R12_PAO,coal_adv_ccs,2035,2040,0.0,sv_2c_buffer_decoal
R12_PAO,coal_adv_ccs,2035,2045,0.0,sv_2c_buffer_decoal
R12_PAO,coal_adv_ccs,2035,2050,0.0,sv_2c_buffer_decoal
R12_PAO,coal_adv_ccs,2035,2055,0.0,sv_2c_buffer_decoal
R12_PAO,coal_adv_ccs,2035,2060,0.0,sv_2c_buffer_decoal
R12_PAO,coal_adv_ccs,2040,2040,0.0,sv_2c_buffer_decoal
R12_PAO,coal_adv_ccs,2040,2045,0.0,sv_2c_buffer_decoal
R12_PAO,coal_adv_ccs,2040,2050,0.0,sv_2c_buffer_decoal
R12_PAO,coal_adv_ccs,2040,2055,0.0,sv_2c_buffer_decoal
R12_PAO,coal_adv_ccs,2040,2060,0.0,sv_2c_buffer_decoal
R12_PAO,coal_adv_ccs,2040,2070,0.0,sv_2c_buffer_decoal
R12_PAO,coal_adv_ccs,2045,2045,0.0,sv_2c_buffer_decoal
R12_PAO,coal_adv_ccs,2045,2050,0.0,sv_2c_buffer_decoal
R12_PAO,coal_adv_ccs,2045,2055,0.0,sv_2c_buffer_decoal
R12_PAO,coal_adv_ccs,2045,2060,0.0,sv_2c_buffer_decoal
R12_PAO,coal_adv_ccs,2045,2070,0.0,sv_2c_buffer_decoal
R12_PAO,coal_adv_ccs,2050,2050,0.0,sv_2c_buffer_decoal
R12_PAO,coal_adv_ccs,2050,2055,0.0,sv_2c_buffer_decoal
R12_PAO,coal_adv_ccs,2050,2060,0.0,sv_2c_buffer_decoal
R12_PAO,coal_adv_ccs,2050,2070,0.0,sv_2c_buffer_decoal
R12_PAO,coal_adv_ccs,2050,2080,0.0,sv_2c_buffer_decoal
R12_PAO,coal_adv_ccs,2055,2055,0.0,sv_2c_buffer_decoal
R12_PAO,coal_adv_ccs,2055,2060,0.0,sv_2c_buffer_decoal
R12_PAO,coal_adv_ccs,2055,2070,0.0,sv_2c_buffer_decoal
R12_PAO,coal_adv_ccs,2055,2080,0.0,sv_2c_buffer_decoal
R12_PAO,coal_adv_ccs,2060,2060,0.0,sv_2c_buffer_decoal
R12_PAO,coal_adv_ccs,2060,2070,0.0,sv_2c_buffer_decoal
R12_PAO,coal_adv_ccs,2060,2080,0.0,sv_2c_buffer_decoal
R12_PAO,coal_adv_ccs,2060,2090,0.0,sv_2c_buffer_decoal
R12_PAO,coal_adv_ccs,2070,2070,0.0,sv_2c_buffer_decoal
R12_PAO,coal_adv_ccs,2070,2080,0.0,sv_2c_buffer_decoal
R12_PAO,coal_adv_ccs,2070,2090,0.0,sv_2c_buffer_decoal
R12_PAO,coal_adv_ccs,2080,2080,0.0,sv_2c_buffer_decoal
R12_PAO,coal_adv_ccs,2080,2090,0.0,sv_2c_buffer_decoal
R12_PAO,coal_adv_ccs,2080,2100,0.0,sv_2c_buffer_decoal
R12_PAO,coal_adv_ccs,2090,2090,0.0,sv_2c_buffer_decoal
R12_PAO,coal_adv_ccs,2090,2100,0.0,sv_2c_buffer_decoal
R12_PAO,coal_adv_ccs,2090,2110,0.0,sv_2c_buffer_decoal
R12_PAO,coal_adv_ccs,2100,2100,0.0,sv_2c_buffer_decoal
R12_PAO,coal_adv_ccs,2100,2110,0.0,sv_2c_buffer_decoal
R12_PAO,coal_adv_ccs,2110,2110,0.0,sv_2c_buffer_decoal
R12_PAO,coal_ppl,1965,1965,0.0,sv_2c_buffer_decoal
R12_PAO,coal_ppl,1970,1970,0.0,sv_2c_buffer_decoal
R12_PAO,coal_ppl,1975,1975,0.0,sv_2c_buffer_decoal
R12_PAO,coal_ppl,1975,2030,0.0,sv_2c_buffer_decoal
R12_PAO,coal_ppl,1980,1980,0.0,sv_2c_buffer_decoal
R12_PAO,coal_ppl,1980,2030,0.0,sv_2c_buffer_decoal
R12_PAO,coal_ppl,1985,1985,0.0,sv_2c_buffer_decoal
R12_PAO,coal_ppl,1985,2030,0.0,sv_2c_buffer_decoal
R12_PAO,coal_ppl,1985,2035,0.0,sv_2c_buffer_decoal
R12_PAO,coal_ppl,1990,1990,0.0,sv_2c_buffer_decoal
R12_PAO,coal_ppl,1990,2030,0.0,sv_2c_buffer_decoal
R12_PAO,coal_ppl,1990,2035,0.0,sv_2c_buffer_decoal
R12_PAO,coal_ppl,1995,1995,0.0,sv_2c_buffer_decoal
R12_PAO,coal_ppl,1995,2030,0.0,sv_2c_buffer_decoal
R12_PAO,coal_ppl,1995,2035,0.0,sv_2c_buffer_decoal
R12_PAO,coal_ppl,1995,2040,0.0,sv_2c_buffer_decoal
R12_PAO,coal_ppl,2000,2000,0.0,sv_2c_buffer_decoal
R12_PAO,coal_ppl,2000,2030,0.0,sv_2c_buffer_decoal
R12_PAO,coal_ppl,2000,2035,0.0,sv_2c_buffer_decoal
R12_PAO,coal_ppl,2000,2040,0.0,sv_2c_buffer_decoal
R12_PAO,coal_ppl,2005,2005,0.0,sv_2c_buffer_decoal
R12_PAO,coal_ppl,2005,2030,4.2905775565585,sv_2c_buffer_decoal
R12_PAO,coal_ppl,2005,2035,4.2905775565585,sv_2c_buffer_decoal
R12_PAO,coal_ppl,2005,2040,4.2905775565585,sv_2c_buffer_decoal
R12_PAO,coal_ppl,2005,2045,4.2905775565585,sv_2c_buffer_decoal
R12_PAO,coal_ppl,2010,2010,0.0,sv_2c_buffer_decoal
R12_PAO,coal_ppl,2010,2030,1.87,sv_2c_buffer_decoal
R12_PAO,coal_ppl,2010,2035,1.87,sv_2c_buffer_decoal
R12_PAO,coal_ppl,2010,2040,1.87,sv_2c_buffer_decoal
R12_PAO,coal_ppl,2010,2045,1.87,sv_2c_buffer_decoal
R12_PAO,coal_ppl,2015,2015,0.0,sv_2c_buffer_decoal
R12_PAO,coal_ppl,2015,2030,1.6,sv_2c_buffer_decoal
R12_PAO,coal_ppl,2015,2035,1.6,sv_2c_buffer_decoal
R12_PAO,coal_ppl,2015,2040,1.6,sv_2c_buffer_decoal
R12_PAO,coal_ppl,2015,2045,1.6,sv_2c_buffer_decoal
R12_PAO,coal_ppl,2015,2050,1.6,sv_2c_buffer_decoal
R12_PAO,coal_ppl,2020,2020,0.0,sv_2c_buffer_decoal
R12_PAO,coal_ppl,2020,2030,0.0,sv_2c_buffer_decoal
R12_PAO,coal_ppl,2020,2035,0.0,sv_2c_buffer_decoal
R12_PAO,coal_ppl,2020,2040,0.0,sv_2c_buffer_decoal
R12_PAO,coal_ppl,2020,2045,0.0,sv_2c_buffer_decoal
R12_PAO,coal_ppl,2020,2050,0.0,sv_2c_buffer_decoal
R12_PAO,coal_ppl,2025,2025,0.0,sv_2c_buffer_decoal
R12_PAO,coal_ppl,2025,2030,0.0,sv_2c_buffer_decoal
R12_PAO,coal_ppl,2025,2035,0.0,sv_2c_buffer_decoal
R12_PAO,coal_ppl,2025,2040,0.0,sv_2c_buffer_decoal
R12_PAO,coal_ppl,2025,2045,0.0,sv_2c_buffer_decoal
R12_PAO,coal_ppl,2025,2050,0.0,sv_2c_buffer_decoal
R12_PAO,coal_ppl,2030,2030,0.0,sv_2c_buffer_decoal
R12_PAO,coal_ppl,2030,2035,0.0,sv_2c_buffer_decoal
R12_PAO,coal_ppl,2030,2040,0.0,sv_2c_buffer_decoal
R12_PAO,coal_ppl,2030,2045,0.0,sv_2c_buffer_decoal
R12_PAO,coal_ppl,2030,2050,0.0,sv_2c_buffer_decoal
R12_PAO,coal_ppl,2030,2055,0.0,sv_2c_buffer_decoal
R12_PAO,coal_ppl,2035,2035,0.0,sv_2c_buffer_decoal
R12_PAO,coal_ppl,2035,2040,0.0,sv_2c_buffer_decoal
R12_PAO,coal_ppl,2035,2045,0.0,sv_2c_buffer_decoal
R12_PAO,coal_ppl,2035,2050,0.0,sv_2c_buffer_decoal
R12_PAO,coal_ppl,2035,2055,0.0,sv_2c_buffer_decoal
R12_PAO,coal_ppl,2035,2060,0.0,sv_2c_buffer_decoal
R12_PAO,coal_ppl,2040,2040,0.0,sv_2c_buffer_decoal
R12_PAO,coal_ppl,2040,2045,0.0,sv_2c_buffer_decoal
R12_PAO,coal_ppl,2040,2050,0.0,sv_2c_buffer_decoal
R12_PAO,coal_ppl,2040,2055,0.0,sv_2c_buffer_decoal
R12_PAO,coal_ppl,2040,2060,0.0,sv_2c_buffer_decoal
R12_PAO,coal_ppl,2040,2070,0.0,sv_2c_buffer_decoal
R12_PAO,coal_ppl,2045,2045,0.0,sv_2c_buffer_decoal
R12_PAO,coal_ppl,2045,2050,0.0,sv_2c_buffer_decoal
R12_PAO,coal_ppl,2045,2055,0.0,sv_2c_buffer_decoal
R12_PAO,coal_ppl,2045,2060,0.0,sv_2c_buffer_decoal
R12_PAO,coal_ppl,2045,2070,0.0,sv_2c_buffer_decoal
R12_PAO,coal_ppl,2050,2050,0.0,sv_2c_buffer_decoal
R12_PAO,coal_ppl,2050,2055,0.0,sv_2c_buffer_decoal
R12_PAO,coal_ppl,2050,2060,0.0,sv_2c_buffer_decoal
R12_PAO,coal_ppl,2050,2070,0.0,sv_2c_buffer_decoal
R12_PAO,coal_ppl,2050,2080,0.0,sv_2c_buffer_decoal
R12_PAO,coal_ppl,2055,2055,0.0,sv_2c_buffer_decoal
R12_PAO,coal_ppl,2055,2060,0.0,sv_2c_buffer_decoal
R12_PAO,coal_ppl,2055,2070,0.0,sv_2c_buffer_decoal
R12_PAO,coal_ppl,2055,2080,0.0,sv_2c_buffer_decoal
R12_PAO,coal_ppl,2060,2060,0.0,sv_2c_buffer_decoal
R12_PAO,coal_ppl,2060,2070,0.0,sv_2c_buffer_decoal
R12_PAO,coal_ppl,2060,2080,0.0,sv_2c_buffer_decoal
R12_PAO,coal_ppl,2060,2090,0.0,sv_2c_buffer_decoal
R12_PAO,coal_ppl,2070,2070,0.0,sv_2c_buffer_decoal
R12_PAO,coal_ppl,2070,2080,0.0,sv_2c_buffer_decoal
R12_PAO,coal_ppl,2070,2090,0.0,sv_2c_buffer_decoal
R12_PAO,coal_ppl,2080,2080,0.0,sv_2c_buffer_decoal
R12_PAO,coal_ppl,2080,2090,0.0,sv_2c_buffer_decoal
R12_PAO,coal_ppl,2080,2100,0.0,sv_2c_buffer_decoal
R12_PAO,coal_ppl,2090,2090,0.0,sv_2c_buffer_decoal
R12_PAO,coal_ppl,2090,2100,0.0,sv_2c_buffer_decoal
R12_PAO,coal_ppl,2090,2110,0.0,sv_2c_buffer_decoal
R12_PAO,coal_ppl,2100,2100,0.0,sv_2c_buffer_decoal
R12_PAO,coal_ppl,2100,2110,0.0,sv_2c_buffer_decoal
R12_PAO,coal_ppl,2110,2110,0.0,sv_2c_buffer_decoal
R12_PAO,coal_ppl_u,1960,1960,0.0,sv_2c_buffer_decoal
R12_PAO,coal_ppl_u,1965,1965,0.0,sv_2c_buffer_decoal
R12_PAO,coal_ppl_u,1970,1970,0.0,sv_2c_buffer_decoal
R12_PAO,coal_ppl_u,1970,2030,0.0,sv_2c_buffer_decoal
R12_PAO,coal_ppl_u,1975,1975,0.0,sv_2c_buffer_decoal
R12_PAO,coal_ppl_u,1975,2030,0.0,sv_2c_buffer_decoal
R12_PAO,coal_ppl_u,1980,1980,0.0,sv_2c_buffer_decoal
R12_PAO,coal_ppl_u,1980,2030,0.0,sv_2c_buffer_decoal
R12_PAO,coal_ppl_u,1980,2035,0.0,sv_2c_buffer_decoal
R12_PAO,coal_ppl_u,1985,1985,0.0,sv_2c_buffer_decoal
R12_PAO,coal_ppl_u,1985,2030,0.0,sv_2c_buffer_decoal
R12_PAO,coal_ppl_u,1985,2035,0.0,sv_2c_buffer_decoal
R12_PAO,coal_ppl_u,1990,1990,0.0,sv_2c_buffer_decoal
R12_PAO,coal_ppl_u,1990,2030,3.8819000000000004,sv_2c_buffer_decoal
R12_PAO,coal_ppl_u,1990,2035,3.8819000000000004,sv_2c_buffer_decoal
R12_PAO,coal_ppl_u,1990,2040,3.8819000000000004,sv_2c_buffer_decoal
R12_PAO,coal_ppl_u,1995,1995,0.0,sv_2c_buffer_decoal
R12_PAO,coal_ppl_u,1995,2030,2.71965,sv_2c_buffer_decoal
R12_PAO,coal_ppl_u,1995,2035,2.71965,sv_2c_buffer_decoal
R12_PAO,coal_ppl_u,1995,2040,2.71965,sv_2c_buffer_decoal
R12_PAO,coal_ppl_u,2000,2000,0.0,sv_2c_buffer_decoal
R12_PAO,coal_ppl_u,2000,2030,3.1471000000000005,sv_2c_buffer_decoal
R12_PAO,coal_ppl_u,2000,2035,3.1471000000000005,sv_2c_buffer_decoal
R12_PAO,coal_ppl_u,2000,2040,3.1471000000000005,sv_2c_buffer_decoal
R12_PAO,coal_ppl_u,2000,2045,3.1471000000000005,sv_2c_buffer_decoal
R12_PAO,coal_ppl_u,2005,2005,0.0,sv_2c_buffer_decoal
R12_PAO,coal_ppl_u,2005,2030,0.542,sv_2c_buffer_decoal
R12_PAO,coal_ppl_u,2005,2035,0.542,sv_2c_buffer_decoal
R12_PAO,coal_ppl_u,2005,2040,0.542,sv_2c_buffer_decoal
R12_PAO,coal_ppl_u,2005,2045,0.542,sv_2c_buffer_decoal
R12_PAO,coal_ppl_u,2010,2010,0.0,sv_2c_buffer_decoal
R12_PAO,coal_ppl_u,2010,2030,0.7867500000000001,sv_2c_buffer_decoal
R12_PAO,coal_ppl_u,2010,2035,0.7867500000000001,sv_2c_buffer_decoal
R12_PAO,coal_ppl_u,2010,2040,0.7867500000000001,sv_2c_buffer_decoal
R12_PAO,coal_ppl_u,2010,2045,0.7867500000000001,sv_2c_buffer_decoal
R12_PAO,coal_ppl_u,2010,2050,0.7867500000000001,sv_2c_buffer_decoal
R12_PAO,coal_ppl_u,2015,2015,0.0,sv_2c_buffer_decoal
R12_PAO,coal_ppl_u,2015,2030,0.15183,sv_2c_buffer_decoal
R12_PAO,coal_ppl_u,2015,2035,0.15183,sv_2c_buffer_decoal
R12_PAO,coal_ppl_u,2015,2040,0.15183,sv_2c_buffer_decoal
R12_PAO,coal_ppl_u,2020,2020,0.0,sv_2c_buffer_decoal
R12_PAO,coal_ppl_u,2020,2030,0.0,sv_2c_buffer_decoal
R12_PAO,coal_ppl_u,2020,2035,0.0,sv_2c_buffer_decoal
R12_PAO,coal_ppl_u,2020,2040,0.0,sv_2c_buffer_decoal
R12_PAO,coal_ppl_u,2020,2045,0.0,sv_2c_buffer_decoal
R12_PAO,coal_ppl_u,2025,2025,0.0,sv_2c_buffer_decoal
R12_PAO,coal_ppl_u,2025,2030,0.0,sv_2c_buffer_decoal
R12_PAO,coal_ppl_u,2025,2035,0.0,sv_2c_buffer_decoal
R12_PAO,coal_ppl_u,2025,2040,0.0,sv_2c_buffer_decoal
R12_PAO,coal_ppl_u,2025,2045,0.0,sv_2c_buffer_decoal
R12_PAO,coal_ppl_u,2025,2050,0.0,sv_2c_buffer_decoal
R12_PAO,coal_ppl_u,2030,2030,0.0,sv_2c_buffer_decoal
R12_PAO,coal_ppl_u,2030,2035,0.0,sv_2c_buffer_decoal
R12_PAO,coal_ppl_u,2030,2040,0.0,sv_2c_buffer_decoal
R12_PAO,coal_ppl_u,2030,2045,0.0,sv_2c_buffer_decoal
R12_PAO,coal_ppl_u,2030,2050,0.0,sv_2c_buffer_decoal
R12_PAO,coal_ppl_u,2030,2055,0.0,sv_2c_buffer_decoal
R12_PAO,coal_ppl_u,2035,2035,0.0,sv_2c_buffer_decoal
R12_PAO,coal_ppl_u,2035,2040,0.0,sv_2c_buffer_decoal
R12_PAO,coal_ppl_u,2035,2045,0.0,sv_2c_buffer_decoal
R12_PAO,coal_ppl_u,2035,2050,0.0,sv_2c_buffer_decoal
R12_PAO,coal_ppl_u,2035,2055,0.0,sv_2c_buffer_decoal
R12_PAO,coal_ppl_u,2035,2060,0.0,sv_2c_buffer_decoal
R12_PAO,coal_ppl_u,2040,2040,0.0,sv_2c_buffer_decoal
R12_PAO,coal_ppl_u,2040,2045,0.0,sv_2c_buffer_decoal
R12_PAO,coal_ppl_u,2040,2050,0.0,sv_2c_buffer_decoal
R12_PAO,coal_ppl_u,2040,2055,0.0,sv_2c_buffer_decoal
R12_PAO,coal_ppl_u,2040,2060,0.0,sv_2c_buffer_decoal
R12_PAO,coal_ppl_u,2040,2070,0.0,sv_2c_buffer_decoal
R12_PAO,coal_ppl_u,2045,2045,0.0,sv_2c_buffer_decoal
R12_PAO,coal_ppl_u,2045,2050,0.0,sv_2c_buffer_decoal
R12_PAO,coal_ppl_u,2045,2055,0.0,sv_2c_buffer_decoal
R12_PAO,coal_ppl_u,2045,2060,0.0,sv_2c_buffer_decoal
R12_PAO,coal_ppl_u,2045,2070,0.0,sv_2c_buffer_decoal
R12_PAO,coal_ppl_u,2050,2050,0.0,sv_2c_buffer_decoal
R12_PAO,coal_ppl_u,2050,2055,0.0,sv_2c_buffer_decoal
R12_PAO,coal_ppl_u,2050,2060,0.0,sv_2c_buffer_decoal
R12_PAO,coal_ppl_u,2050,2070,0.0,sv_2c_buffer_decoal
R12_PAO,coal_ppl_u,2050,2080,0.0,sv_2c_buffer_decoal
R12_PAO,coal_ppl_u,2055,2055,0.0,sv_2c_buffer_decoal
R12_PAO,coal_ppl_u,2055,2060,0.0,sv_2c_buffer_decoal
R12_PAO,coal_ppl_u,2055,2070,0.0,sv_2c_buffer_decoal
R12_PAO,coal_ppl_u,2055,2080,0.0,sv_2c_buffer_decoal
R12_PAO,coal_ppl_u,2060,2060,0.0,sv_2c_buffer_decoal
R12_PAO,coal_ppl_u,2060,2070,0.0,sv_2c_buffer_decoal
R12_PAO,coal_ppl_u,2060,2080,0.0,sv_2c_buffer_decoal
R12_PAO,coal_ppl_u,2060,2090,0.0,sv_2c_buffer_decoal
R12_PAO,coal_ppl_u,2070,2070,0.0,sv_2c_buffer_decoal
R12_PAO,coal_ppl_u,2070,2080,0.0,sv_2c_buffer_decoal
R12_PAO,coal_ppl_u,2070,2090,0.0,sv_2c_buffer_decoal
R12_PAO,coal_ppl_u,2080,2080,0.0,sv_2c_buffer_decoal
R12_PAO,coal_ppl_u,2080,2090,0.0,sv_2c_buffer_decoal
R12_PAO,coal_ppl_u,2080,2100,0.0,sv_2c_buffer_decoal
R12_PAO,coal_ppl_u,2090,2090,0.0,sv_2c_buffer_decoal
R12_PAO,coal_ppl_u,2090,2100,0.0,sv_2c_buffer_decoal
R12_PAO,coal_ppl_u,2090,2110,0.0,sv_2c_buffer_decoal
R12_PAO,coal_ppl_u,2100,2100,0.0,sv_2c_buffer_decoal
R12_PAO,coal_ppl_u,2100,2110,0.0,sv_2c_buffer_decoal
R12_PAO,coal_ppl_u,2110,2110,0.0,sv_2c_buffer_decoal
R12_PAO,igcc,2010,2010,0.0,sv_2c_buffer_decoal
R12_PAO,igcc,2010,2030,0.0,sv_2c_buffer_decoal
R12_PAO,igcc,2010,2035,0.0,sv_2c_buffer_decoal
R12_PAO,igcc,2015,2015,0.0,sv_2c_buffer_decoal
R12_PAO,igcc,2015,2030,0.0,sv_2c_buffer_decoal
R12_PAO,igcc,2015,2035,0.0,sv_2c_buffer_decoal
R12_PAO,igcc,2015,2040,0.0,sv_2c_buffer_decoal
R12_PAO,igcc,2020,2020,0.0,sv_2c_buffer_decoal
R12_PAO,igcc,2020,2030,0.0,sv_2c_buffer_decoal
R12_PAO,igcc,2020,2035,0.0,sv_2c_buffer_decoal
R12_PAO,igcc,2020,2040,0.0,sv_2c_buffer_decoal
R12_PAO,igcc,2020,2045,0.0,sv_2c_buffer_decoal
R12_PAO,igcc,2025,2025,0.0,sv_2c_buffer_decoal
R12_PAO,igcc,2025,2030,0.0,sv_2c_buffer_decoal
R12_PAO,igcc,2025,2035,0.0,sv_2c_buffer_decoal
R12_PAO,igcc,2025,2040,0.0,sv_2c_buffer_decoal
R12_PAO,igcc,2025,2045,0.0,sv_2c_buffer_decoal
R12_PAO,igcc,2025,2050,0.0,sv_2c_buffer_decoal
R12_PAO,igcc,2030,2030,0.0,sv_2c_buffer_decoal
R12_PAO,igcc,2030,2035,0.0,sv_2c_buffer_decoal
R12_PAO,igcc,2030,2040,0.0,sv_2c_buffer_decoal
R12_PAO,igcc,2030,2045,0.0,sv_2c_buffer_decoal
R12_PAO,igcc,2030,2050,0.0,sv_2c_buffer_decoal
R12_PAO,igcc,2030,2055,0.0,sv_2c_buffer_decoal
R12_PAO,igcc,2035,2035,0.0,sv_2c_buffer_decoal
R12_PAO,igcc,2035,2040,0.0,sv_2c_buffer_decoal
R12_PAO,igcc,2035,2045,0.0,sv_2c_buffer_decoal
R12_PAO,igcc,2035,2050,0.0,sv_2c_buffer_decoal
R12_PAO,igcc,2035,2055,0.0,sv_2c_buffer_decoal
R12_PAO,igcc,2035,2060,0.0,sv_2c_buffer_decoal
R12_PAO,igcc,2040,2040,0.0,sv_2c_buffer_decoal
R12_PAO,igcc,2040,2045,0.0,sv_2c_buffer_decoal
R12_PAO,igcc,2040,2050,0.0,sv_2c_buffer_decoal
R12_PAO,igcc,2040,2055,0.0,sv_2c_buffer_decoal
R12_PAO,igcc,2040,2060,0.0,sv_2c_buffer_decoal
R12_PAO,igcc,2040,2070,0.0,sv_2c_buffer_decoal
R12_PAO,igcc,2045,2045,0.0,sv_2c_buffer_decoal
R12_PAO,igcc,2045,2050,0.0,sv_2c_buffer_decoal
R12_PAO,igcc,2045,2055,0.0,sv_2c_buffer_decoal
R12_PAO,igcc,2045,2060,0.0,sv_2c_buffer_decoal
R12_PAO,igcc,2045,2070,0.0,sv_2c_buffer_decoal
R12_PAO,igcc,2050,2050,0.0,sv_2c_buffer_decoal
R12_PAO,igcc,2050,2055,0.0,sv_2c_buffer_decoal
R12_PAO,igcc,2050,2060,0.0,sv_2c_buffer_decoal
R12_PAO,igcc,2050,2070,0.0,sv_2c_buffer_decoal
R12_PAO,igcc,2050,2080,0.0,sv_2c_buffer_decoal
R12_PAO,igcc,2055,2055,0.0,sv_2c_buffer_decoal
R12_PAO,igcc,2055,2060,0.0,sv_2c_buffer_decoal
R12_PAO,igcc,2055,2070,0.0,sv_2c_buffer_decoal
R12_PAO,igcc,2055,2080,0.0,sv_2c_buffer_decoal
R12_PAO,igcc,2060,2060,0.0,sv_2c_buffer_decoal
R12_PAO,igcc,2060,2070,0.0,sv_2c_buffer_decoal
R12_PAO,igcc,2060,2080,0.0,sv_2c_buffer_decoal
R12_PAO,igcc,2060,2090,0.0,sv_2c_buffer_decoal
R12_PAO,igcc,2070,2070,0.0,sv_2c_buffer_decoal
R12_PAO,igcc,2070,2080,0.0,sv_2c_buffer_decoal
R12_PAO,igcc,2070,2090,0.0,sv_2c_buffer_decoal
R12_PAO,igcc,2080,2080,0.0,sv_2c_buffer_decoal
R12_PAO,igcc,2080,2090,0.0,sv_2c_buffer_decoal
R12_PAO,igcc,2080,2100,0.0,sv_2c_buffer_decoal
R12_PAO,igcc,2090,2090,0.0,sv_2c_buffer_decoal
R12_PAO,igcc,2090,2100,0.0,sv_2c_buffer_decoal
R12_PAO,igcc,2090,2110,0.0,sv_2c_buffer_decoal
R12_PAO,igcc,2100,2100,0.0,sv_2c_buffer_decoal
R12_PAO,igcc,2100,2110,0.0,sv_2c_buffer_decoal
R12_PAO,igcc,2110,2110,0.0,sv_2c_buffer_decoal
R12_PAO,igcc_ccs,2030,2030,0.0,sv_2c_buffer_decoal
R12_PAO,igcc_ccs,2030,2035,0.0,sv_2c_buffer_decoal
R12_PAO,igcc_ccs,2030,2040,0.0,sv_2c_buffer_decoal
R12_PAO,igcc_ccs,2030,2045,0.0,sv_2c_buffer_decoal
R12_PAO,igcc_ccs,2030,2050,0.0,sv_2c_buffer_decoal
R12_PAO,igcc_ccs,2030,2055,0.0,sv_2c_buffer_decoal
R12_PAO,igcc_ccs,2035,2035,0.0,sv_2c_buffer_decoal
R12_PAO,igcc_ccs,2035,2040,0.0,sv_2c_buffer_decoal
R12_PAO,igcc_ccs,2035,2045,0.0,sv_2c_buffer_decoal
R12_PAO,igcc_ccs,2035,2050,0.0,sv_2c_buffer_decoal
R12_PAO,igcc_ccs,2035,2055,0.0,sv_2c_buffer_decoal
R12_PAO,igcc_ccs,2035,2060,0.0,sv_2c_buffer_decoal
R12_PAO,igcc_ccs,2040,2040,0.0,sv_2c_buffer_decoal
R12_PAO,igcc_ccs,2040,2045,0.0,sv_2c_buffer_decoal
R12_PAO,igcc_ccs,2040,2050,0.0,sv_2c_buffer_decoal
R12_PAO,igcc_ccs,2040,2055,0.0,sv_2c_buffer_decoal
R12_PAO,igcc_ccs,2040,2060,0.0,sv_2c_buffer_decoal
R12_PAO,igcc_ccs,2040,2070,0.0,sv_2c_buffer_decoal
R12_PAO,igcc_ccs,2045,2045,0.0,sv_2c_buffer_decoal
R12_PAO,igcc_ccs,2045,2050,0.0,sv_2c_buffer_decoal
R12_PAO,igcc_ccs,2045,2055,0.0,sv_2c_buffer_decoal
R12_PAO,igcc_ccs,2045,2060,0.0,sv_2c_buffer_decoal
R12_PAO,igcc_ccs,2045,2070,0.0,sv_2c_buffer_decoal
R12_PAO,igcc_ccs,2050,2050,0.0,sv_2c_buffer_decoal
R12_PAO,igcc_ccs,2050,2055,0.0,sv_2c_buffer_decoal
R12_PAO,igcc_ccs,2050,2060,0.0,sv_2c_buffer_decoal
R12_PAO,igcc_ccs,2050,2070,0.0,sv_2c_buffer_decoal
R12_PAO,igcc_ccs,2050,2080,0.0,sv_2c_buffer_decoal
R12_PAO,igcc_ccs,2055,2055,0.0,sv_2c_buffer_decoal
R12_PAO,igcc_ccs,2055,2060,0.0,sv_2c_buffer_decoal
R12_PAO,igcc_ccs,2055,2070,0.0,sv_2c_buffer_decoal
R12_PAO,igcc_ccs,2055,2080,0.0,sv_2c_buffer_decoal
R12_PAO,igcc_ccs,2060,2060,0.0,sv_2c_buffer_decoal
R12_PAO,igcc_ccs,2060,2070,0.0,sv_2c_buffer_decoal
R12_PAO,igcc_ccs,2060,2080,0.0,sv_2c_buffer_decoal
R12_PAO,igcc_ccs,2060,2090,0.0,sv_2c_buffer_decoal
R12_PAO,igcc_ccs,2070,2070,0.0,sv_2c_buffer_decoal
R12_PAO,igcc_ccs,2070,2080,0.0,sv_2c_buffer_decoal
R12_PAO,igcc_ccs,2070,2090,0.0,sv_2c_buffer_decoal
R12_PAO,igcc_ccs,2080,2080,0.0,sv_2c_buffer_decoal
R12_PAO,igcc_ccs,2080,2090,0.0,sv_2c_buffer_decoal
R12_PAO,igcc_ccs,2080,2100,0.0,sv_2c_buffer_decoal
R12_PAO,igcc_ccs,2090,2090,0.0,sv_2c_buffer_decoal
R12_PAO,igcc_ccs,2090,2100,0.0,sv_2c_buffer_decoal
R12_PAO,igcc_ccs,2090,2110,0.0,sv_2c_buffer_decoal
R12_PAO,igcc_ccs,2100,2100,0.0,sv_2c_buffer_decoal
R12_PAO,igcc_ccs,2100,2110,0.0,sv_2c_buffer_decoal
R12_PAO,igcc_ccs,2110,2110,0.0,sv_2c_buffer_decoal
R12_PAO,coal_adv_cfNH3,1965,1965,0.0,sv_2c_buffer_decoal
R12_PAO,coal_adv_cfNH3,1970,1970,0.0,sv_2c_buffer_decoal
R12_PAO,coal_adv_cfNH3,1975,1975,0.0,sv_2c_buffer_decoal
R12_PAO,coal_adv_cfNH3,1980,1980,0.0,sv_2c_buffer_decoal
R12_PAO,coal_adv_cfNH3,1985,1985,0.0,sv_2c_buffer_decoal
R12_PAO,coal_adv_cfNH3,1990,1990,0.0,sv_2c_buffer_decoal
R12_PAO,coal_adv_cfNH3,1995,1995,0.0,sv_2c_buffer_decoal
R12_PAO,coal_adv_cfNH3,2000,2000,0.0,sv_2c_buffer_decoal
R12_PAO,coal_adv_cfNH3,2005,2005,0.0,sv_2c_buffer_decoal
R12_PAO,coal_adv_cfNH3,2005,2030,0.0,sv_2c_buffer_decoal
R12_PAO,coal_adv_cfNH3,2010,2010,0.0,sv_2c_buffer_decoal
R12_PAO,coal_adv_cfNH3,2010,2030,0.0,sv_2c_buffer_decoal
R12_PAO,coal_adv_cfNH3,2010,2035,0.0,sv_2c_buffer_decoal
R12_PAO,coal_adv_cfNH3,2015,2015,0.0,sv_2c_buffer_decoal
R12_PAO,coal_adv_cfNH3,2015,2030,0.0,sv_2c_buffer_decoal
R12_PAO,coal_adv_cfNH3,2015,2035,0.0,sv_2c_buffer_decoal
R12_PAO,coal_adv_cfNH3,2015,2040,0.0,sv_2c_buffer_decoal
R12_PAO,coal_adv_cfNH3,2020,2020,0.0,sv_2c_buffer_decoal
R12_PAO,coal_adv_cfNH3,2020,2030,0.0,sv_2c_buffer_decoal
R12_PAO,coal_adv_cfNH3,2020,2035,0.0,sv_2c_buffer_decoal
R12_PAO,coal_adv_cfNH3,2020,2040,0.0,sv_2c_buffer_decoal
R12_PAO,coal_adv_cfNH3,2020,2045,0.0,sv_2c_buffer_decoal
R12_PAO,coal_adv_cfNH3,2025,2025,0.0,sv_2c_buffer_decoal
R12_PAO,coal_adv_cfNH3,2025,2030,0.0,sv_2c_buffer_decoal
R12_PAO,coal_adv_cfNH3,2025,2035,0.0,sv_2c_buffer_decoal
R12_PAO,coal_adv_cfNH3,2025,2040,0.0,sv_2c_buffer_decoal
R12_PAO,coal_adv_cfNH3,2025,2045,0.0,sv_2c_buffer_decoal
R12_PAO,coal_adv_cfNH3,2025,2050,0.0,sv_2c_buffer_decoal
R12_PAO,coal_adv_cfNH3,2030,2030,0.0,sv_2c_buffer_decoal
R12_PAO,coal_adv_cfNH3,2030,2035,0.0,sv_2c_buffer_decoal
R12_PAO,coal_adv_cfNH3,2030,2040,0.0,sv_2c_buffer_decoal
R12_PAO,coal_adv_cfNH3,2030,2045,0.0,sv_2c_buffer_decoal
R12_PAO,coal_adv_cfNH3,2030,2050,0.0,sv_2c_buffer_decoal
R12_PAO,coal_adv_cfNH3,2030,2055,0.0,sv_2c_buffer_decoal
R12_PAO,coal_adv_cfNH3,2035,2035,0.0,sv_2c_buffer_decoal
R12_PAO,coal_adv_cfNH3,2035,2040,0.0,sv_2c_buffer_decoal
R12_PAO,coal_adv_cfNH3,2035,2045,0.0,sv_2c_buffer_decoal
R12_PAO,coal_adv_cfNH3,2035,2050,0.0,sv_2c_buffer_decoal
R12_PAO,coal_adv_cfNH3,2035,2055,0.0,sv_2c_buffer_decoal
R12_PAO,coal_adv_cfNH3,2035,2060,0.0,sv_2c_buffer_decoal
R12_PAO,coal_adv_cfNH3,2040,2040,0.0,sv_2c_buffer_decoal
R12_PAO,coal_adv_cfNH3,2040,2045,0.0,sv_2c_buffer_decoal
R12_PAO,coal_adv_cfNH3,2040,2050,0.0,sv_2c_buffer_decoal
R12_PAO,coal_adv_cfNH3,2040,2055,0.0,sv_2c_buffer_decoal
R12_PAO,coal_adv_cfNH3,2040,2060,0.0,sv_2c_buffer_decoal
R12_PAO,coal_adv_cfNH3,2040,2070,0.0,sv_2c_buffer_decoal
R12_PAO,coal_adv_cfNH3,2045,2045,0.0,sv_2c_buffer_decoal
R12_PAO,coal_adv_cfNH3,2045,2050,0.0,sv_2c_buffer_decoal
R12_PAO,coal_adv_cfNH3,2045,2055,0.0,sv_2c_buffer_decoal
R12_PAO,coal_adv_cfNH3,2045,2060,0.0,sv_2c_buffer_decoal
R12_PAO,coal_adv_cfNH3,2045,2070,0.0,sv_2c_buffer_decoal
R12_PAO,coal_adv_cfNH3,2050,2050,0.0,sv_2c_buffer_decoal
R12_PAO,coal_adv_cfNH3,2050,2055,0.0,sv_2c_buffer_decoal
R12_PAO,coal_adv_cfNH3,2050,2060,0.0,sv_2c_buffer_decoal
R12_PAO,coal_adv_cfNH3,2050,2070,0.0,sv_2c_buffer_decoal
R12_PAO,coal_adv_cfNH3,2050,2080,0.0,sv_2c_buffer_decoal
R12_PAO,coal_adv_cfNH3,2055,2055,0.0,sv_2c_buffer_decoal
R12_PAO,coal_adv_cfNH3,2055,2060,0.0,sv_2c_buffer_decoal
R12_PAO,coal_adv_cfNH3,2055,2070,0.0,sv_2c_buffer_decoal
R12_PAO,coal_adv_cfNH3,2055,2080,0.0,sv_2c_buffer_decoal
R12_PAO,coal_adv_cfNH3,2060,2060,0.0,sv_2c_buffer_decoal
R12_PAO,coal_adv_cfNH3,2060,2070,0.0,sv_2c_buffer_decoal
R12_PAO,coal_adv_cfNH3,2060,2080,0.0,sv_2c_buffer_decoal
R12_PAO,coal_adv_cfNH3,2060,2090,0.0,sv_2c_buffer_decoal
R12_PAO,coal_adv_cfNH3,2070,2070,0.0,sv_2c_buffer_decoal
R12_PAO,coal_adv_cfNH3,2070,2080,0.0,sv_2c_buffer_decoal
R12_PAO,coal_adv_cfNH3,2070,2090,0.0,sv_2c_buffer_decoal
R12_PAO,coal_adv_cfNH3,2080,2080,0.0,sv_2c_buffer_decoal
R12_PAO,coal_adv_cfNH3,2080,2090,0.0,sv_2c_buffer_decoal
R12_PAO,coal_adv_cfNH3,2080,2100,0.0,sv_2c_buffer_decoal
R12_PAO,coal_adv_cfNH3,2090,2090,0.0,sv_2c_buffer_decoal
R12_PAO,coal_adv_cfNH3,2090,2100,0.0,sv_2c_buffer_decoal
R12_PAO,coal_adv_cfNH3,2090,2110,0.0,sv_2c_buffer_decoal
R12_PAO,coal_adv_cfNH3,2100,2100,0.0,sv_2c_buffer_decoal
R12_PAO,coal_adv_cfNH3,2100,2110,0.0,sv_2c_buffer_decoal
R12_PAO,coal_adv_cfNH3,2110,2110,0.0,sv_2c_buffer_decoal
R12_PAO,coal_ppl_u_cfNH3,1960,1960,0.0,sv_2c_buffer_decoal
R12_PAO,coal_ppl_u_cfNH3,1965,1965,0.0,sv_2c_buffer_decoal
R12_PAO,coal_ppl_u_cfNH3,1970,1970,0.0,sv_2c_buffer_decoal
R12_PAO,coal_ppl_u_cfNH3,1970,2030,0.0,sv_2c_buffer_decoal
R12_PAO,coal_ppl_u_cfNH3,1975,1975,0.0,sv_2c_buffer_decoal
R12_PAO,coal_ppl_u_cfNH3,1975,2030,0.0,sv_2c_buffer_decoal
R12_PAO,coal_ppl_u_cfNH3,1980,1980,0.0,sv_2c_buffer_decoal
R12_PAO,coal_ppl_u_cfNH3,1980,2030,0.0,sv_2c_buffer_decoal
R12_PAO,coal_ppl_u_cfNH3,1980,2035,0.0,sv_2c_buffer_decoal
R12_PAO,coal_ppl_u_cfNH3,1985,1985,0.0,sv_2c_buffer_decoal
R12_PAO,coal_ppl_u_cfNH3,1985,2030,0.0,sv_2c_buffer_decoal
R12_PAO,coal_ppl_u_cfNH3,1985,2035,0.0,sv_2c_buffer_decoal
R12_PAO,coal_ppl_u_cfNH3,1990,1990,0.0,sv_2c_buffer_decoal
R12_PAO,coal_ppl_u_cfNH3,1990,2030,0.0,sv_2c_buffer_decoal
R12_PAO,coal_ppl_u_cfNH3,1990,2035,0.0,sv_2c_buffer_decoal
R12_PAO,coal_ppl_u_cfNH3,1990,2040,0.0,sv_2c_buffer_decoal
R12_PAO,coal_ppl_u_cfNH3,1995,1995,0.0,sv_2c_buffer_decoal
R12_PAO,coal_ppl_u_cfNH3,1995,2030,0.0,sv_2c_buffer_decoal
R12_PAO,coal_ppl_u_cfNH3,1995,2035,0.0,sv_2c_buffer_decoal
R12_PAO,coal_ppl_u_cfNH3,1995,2040,0.0,sv_2c_buffer_decoal
R12_PAO,coal_ppl_u_cfNH3,2000,2000,0.0,sv_2c_buffer_decoal
R12_PAO,coal_ppl_u_cfNH3,2000,2030,0.0,sv_2c_buffer_decoal
R12_PAO,coal_ppl_u_cfNH3,2000,2035,0.0,sv_2c_buffer_decoal
R12_PAO,coal_ppl_u_cfNH3,2000,2040,0.0,sv_2c_buffer_decoal
R12_PAO,coal_ppl_u_cfNH3,2000,2045,0.0,sv_2c_buffer_decoal
R12_PAO,coal_ppl_u_cfNH3,2005,2005,0.0,sv_2c_buffer_decoal
R12_PAO,coal_ppl_u_cfNH3,2005,2030,0.0,sv_2c_buffer_decoal
R12_PAO,coal_ppl_u_cfNH3,2005,2035,0.0,sv_2c_buffer_decoal
R12_PAO,coal_ppl_u_cfNH3,2005,2040,0.0,sv_2c_buffer_decoal
R12_PAO,coal_ppl_u_cfNH3,2005,2045,0.0,sv_2c_buffer_decoal
R12_PAO,coal_ppl_u_cfNH3,2010,2010,0.0,sv_2c_buffer_decoal
R12_PAO,coal_ppl_u_cfNH3,2010,2030,0.0,sv_2c_buffer_decoal
R12_PAO,coal_ppl_u_cfNH3,2010,2035,0.0,sv_2c_buffer_decoal
R12_PAO,coal_ppl_u_cfNH3,2010,2040,0.0,sv_2c_buffer_decoal
R12_PAO,coal_ppl_u_cfNH3,2010,2045,0.0,sv_2c_buffer_decoal
R12_PAO,coal_ppl_u_cfNH3,2010,2050,0.0,sv_2c_buffer_decoal
R12_PAO,coal_ppl_u_cfNH3,2015,2015,0.0,sv_2c_buffer_decoal
R12_PAO,coal_ppl_u_cfNH3,2015,2030,0.0,sv_2c_buffer_decoal
R12_PAO,coal_ppl_u_cfNH3,2015,2035,0.0,sv_2c_buffer_decoal
R12_PAO,coal_ppl_u_cfNH3,2015,2040,0.0,sv_2c_buffer_decoal
R12_PAO,coal_ppl_u_cfNH3,2015,2045,0.0,sv_2c_buffer_decoal
R12_PAO,coal_ppl_u_cfNH3,2020,2020,0.0,sv_2c_buffer_decoal
R12_PAO,coal_ppl_u_cfNH3,2020,2030,0.0,sv_2c_buffer_decoal
R12_PAO,coal_ppl_u_cfNH3,2020,2035,0.0,sv_2c_buffer_decoal
R12_PAO,coal_ppl_u_cfNH3,2020,2040,0.0,sv_2c_buffer_decoal
R12_PAO,coal_ppl_u_cfNH3,2020,2045,0.0,sv_2c_buffer_decoal
R12_PAO,coal_ppl_u_cfNH3,2025,2025,0.0,sv_2c_buffer_decoal
R12_PAO,coal_ppl_u_cfNH3,2025,2030,0.0,sv_2c_buffer_decoal
R12_PAO,coal_ppl_u_cfNH3,2025,2035,0.0,sv_2c_buffer_decoal
R12_PAO,coal_ppl_u_cfNH3,2025,2040,0.0,sv_2c_buffer_decoal
R12_PAO,coal_ppl_u_cfNH3,2025,2045,0.0,sv_2c_buffer_decoal
R12_PAO,coal_ppl_u_cfNH3,2025,2050,0.0,sv_2c_buffer_decoal
R12_PAO,coal_ppl_u_cfNH3,2030,2030,0.0,sv_2c_buffer_decoal
R12_PAO,coal_ppl_u_cfNH3,2030,2035,0.0,sv_2c_buffer_decoal
R12_PAO,coal_ppl_u_cfNH3,2030,2040,0.0,sv_2c_buffer_decoal
R12_PAO,coal_ppl_u_cfNH3,2030,2045,0.0,sv_2c_buffer_decoal
R12_PAO,coal_ppl_u_cfNH3,2030,2050,0.0,sv_2c_buffer_decoal
R12_PAO,coal_ppl_u_cfNH3,2030,2055,0.0,sv_2c_buffer_decoal
R12_PAO,coal_ppl_u_cfNH3,2035,2035,0.0,sv_2c_buffer_decoal
R12_PAO,coal_ppl_u_cfNH3,2035,2040,0.0,sv_2c_buffer_decoal
R12_PAO,coal_ppl_u_cfNH3,2035,2045,0.0,sv_2c_buffer_decoal
R12_PAO,coal_ppl_u_cfNH3,2035,2050,0.0,sv_2c_buffer_decoal
R12_PAO,coal_ppl_u_cfNH3,2035,2055,0.0,sv_2c_buffer_decoal
R12_PAO,coal_ppl_u_cfNH3,2035,2060,0.0,sv_2c_buffer_decoal
R12_PAO,coal_ppl_u_cfNH3,2040,2040,0.0,sv_2c_buffer_decoal
R12_PAO,coal_ppl_u_cfNH3,2040,2045,0.0,sv_2c_buffer_decoal
R12_PAO,coal_ppl_u_cfNH3,2040,2050,0.0,sv_2c_buffer_decoal
R12_PAO,coal_ppl_u_cfNH3,2040,2055,0.0,sv_2c_buffer_decoal
R12_PAO,coal_ppl_u_cfNH3,2040,2060,0.0,sv_2c_buffer_decoal
R12_PAO,coal_ppl_u_cfNH3,2040,2070,0.0,sv_2c_buffer_decoal
R12_PAO,coal_ppl_u_cfNH3,2045,2045,0.0,sv_2c_buffer_decoal
R12_PAO,coal_ppl_u_cfNH3,2045,2050,0.0,sv_2c_buffer_decoal
R12_PAO,coal_ppl_u_cfNH3,2045,2055,0.0,sv_2c_buffer_decoal
R12_PAO,coal_ppl_u_cfNH3,2045,2060,0.0,sv_2c_buffer_decoal
R12_PAO,coal_ppl_u_cfNH3,2045,2070,0.0,sv_2c_buffer_decoal
R12_PAO,coal_ppl_u_cfNH3,2050,2050,0.0,sv_2c_buffer_decoal
R12_PAO,coal_ppl_u_cfNH3,2050,2055,0.0,sv_2c_buffer_decoal
R12_PAO,coal_ppl_u_cfNH3,2050,2060,0.0,sv_2c_buffer_decoal
R12_PAO,coal_ppl_u_cfNH3,2050,2070,0.0,sv_2c_buffer_decoal
R12_PAO,coal_ppl_u_cfNH3,2050,2080,0.0,sv_2c_buffer_decoal
R12_PAO,coal_ppl_u_cfNH3,2055,2055,0.0,sv_2c_buffer_decoal
R12_PAO,coal_ppl_u_cfNH3,2055,2060,0.0,sv_2c_buffer_decoal
R12_PAO,coal_ppl_u_cfNH3,2055,2070,0.0,sv_2c_buffer_decoal
R12_PAO,coal_ppl_u_cfNH3,2055,2080,0.0,sv_2c_buffer_decoal
R12_PAO,coal_ppl_u_cfNH3,2060,2060,0.0,sv_2c_buffer_decoal
R12_PAO,coal_ppl_u_cfNH3,2060,2070,0.0,sv_2c_buffer_decoal
R12_PAO,coal_ppl_u_cfNH3,2060,2080,0.0,sv_2c_buffer_decoal
R12_PAO,coal_ppl_u_cfNH3,2060,2090,0.0,sv_2c_buffer_decoal
R12_PAO,coal_ppl_u_cfNH3,2070,2070,0.0,sv_2c_buffer_decoal
R12_PAO,coal_ppl_u_cfNH3,2070,2080,0.0,sv_2c_buffer_decoal
R12_PAO,coal_ppl_u_cfNH3,2070,2090,0.0,sv_2c_buffer_decoal
R12_PAO,coal_ppl_u_cfNH3,2080,2080,0.0,sv_2c_buffer_decoal
R12_PAO,coal_ppl_u_cfNH3,2080,2090,0.0,sv_2c_buffer_decoal
R12_PAO,coal_ppl_u_cfNH3,2080,2100,0.0,sv_2c_buffer_decoal
R12_PAO,coal_ppl_u_cfNH3,2090,2090,0.0,sv_2c_buffer_decoal
R12_PAO,coal_ppl_u_cfNH3,2090,2100,0.0,sv_2c_buffer_decoal
R12_PAO,coal_ppl_u_cfNH3,2090,2110,0.0,sv_2c_buffer_decoal
R12_PAO,coal_ppl_u_cfNH3,2100,2100,0.0,sv_2c_buffer_decoal
R12_PAO,coal_ppl_u_cfNH3,2100,2110,0.0,sv_2c_buffer_decoal
R12_PAO,coal_ppl_u_cfNH3,2110,2110,0.0,sv_2c_buffer_decoal
R12_PAO,coal_ppl_cfNH3,1965,1965,0.0,sv_2c_buffer_decoal
R12_PAO,coal_ppl_cfNH3,1970,1970,0.0,sv_2c_buffer_decoal
R12_PAO,coal_ppl_cfNH3,1975,1975,0.0,sv_2c_buffer_decoal
R12_PAO,coal_ppl_cfNH3,1980,1980,0.0,sv_2c_buffer_decoal
R12_PAO,coal_ppl_cfNH3,1985,1985,0.0,sv_2c_buffer_decoal
R12_PAO,coal_ppl_cfNH3,1990,1990,0.0,sv_2c_buffer_decoal
R12_PAO,coal_ppl_cfNH3,1990,2030,0.0,sv_2c_buffer_decoal
R12_PAO,coal_ppl_cfNH3,1995,1995,0.0,sv_2c_buffer_decoal
R12_PAO,coal_ppl_cfNH3,1995,2030,0.0,sv_2c_buffer_decoal
R12_PAO,coal_ppl_cfNH3,2000,2000,0.0,sv_2c_buffer_decoal
R12_PAO,coal_ppl_cfNH3,2000,2030,0.0,sv_2c_buffer_decoal
R12_PAO,coal_ppl_cfNH3,2000,2035,0.0,sv_2c_buffer_decoal
R12_PAO,coal_ppl_cfNH3,2005,2005,0.0,sv_2c_buffer_decoal
R12_PAO,coal_ppl_cfNH3,2005,2030,0.0,sv_2c_buffer_decoal
R12_PAO,coal_ppl_cfNH3,2005,2035,0.0,sv_2c_buffer_decoal
R12_PAO,coal_ppl_cfNH3,2010,2010,0.0,sv_2c_buffer_decoal
R12_PAO,coal_ppl_cfNH3,2010,2030,0.0,sv_2c_buffer_decoal
R12_PAO,coal_ppl_cfNH3,2010,2035,0.0,sv_2c_buffer_decoal
R12_PAO,coal_ppl_cfNH3,2010,2040,0.0,sv_2c_buffer_decoal
R12_PAO,coal_ppl_cfNH3,2015,2015,0.0,sv_2c_buffer_decoal
R12_PAO,coal_ppl_cfNH3,2015,2030,0.0,sv_2c_buffer_decoal
R12_PAO,coal_ppl_cfNH3,2015,2035,0.0,sv_2c_buffer_decoal
R12_PAO,coal_ppl_cfNH3,2015,2040,0.0,sv_2c_buffer_decoal
R12_PAO,coal_ppl_cfNH3,2020,2020,0.0,sv_2c_buffer_decoal
R12_PAO,coal_ppl_cfNH3,2020,2030,0.0,sv_2c_buffer_decoal
R12_PAO,coal_ppl_cfNH3,2020,2035,0.0,sv_2c_buffer_decoal
R12_PAO,coal_ppl_cfNH3,2020,2040,0.0,sv_2c_buffer_decoal
R12_PAO,coal_ppl_cfNH3,2020,2045,0.0,sv_2c_buffer_decoal
R12_PAO,coal_ppl_cfNH3,2025,2025,0.0,sv_2c_buffer_decoal
R12_PAO,coal_ppl_cfNH3,2025,2030,0.0,sv_2c_buffer_decoal
R12_PAO,coal_ppl_cfNH3,2025,2035,0.0,sv_2c_buffer_decoal
R12_PAO,coal_ppl_cfNH3,2025,2040,0.0,sv_2c_buffer_decoal
R12_PAO,coal_ppl_cfNH3,2025,2045,0.0,sv_2c_buffer_decoal
R12_PAO,coal_ppl_cfNH3,2025,2050,0.0,sv_2c_buffer_decoal
R12_PAO,coal_ppl_cfNH3,2030,2030,0.0,sv_2c_buffer_decoal
R12_PAO,coal_ppl_cfNH3,2030,2035,0.0,sv_2c_buffer_decoal
R12_PAO,coal_ppl_cfNH3,2030,2040,0.0,sv_2c_buffer_decoal
R12_PAO,coal_ppl_cfNH3,2030,2045,0.0,sv_2c_buffer_decoal
R12_PAO,coal_ppl_cfNH3,2030,2050,0.0,sv_2c_buffer_decoal
R12_PAO,coal_ppl_cfNH3,2030,2055,0.0,sv_2c_buffer_decoal
R12_PAO,coal_ppl_cfNH3,2035,2035,0.0,sv_2c_buffer_decoal
R12_PAO,coal_ppl_cfNH3,2035,2040,0.0,sv_2c_buffer_decoal
R12_PAO,coal_ppl_cfNH3,2035,2045,0.0,sv_2c_buffer_decoal
R12_PAO,coal_ppl_cfNH3,2035,2050,0.0,sv_2c_buffer_decoal
R12_PAO,coal_ppl_cfNH3,2035,2055,0.0,sv_2c_buffer_decoal
R12_PAO,coal_ppl_cfNH3,2035,2060,0.0,sv_2c_buffer_decoal
R12_PAO,coal_ppl_cfNH3,2040,2040,0.0,sv_2c_buffer_decoal
R12_PAO,coal_ppl_cfNH3,2040,2045,0.0,sv_2c_buffer_decoal
R12_PAO,coal_ppl_cfNH3,2040,2050,0.0,sv_2c_buffer_decoal
R12_PAO,coal_ppl_cfNH3,2040,2055,0.0,sv_2c_buffer_decoal
R12_PAO,coal_ppl_cfNH3,2040,2060,0.0,sv_2c_buffer_decoal
R12_PAO,coal_ppl_cfNH3,2040,2070,0.0,sv_2c_buffer_decoal
R12_PAO,coal_ppl_cfNH3,2045,2045,0.0,sv_2c_buffer_decoal
R12_PAO,coal_ppl_cfNH3,2045,2050,0.0,sv_2c_buffer_decoal
R12_PAO,coal_ppl_cfNH3,2045,2055,0.0,sv_2c_buffer_decoal
R12_PAO,coal_ppl_cfNH3,2045,2060,0.0,sv_2c_buffer_decoal
R12_PAO,coal_ppl_cfNH3,2045,2070,0.0,sv_2c_buffer_decoal
R12_PAO,coal_ppl_cfNH3,2050,2050,0.0,sv_2c_buffer_decoal
R12_PAO,coal_ppl_cfNH3,2050,2055,0.0,sv_2c_buffer_decoal
R12_PAO,coal_ppl_cfNH3,2050,2060,0.0,sv_2c_buffer_decoal
R12_PAO,coal_ppl_cfNH3,2050,2070,0.0,sv_2c_buffer_decoal
R12_PAO,coal_ppl_cfNH3,2050,2080,0.0,sv_2c_buffer_decoal
R12_PAO,coal_ppl_cfNH3,2055,2055,0.0,sv_2c_buffer_decoal
R12_PAO,coal_ppl_cfNH3,2055,2060,0.0,sv_2c_buffer_decoal
R12_PAO,coal_ppl_cfNH3,2055,2070,0.0,sv_2c_buffer_decoal
R12_PAO,coal_ppl_cfNH3,2055,2080,0.0,sv_2c_buffer_decoal
R12_PAO,coal_ppl_cfNH3,2060,2060,0.0,sv_2c_buffer_decoal
R12_PAO,coal_ppl_cfNH3,2060,2070,0.0,sv_2c_buffer_decoal
R12_PAO,coal_ppl_cfNH3,2060,2080,0.0,sv_2c_buffer_decoal
R12_PAO,coal_ppl_cfNH3,2060,2090,0.0,sv_2c_buffer_decoal
R12_PAO,coal_ppl_cfNH3,2070,2070,0.0,sv_2c_buffer_decoal
R12_PAO,coal_ppl_cfNH3,2070,2080,0.0,sv_2c_buffer_decoal
R12_PAO,coal_ppl_cfNH3,2070,2090,0.0,sv_2c_buffer_decoal
R12_PAO,coal_ppl_cfNH3,2080,2080,0.0,sv_2c_buffer_decoal
R12_PAO,coal_ppl_cfNH3,2080,2090,0.0,sv_2c_buffer_decoal
R12_PAO,coal_ppl_cfNH3,2080,2100,0.0,sv_2c_buffer_decoal
R12_PAO,coal_ppl_cfNH3,2090,2090,0.0,sv_2c_buffer_decoal
R12_PAO,coal_ppl_cfNH3,2090,2100,0.0,sv_2c_buffer_decoal
R12_PAO,coal_ppl_cfNH3,2090,2110,0.0,sv_2c_buffer_decoal
R12_PAO,coal_ppl_cfNH3,2100,2100,0.0,sv_2c_buffer_decoal
R12_PAO,coal_ppl_cfNH3,2100,2110,0.0,sv_2c_buffer_decoal
R12_PAO,coal_ppl_cfNH3,2110,2110,0.0,sv_2c_buffer_decoal
R12_PAO,coal_adv_cfbio,1985,1985,0.0,sv_2c_buffer_decoal
R12_PAO,coal_adv_cfbio,1990,1990,0.0,sv_2c_buffer_decoal
R12_PAO,coal_adv_cfbio,1995,1995,0.0,sv_2c_buffer_decoal
R12_PAO,coal_adv_cfbio,2000,2000,0.0,sv_2c_buffer_decoal
R12_PAO,coal_adv_cfbio,2005,2005,0.0,sv_2c_buffer_decoal
R12_PAO,coal_adv_cfbio,2005,2030,0.0,sv_2c_buffer_decoal
R12_PAO,coal_adv_cfbio,2010,2010,0.0,sv_2c_buffer_decoal
R12_PAO,coal_adv_cfbio,2010,2030,0.0,sv_2c_buffer_decoal
R12_PAO,coal_adv_cfbio,2010,2035,0.0,sv_2c_buffer_decoal
R12_PAO,coal_adv_cfbio,2015,2015,0.0,sv_2c_buffer_decoal
R12_PAO,coal_adv_cfbio,2015,2030,0.0,sv_2c_buffer_decoal
R12_PAO,coal_adv_cfbio,2015,2035,0.0,sv_2c_buffer_decoal
R12_PAO,coal_adv_cfbio,2015,2040,0.0,sv_2c_buffer_decoal
R12_PAO,coal_adv_cfbio,2020,2020,0.0,sv_2c_buffer_decoal
R12_PAO,coal_adv_cfbio,2020,2030,0.0,sv_2c_buffer_decoal
R12_PAO,coal_adv_cfbio,2020,2035,0.0,sv_2c_buffer_decoal
R12_PAO,coal_adv_cfbio,2020,2040,0.0,sv_2c_buffer_decoal
R12_PAO,coal_adv_cfbio,2020,2045,0.0,sv_2c_buffer_decoal
R12_PAO,coal_adv_cfbio,2025,2025,0.0,sv_2c_buffer_decoal
R12_PAO,coal_adv_cfbio,2025,2030,0.0,sv_2c_buffer_decoal
R12_PAO,coal_adv_cfbio,2025,2035,0.0,sv_2c_buffer_decoal
R12_PAO,coal_adv_cfbio,2025,2040,0.0,sv_2c_buffer_decoal
R12_PAO,coal_adv_cfbio,2025,2045,0.0,sv_2c_buffer_decoal
R12_PAO,coal_adv_cfbio,2025,2050,0.0,sv_2c_buffer_decoal
R12_PAO,coal_adv_cfbio,2030,2030,0.0,sv_2c_buffer_decoal
R12_PAO,coal_adv_cfbio,2030,2035,0.0,sv_2c_buffer_decoal
R12_PAO,coal_adv_cfbio,2030,2040,0.0,sv_2c_buffer_decoal
R12_PAO,coal_adv_cfbio,2030,2045,0.0,sv_2c_buffer_decoal
R12_PAO,coal_adv_cfbio,2030,2050,0.0,sv_2c_buffer_decoal
R12_PAO,coal_adv_cfbio,2030,2055,0.0,sv_2c_buffer_decoal
R12_PAO,coal_adv_cfbio,2035,2035,0.0,sv_2c_buffer_decoal
R12_PAO,coal_adv_cfbio,2035,2040,0.0,sv_2c_buffer_decoal
R12_PAO,coal_adv_cfbio,2035,2045,0.0,sv_2c_buffer_decoal
R12_PAO,coal_adv_cfbio,2035,2050,0.0,sv_2c_buffer_decoal
R12_PAO,coal_adv_cfbio,2035,2055,0.0,sv_2c_buffer_decoal
R12_PAO,coal_adv_cfbio,2035,2060,0.0,sv_2c_buffer_decoal
R12_PAO,coal_adv_cfbio,2040,2040,0.0,sv_2c_buffer_decoal
R12_PAO,coal_adv_cfbio,2040,2045,0.0,sv_2c_buffer_decoal
R12_PAO,coal_adv_cfbio,2040,2050,0.0,sv_2c_buffer_decoal
R12_PAO,coal_adv_cfbio,2040,2055,0.0,sv_2c_buffer_decoal
R12_PAO,coal_adv_cfbio,2040,2060,0.0,sv_2c_buffer_decoal
R12_PAO,coal_adv_cfbio,2040,2070,0.0,sv_2c_buffer_decoal
R12_PAO,coal_adv_cfbio,2045,2045,0.0,sv_2c_buffer_decoal
R12_PAO,coal_adv_cfbio,2045,2050,0.0,sv_2c_buffer_decoal
R12_PAO,coal_adv_cfbio,2045,2055,0.0,sv_2c_buffer_decoal
R12_PAO,coal_adv_cfbio,2045,2060,0.0,sv_2c_buffer_decoal
R12_PAO,coal_adv_cfbio,2045,2070,0.0,sv_2c_buffer_decoal
R12_PAO,coal_adv_cfbio,2050,2050,0.0,sv_2c_buffer_decoal
R12_PAO,coal_adv_cfbio,2050,2055,0.0,sv_2c_buffer_decoal
R12_PAO,coal_adv_cfbio,2050,2060,0.0,sv_2c_buffer_decoal
R12_PAO,coal_adv_cfbio,2050,2070,0.0,sv_2c_buffer_decoal
R12_PAO,coal_adv_cfbio,2050,2080,0.0,sv_2c_buffer_decoal
R12_PAO,coal_adv_cfbio,2055,2055,0.0,sv_2c_buffer_decoal
R12_PAO,coal_adv_cfbio,2055,2060,0.0,sv_2c_buffer_decoal
R12_PAO,coal_adv_cfbio,2055,2070,0.0,sv_2c_buffer_decoal
R12_PAO,coal_adv_cfbio,2055,2080,0.0,sv_2c_buffer_decoal
R12_PAO,coal_adv_cfbio,2060,2060,0.0,sv_2c_buffer_decoal
R12_PAO,coal_adv_cfbio,2060,2070,0.0,sv_2c_buffer_decoal
R12_PAO,coal_adv_cfbio,2060,2080,0.0,sv_2c_buffer_decoal
R12_PAO,coal_adv_cfbio,2060,2090,0.0,sv_2c_buffer_decoal
R12_PAO,coal_adv_cfbio,2070,2070,0.0,sv_2c_buffer_decoal
R12_PAO,coal_adv_cfbio,2070,2080,0.0,sv_2c_buffer_decoal
R12_PAO,coal_adv_cfbio,2070,2090,0.0,sv_2c_buffer_decoal
R12_PAO,coal_adv_cfbio,2080,2080,0.0,sv_2c_buffer_decoal
R12_PAO,coal_adv_cfbio,2080,2090,0.0,sv_2c_buffer_decoal
R12_PAO,coal_adv_cfbio,2080,2100,0.0,sv_2c_buffer_decoal
R12_PAO,coal_adv_cfbio,2090,2090,0.0,sv_2c_buffer_decoal
R12_PAO,coal_adv_cfbio,2090,2100,0.0,sv_2c_buffer_decoal
R12_PAO,coal_adv_cfbio,2090,2110,0.0,sv_2c_buffer_decoal
R12_PAO,coal_adv_cfbio,2100,2100,0.0,sv_2c_buffer_decoal
R12_PAO,coal_adv_cfbio,2100,2110,0.0,sv_2c_buffer_decoal
R12_PAO,coal_adv_cfbio,2110,2110,0.0,sv_2c_buffer_decoal
R12_PAO,coal_ppl_u_cfbio,1985,1985,0.0,sv_2c_buffer_decoal
R12_PAO,coal_ppl_u_cfbio,1985,2030,0.0,sv_2c_buffer_decoal
R12_PAO,coal_ppl_u_cfbio,1985,2035,0.0,sv_2c_buffer_decoal
R12_PAO,coal_ppl_u_cfbio,1990,1990,0.0,sv_2c_buffer_decoal
R12_PAO,coal_ppl_u_cfbio,1990,2030,0.0,sv_2c_buffer_decoal
R12_PAO,coal_ppl_u_cfbio,1990,2035,0.0,sv_2c_buffer_decoal
R12_PAO,coal_ppl_u_cfbio,1990,2040,0.0,sv_2c_buffer_decoal
R12_PAO,coal_ppl_u_cfbio,1995,1995,0.0,sv_2c_buffer_decoal
R12_PAO,coal_ppl_u_cfbio,1995,2030,0.0,sv_2c_buffer_decoal
R12_PAO,coal_ppl_u_cfbio,1995,2035,0.0,sv_2c_buffer_decoal
R12_PAO,coal_ppl_u_cfbio,1995,2040,0.0,sv_2c_buffer_decoal
R12_PAO,coal_ppl_u_cfbio,2000,2000,0.0,sv_2c_buffer_decoal
R12_PAO,coal_ppl_u_cfbio,2000,2030,0.0,sv_2c_buffer_decoal
R12_PAO,coal_ppl_u_cfbio,2000,2035,0.0,sv_2c_buffer_decoal
R12_PAO,coal_ppl_u_cfbio,2000,2040,0.0,sv_2c_buffer_decoal
R12_PAO,coal_ppl_u_cfbio,2000,2045,0.0,sv_2c_buffer_decoal
R12_PAO,coal_ppl_u_cfbio,2005,2005,0.0,sv_2c_buffer_decoal
R12_PAO,coal_ppl_u_cfbio,2005,2030,0.0,sv_2c_buffer_decoal
R12_PAO,coal_ppl_u_cfbio,2005,2035,0.0,sv_2c_buffer_decoal
R12_PAO,coal_ppl_u_cfbio,2005,2040,0.0,sv_2c_buffer_decoal
R12_PAO,coal_ppl_u_cfbio,2005,2045,0.0,sv_2c_buffer_decoal
R12_PAO,coal_ppl_u_cfbio,2010,2010,0.0,sv_2c_buffer_decoal
R12_PAO,coal_ppl_u_cfbio,2010,2030,0.0,sv_2c_buffer_decoal
R12_PAO,coal_ppl_u_cfbio,2010,2035,0.0,sv_2c_buffer_decoal
R12_PAO,coal_ppl_u_cfbio,2010,2040,0.0,sv_2c_buffer_decoal
R12_PAO,coal_ppl_u_cfbio,2010,2045,0.0,sv_2c_buffer_decoal
R12_PAO,coal_ppl_u_cfbio,2010,2050,0.0,sv_2c_buffer_decoal
R12_PAO,coal_ppl_u_cfbio,2015,2015,0.0,sv_2c_buffer_decoal
R12_PAO,coal_ppl_u_cfbio,2015,2030,0.0,sv_2c_buffer_decoal
R12_PAO,coal_ppl_u_cfbio,2015,2035,0.0,sv_2c_buffer_decoal
R12_PAO,coal_ppl_u_cfbio,2015,2040,0.0,sv_2c_buffer_decoal
R12_PAO,coal_ppl_u_cfbio,2015,2045,0.0,sv_2c_buffer_decoal
R12_PAO,coal_ppl_u_cfbio,2020,2020,0.0,sv_2c_buffer_decoal
R12_PAO,coal_ppl_u_cfbio,2020,2030,0.0,sv_2c_buffer_decoal
R12_PAO,coal_ppl_u_cfbio,2020,2035,0.0,sv_2c_buffer_decoal
R12_PAO,coal_ppl_u_cfbio,2020,2040,0.0,sv_2c_buffer_decoal
R12_PAO,coal_ppl_u_cfbio,2020,2045,0.0,sv_2c_buffer_decoal
R12_PAO,coal_ppl_u_cfbio,2025,2025,0.0,sv_2c_buffer_decoal
R12_PAO,coal_ppl_u_cfbio,2025,2030,0.0,sv_2c_buffer_decoal
R12_PAO,coal_ppl_u_cfbio,2025,2035,0.0,sv_2c_buffer_decoal
R12_PAO,coal_ppl_u_cfbio,2025,2040,0.0,sv_2c_buffer_decoal
R12_PAO,coal_ppl_u_cfbio,2025,2045,0.0,sv_2c_buffer_decoal
R12_PAO,coal_ppl_u_cfbio,2025,2050,0.0,sv_2c_buffer_decoal
R12_PAO,coal_ppl_u_cfbio,2030,2030,0.0,sv_2c_buffer_decoal
R12_PAO,coal_ppl_u_cfbio,2030,2035,0.0,sv_2c_buffer_decoal
R12_PAO,coal_ppl_u_cfbio,2030,2040,0.0,sv_2c_buffer_decoal
R12_PAO,coal_ppl_u_cfbio,2030,2045,0.0,sv_2c_buffer_decoal
R12_PAO,coal_ppl_u_cfbio,2030,2050,0.0,sv_2c_buffer_decoal
R12_PAO,coal_ppl_u_cfbio,2030,2055,0.0,sv_2c_buffer_decoal
R12_PAO,coal_ppl_u_cfbio,2035,2035,0.0,sv_2c_buffer_decoal
R12_PAO,coal_ppl_u_cfbio,2035,2040,0.0,sv_2c_buffer_decoal
R12_PAO,coal_ppl_u_cfbio,2035,2045,0.0,sv_2c_buffer_decoal
R12_PAO,coal_ppl_u_cfbio,2035,2050,0.0,sv_2c_buffer_decoal
R12_PAO,coal_ppl_u_cfbio,2035,2055,0.0,sv_2c_buffer_decoal
R12_PAO,coal_ppl_u_cfbio,2035,2060,0.0,sv_2c_buffer_decoal
R12_PAO,coal_ppl_u_cfbio,2040,2040,0.0,sv_2c_buffer_decoal
R12_PAO,coal_ppl_u_cfbio,2040,2045,0.0,sv_2c_buffer_decoal
R12_PAO,coal_ppl_u_cfbio,2040,2050,0.0,sv_2c_buffer_decoal
R12_PAO,coal_ppl_u_cfbio,2040,2055,0.0,sv_2c_buffer_decoal
R12_PAO,coal_ppl_u_cfbio,2040,2060,0.0,sv_2c_buffer_decoal
R12_PAO,coal_ppl_u_cfbio,2040,2070,0.0,sv_2c_buffer_decoal
R12_PAO,coal_ppl_u_cfbio,2045,2045,0.0,sv_2c_buffer_decoal
R12_PAO,coal_ppl_u_cfbio,2045,2050,0.0,sv_2c_buffer_decoal
R12_PAO,coal_ppl_u_cfbio,2045,2055,0.0,sv_2c_buffer_decoal
R12_PAO,coal_ppl_u_cfbio,2045,2060,0.0,sv_2c_buffer_decoal
R12_PAO,coal_ppl_u_cfbio,2045,2070,0.0,sv_2c_buffer_decoal
R12_PAO,coal_ppl_u_cfbio,2050,2050,0.0,sv_2c_buffer_decoal
R12_PAO,coal_ppl_u_cfbio,2050,2055,0.0,sv_2c_buffer_decoal
R12_PAO,coal_ppl_u_cfbio,2050,2060,0.0,sv_2c_buffer_decoal
R12_PAO,coal_ppl_u_cfbio,2050,2070,0.0,sv_2c_buffer_decoal
R12_PAO,coal_ppl_u_cfbio,2050,2080,0.0,sv_2c_buffer_decoal
R12_PAO,coal_ppl_u_cfbio,2055,2055,0.0,sv_2c_buffer_decoal
R12_PAO,coal_ppl_u_cfbio,2055,2060,0.0,sv_2c_buffer_decoal
R12_PAO,coal_ppl_u_cfbio,2055,2070,0.0,sv_2c_buffer_decoal
R12_PAO,coal_ppl_u_cfbio,2055,2080,0.0,sv_2c_buffer_decoal
R12_PAO,coal_ppl_u_cfbio,2060,2060,0.0,sv_2c_buffer_decoal
R12_PAO,coal_ppl_u_cfbio,2060,2070,0.0,sv_2c_buffer_decoal
R12_PAO,coal_ppl_u_cfbio,2060,2080,0.0,sv_2c_buffer_decoal
R12_PAO,coal_ppl_u_cfbio,2060,2090,0.0,sv_2c_buffer_decoal
R12_PAO,coal_ppl_u_cfbio,2070,2070,0.0,sv_2c_buffer_decoal
R12_PAO,coal_ppl_u_cfbio,2070,2080,0.0,sv_2c_buffer_decoal
R12_PAO,coal_ppl_u_cfbio,2070,2090,0.0,sv_2c_buffer_decoal
R12_PAO,coal_ppl_u_cfbio,2080,2080,0.0,sv_2c_buffer_decoal
R12_PAO,coal_ppl_u_cfbio,2080,2090,0.0,sv_2c_buffer_decoal
R12_PAO,coal_ppl_u_cfbio,2080,2100,0.0,sv_2c_buffer_decoal
R12_PAO,coal_ppl_u_cfbio,2090,2090,0.0,sv_2c_buffer_decoal
R12_PAO,coal_ppl_u_cfbio,2090,2100,0.0,sv_2c_buffer_decoal
R12_PAO,coal_ppl_u_cfbio,2090,2110,0.0,sv_2c_buffer_decoal
R12_PAO,coal_ppl_u_cfbio,2100,2100,0.0,sv_2c_buffer_decoal
R12_PAO,coal_ppl_u_cfbio,2100,2110,0.0,sv_2c_buffer_decoal
R12_PAO,coal_ppl_u_cfbio,2110,2110,0.0,sv_2c_buffer_decoal
R12_PAO,coal_ppl_cfbio,1985,1985,0.0,sv_2c_buffer_decoal
R12_PAO,coal_ppl_cfbio,1990,1990,0.0,sv_2c_buffer_decoal
R12_PAO,coal_ppl_cfbio,1990,2030,0.0,sv_2c_buffer_decoal
R12_PAO,coal_ppl_cfbio,1995,1995,0.0,sv_2c_buffer_decoal
R12_PAO,coal_ppl_cfbio,1995,2030,0.0,sv_2c_buffer_decoal
R12_PAO,coal_ppl_cfbio,2000,2000,0.0,sv_2c_buffer_decoal
R12_PAO,coal_ppl_cfbio,2000,2030,0.0,sv_2c_buffer_decoal
R12_PAO,coal_ppl_cfbio,2000,2035,0.0,sv_2c_buffer_decoal
R12_PAO,coal_ppl_cfbio,2005,2005,0.0,sv_2c_buffer_decoal
R12_PAO,coal_ppl_cfbio,2005,2030,0.0,sv_2c_buffer_decoal
R12_PAO,coal_ppl_cfbio,2005,2035,0.0,sv_2c_buffer_decoal
R12_PAO,coal_ppl_cfbio,2010,2010,0.0,sv_2c_buffer_decoal
R12_PAO,coal_ppl_cfbio,2010,2030,0.0,sv_2c_buffer_decoal
R12_PAO,coal_ppl_cfbio,2010,2035,0.0,sv_2c_buffer_decoal
R12_PAO,coal_ppl_cfbio,2010,2040,0.0,sv_2c_buffer_decoal
R12_PAO,coal_ppl_cfbio,2015,2015,0.0,sv_2c_buffer_decoal
R12_PAO,coal_ppl_cfbio,2015,2030,0.0,sv_2c_buffer_decoal
R12_PAO,coal_ppl_cfbio,2015,2035,0.0,sv_2c_buffer_decoal
R12_PAO,coal_ppl_cfbio,2015,2040,0.0,sv_2c_buffer_decoal
R12_PAO,coal_ppl_cfbio,2020,2020,0.0,sv_2c_buffer_decoal
R12_PAO,coal_ppl_cfbio,2020,2030,0.0,sv_2c_buffer_decoal
R12_PAO,coal_ppl_cfbio,2020,2035,0.0,sv_2c_buffer_decoal
R12_PAO,coal_ppl_cfbio,2020,2040,0.0,sv_2c_buffer_decoal
R12_PAO,coal_ppl_cfbio,2020,2045,0.0,sv_2c_buffer_decoal
R12_PAO,coal_ppl_cfbio,2025,2025,0.0,sv_2c_buffer_decoal
R12_PAO,coal_ppl_cfbio,2025,2030,0.0,sv_2c_buffer_decoal
R12_PAO,coal_ppl_cfbio,2025,2035,0.0,sv_2c_buffer_decoal
R12_PAO,coal_ppl_cfbio,2025,2040,0.0,sv_2c_buffer_decoal
R12_PAO,coal_ppl_cfbio,2025,2045,0.0,sv_2c_buffer_decoal
R12_PAO,coal_ppl_cfbio,2025,2050,0.0,sv_2c_buffer_decoal
R12_PAO,coal_ppl_cfbio,2030,2030,0.0,sv_2c_buffer_decoal
R12_PAO,coal_ppl_cfbio,2030,2035,0.0,sv_2c_buffer_decoal
R12_PAO,coal_ppl_cfbio,2030,2040,0.0,sv_2c_buffer_decoal
R12_PAO,coal_ppl_cfbio,2030,2045,0.0,sv_2c_buffer_decoal
R12_PAO,coal_ppl_cfbio,2030,2050,0.0,sv_2c_buffer_decoal
R12_PAO,coal_ppl_cfbio,2030,2055,0.0,sv_2c_buffer_decoal
R12_PAO,coal_ppl_cfbio,2035,2035,0.0,sv_2c_buffer_decoal
R12_PAO,coal_ppl_cfbio,2035,2040,0.0,sv_2c_buffer_decoal
R12_PAO,coal_ppl_cfbio,2035,2045,0.0,sv_2c_buffer_decoal
R12_PAO,coal_ppl_cfbio,2035,2050,0.0,sv_2c_buffer_decoal
R12_PAO,coal_ppl_cfbio,2035,2055,0.0,sv_2c_buffer_decoal
R12_PAO,coal_ppl_cfbio,2035,2060,0.0,sv_2c_buffer_decoal
R12_PAO,coal_ppl_cfbio,2040,2040,0.0,sv_2c_buffer_decoal
R12_PAO,coal_ppl_cfbio,2040,2045,0.0,sv_2c_buffer_decoal
R12_PAO,coal_ppl_cfbio,2040,2050,0.0,sv_2c_buffer_decoal
R12_PAO,coal_ppl_cfbio,2040,2055,0.0,sv_2c_buffer_decoal
R12_PAO,coal_ppl_cfbio,2040,2060,0.0,sv_2c_buffer_decoal
R12_PAO,coal_ppl_cfbio,2040,2070,0.0,sv_2c_buffer_decoal
R12_PAO,coal_ppl_cfbio,2045,2045,0.0,sv_2c_buffer_decoal
R12_PAO,coal_ppl_cfbio,2045,2050,0.0,sv_2c_buffer_decoal
R12_PAO,coal_ppl_cfbio,2045,2055,0.0,sv_2c_buffer_decoal
R12_PAO,coal_ppl_cfbio,2045,2060,0.0,sv_2c_buffer_decoal
R12_PAO,coal_ppl_cfbio,2045,2070,0.0,sv_2c_buffer_decoal
R12_PAO,coal_ppl_cfbio,2050,2050,0.0,sv_2c_buffer_decoal
R12_PAO,coal_ppl_cfbio,2050,2055,0.0,sv_2c_buffer_decoal
R12_PAO,coal_ppl_cfbio,2050,2060,0.0,sv_2c_buffer_decoal
R12_PAO,coal_ppl_cfbio,2050,2070,0.0,sv_2c_buffer_decoal
R12_PAO,coal_ppl_cfbio,2050,2080,0.0,sv_2c_buffer_decoal
R12_PAO,coal_ppl_cfbio,2055,2055,0.0,sv_2c_buffer_decoal
R12_PAO,coal_ppl_cfbio,2055,2060,0.0,sv_2c_buffer_decoal
R12_PAO,coal_ppl_cfbio,2055,2070,0.0,sv_2c_buffer_decoal
R12_PAO,coal_ppl_cfbio,2055,2080,0.0,sv_2c_buffer_decoal
R12_PAO,coal_ppl_cfbio,2060,2060,0.0,sv_2c_buffer_decoal
R12_PAO,coal_ppl_cfbio,2060,2070,0.0,sv_2c_buffer_decoal
R12_PAO,coal_ppl_cfbio,2060,2080,0.0,sv_2c_buffer_decoal
R12_PAO,coal_ppl_cfbio,2060,2090,0.0,sv_2c_buffer_decoal
R12_PAO,coal_ppl_cfbio,2070,2070,0.0,sv_2c_buffer_decoal
R12_PAO,coal_ppl_cfbio,2070,2080,0.0,sv_2c_buffer_decoal
R12_PAO,coal_ppl_cfbio,2070,2090,0.0,sv_2c_buffer_decoal
R12_PAO,coal_ppl_cfbio,2080,2080,0.0,sv_2c_buffer_decoal
R12_PAO,coal_ppl_cfbio,2080,2090,0.0,sv_2c_buffer_decoal
R12_PAO,coal_ppl_cfbio,2080,2100,0.0,sv_2c_buffer_decoal
R12_PAO,coal_ppl_cfbio,2090,2090,0.0,sv_2c_buffer_decoal
R12_PAO,coal_ppl_cfbio,2090,2100,0.0,sv_2c_buffer_decoal
R12_PAO,coal_ppl_cfbio,2090,2110,0.0,sv_2c_buffer_decoal
R12_PAO,coal_ppl_cfbio,2100,2100,0.0,sv_2c_buffer_decoal
R12_PAO,coal_ppl_cfbio,2100,2110,0.0,sv_2c_buffer_decoal
R12_PAO,coal_ppl_cfbio,2110,2110,0.0,sv_2c_buffer_decoal
R12_PAO,coal_adv_rccs,1985,1985,0.0,sv_2c_buffer_decoal
R12_PAO,coal_adv_rccs,1990,1990,0.0,sv_2c_buffer_decoal
R12_PAO,coal_adv_rccs,1995,1995,0.0,sv_2c_buffer_decoal
R12_PAO,coal_adv_rccs,2000,2000,0.0,sv_2c_buffer_decoal
R12_PAO,coal_adv_rccs,2005,2005,0.0,sv_2c_buffer_decoal
R12_PAO,coal_adv_rccs,2005,2030,0.0,sv_2c_buffer_decoal
R12_PAO,coal_adv_rccs,2010,2010,0.0,sv_2c_buffer_decoal
R12_PAO,coal_adv_rccs,2010,2030,0.0,sv_2c_buffer_decoal
R12_PAO,coal_adv_rccs,2010,2035,0.0,sv_2c_buffer_decoal
R12_PAO,coal_adv_rccs,2015,2015,0.0,sv_2c_buffer_decoal
R12_PAO,coal_adv_rccs,2015,2030,0.0,sv_2c_buffer_decoal
R12_PAO,coal_adv_rccs,2015,2035,0.0,sv_2c_buffer_decoal
R12_PAO,coal_adv_rccs,2015,2040,0.0,sv_2c_buffer_decoal
R12_PAO,coal_adv_rccs,2020,2020,0.0,sv_2c_buffer_decoal
R12_PAO,coal_adv_rccs,2020,2030,0.0,sv_2c_buffer_decoal
R12_PAO,coal_adv_rccs,2020,2035,0.0,sv_2c_buffer_decoal
R12_PAO,coal_adv_rccs,2020,2040,0.0,sv_2c_buffer_decoal
R12_PAO,coal_adv_rccs,2020,2045,0.0,sv_2c_buffer_decoal
R12_PAO,coal_adv_rccs,2025,2025,0.0,sv_2c_buffer_decoal
R12_PAO,coal_adv_rccs,2025,2030,0.0,sv_2c_buffer_decoal
R12_PAO,coal_adv_rccs,2025,2035,0.0,sv_2c_buffer_decoal
R12_PAO,coal_adv_rccs,2025,2040,0.0,sv_2c_buffer_decoal
R12_PAO,coal_adv_rccs,2025,2045,0.0,sv_2c_buffer_decoal
R12_PAO,coal_adv_rccs,2025,2050,0.0,sv_2c_buffer_decoal
R12_PAO,coal_adv_rccs,2030,2030,0.0,sv_2c_buffer_decoal
R12_PAO,coal_adv_rccs,2030,2035,0.0,sv_2c_buffer_decoal
R12_PAO,coal_adv_rccs,2030,2040,0.0,sv_2c_buffer_decoal
R12_PAO,coal_adv_rccs,2030,2045,0.0,sv_2c_buffer_decoal
R12_PAO,coal_adv_rccs,2030,2050,0.0,sv_2c_buffer_decoal
R12_PAO,coal_adv_rccs,2030,2055,0.0,sv_2c_buffer_decoal
R12_PAO,coal_adv_rccs,2035,2035,0.0,sv_2c_buffer_decoal
R12_PAO,coal_adv_rccs,2035,2040,0.0,sv_2c_buffer_decoal
R12_PAO,coal_adv_rccs,2035,2045,0.0,sv_2c_buffer_decoal
R12_PAO,coal_adv_rccs,2035,2050,0.0,sv_2c_buffer_decoal
R12_PAO,coal_adv_rccs,2035,2055,0.0,sv_2c_buffer_decoal
R12_PAO,coal_adv_rccs,2035,2060,0.0,sv_2c_buffer_decoal
R12_PAO,coal_adv_rccs,2040,2040,0.0,sv_2c_buffer_decoal
R12_PAO,coal_adv_rccs,2040,2045,0.0,sv_2c_buffer_decoal
R12_PAO,coal_adv_rccs,2040,2050,0.0,sv_2c_buffer_decoal
R12_PAO,coal_adv_rccs,2040,2055,0.0,sv_2c_buffer_decoal
R12_PAO,coal_adv_rccs,2040,2060,0.0,sv_2c_buffer_decoal
R12_PAO,coal_adv_rccs,2040,2070,0.0,sv_2c_buffer_decoal
R12_PAO,coal_adv_rccs,2045,2045,0.0,sv_2c_buffer_decoal
R12_PAO,coal_adv_rccs,2045,2050,0.0,sv_2c_buffer_decoal
R12_PAO,coal_adv_rccs,2045,2055,0.0,sv_2c_buffer_decoal
R12_PAO,coal_adv_rccs,2045,2060,0.0,sv_2c_buffer_decoal
R12_PAO,coal_adv_rccs,2045,2070,0.0,sv_2c_buffer_decoal
R12_PAO,coal_adv_rccs,2050,2050,0.0,sv_2c_buffer_decoal
R12_PAO,coal_adv_rccs,2050,2055,0.0,sv_2c_buffer_decoal
R12_PAO,coal_adv_rccs,2050,2060,0.0,sv_2c_buffer_decoal
R12_PAO,coal_adv_rccs,2050,2070,0.0,sv_2c_buffer_decoal
R12_PAO,coal_adv_rccs,2050,2080,0.0,sv_2c_buffer_decoal
R12_PAO,coal_adv_rccs,2055,2055,0.0,sv_2c_buffer_decoal
R12_PAO,coal_adv_rccs,2055,2060,0.0,sv_2c_buffer_decoal
R12_PAO,coal_adv_rccs,2055,2070,0.0,sv_2c_buffer_decoal
R12_PAO,coal_adv_rccs,2055,2080,0.0,sv_2c_buffer_decoal
R12_PAO,coal_adv_rccs,2060,2060,0.0,sv_2c_buffer_decoal
R12_PAO,coal_adv_rccs,2060,2070,0.0,sv_2c_buffer_decoal
R12_PAO,coal_adv_rccs,2060,2080,0.0,sv_2c_buffer_decoal
R12_PAO,coal_adv_rccs,2060,2090,0.0,sv_2c_buffer_decoal
R12_PAO,coal_adv_rccs,2070,2070,0.0,sv_2c_buffer_decoal
R12_PAO,coal_adv_rccs,2070,2080,0.0,sv_2c_buffer_decoal
R12_PAO,coal_adv_rccs,2070,2090,0.0,sv_2c_buffer_decoal
R12_PAO,coal_adv_rccs,2080,2080,0.0,sv_2c_buffer_decoal
R12_PAO,coal_adv_rccs,2080,2090,0.0,sv_2c_buffer_decoal
R12_PAO,coal_adv_rccs,2080,2100,0.0,sv_2c_buffer_decoal
R12_PAO,coal_adv_rccs,2090,2090,0.0,sv_2c_buffer_decoal
R12_PAO,coal_adv_rccs,2090,2100,0.0,sv_2c_buffer_decoal
R12_PAO,coal_adv_rccs,2090,2110,0.0,sv_2c_buffer_decoal
R12_PAO,coal_adv_rccs,2100,2100,0.0,sv_2c_buffer_decoal
R12_PAO,coal_adv_rccs,2100,2110,0.0,sv_2c_buffer_decoal
R12_PAO,coal_adv_rccs,2110,2110,0.0,sv_2c_buffer_decoal
R12_PAS,coal_adv,1995,1995,0.0,sv_2c_buffer_decoal
R12_PAS,coal_adv,2000,2000,0.0,sv_2c_buffer_decoal
R12_PAS,coal_adv,2005,2005,0.0,sv_2c_buffer_decoal
R12_PAS,coal_adv,2005,2030,5.4,sv_2c_buffer_decoal
R12_PAS,coal_adv,2010,2010,0.0,sv_2c_buffer_decoal
R12_PAS,coal_adv,2010,2030,0.0,sv_2c_buffer_decoal
R12_PAS,coal_adv,2010,2035,0.0,sv_2c_buffer_decoal
R12_PAS,coal_adv,2015,2015,0.0,sv_2c_buffer_decoal
R12_PAS,coal_adv,2015,2030,4.69,sv_2c_buffer_decoal
R12_PAS,coal_adv,2015,2035,4.69,sv_2c_buffer_decoal
R12_PAS,coal_adv,2015,2040,4.69,sv_2c_buffer_decoal
R12_PAS,coal_adv,2020,2020,0.0,sv_2c_buffer_decoal
R12_PAS,coal_adv,2020,2030,1.8199999999999998,sv_2c_buffer_decoal
R12_PAS,coal_adv,2020,2035,1.8199999999999998,sv_2c_buffer_decoal
R12_PAS,coal_adv,2020,2040,1.8199999999999998,sv_2c_buffer_decoal
R12_PAS,coal_adv,2020,2045,1.8199999999999998,sv_2c_buffer_decoal
R12_PAS,coal_adv,2025,2025,0.0,sv_2c_buffer_decoal
R12_PAS,coal_adv,2025,2030,0.0,sv_2c_buffer_decoal
R12_PAS,coal_adv,2025,2035,0.0,sv_2c_buffer_decoal
R12_PAS,coal_adv,2025,2040,0.0,sv_2c_buffer_decoal
R12_PAS,coal_adv,2025,2045,0.0,sv_2c_buffer_decoal
R12_PAS,coal_adv,2025,2050,0.0,sv_2c_buffer_decoal
R12_PAS,coal_adv,2030,2030,0.0,sv_2c_buffer_decoal
R12_PAS,coal_adv,2030,2035,0.0,sv_2c_buffer_decoal
R12_PAS,coal_adv,2030,2040,0.0,sv_2c_buffer_decoal
R12_PAS,coal_adv,2030,2045,0.0,sv_2c_buffer_decoal
R12_PAS,coal_adv,2030,2050,0.0,sv_2c_buffer_decoal
R12_PAS,coal_adv,2030,2055,0.0,sv_2c_buffer_decoal
R12_PAS,coal_adv,2035,2035,0.0,sv_2c_buffer_decoal
R12_PAS,coal_adv,2035,2040,0.0,sv_2c_buffer_decoal
R12_PAS,coal_adv,2035,2045,0.0,sv_2c_buffer_decoal
R12_PAS,coal_adv,2035,2050,0.0,sv_2c_buffer_decoal
R12_PAS,coal_adv,2035,2055,0.0,sv_2c_buffer_decoal
R12_PAS,coal_adv,2035,2060,0.0,sv_2c_buffer_decoal
R12_PAS,coal_adv,2040,2040,0.0,sv_2c_buffer_decoal
R12_PAS,coal_adv,2040,2045,0.0,sv_2c_buffer_decoal
R12_PAS,coal_adv,2040,2050,0.0,sv_2c_buffer_decoal
R12_PAS,coal_adv,2040,2055,0.0,sv_2c_buffer_decoal
R12_PAS,coal_adv,2040,2060,0.0,sv_2c_buffer_decoal
R12_PAS,coal_adv,2040,2070,0.0,sv_2c_buffer_decoal
R12_PAS,coal_adv,2045,2045,0.0,sv_2c_buffer_decoal
R12_PAS,coal_adv,2045,2050,0.0,sv_2c_buffer_decoal
R12_PAS,coal_adv,2045,2055,0.0,sv_2c_buffer_decoal
R12_PAS,coal_adv,2045,2060,0.0,sv_2c_buffer_decoal
R12_PAS,coal_adv,2045,2070,0.0,sv_2c_buffer_decoal
R12_PAS,coal_adv,2050,2050,0.0,sv_2c_buffer_decoal
R12_PAS,coal_adv,2050,2055,0.0,sv_2c_buffer_decoal
R12_PAS,coal_adv,2050,2060,0.0,sv_2c_buffer_decoal
R12_PAS,coal_adv,2050,2070,0.0,sv_2c_buffer_decoal
R12_PAS,coal_adv,2050,2080,0.0,sv_2c_buffer_decoal
R12_PAS,coal_adv,2055,2055,0.0,sv_2c_buffer_decoal
R12_PAS,coal_adv,2055,2060,0.0,sv_2c_buffer_decoal
R12_PAS,coal_adv,2055,2070,0.0,sv_2c_buffer_decoal
R12_PAS,coal_adv,2055,2080,0.0,sv_2c_buffer_decoal
R12_PAS,coal_adv,2060,2060,0.0,sv_2c_buffer_decoal
R12_PAS,coal_adv,2060,2070,0.0,sv_2c_buffer_decoal
R12_PAS,coal_adv,2060,2080,0.0,sv_2c_buffer_decoal
R12_PAS,coal_adv,2060,2090,0.0,sv_2c_buffer_decoal
R12_PAS,coal_adv,2070,2070,0.0,sv_2c_buffer_decoal
R12_PAS,coal_adv,2070,2080,0.0,sv_2c_buffer_decoal
R12_PAS,coal_adv,2070,2090,0.0,sv_2c_buffer_decoal
R12_PAS,coal_adv,2080,2080,0.0,sv_2c_buffer_decoal
R12_PAS,coal_adv,2080,2090,0.0,sv_2c_buffer_decoal
R12_PAS,coal_adv,2080,2100,0.0,sv_2c_buffer_decoal
R12_PAS,coal_adv,2090,2090,0.0,sv_2c_buffer_decoal
R12_PAS,coal_adv,2090,2100,0.0,sv_2c_buffer_decoal
R12_PAS,coal_adv,2090,2110,0.0,sv_2c_buffer_decoal
R12_PAS,coal_adv,2100,2100,0.0,sv_2c_buffer_decoal
R12_PAS,coal_adv,2100,2110,0.0,sv_2c_buffer_decoal
R12_PAS,coal_adv,2110,2110,0.0,sv_2c_buffer_decoal
R12_PAS,coal_adv_ccs,2030,2030,0.0,sv_2c_buffer_decoal
R12_PAS,coal_adv_ccs,2030,2035,0.0,sv_2c_buffer_decoal
R12_PAS,coal_adv_ccs,2030,2040,0.0,sv_2c_buffer_decoal
R12_PAS,coal_adv_ccs,2030,2045,0.0,sv_2c_buffer_decoal
R12_PAS,coal_adv_ccs,2030,2050,0.0,sv_2c_buffer_decoal
R12_PAS,coal_adv_ccs,2030,2055,0.0,sv_2c_buffer_decoal
R12_PAS,coal_adv_ccs,2035,2035,0.0,sv_2c_buffer_decoal
R12_PAS,coal_adv_ccs,2035,2040,0.0,sv_2c_buffer_decoal
R12_PAS,coal_adv_ccs,2035,2045,0.0,sv_2c_buffer_decoal
R12_PAS,coal_adv_ccs,2035,2050,0.0,sv_2c_buffer_decoal
R12_PAS,coal_adv_ccs,2035,2055,0.0,sv_2c_buffer_decoal
R12_PAS,coal_adv_ccs,2035,2060,0.0,sv_2c_buffer_decoal
R12_PAS,coal_adv_ccs,2040,2040,0.0,sv_2c_buffer_decoal
R12_PAS,coal_adv_ccs,2040,2045,0.0,sv_2c_buffer_decoal
R12_PAS,coal_adv_ccs,2040,2050,0.0,sv_2c_buffer_decoal
R12_PAS,coal_adv_ccs,2040,2055,0.0,sv_2c_buffer_decoal
R12_PAS,coal_adv_ccs,2040,2060,0.0,sv_2c_buffer_decoal
R12_PAS,coal_adv_ccs,2040,2070,0.0,sv_2c_buffer_decoal
R12_PAS,coal_adv_ccs,2045,2045,0.0,sv_2c_buffer_decoal
R12_PAS,coal_adv_ccs,2045,2050,0.0,sv_2c_buffer_decoal
R12_PAS,coal_adv_ccs,2045,2055,0.0,sv_2c_buffer_decoal
R12_PAS,coal_adv_ccs,2045,2060,0.0,sv_2c_buffer_decoal
R12_PAS,coal_adv_ccs,2045,2070,0.0,sv_2c_buffer_decoal
R12_PAS,coal_adv_ccs,2050,2050,0.0,sv_2c_buffer_decoal
R12_PAS,coal_adv_ccs,2050,2055,0.0,sv_2c_buffer_decoal
R12_PAS,coal_adv_ccs,2050,2060,0.0,sv_2c_buffer_decoal
R12_PAS,coal_adv_ccs,2050,2070,0.0,sv_2c_buffer_decoal
R12_PAS,coal_adv_ccs,2050,2080,0.0,sv_2c_buffer_decoal
R12_PAS,coal_adv_ccs,2055,2055,0.0,sv_2c_buffer_decoal
R12_PAS,coal_adv_ccs,2055,2060,0.0,sv_2c_buffer_decoal
R12_PAS,coal_adv_ccs,2055,2070,0.0,sv_2c_buffer_decoal
R12_PAS,coal_adv_ccs,2055,2080,0.0,sv_2c_buffer_decoal
R12_PAS,coal_adv_ccs,2060,2060,0.0,sv_2c_buffer_decoal
R12_PAS,coal_adv_ccs,2060,2070,0.0,sv_2c_buffer_decoal
R12_PAS,coal_adv_ccs,2060,2080,0.0,sv_2c_buffer_decoal
R12_PAS,coal_adv_ccs,2060,2090,0.0,sv_2c_buffer_decoal
R12_PAS,coal_adv_ccs,2070,2070,0.0,sv_2c_buffer_decoal
R12_PAS,coal_adv_ccs,2070,2080,0.0,sv_2c_buffer_decoal
R12_PAS,coal_adv_ccs,2070,2090,0.0,sv_2c_buffer_decoal
R12_PAS,coal_adv_ccs,2080,2080,0.0,sv_2c_buffer_decoal
R12_PAS,coal_adv_ccs,2080,2090,0.0,sv_2c_buffer_decoal
R12_PAS,coal_adv_ccs,2080,2100,0.0,sv_2c_buffer_decoal
R12_PAS,coal_adv_ccs,2090,2090,0.0,sv_2c_buffer_decoal
R12_PAS,coal_adv_ccs,2090,2100,0.0,sv_2c_buffer_decoal
R12_PAS,coal_adv_ccs,2090,2110,0.0,sv_2c_buffer_decoal
R12_PAS,coal_adv_ccs,2100,2100,0.0,sv_2c_buffer_decoal
R12_PAS,coal_adv_ccs,2100,2110,0.0,sv_2c_buffer_decoal
R12_PAS,coal_adv_ccs,2110,2110,0.0,sv_2c_buffer_decoal
R12_PAS,coal_ppl,1970,1970,0.0,sv_2c_buffer_decoal
R12_PAS,coal_ppl,1975,1975,0.0,sv_2c_buffer_decoal
R12_PAS,coal_ppl,1980,1980,0.0,sv_2c_buffer_decoal
R12_PAS,coal_ppl,1980,2030,0.0,sv_2c_buffer_decoal
R12_PAS,coal_ppl,1985,1985,0.0,sv_2c_buffer_decoal
R12_PAS,coal_ppl,1985,2030,0.0,sv_2c_buffer_decoal
R12_PAS,coal_ppl,1990,1990,0.0,sv_2c_buffer_decoal
R12_PAS,coal_ppl,1990,2030,0.0,sv_2c_buffer_decoal
R12_PAS,coal_ppl,1990,2035,0.0,sv_2c_buffer_decoal
R12_PAS,coal_ppl,1995,1995,0.0,sv_2c_buffer_decoal
R12_PAS,coal_ppl,1995,2030,0.0,sv_2c_buffer_decoal
R12_PAS,coal_ppl,1995,2035,0.0,sv_2c_buffer_decoal
R12_PAS,coal_ppl,2000,2000,0.0,sv_2c_buffer_decoal
R12_PAS,coal_ppl,2000,2030,1.5612120480000002,sv_2c_buffer_decoal
R12_PAS,coal_ppl,2000,2035,1.5612120480000002,sv_2c_buffer_decoal
R12_PAS,coal_ppl,2000,2040,0.0,sv_2c_buffer_decoal
R12_PAS,coal_ppl,2005,2005,0.0,sv_2c_buffer_decoal
R12_PAS,coal_ppl,2005,2030,0.0,sv_2c_buffer_decoal
R12_PAS,coal_ppl,2005,2035,0.0,sv_2c_buffer_decoal
R12_PAS,coal_ppl,2005,2040,0.0,sv_2c_buffer_decoal
R12_PAS,coal_ppl,2010,2010,0.0,sv_2c_buffer_decoal
R12_PAS,coal_ppl,2010,2030,0.0,sv_2c_buffer_decoal
R12_PAS,coal_ppl,2010,2035,0.0,sv_2c_buffer_decoal
R12_PAS,coal_ppl,2010,2040,0.0,sv_2c_buffer_decoal
R12_PAS,coal_ppl,2010,2045,0.0,sv_2c_buffer_decoal
R12_PAS,coal_ppl,2015,2015,0.0,sv_2c_buffer_decoal
R12_PAS,coal_ppl,2015,2030,0.5546756346516126,sv_2c_buffer_decoal
R12_PAS,coal_ppl,2015,2035,0.5546756346516126,sv_2c_buffer_decoal
R12_PAS,coal_ppl,2015,2040,0.0,sv_2c_buffer_decoal
R12_PAS,coal_ppl,2015,2045,0.0,sv_2c_buffer_decoal
R12_PAS,coal_ppl,2020,2020,0.0,sv_2c_buffer_decoal
R12_PAS,coal_ppl,2020,2030,20.628999999999998,sv_2c_buffer_decoal
R12_PAS,coal_ppl,2020,2035,20.628999999999998,sv_2c_buffer_decoal
R12_PAS,coal_ppl,2020,2040,20.628999999999998,sv_2c_buffer_decoal
R12_PAS,coal_ppl,2020,2045,20.628999999999998,sv_2c_buffer_decoal
R12_PAS,coal_ppl,2020,2050,20.628999999999998,sv_2c_buffer_decoal
R12_PAS,coal_ppl,2025,2025,0.0,sv_2c_buffer_decoal
R12_PAS,coal_ppl,2025,2030,19.378999999999998,sv_2c_buffer_decoal
R12_PAS,coal_ppl,2025,2035,19.378999999999998,sv_2c_buffer_decoal
R12_PAS,coal_ppl,2025,2040,12.02973064078238,sv_2c_buffer_decoal
R12_PAS,coal_ppl,2025,2045,11.382713223540343,sv_2c_buffer_decoal
R12_PAS,coal_ppl,2025,2050,11.382713223540343,sv_2c_buffer_decoal
R12_PAS,coal_ppl,2030,2030,18.128999999999998,sv_2c_buffer_decoal
R12_PAS,coal_ppl,2030,2035,18.128999999999998,sv_2c_buffer_decoal
R12_PAS,coal_ppl,2030,2040,18.128999999999998,sv_2c_buffer_decoal
R12_PAS,coal_ppl,2030,2045,18.128999999999998,sv_2c_buffer_decoal
R12_PAS,coal_ppl,2030,2050,18.128999999999998,sv_2c_buffer_decoal
R12_PAS,coal_ppl,2030,2055,18.128999999999998,sv_2c_buffer_decoal
R12_PAS,coal_ppl,2035,2035,16.878999999999998,sv_2c_buffer_decoal
R12_PAS,coal_ppl,2035,2040,16.878999999999998,sv_2c_buffer_decoal
R12_PAS,coal_ppl,2035,2045,16.878999999999998,sv_2c_buffer_decoal
R12_PAS,coal_ppl,2035,2050,16.878999999999998,sv_2c_buffer_decoal
R12_PAS,coal_ppl,2035,2055,16.878999999999998,sv_2c_buffer_decoal
R12_PAS,coal_ppl,2035,2060,0.0,sv_2c_buffer_decoal
R12_PAS,coal_ppl,2040,2040,15.629,sv_2c_buffer_decoal
R12_PAS,coal_ppl,2040,2045,15.629,sv_2c_buffer_decoal
R12_PAS,coal_ppl,2040,2050,15.629,sv_2c_buffer_decoal
R12_PAS,coal_ppl,2040,2055,15.629,sv_2c_buffer_decoal
R12_PAS,coal_ppl,2040,2060,9.755389708274711,sv_2c_buffer_decoal
R12_PAS,coal_ppl,2040,2070,0.0,sv_2c_buffer_decoal
R12_PAS,coal_ppl,2045,2045,14.379,sv_2c_buffer_decoal
R12_PAS,coal_ppl,2045,2050,14.379,sv_2c_buffer_decoal
R12_PAS,coal_ppl,2045,2055,14.379,sv_2c_buffer_decoal
R12_PAS,coal_ppl,2045,2060,14.379,sv_2c_buffer_decoal
R12_PAS,coal_ppl,2045,2070,0.0,sv_2c_buffer_decoal
R12_PAS,coal_ppl,2050,2050,0.0,sv_2c_buffer_decoal
R12_PAS,coal_ppl,2050,2055,0.0,sv_2c_buffer_decoal
R12_PAS,coal_ppl,2050,2060,0.0,sv_2c_buffer_decoal
R12_PAS,coal_ppl,2050,2070,0.0,sv_2c_buffer_decoal
R12_PAS,coal_ppl,2050,2080,0.0,sv_2c_buffer_decoal
R12_PAS,coal_ppl,2055,2055,0.0,sv_2c_buffer_decoal
R12_PAS,coal_ppl,2055,2060,0.0,sv_2c_buffer_decoal
R12_PAS,coal_ppl,2055,2070,0.0,sv_2c_buffer_decoal
R12_PAS,coal_ppl,2055,2080,0.0,sv_2c_buffer_decoal
R12_PAS,coal_ppl,2060,2060,0.0,sv_2c_buffer_decoal
R12_PAS,coal_ppl,2060,2070,0.0,sv_2c_buffer_decoal
R12_PAS,coal_ppl,2060,2080,0.0,sv_2c_buffer_decoal
R12_PAS,coal_ppl,2060,2090,0.0,sv_2c_buffer_decoal
R12_PAS,coal_ppl,2070,2070,0.0,sv_2c_buffer_decoal
R12_PAS,coal_ppl,2070,2080,0.0,sv_2c_buffer_decoal
R12_PAS,coal_ppl,2070,2090,0.0,sv_2c_buffer_decoal
R12_PAS,coal_ppl,2080,2080,0.0,sv_2c_buffer_decoal
R12_PAS,coal_ppl,2080,2090,0.0,sv_2c_buffer_decoal
R12_PAS,coal_ppl,2080,2100,0.0,sv_2c_buffer_decoal
R12_PAS,coal_ppl,2090,2090,0.0,sv_2c_buffer_decoal
R12_PAS,coal_ppl,2090,2100,0.0,sv_2c_buffer_decoal
R12_PAS,coal_ppl,2090,2110,0.0,sv_2c_buffer_decoal
R12_PAS,coal_ppl,2100,2100,0.0,sv_2c_buffer_decoal
R12_PAS,coal_ppl,2100,2110,0.0,sv_2c_buffer_decoal
R12_PAS,coal_ppl,2110,2110,0.0,sv_2c_buffer_decoal
R12_PAS,coal_ppl_u,1965,1965,0.0,sv_2c_buffer_decoal
R12_PAS,coal_ppl_u,1970,1970,0.0,sv_2c_buffer_decoal
R12_PAS,coal_ppl_u,1975,1975,0.0,sv_2c_buffer_decoal
R12_PAS,coal_ppl_u,1975,2030,0.0,sv_2c_buffer_decoal
R12_PAS,coal_ppl_u,1980,1980,0.0,sv_2c_buffer_decoal
R12_PAS,coal_ppl_u,1980,2030,0.0,sv_2c_buffer_decoal
R12_PAS,coal_ppl_u,1985,1985,0.0,sv_2c_buffer_decoal
R12_PAS,coal_ppl_u,1985,2030,1.299101,sv_2c_buffer_decoal
R12_PAS,coal_ppl_u,1985,2035,1.299101,sv_2c_buffer_decoal
R12_PAS,coal_ppl_u,1990,1990,0.0,sv_2c_buffer_decoal
R12_PAS,coal_ppl_u,1990,2030,2.132959,sv_2c_buffer_decoal
R12_PAS,coal_ppl_u,1990,2035,2.132959,sv_2c_buffer_decoal
R12_PAS,coal_ppl_u,1995,1995,0.0,sv_2c_buffer_decoal
R12_PAS,coal_ppl_u,1995,2030,2.50953,sv_2c_buffer_decoal
R12_PAS,coal_ppl_u,1995,2035,2.50953,sv_2c_buffer_decoal
R12_PAS,coal_ppl_u,1995,2040,2.50953,sv_2c_buffer_decoal
R12_PAS,coal_ppl_u,2000,2000,0.0,sv_2c_buffer_decoal
R12_PAS,coal_ppl_u,2000,2030,8.363315,sv_2c_buffer_decoal
R12_PAS,coal_ppl_u,2000,2035,8.363315,sv_2c_buffer_decoal
R12_PAS,coal_ppl_u,2000,2040,8.363315,sv_2c_buffer_decoal
R12_PAS,coal_ppl_u,2005,2005,0.0,sv_2c_buffer_decoal
R12_PAS,coal_ppl_u,2005,2030,0.84334,sv_2c_buffer_decoal
R12_PAS,coal_ppl_u,2005,2035,0.84334,sv_2c_buffer_decoal
R12_PAS,coal_ppl_u,2005,2040,0.84334,sv_2c_buffer_decoal
R12_PAS,coal_ppl_u,2005,2045,0.0,sv_2c_buffer_decoal
R12_PAS,coal_ppl_u,2010,2010,0.0,sv_2c_buffer_decoal
R12_PAS,coal_ppl_u,2010,2030,3.979759,sv_2c_buffer_decoal
R12_PAS,coal_ppl_u,2010,2035,3.979759,sv_2c_buffer_decoal
R12_PAS,coal_ppl_u,2010,2040,3.979759,sv_2c_buffer_decoal
R12_PAS,coal_ppl_u,2010,2045,0.0,sv_2c_buffer_decoal
R12_PAS,coal_ppl_u,2015,2015,0.0,sv_2c_buffer_decoal
R12_PAS,coal_ppl_u,2015,2030,12.077099999999998,sv_2c_buffer_decoal
R12_PAS,coal_ppl_u,2015,2035,12.077099999999998,sv_2c_buffer_decoal
R12_PAS,coal_ppl_u,2015,2040,12.077099999999998,sv_2c_buffer_decoal
R12_PAS,coal_ppl_u,2015,2045,8.210454408553488,sv_2c_buffer_decoal
R12_PAS,coal_ppl_u,2020,2020,0.0,sv_2c_buffer_decoal
R12_PAS,coal_ppl_u,2020,2030,7.70387,sv_2c_buffer_decoal
R12_PAS,coal_ppl_u,2020,2035,7.70387,sv_2c_buffer_decoal
R12_PAS,coal_ppl_u,2020,2040,7.70387,sv_2c_buffer_decoal
R12_PAS,coal_ppl_u,2020,2045,7.70387,sv_2c_buffer_decoal
R12_PAS,coal_ppl_u,2025,2025,0.0,sv_2c_buffer_decoal
R12_PAS,coal_ppl_u,2025,2030,0.0,sv_2c_buffer_decoal
R12_PAS,coal_ppl_u,2025,2035,0.0,sv_2c_buffer_decoal
R12_PAS,coal_ppl_u,2025,2040,0.0,sv_2c_buffer_decoal
R12_PAS,coal_ppl_u,2025,2045,0.0,sv_2c_buffer_decoal
R12_PAS,coal_ppl_u,2025,2050,0.0,sv_2c_buffer_decoal
R12_PAS,coal_ppl_u,2030,2030,0.0,sv_2c_buffer_decoal
R12_PAS,coal_ppl_u,2030,2035,0.0,sv_2c_buffer_decoal
R12_PAS,coal_ppl_u,2030,2040,0.0,sv_2c_buffer_decoal
R12_PAS,coal_ppl_u,2030,2045,0.0,sv_2c_buffer_decoal
R12_PAS,coal_ppl_u,2030,2050,0.0,sv_2c_buffer_decoal
R12_PAS,coal_ppl_u,2030,2055,0.0,sv_2c_buffer_decoal
R12_PAS,coal_ppl_u,2035,2035,6.991412267168424,sv_2c_buffer_decoal
R12_PAS,coal_ppl_u,2035,2040,6.991412267168424,sv_2c_buffer_decoal
R12_PAS,coal_ppl_u,2035,2045,6.991412267168424,sv_2c_buffer_decoal
R12_PAS,coal_ppl_u,2035,2050,6.991412267168424,sv_2c_buffer_decoal
R12_PAS,coal_ppl_u,2035,2055,0.0,sv_2c_buffer_decoal
R12_PAS,coal_ppl_u,2035,2060,0.0,sv_2c_buffer_decoal
R12_PAS,coal_ppl_u,2040,2040,0.0,sv_2c_buffer_decoal
R12_PAS,coal_ppl_u,2040,2045,0.0,sv_2c_buffer_decoal
R12_PAS,coal_ppl_u,2040,2050,0.0,sv_2c_buffer_decoal
R12_PAS,coal_ppl_u,2040,2055,0.0,sv_2c_buffer_decoal
R12_PAS,coal_ppl_u,2040,2060,0.0,sv_2c_buffer_decoal
R12_PAS,coal_ppl_u,2040,2070,0.0,sv_2c_buffer_decoal
R12_PAS,coal_ppl_u,2045,2045,0.0,sv_2c_buffer_decoal
R12_PAS,coal_ppl_u,2045,2050,0.0,sv_2c_buffer_decoal
R12_PAS,coal_ppl_u,2045,2055,0.0,sv_2c_buffer_decoal
R12_PAS,coal_ppl_u,2045,2060,0.0,sv_2c_buffer_decoal
R12_PAS,coal_ppl_u,2045,2070,0.0,sv_2c_buffer_decoal
R12_PAS,coal_ppl_u,2050,2050,0.0,sv_2c_buffer_decoal
R12_PAS,coal_ppl_u,2050,2055,0.0,sv_2c_buffer_decoal
R12_PAS,coal_ppl_u,2050,2060,0.0,sv_2c_buffer_decoal
R12_PAS,coal_ppl_u,2050,2070,0.0,sv_2c_buffer_decoal
R12_PAS,coal_ppl_u,2050,2080,0.0,sv_2c_buffer_decoal
R12_PAS,coal_ppl_u,2055,2055,0.0,sv_2c_buffer_decoal
R12_PAS,coal_ppl_u,2055,2060,0.0,sv_2c_buffer_decoal
R12_PAS,coal_ppl_u,2055,2070,0.0,sv_2c_buffer_decoal
R12_PAS,coal_ppl_u,2055,2080,0.0,sv_2c_buffer_decoal
R12_PAS,coal_ppl_u,2060,2060,0.0,sv_2c_buffer_decoal
R12_PAS,coal_ppl_u,2060,2070,0.0,sv_2c_buffer_decoal
R12_PAS,coal_ppl_u,2060,2080,0.0,sv_2c_buffer_decoal
R12_PAS,coal_ppl_u,2060,2090,0.0,sv_2c_buffer_decoal
R12_PAS,coal_ppl_u,2070,2070,0.0,sv_2c_buffer_decoal
R12_PAS,coal_ppl_u,2070,2080,0.0,sv_2c_buffer_decoal
R12_PAS,coal_ppl_u,2070,2090,0.0,sv_2c_buffer_decoal
R12_PAS,coal_ppl_u,2080,2080,0.0,sv_2c_buffer_decoal
R12_PAS,coal_ppl_u,2080,2090,0.0,sv_2c_buffer_decoal
R12_PAS,coal_ppl_u,2080,2100,0.0,sv_2c_buffer_decoal
R12_PAS,coal_ppl_u,2090,2090,0.0,sv_2c_buffer_decoal
R12_PAS,coal_ppl_u,2090,2100,0.0,sv_2c_buffer_decoal
R12_PAS,coal_ppl_u,2090,2110,0.0,sv_2c_buffer_decoal
R12_PAS,coal_ppl_u,2100,2100,0.0,sv_2c_buffer_decoal
R12_PAS,coal_ppl_u,2100,2110,0.0,sv_2c_buffer_decoal
R12_PAS,coal_ppl_u,2110,2110,0.0,sv_2c_buffer_decoal
R12_PAS,igcc,2010,2010,0.0,sv_2c_buffer_decoal
R12_PAS,igcc,2010,2030,0.0,sv_2c_buffer_decoal
R12_PAS,igcc,2010,2035,0.0,sv_2c_buffer_decoal
R12_PAS,igcc,2015,2015,0.0,sv_2c_buffer_decoal
R12_PAS,igcc,2015,2030,0.0,sv_2c_buffer_decoal
R12_PAS,igcc,2015,2035,0.0,sv_2c_buffer_decoal
R12_PAS,igcc,2015,2040,0.0,sv_2c_buffer_decoal
R12_PAS,igcc,2020,2020,0.0,sv_2c_buffer_decoal
R12_PAS,igcc,2020,2030,0.0,sv_2c_buffer_decoal
R12_PAS,igcc,2020,2035,0.0,sv_2c_buffer_decoal
R12_PAS,igcc,2020,2040,0.0,sv_2c_buffer_decoal
R12_PAS,igcc,2020,2045,0.0,sv_2c_buffer_decoal
R12_PAS,igcc,2025,2025,0.0,sv_2c_buffer_decoal
R12_PAS,igcc,2025,2030,0.0,sv_2c_buffer_decoal
R12_PAS,igcc,2025,2035,0.0,sv_2c_buffer_decoal
R12_PAS,igcc,2025,2040,0.0,sv_2c_buffer_decoal
R12_PAS,igcc,2025,2045,0.0,sv_2c_buffer_decoal
R12_PAS,igcc,2025,2050,0.0,sv_2c_buffer_decoal
R12_PAS,igcc,2030,2030,0.0,sv_2c_buffer_decoal
R12_PAS,igcc,2030,2035,0.0,sv_2c_buffer_decoal
R12_PAS,igcc,2030,2040,0.0,sv_2c_buffer_decoal
R12_PAS,igcc,2030,2045,0.0,sv_2c_buffer_decoal
R12_PAS,igcc,2030,2050,0.0,sv_2c_buffer_decoal
R12_PAS,igcc,2030,2055,0.0,sv_2c_buffer_decoal
R12_PAS,igcc,2035,2035,0.0,sv_2c_buffer_decoal
R12_PAS,igcc,2035,2040,0.0,sv_2c_buffer_decoal
R12_PAS,igcc,2035,2045,0.0,sv_2c_buffer_decoal
R12_PAS,igcc,2035,2050,0.0,sv_2c_buffer_decoal
R12_PAS,igcc,2035,2055,0.0,sv_2c_buffer_decoal
R12_PAS,igcc,2035,2060,0.0,sv_2c_buffer_decoal
R12_PAS,igcc,2040,2040,0.0,sv_2c_buffer_decoal
R12_PAS,igcc,2040,2045,0.0,sv_2c_buffer_decoal
R12_PAS,igcc,2040,2050,0.0,sv_2c_buffer_decoal
R12_PAS,igcc,2040,2055,0.0,sv_2c_buffer_decoal
R12_PAS,igcc,2040,2060,0.0,sv_2c_buffer_decoal
R12_PAS,igcc,2040,2070,0.0,sv_2c_buffer_decoal
R12_PAS,igcc,2045,2045,0.0,sv_2c_buffer_decoal
R12_PAS,igcc,2045,2050,0.0,sv_2c_buffer_decoal
R12_PAS,igcc,2045,2055,0.0,sv_2c_buffer_decoal
R12_PAS,igcc,2045,2060,0.0,sv_2c_buffer_decoal
R12_PAS,igcc,2045,2070,0.0,sv_2c_buffer_decoal
R12_PAS,igcc,2050,2050,0.0,sv_2c_buffer_decoal
R12_PAS,igcc,2050,2055,0.0,sv_2c_buffer_decoal
R12_PAS,igcc,2050,2060,0.0,sv_2c_buffer_decoal
R12_PAS,igcc,2050,2070,0.0,sv_2c_buffer_decoal
R12_PAS,igcc,2050,2080,0.0,sv_2c_buffer_decoal
R12_PAS,igcc,2055,2055,0.0,sv_2c_buffer_decoal
R12_PAS,igcc,2055,2060,0.0,sv_2c_buffer_decoal
R12_PAS,igcc,2055,2070,0.0,sv_2c_buffer_decoal
R12_PAS,igcc,2055,2080,0.0,sv_2c_buffer_decoal
R12_PAS,igcc,2060,2060,0.0,sv_2c_buffer_decoal
R12_PAS,igcc,2060,2070,0.0,sv_2c_buffer_decoal
R12_PAS,igcc,2060,2080,0.0,sv_2c_buffer_decoal
R12_PAS,igcc,2060,2090,0.0,sv_2c_buffer_decoal
R12_PAS,igcc,2070,2070,0.0,sv_2c_buffer_decoal
R12_PAS,igcc,2070,2080,0.0,sv_2c_buffer_decoal
R12_PAS,igcc,2070,2090,0.0,sv_2c_buffer_decoal
R12_PAS,igcc,2080,2080,0.0,sv_2c_buffer_decoal
R12_PAS,igcc,2080,2090,0.0,sv_2c_buffer_decoal
R12_PAS,igcc,2080,2100,0.0,sv_2c_buffer_decoal
R12_PAS,igcc,2090,2090,0.0,sv_2c_buffer_decoal
R12_PAS,igcc,2090,2100,0.0,sv_2c_buffer_decoal
R12_PAS,igcc,2090,2110,0.0,sv_2c_buffer_decoal
R12_PAS,igcc,2100,2100,0.0,sv_2c_buffer_decoal
R12_PAS,igcc,2100,2110,0.0,sv_2c_buffer_decoal
R12_PAS,igcc,2110,2110,0.0,sv_2c_buffer_decoal
R12_PAS,igcc_ccs,2030,2030,0.0,sv_2c_buffer_decoal
R12_PAS,igcc_ccs,2030,2035,0.0,sv_2c_buffer_decoal
R12_PAS,igcc_ccs,2030,2040,0.0,sv_2c_buffer_decoal
R12_PAS,igcc_ccs,2030,2045,0.0,sv_2c_buffer_decoal
R12_PAS,igcc_ccs,2030,2050,0.0,sv_2c_buffer_decoal
R12_PAS,igcc_ccs,2030,2055,0.0,sv_2c_buffer_decoal
R12_PAS,igcc_ccs,2035,2035,0.0,sv_2c_buffer_decoal
R12_PAS,igcc_ccs,2035,2040,0.0,sv_2c_buffer_decoal
R12_PAS,igcc_ccs,2035,2045,0.0,sv_2c_buffer_decoal
R12_PAS,igcc_ccs,2035,2050,0.0,sv_2c_buffer_decoal
R12_PAS,igcc_ccs,2035,2055,0.0,sv_2c_buffer_decoal
R12_PAS,igcc_ccs,2035,2060,0.0,sv_2c_buffer_decoal
R12_PAS,igcc_ccs,2040,2040,0.0,sv_2c_buffer_decoal
R12_PAS,igcc_ccs,2040,2045,0.0,sv_2c_buffer_decoal
R12_PAS,igcc_ccs,2040,2050,0.0,sv_2c_buffer_decoal
R12_PAS,igcc_ccs,2040,2055,0.0,sv_2c_buffer_decoal
R12_PAS,igcc_ccs,2040,2060,0.0,sv_2c_buffer_decoal
R12_PAS,igcc_ccs,2040,2070,0.0,sv_2c_buffer_decoal
R12_PAS,igcc_ccs,2045,2045,0.0,sv_2c_buffer_decoal
R12_PAS,igcc_ccs,2045,2050,0.0,sv_2c_buffer_decoal
R12_PAS,igcc_ccs,2045,2055,0.0,sv_2c_buffer_decoal
R12_PAS,igcc_ccs,2045,2060,0.0,sv_2c_buffer_decoal
R12_PAS,igcc_ccs,2045,2070,0.0,sv_2c_buffer_decoal
R12_PAS,igcc_ccs,2050,2050,0.0,sv_2c_buffer_decoal
R12_PAS,igcc_ccs,2050,2055,0.0,sv_2c_buffer_decoal
R12_PAS,igcc_ccs,2050,2060,0.0,sv_2c_buffer_decoal
R12_PAS,igcc_ccs,2050,2070,0.0,sv_2c_buffer_decoal
R12_PAS,igcc_ccs,2050,2080,0.0,sv_2c_buffer_decoal
R12_PAS,igcc_ccs,2055,2055,0.0,sv_2c_buffer_decoal
R12_PAS,igcc_ccs,2055,2060,0.0,sv_2c_buffer_decoal
R12_PAS,igcc_ccs,2055,2070,0.0,sv_2c_buffer_decoal
R12_PAS,igcc_ccs,2055,2080,0.0,sv_2c_buffer_decoal
R12_PAS,igcc_ccs,2060,2060,0.0,sv_2c_buffer_decoal
R12_PAS,igcc_ccs,2060,2070,0.0,sv_2c_buffer_decoal
R12_PAS,igcc_ccs,2060,2080,0.0,sv_2c_buffer_decoal
R12_PAS,igcc_ccs,2060,2090,0.0,sv_2c_buffer_decoal
R12_PAS,igcc_ccs,2070,2070,0.0,sv_2c_buffer_decoal
R12_PAS,igcc_ccs,2070,2080,0.0,sv_2c_buffer_decoal
R12_PAS,igcc_ccs,2070,2090,0.0,sv_2c_buffer_decoal
R12_PAS,igcc_ccs,2080,2080,0.0,sv_2c_buffer_decoal
R12_PAS,igcc_ccs,2080,2090,0.0,sv_2c_buffer_decoal
R12_PAS,igcc_ccs,2080,2100,0.0,sv_2c_buffer_decoal
R12_PAS,igcc_ccs,2090,2090,0.0,sv_2c_buffer_decoal
R12_PAS,igcc_ccs,2090,2100,0.0,sv_2c_buffer_decoal
R12_PAS,igcc_ccs,2090,2110,0.0,sv_2c_buffer_decoal
R12_PAS,igcc_ccs,2100,2100,0.0,sv_2c_buffer_decoal
R12_PAS,igcc_ccs,2100,2110,0.0,sv_2c_buffer_decoal
R12_PAS,igcc_ccs,2110,2110,0.0,sv_2c_buffer_decoal
R12_PAS,coal_adv_cfNH3,1970,1970,0.0,sv_2c_buffer_decoal
R12_PAS,coal_adv_cfNH3,1975,1975,0.0,sv_2c_buffer_decoal
R12_PAS,coal_adv_cfNH3,1980,1980,0.0,sv_2c_buffer_decoal
R12_PAS,coal_adv_cfNH3,1985,1985,0.0,sv_2c_buffer_decoal
R12_PAS,coal_adv_cfNH3,1990,1990,0.0,sv_2c_buffer_decoal
R12_PAS,coal_adv_cfNH3,1995,1995,0.0,sv_2c_buffer_decoal
R12_PAS,coal_adv_cfNH3,2000,2000,0.0,sv_2c_buffer_decoal
R12_PAS,coal_adv_cfNH3,2005,2005,0.0,sv_2c_buffer_decoal
R12_PAS,coal_adv_cfNH3,2005,2030,0.0,sv_2c_buffer_decoal
R12_PAS,coal_adv_cfNH3,2010,2010,0.0,sv_2c_buffer_decoal
R12_PAS,coal_adv_cfNH3,2010,2030,0.0,sv_2c_buffer_decoal
R12_PAS,coal_adv_cfNH3,2010,2035,0.0,sv_2c_buffer_decoal
R12_PAS,coal_adv_cfNH3,2015,2015,0.0,sv_2c_buffer_decoal
R12_PAS,coal_adv_cfNH3,2015,2030,0.0,sv_2c_buffer_decoal
R12_PAS,coal_adv_cfNH3,2015,2035,0.0,sv_2c_buffer_decoal
R12_PAS,coal_adv_cfNH3,2015,2040,0.0,sv_2c_buffer_decoal
R12_PAS,coal_adv_cfNH3,2020,2020,0.0,sv_2c_buffer_decoal
R12_PAS,coal_adv_cfNH3,2025,2025,0.0,sv_2c_buffer_decoal
R12_PAS,coal_adv_cfNH3,2025,2030,0.0,sv_2c_buffer_decoal
R12_PAS,coal_adv_cfNH3,2030,2030,0.0,sv_2c_buffer_decoal
R12_PAS,coal_adv_cfNH3,2030,2035,0.0,sv_2c_buffer_decoal
R12_PAS,coal_adv_cfNH3,2035,2035,0.0,sv_2c_buffer_decoal
R12_PAS,coal_adv_cfNH3,2035,2040,0.0,sv_2c_buffer_decoal
R12_PAS,coal_adv_cfNH3,2040,2040,0.0,sv_2c_buffer_decoal
R12_PAS,coal_adv_cfNH3,2040,2045,0.0,sv_2c_buffer_decoal
R12_PAS,coal_adv_cfNH3,2040,2050,0.0,sv_2c_buffer_decoal
R12_PAS,coal_adv_cfNH3,2040,2055,0.0,sv_2c_buffer_decoal
R12_PAS,coal_adv_cfNH3,2040,2060,0.0,sv_2c_buffer_decoal
R12_PAS,coal_adv_cfNH3,2040,2070,0.0,sv_2c_buffer_decoal
R12_PAS,coal_adv_cfNH3,2045,2045,0.0,sv_2c_buffer_decoal
R12_PAS,coal_adv_cfNH3,2045,2050,0.0,sv_2c_buffer_decoal
R12_PAS,coal_adv_cfNH3,2045,2055,0.0,sv_2c_buffer_decoal
R12_PAS,coal_adv_cfNH3,2045,2060,0.0,sv_2c_buffer_decoal
R12_PAS,coal_adv_cfNH3,2045,2070,0.0,sv_2c_buffer_decoal
R12_PAS,coal_adv_cfNH3,2050,2050,0.0,sv_2c_buffer_decoal
R12_PAS,coal_adv_cfNH3,2050,2055,0.0,sv_2c_buffer_decoal
R12_PAS,coal_adv_cfNH3,2050,2060,0.0,sv_2c_buffer_decoal
R12_PAS,coal_adv_cfNH3,2050,2070,0.0,sv_2c_buffer_decoal
R12_PAS,coal_adv_cfNH3,2050,2080,0.0,sv_2c_buffer_decoal
R12_PAS,coal_adv_cfNH3,2055,2055,0.0,sv_2c_buffer_decoal
R12_PAS,coal_adv_cfNH3,2055,2060,0.0,sv_2c_buffer_decoal
R12_PAS,coal_adv_cfNH3,2055,2070,0.0,sv_2c_buffer_decoal
R12_PAS,coal_adv_cfNH3,2055,2080,0.0,sv_2c_buffer_decoal
R12_PAS,coal_adv_cfNH3,2060,2060,0.0,sv_2c_buffer_decoal
R12_PAS,coal_adv_cfNH3,2060,2070,0.0,sv_2c_buffer_decoal
R12_PAS,coal_adv_cfNH3,2060,2080,0.0,sv_2c_buffer_decoal
R12_PAS,coal_adv_cfNH3,2060,2090,0.0,sv_2c_buffer_decoal
R12_PAS,coal_adv_cfNH3,2070,2070,0.0,sv_2c_buffer_decoal
R12_PAS,coal_adv_cfNH3,2070,2080,0.0,sv_2c_buffer_decoal
R12_PAS,coal_adv_cfNH3,2070,2090,0.0,sv_2c_buffer_decoal
R12_PAS,coal_adv_cfNH3,2080,2080,0.0,sv_2c_buffer_decoal
R12_PAS,coal_adv_cfNH3,2080,2090,0.0,sv_2c_buffer_decoal
R12_PAS,coal_adv_cfNH3,2080,2100,0.0,sv_2c_buffer_decoal
R12_PAS,coal_adv_cfNH3,2090,2090,0.0,sv_2c_buffer_decoal
R12_PAS,coal_adv_cfNH3,2090,2100,0.0,sv_2c_buffer_decoal
R12_PAS,coal_adv_cfNH3,2090,2110,0.0,sv_2c_buffer_decoal
R12_PAS,coal_adv_cfNH3,2100,2100,0.0,sv_2c_buffer_decoal
R12_PAS,coal_adv_cfNH3,2100,2110,0.0,sv_2c_buffer_decoal
R12_PAS,coal_adv_cfNH3,2110,2110,0.0,sv_2c_buffer_decoal
R12_PAS,coal_ppl_u_cfNH3,1965,1965,0.0,sv_2c_buffer_decoal
R12_PAS,coal_ppl_u_cfNH3,1970,1970,0.0,sv_2c_buffer_decoal
R12_PAS,coal_ppl_u_cfNH3,1975,1975,0.0,sv_2c_buffer_decoal
R12_PAS,coal_ppl_u_cfNH3,1975,2030,0.0,sv_2c_buffer_decoal
R12_PAS,coal_ppl_u_cfNH3,1980,1980,0.0,sv_2c_buffer_decoal
R12_PAS,coal_ppl_u_cfNH3,1980,2030,0.0,sv_2c_buffer_decoal
R12_PAS,coal_ppl_u_cfNH3,1985,1985,0.0,sv_2c_buffer_decoal
R12_PAS,coal_ppl_u_cfNH3,1985,2030,0.0,sv_2c_buffer_decoal
R12_PAS,coal_ppl_u_cfNH3,1985,2035,0.0,sv_2c_buffer_decoal
R12_PAS,coal_ppl_u_cfNH3,1990,1990,0.0,sv_2c_buffer_decoal
R12_PAS,coal_ppl_u_cfNH3,1990,2030,0.0,sv_2c_buffer_decoal
R12_PAS,coal_ppl_u_cfNH3,1990,2035,0.0,sv_2c_buffer_decoal
R12_PAS,coal_ppl_u_cfNH3,1995,1995,0.0,sv_2c_buffer_decoal
R12_PAS,coal_ppl_u_cfNH3,1995,2030,0.0,sv_2c_buffer_decoal
R12_PAS,coal_ppl_u_cfNH3,1995,2035,0.0,sv_2c_buffer_decoal
R12_PAS,coal_ppl_u_cfNH3,1995,2040,0.0,sv_2c_buffer_decoal
R12_PAS,coal_ppl_u_cfNH3,2000,2000,0.0,sv_2c_buffer_decoal
R12_PAS,coal_ppl_u_cfNH3,2000,2030,0.0,sv_2c_buffer_decoal
R12_PAS,coal_ppl_u_cfNH3,2000,2035,0.0,sv_2c_buffer_decoal
R12_PAS,coal_ppl_u_cfNH3,2000,2040,0.0,sv_2c_buffer_decoal
R12_PAS,coal_ppl_u_cfNH3,2005,2005,0.0,sv_2c_buffer_decoal
R12_PAS,coal_ppl_u_cfNH3,2005,2030,0.0,sv_2c_buffer_decoal
R12_PAS,coal_ppl_u_cfNH3,2005,2035,0.0,sv_2c_buffer_decoal
R12_PAS,coal_ppl_u_cfNH3,2005,2040,0.0,sv_2c_buffer_decoal
R12_PAS,coal_ppl_u_cfNH3,2005,2045,0.0,sv_2c_buffer_decoal
R12_PAS,coal_ppl_u_cfNH3,2010,2010,0.0,sv_2c_buffer_decoal
R12_PAS,coal_ppl_u_cfNH3,2010,2030,0.0,sv_2c_buffer_decoal
R12_PAS,coal_ppl_u_cfNH3,2010,2035,0.0,sv_2c_buffer_decoal
R12_PAS,coal_ppl_u_cfNH3,2010,2040,0.0,sv_2c_buffer_decoal
R12_PAS,coal_ppl_u_cfNH3,2010,2045,0.0,sv_2c_buffer_decoal
R12_PAS,coal_ppl_u_cfNH3,2015,2015,0.0,sv_2c_buffer_decoal
R12_PAS,coal_ppl_u_cfNH3,2015,2030,0.0,sv_2c_buffer_decoal
R12_PAS,coal_ppl_u_cfNH3,2015,2035,0.0,sv_2c_buffer_decoal
R12_PAS,coal_ppl_u_cfNH3,2015,2040,0.0,sv_2c_buffer_decoal
R12_PAS,coal_ppl_u_cfNH3,2015,2045,0.0,sv_2c_buffer_decoal
R12_PAS,coal_ppl_u_cfNH3,2020,2020,0.0,sv_2c_buffer_decoal
R12_PAS,coal_ppl_u_cfNH3,2025,2025,0.0,sv_2c_buffer_decoal
R12_PAS,coal_ppl_u_cfNH3,2025,2030,0.0,sv_2c_buffer_decoal
R12_PAS,coal_ppl_u_cfNH3,2030,2030,0.0,sv_2c_buffer_decoal
R12_PAS,coal_ppl_u_cfNH3,2030,2035,0.0,sv_2c_buffer_decoal
R12_PAS,coal_ppl_u_cfNH3,2035,2035,0.0,sv_2c_buffer_decoal
R12_PAS,coal_ppl_u_cfNH3,2035,2040,0.0,sv_2c_buffer_decoal
R12_PAS,coal_ppl_u_cfNH3,2040,2040,0.0,sv_2c_buffer_decoal
R12_PAS,coal_ppl_u_cfNH3,2040,2045,0.0,sv_2c_buffer_decoal
R12_PAS,coal_ppl_u_cfNH3,2040,2050,0.0,sv_2c_buffer_decoal
R12_PAS,coal_ppl_u_cfNH3,2040,2055,0.0,sv_2c_buffer_decoal
R12_PAS,coal_ppl_u_cfNH3,2040,2060,0.0,sv_2c_buffer_decoal
R12_PAS,coal_ppl_u_cfNH3,2040,2070,0.0,sv_2c_buffer_decoal
R12_PAS,coal_ppl_u_cfNH3,2045,2045,0.0,sv_2c_buffer_decoal
R12_PAS,coal_ppl_u_cfNH3,2045,2050,0.0,sv_2c_buffer_decoal
R12_PAS,coal_ppl_u_cfNH3,2045,2055,0.0,sv_2c_buffer_decoal
R12_PAS,coal_ppl_u_cfNH3,2045,2060,0.0,sv_2c_buffer_decoal
R12_PAS,coal_ppl_u_cfNH3,2045,2070,0.0,sv_2c_buffer_decoal
R12_PAS,coal_ppl_u_cfNH3,2050,2050,0.0,sv_2c_buffer_decoal
R12_PAS,coal_ppl_u_cfNH3,2050,2055,0.0,sv_2c_buffer_decoal
R12_PAS,coal_ppl_u_cfNH3,2050,2060,0.0,sv_2c_buffer_decoal
R12_PAS,coal_ppl_u_cfNH3,2050,2070,0.0,sv_2c_buffer_decoal
R12_PAS,coal_ppl_u_cfNH3,2050,2080,0.0,sv_2c_buffer_decoal
R12_PAS,coal_ppl_u_cfNH3,2055,2055,0.0,sv_2c_buffer_decoal
R12_PAS,coal_ppl_u_cfNH3,2055,2060,0.0,sv_2c_buffer_decoal
R12_PAS,coal_ppl_u_cfNH3,2055,2070,0.0,sv_2c_buffer_decoal
R12_PAS,coal_ppl_u_cfNH3,2055,2080,0.0,sv_2c_buffer_decoal
R12_PAS,coal_ppl_u_cfNH3,2060,2060,0.0,sv_2c_buffer_decoal
R12_PAS,coal_ppl_u_cfNH3,2060,2070,0.0,sv_2c_buffer_decoal
R12_PAS,coal_ppl_u_cfNH3,2060,2080,0.0,sv_2c_buffer_decoal
R12_PAS,coal_ppl_u_cfNH3,2060,2090,0.0,sv_2c_buffer_decoal
R12_PAS,coal_ppl_u_cfNH3,2070,2070,0.0,sv_2c_buffer_decoal
R12_PAS,coal_ppl_u_cfNH3,2070,2080,0.0,sv_2c_buffer_decoal
R12_PAS,coal_ppl_u_cfNH3,2070,2090,0.0,sv_2c_buffer_decoal
R12_PAS,coal_ppl_u_cfNH3,2080,2080,0.0,sv_2c_buffer_decoal
R12_PAS,coal_ppl_u_cfNH3,2080,2090,0.0,sv_2c_buffer_decoal
R12_PAS,coal_ppl_u_cfNH3,2080,2100,0.0,sv_2c_buffer_decoal
R12_PAS,coal_ppl_u_cfNH3,2090,2090,0.0,sv_2c_buffer_decoal
R12_PAS,coal_ppl_u_cfNH3,2090,2100,0.0,sv_2c_buffer_decoal
R12_PAS,coal_ppl_u_cfNH3,2090,2110,0.0,sv_2c_buffer_decoal
R12_PAS,coal_ppl_u_cfNH3,2100,2100,0.0,sv_2c_buffer_decoal
R12_PAS,coal_ppl_u_cfNH3,2100,2110,0.0,sv_2c_buffer_decoal
R12_PAS,coal_ppl_u_cfNH3,2110,2110,0.0,sv_2c_buffer_decoal
R12_PAS,coal_ppl_cfNH3,1970,1970,0.0,sv_2c_buffer_decoal
R12_PAS,coal_ppl_cfNH3,1975,1975,0.0,sv_2c_buffer_decoal
R12_PAS,coal_ppl_cfNH3,1980,1980,0.0,sv_2c_buffer_decoal
R12_PAS,coal_ppl_cfNH3,1980,2030,0.0,sv_2c_buffer_decoal
R12_PAS,coal_ppl_cfNH3,1985,1985,0.0,sv_2c_buffer_decoal
R12_PAS,coal_ppl_cfNH3,1985,2030,0.0,sv_2c_buffer_decoal
R12_PAS,coal_ppl_cfNH3,1990,1990,0.0,sv_2c_buffer_decoal
R12_PAS,coal_ppl_cfNH3,1990,2030,0.0,sv_2c_buffer_decoal
R12_PAS,coal_ppl_cfNH3,1990,2035,0.0,sv_2c_buffer_decoal
R12_PAS,coal_ppl_cfNH3,1995,1995,0.0,sv_2c_buffer_decoal
R12_PAS,coal_ppl_cfNH3,1995,2030,0.0,sv_2c_buffer_decoal
R12_PAS,coal_ppl_cfNH3,1995,2035,0.0,sv_2c_buffer_decoal
R12_PAS,coal_ppl_cfNH3,2000,2000,0.0,sv_2c_buffer_decoal
R12_PAS,coal_ppl_cfNH3,2000,2030,0.0,sv_2c_buffer_decoal
R12_PAS,coal_ppl_cfNH3,2000,2035,0.0,sv_2c_buffer_decoal
R12_PAS,coal_ppl_cfNH3,2000,2040,0.0,sv_2c_buffer_decoal
R12_PAS,coal_ppl_cfNH3,2005,2005,0.0,sv_2c_buffer_decoal
R12_PAS,coal_ppl_cfNH3,2005,2030,0.0,sv_2c_buffer_decoal
R12_PAS,coal_ppl_cfNH3,2005,2035,0.0,sv_2c_buffer_decoal
R12_PAS,coal_ppl_cfNH3,2005,2040,0.0,sv_2c_buffer_decoal
R12_PAS,coal_ppl_cfNH3,2010,2010,0.0,sv_2c_buffer_decoal
R12_PAS,coal_ppl_cfNH3,2010,2030,0.0,sv_2c_buffer_decoal
R12_PAS,coal_ppl_cfNH3,2010,2035,0.0,sv_2c_buffer_decoal
R12_PAS,coal_ppl_cfNH3,2010,2040,0.0,sv_2c_buffer_decoal
R12_PAS,coal_ppl_cfNH3,2010,2045,0.0,sv_2c_buffer_decoal
R12_PAS,coal_ppl_cfNH3,2015,2015,0.0,sv_2c_buffer_decoal
R12_PAS,coal_ppl_cfNH3,2015,2030,0.0,sv_2c_buffer_decoal
R12_PAS,coal_ppl_cfNH3,2015,2035,0.0,sv_2c_buffer_decoal
R12_PAS,coal_ppl_cfNH3,2015,2040,0.0,sv_2c_buffer_decoal
R12_PAS,coal_ppl_cfNH3,2015,2045,0.0,sv_2c_buffer_decoal
R12_PAS,coal_ppl_cfNH3,2020,2020,0.0,sv_2c_buffer_decoal
R12_PAS,coal_ppl_cfNH3,2025,2025,0.0,sv_2c_buffer_decoal
R12_PAS,coal_ppl_cfNH3,2025,2030,0.0,sv_2c_buffer_decoal
R12_PAS,coal_ppl_cfNH3,2030,2030,1.5612120480000002,sv_2c_buffer_decoal
R12_PAS,coal_ppl_cfNH3,2030,2035,1.5612120480000002,sv_2c_buffer_decoal
R12_PAS,coal_ppl_cfNH3,2035,2035,3.284916299921358,sv_2c_buffer_decoal
R12_PAS,coal_ppl_cfNH3,2035,2040,3.284916299921358,sv_2c_buffer_decoal
R12_PAS,coal_ppl_cfNH3,2040,2040,3.626813026861945,sv_2c_buffer_decoal
R12_PAS,coal_ppl_cfNH3,2040,2045,3.626813026861945,sv_2c_buffer_decoal
R12_PAS,coal_ppl_cfNH3,2040,2050,3.626813026861945,sv_2c_buffer_decoal
R12_PAS,coal_ppl_cfNH3,2040,2055,3.626813026861945,sv_2c_buffer_decoal
R12_PAS,coal_ppl_cfNH3,2040,2060,3.626813026861945,sv_2c_buffer_decoal
R12_PAS,coal_ppl_cfNH3,2040,2070,1.8134065134309725,sv_2c_buffer_decoal
R12_PAS,coal_ppl_cfNH3,2045,2045,4.004294639753959,sv_2c_buffer_decoal
R12_PAS,coal_ppl_cfNH3,2045,2050,4.004294639753959,sv_2c_buffer_decoal
R12_PAS,coal_ppl_cfNH3,2045,2055,4.004294639753959,sv_2c_buffer_decoal
R12_PAS,coal_ppl_cfNH3,2045,2060,4.004294639753959,sv_2c_buffer_decoal
R12_PAS,coal_ppl_cfNH3,2045,2070,4.004294639753959,sv_2c_buffer_decoal
R12_PAS,coal_ppl_cfNH3,2050,2050,1.312127267554578,sv_2c_buffer_decoal
R12_PAS,coal_ppl_cfNH3,2050,2055,1.312127267554578,sv_2c_buffer_decoal
R12_PAS,coal_ppl_cfNH3,2050,2060,1.312127267554578,sv_2c_buffer_decoal
R12_PAS,coal_ppl_cfNH3,2050,2070,1.312127267554578,sv_2c_buffer_decoal
R12_PAS,coal_ppl_cfNH3,2050,2080,0.656063633777289,sv_2c_buffer_decoal
R12_PAS,coal_ppl_cfNH3,2055,2055,0.42995786303228445,sv_2c_buffer_decoal
R12_PAS,coal_ppl_cfNH3,2055,2060,0.42995786303228445,sv_2c_buffer_decoal
R12_PAS,coal_ppl_cfNH3,2055,2070,0.42995786303228445,sv_2c_buffer_decoal
R12_PAS,coal_ppl_cfNH3,2055,2080,0.42995786303228445,sv_2c_buffer_decoal
R12_PAS,coal_ppl_cfNH3,2060,2060,0.14088859255841907,sv_2c_buffer_decoal
R12_PAS,coal_ppl_cfNH3,2060,2070,0.14088859255841907,sv_2c_buffer_decoal
R12_PAS,coal_ppl_cfNH3,2060,2080,0.14088859255841907,sv_2c_buffer_decoal
R12_PAS,coal_ppl_cfNH3,2060,2090,0.07044429627920953,sv_2c_buffer_decoal
R12_PAS,coal_ppl_cfNH3,2070,2070,0.015127797435446986,sv_2c_buffer_decoal
R12_PAS,coal_ppl_cfNH3,2070,2080,0.015127797435446986,sv_2c_buffer_decoal
R12_PAS,coal_ppl_cfNH3,2070,2090,0.015127797435446986,sv_2c_buffer_decoal
R12_PAS,coal_ppl_cfNH3,2080,2080,0.0016243348811439387,sv_2c_buffer_decoal
R12_PAS,coal_ppl_cfNH3,2080,2090,0.0016243348811439387,sv_2c_buffer_decoal
R12_PAS,coal_ppl_cfNH3,2080,2100,0.0016243348811439387,sv_2c_buffer_decoal
R12_PAS,coal_ppl_cfNH3,2090,2090,0.00017441162980663178,sv_2c_buffer_decoal
R12_PAS,coal_ppl_cfNH3,2090,2100,0.00017441162980663178,sv_2c_buffer_decoal
R12_PAS,coal_ppl_cfNH3,2090,2110,0.00017441162980663178,sv_2c_buffer_decoal
R12_PAS,coal_ppl_cfNH3,2100,2100,1.8727306151538578e-05,sv_2c_buffer_decoal
R12_PAS,coal_ppl_cfNH3,2100,2110,1.8727306151538578e-05,sv_2c_buffer_decoal
R12_PAS,coal_ppl_cfNH3,2110,2110,0.0,sv_2c_buffer_decoal
R12_PAS,coal_adv_cfbio,1995,1995,0.0,sv_2c_buffer_decoal
R12_PAS,coal_adv_cfbio,2000,2000,0.0,sv_2c_buffer_decoal
R12_PAS,coal_adv_cfbio,2005,2005,0.0,sv_2c_buffer_decoal
R12_PAS,coal_adv_cfbio,2005,2030,0.0,sv_2c_buffer_decoal
R12_PAS,coal_adv_cfbio,2010,2010,0.0,sv_2c_buffer_decoal
R12_PAS,coal_adv_cfbio,2010,2030,0.0,sv_2c_buffer_decoal
R12_PAS,coal_adv_cfbio,2010,2035,0.0,sv_2c_buffer_decoal
R12_PAS,coal_adv_cfbio,2015,2015,0.0,sv_2c_buffer_decoal
R12_PAS,coal_adv_cfbio,2015,2030,0.0,sv_2c_buffer_decoal
R12_PAS,coal_adv_cfbio,2015,2035,0.0,sv_2c_buffer_decoal
R12_PAS,coal_adv_cfbio,2015,2040,0.0,sv_2c_buffer_decoal
R12_PAS,coal_adv_cfbio,2020,2020,0.0,sv_2c_buffer_decoal
R12_PAS,coal_adv_cfbio,2025,2025,0.0,sv_2c_buffer_decoal
R12_PAS,coal_adv_cfbio,2025,2030,0.0,sv_2c_buffer_decoal
R12_PAS,coal_adv_cfbio,2030,2030,1.1910000000000003,sv_2c_buffer_decoal
R12_PAS,coal_adv_cfbio,2030,2035,1.1910000000000003,sv_2c_buffer_decoal
R12_PAS,coal_adv_cfbio,2035,2035,1.0765696689888002,sv_2c_buffer_decoal
R12_PAS,coal_adv_cfbio,2035,2040,1.0765696689888002,sv_2c_buffer_decoal
R12_PAS,coal_adv_cfbio,2040,2040,0.9731337130030683,sv_2c_buffer_decoal
R12_PAS,coal_adv_cfbio,2040,2045,0.9731337130030683,sv_2c_buffer_decoal
R12_PAS,coal_adv_cfbio,2040,2050,0.9731337130030683,sv_2c_buffer_decoal
R12_PAS,coal_adv_cfbio,2040,2055,0.9731337130030683,sv_2c_buffer_decoal
R12_PAS,coal_adv_cfbio,2040,2060,0.9731337130030683,sv_2c_buffer_decoal
R12_PAS,coal_adv_cfbio,2040,2070,0.48656685650153414,sv_2c_buffer_decoal
R12_PAS,coal_adv_cfbio,2045,2045,0.3188764550768456,sv_2c_buffer_decoal
R12_PAS,coal_adv_cfbio,2045,2050,0.3188764550768456,sv_2c_buffer_decoal
R12_PAS,coal_adv_cfbio,2045,2055,0.3188764550768456,sv_2c_buffer_decoal
R12_PAS,coal_adv_cfbio,2045,2060,0.3188764550768456,sv_2c_buffer_decoal
R12_PAS,coal_adv_cfbio,2045,2070,0.3188764550768456,sv_2c_buffer_decoal
R12_PAS,coal_adv_cfbio,2050,2050,0.10448943679958084,sv_2c_buffer_decoal
R12_PAS,coal_adv_cfbio,2050,2055,0.10448943679958084,sv_2c_buffer_decoal
R12_PAS,coal_adv_cfbio,2050,2060,0.10448943679958084,sv_2c_buffer_decoal
R12_PAS,coal_adv_cfbio,2050,2070,0.10448943679958084,sv_2c_buffer_decoal
R12_PAS,coal_adv_cfbio,2050,2080,0.05224471839979042,sv_2c_buffer_decoal
R12_PAS,coal_adv_cfbio,2055,2055,0.03423909865048667,sv_2c_buffer_decoal
R12_PAS,coal_adv_cfbio,2055,2060,0.03423909865048667,sv_2c_buffer_decoal
R12_PAS,coal_adv_cfbio,2055,2070,0.03423909865048667,sv_2c_buffer_decoal
R12_PAS,coal_adv_cfbio,2055,2080,0.03423909865048667,sv_2c_buffer_decoal
R12_PAS,coal_adv_cfbio,2060,2060,0.011219467845791479,sv_2c_buffer_decoal
R12_PAS,coal_adv_cfbio,2060,2070,0.011219467845791479,sv_2c_buffer_decoal
R12_PAS,coal_adv_cfbio,2060,2080,0.011219467845791479,sv_2c_buffer_decoal
R12_PAS,coal_adv_cfbio,2060,2090,0.005609733922895739,sv_2c_buffer_decoal
R12_PAS,coal_adv_cfbio,2070,2070,0.0012046811869049507,sv_2c_buffer_decoal
R12_PAS,coal_adv_cfbio,2070,2080,0.0012046811869049507,sv_2c_buffer_decoal
R12_PAS,coal_adv_cfbio,2070,2090,0.0012046811869049507,sv_2c_buffer_decoal
R12_PAS,coal_adv_cfbio,2080,2080,0.0001293516574965808,sv_2c_buffer_decoal
R12_PAS,coal_adv_cfbio,2080,2090,0.0001293516574965808,sv_2c_buffer_decoal
R12_PAS,coal_adv_cfbio,2080,2100,0.0001293516574965808,sv_2c_buffer_decoal
R12_PAS,coal_adv_cfbio,2090,2090,1.388902846578021e-05,sv_2c_buffer_decoal
R12_PAS,coal_adv_cfbio,2090,2100,1.388902846578021e-05,sv_2c_buffer_decoal
R12_PAS,coal_adv_cfbio,2090,2110,1.388902846578021e-05,sv_2c_buffer_decoal
R12_PAS,coal_adv_cfbio,2100,2100,0.0,sv_2c_buffer_decoal
R12_PAS,coal_adv_cfbio,2100,2110,0.0,sv_2c_buffer_decoal
R12_PAS,coal_adv_cfbio,2110,2110,0.0,sv_2c_buffer_decoal
R12_PAS,coal_ppl_u_cfbio,1995,1995,0.0,sv_2c_buffer_decoal
R12_PAS,coal_ppl_u_cfbio,1995,2030,0.0,sv_2c_buffer_decoal
R12_PAS,coal_ppl_u_cfbio,1995,2035,0.0,sv_2c_buffer_decoal
R12_PAS,coal_ppl_u_cfbio,1995,2040,0.0,sv_2c_buffer_decoal
R12_PAS,coal_ppl_u_cfbio,2000,2000,0.0,sv_2c_buffer_decoal
R12_PAS,coal_ppl_u_cfbio,2000,2030,0.0,sv_2c_buffer_decoal
R12_PAS,coal_ppl_u_cfbio,2000,2035,0.0,sv_2c_buffer_decoal
R12_PAS,coal_ppl_u_cfbio,2000,2040,0.0,sv_2c_buffer_decoal
R12_PAS,coal_ppl_u_cfbio,2005,2005,0.0,sv_2c_buffer_decoal
R12_PAS,coal_ppl_u_cfbio,2005,2030,0.0,sv_2c_buffer_decoal
R12_PAS,coal_ppl_u_cfbio,2005,2035,0.0,sv_2c_buffer_decoal
R12_PAS,coal_ppl_u_cfbio,2005,2040,0.0,sv_2c_buffer_decoal
R12_PAS,coal_ppl_u_cfbio,2005,2045,0.0,sv_2c_buffer_decoal
R12_PAS,coal_ppl_u_cfbio,2010,2010,0.0,sv_2c_buffer_decoal
R12_PAS,coal_ppl_u_cfbio,2010,2030,0.0,sv_2c_buffer_decoal
R12_PAS,coal_ppl_u_cfbio,2010,2035,0.0,sv_2c_buffer_decoal
R12_PAS,coal_ppl_u_cfbio,2010,2040,0.0,sv_2c_buffer_decoal
R12_PAS,coal_ppl_u_cfbio,2010,2045,0.0,sv_2c_buffer_decoal
R12_PAS,coal_ppl_u_cfbio,2015,2015,0.0,sv_2c_buffer_decoal
R12_PAS,coal_ppl_u_cfbio,2015,2030,0.0,sv_2c_buffer_decoal
R12_PAS,coal_ppl_u_cfbio,2015,2035,0.0,sv_2c_buffer_decoal
R12_PAS,coal_ppl_u_cfbio,2015,2040,0.0,sv_2c_buffer_decoal
R12_PAS,coal_ppl_u_cfbio,2015,2045,0.0,sv_2c_buffer_decoal
R12_PAS,coal_ppl_u_cfbio,2020,2020,0.0,sv_2c_buffer_decoal
R12_PAS,coal_ppl_u_cfbio,2025,2025,0.0,sv_2c_buffer_decoal
R12_PAS,coal_ppl_u_cfbio,2025,2030,0.0,sv_2c_buffer_decoal
R12_PAS,coal_ppl_u_cfbio,2030,2030,0.26020200800000004,sv_2c_buffer_decoal
R12_PAS,coal_ppl_u_cfbio,2030,2035,0.26020200800000004,sv_2c_buffer_decoal
R12_PAS,coal_ppl_u_cfbio,2035,2035,0.5474860499868929,sv_2c_buffer_decoal
R12_PAS,coal_ppl_u_cfbio,2035,2040,0.5474860499868929,sv_2c_buffer_decoal
R12_PAS,coal_ppl_u_cfbio,2040,2040,0.5850985065986803,sv_2c_buffer_decoal
R12_PAS,coal_ppl_u_cfbio,2040,2045,0.5850985065986803,sv_2c_buffer_decoal
R12_PAS,coal_ppl_u_cfbio,2040,2050,0.5850985065986803,sv_2c_buffer_decoal
R12_PAS,coal_ppl_u_cfbio,2040,2055,0.5850985065986803,sv_2c_buffer_decoal
R12_PAS,coal_ppl_u_cfbio,2040,2060,0.5850985065986803,sv_2c_buffer_decoal
R12_PAS,coal_ppl_u_cfbio,2040,2070,0.2925492532993402,sv_2c_buffer_decoal
R12_PAS,coal_ppl_u_cfbio,2045,2045,0.1917250786422557,sv_2c_buffer_decoal
R12_PAS,coal_ppl_u_cfbio,2045,2050,0.1917250786422557,sv_2c_buffer_decoal
R12_PAS,coal_ppl_u_cfbio,2045,2055,0.1917250786422557,sv_2c_buffer_decoal
R12_PAS,coal_ppl_u_cfbio,2045,2060,0.1917250786422557,sv_2c_buffer_decoal
R12_PAS,coal_ppl_u_cfbio,2045,2070,0.1917250786422557,sv_2c_buffer_decoal
R12_PAS,coal_ppl_u_cfbio,2050,2050,0.06282447376949439,sv_2c_buffer_decoal
R12_PAS,coal_ppl_u_cfbio,2050,2055,0.06282447376949439,sv_2c_buffer_decoal
R12_PAS,coal_ppl_u_cfbio,2050,2060,0.06282447376949439,sv_2c_buffer_decoal
R12_PAS,coal_ppl_u_cfbio,2050,2070,0.06282447376949439,sv_2c_buffer_decoal
R12_PAS,coal_ppl_u_cfbio,2050,2080,0.031412236884747195,sv_2c_buffer_decoal
R12_PAS,coal_ppl_u_cfbio,2055,2055,0.020586323564787935,sv_2c_buffer_decoal
R12_PAS,coal_ppl_u_cfbio,2055,2060,0.020586323564787935,sv_2c_buffer_decoal
R12_PAS,coal_ppl_u_cfbio,2055,2070,0.020586323564787935,sv_2c_buffer_decoal
R12_PAS,coal_ppl_u_cfbio,2055,2080,0.020586323564787935,sv_2c_buffer_decoal
R12_PAS,coal_ppl_u_cfbio,2060,2060,0.006745726505709714,sv_2c_buffer_decoal
R12_PAS,coal_ppl_u_cfbio,2060,2070,0.006745726505709714,sv_2c_buffer_decoal
R12_PAS,coal_ppl_u_cfbio,2060,2080,0.006745726505709714,sv_2c_buffer_decoal
R12_PAS,coal_ppl_u_cfbio,2060,2090,0.003372863252854857,sv_2c_buffer_decoal
R12_PAS,coal_ppl_u_cfbio,2070,2070,0.0007243168682445903,sv_2c_buffer_decoal
R12_PAS,coal_ppl_u_cfbio,2070,2080,0.0007243168682445903,sv_2c_buffer_decoal
R12_PAS,coal_ppl_u_cfbio,2070,2090,0.0007243168682445903,sv_2c_buffer_decoal
R12_PAS,coal_ppl_u_cfbio,2080,2080,7.777293152629149e-05,sv_2c_buffer_decoal
R12_PAS,coal_ppl_u_cfbio,2080,2090,7.777293152629149e-05,sv_2c_buffer_decoal
R12_PAS,coal_ppl_u_cfbio,2080,2100,7.777293152629149e-05,sv_2c_buffer_decoal
R12_PAS,coal_ppl_u_cfbio,2090,2090,8.350804935486742e-06,sv_2c_buffer_decoal
R12_PAS,coal_ppl_u_cfbio,2090,2100,8.350804935486742e-06,sv_2c_buffer_decoal
R12_PAS,coal_ppl_u_cfbio,2090,2110,8.350804935486742e-06,sv_2c_buffer_decoal
R12_PAS,coal_ppl_u_cfbio,2100,2100,0.0,sv_2c_buffer_decoal
R12_PAS,coal_ppl_u_cfbio,2100,2110,0.0,sv_2c_buffer_decoal
R12_PAS,coal_ppl_u_cfbio,2110,2110,0.0,sv_2c_buffer_decoal
R12_PAS,coal_ppl_cfbio,1995,1995,0.0,sv_2c_buffer_decoal
R12_PAS,coal_ppl_cfbio,1995,2030,0.0,sv_2c_buffer_decoal
R12_PAS,coal_ppl_cfbio,1995,2035,0.0,sv_2c_buffer_decoal
R12_PAS,coal_ppl_cfbio,2000,2000,0.0,sv_2c_buffer_decoal
R12_PAS,coal_ppl_cfbio,2000,2030,0.0,sv_2c_buffer_decoal
R12_PAS,coal_ppl_cfbio,2000,2035,0.0,sv_2c_buffer_decoal
R12_PAS,coal_ppl_cfbio,2000,2040,0.0,sv_2c_buffer_decoal
R12_PAS,coal_ppl_cfbio,2005,2005,0.0,sv_2c_buffer_decoal
R12_PAS,coal_ppl_cfbio,2005,2030,0.0,sv_2c_buffer_decoal
R12_PAS,coal_ppl_cfbio,2005,2035,0.0,sv_2c_buffer_decoal
R12_PAS,coal_ppl_cfbio,2005,2040,0.0,sv_2c_buffer_decoal
R12_PAS,coal_ppl_cfbio,2010,2010,0.0,sv_2c_buffer_decoal
R12_PAS,coal_ppl_cfbio,2010,2030,0.0,sv_2c_buffer_decoal
R12_PAS,coal_ppl_cfbio,2010,2035,0.0,sv_2c_buffer_decoal
R12_PAS,coal_ppl_cfbio,2010,2040,0.0,sv_2c_buffer_decoal
R12_PAS,coal_ppl_cfbio,2010,2045,0.0,sv_2c_buffer_decoal
R12_PAS,coal_ppl_cfbio,2015,2015,0.0,sv_2c_buffer_decoal
R12_PAS,coal_ppl_cfbio,2015,2030,0.0,sv_2c_buffer_decoal
R12_PAS,coal_ppl_cfbio,2015,2035,0.0,sv_2c_buffer_decoal
R12_PAS,coal_ppl_cfbio,2015,2040,0.0,sv_2c_buffer_decoal
R12_PAS,coal_ppl_cfbio,2015,2045,0.0,sv_2c_buffer_decoal
R12_PAS,coal_ppl_cfbio,2020,2020,0.0,sv_2c_buffer_decoal
R12_PAS,coal_ppl_cfbio,2025,2025,0.0,sv_2c_buffer_decoal
R12_PAS,coal_ppl_cfbio,2025,2030,0.0,sv_2c_buffer_decoal
R12_PAS,coal_ppl_cfbio,2030,2030,1.5612120480000002,sv_2c_buffer_decoal
R12_PAS,coal_ppl_cfbio,2030,2035,1.5612120480000002,sv_2c_buffer_decoal
R12_PAS,coal_ppl_cfbio,2035,2035,3.284916299921358,sv_2c_buffer_decoal
R12_PAS,coal_ppl_cfbio,2035,2040,3.284916299921358,sv_2c_buffer_decoal
R12_PAS,coal_ppl_cfbio,2040,2040,2.969304159246221,sv_2c_buffer_decoal
R12_PAS,coal_ppl_cfbio,2040,2045,2.969304159246221,sv_2c_buffer_decoal
R12_PAS,coal_ppl_cfbio,2040,2050,2.969304159246221,sv_2c_buffer_decoal
R12_PAS,coal_ppl_cfbio,2040,2055,2.969304159246221,sv_2c_buffer_decoal
R12_PAS,coal_ppl_cfbio,2040,2060,2.969304159246221,sv_2c_buffer_decoal
R12_PAS,coal_ppl_cfbio,2040,2070,1.4846520796231104,sv_2c_buffer_decoal
R12_PAS,coal_ppl_cfbio,2045,2045,0.9729815869018023,sv_2c_buffer_decoal
R12_PAS,coal_ppl_cfbio,2045,2050,0.9729815869018023,sv_2c_buffer_decoal
R12_PAS,coal_ppl_cfbio,2045,2055,0.9729815869018023,sv_2c_buffer_decoal
R12_PAS,coal_ppl_cfbio,2045,2060,0.9729815869018023,sv_2c_buffer_decoal
R12_PAS,coal_ppl_cfbio,2045,2070,0.9729815869018023,sv_2c_buffer_decoal
R12_PAS,coal_ppl_cfbio,2050,2050,0.31882660639598276,sv_2c_buffer_decoal
R12_PAS,coal_ppl_cfbio,2050,2055,0.31882660639598276,sv_2c_buffer_decoal
R12_PAS,coal_ppl_cfbio,2050,2060,0.31882660639598276,sv_2c_buffer_decoal
R12_PAS,coal_ppl_cfbio,2050,2070,0.31882660639598276,sv_2c_buffer_decoal
R12_PAS,coal_ppl_cfbio,2050,2080,0.15941330319799138,sv_2c_buffer_decoal
R12_PAS,coal_ppl_cfbio,2055,2055,0.1044731023838357,sv_2c_buffer_decoal
R12_PAS,coal_ppl_cfbio,2055,2060,0.1044731023838357,sv_2c_buffer_decoal
R12_PAS,coal_ppl_cfbio,2055,2070,0.1044731023838357,sv_2c_buffer_decoal
R12_PAS,coal_ppl_cfbio,2055,2080,0.1044731023838357,sv_2c_buffer_decoal
R12_PAS,coal_ppl_cfbio,2060,2060,0.0342337461891353,sv_2c_buffer_decoal
R12_PAS,coal_ppl_cfbio,2060,2070,0.0342337461891353,sv_2c_buffer_decoal
R12_PAS,coal_ppl_cfbio,2060,2080,0.0342337461891353,sv_2c_buffer_decoal
R12_PAS,coal_ppl_cfbio,2060,2090,0.01711687309456765,sv_2c_buffer_decoal
R12_PAS,coal_ppl_cfbio,2070,2070,0.003675820507547523,sv_2c_buffer_decoal
R12_PAS,coal_ppl_cfbio,2070,2080,0.003675820507547523,sv_2c_buffer_decoal
R12_PAS,coal_ppl_cfbio,2070,2090,0.003675820507547523,sv_2c_buffer_decoal
R12_PAS,coal_ppl_cfbio,2080,2080,0.00039468822164706867,sv_2c_buffer_decoal
R12_PAS,coal_ppl_cfbio,2080,2090,0.00039468822164706867,sv_2c_buffer_decoal
R12_PAS,coal_ppl_cfbio,2080,2100,0.00039468822164706867,sv_2c_buffer_decoal
R12_PAS,coal_ppl_cfbio,2090,2090,4.237932510226403e-05,sv_2c_buffer_decoal
R12_PAS,coal_ppl_cfbio,2090,2100,4.237932510226403e-05,sv_2c_buffer_decoal
R12_PAS,coal_ppl_cfbio,2090,2110,4.237932510226403e-05,sv_2c_buffer_decoal
R12_PAS,coal_ppl_cfbio,2100,2100,0.0,sv_2c_buffer_decoal
R12_PAS,coal_ppl_cfbio,2100,2110,0.0,sv_2c_buffer_decoal
R12_PAS,coal_ppl_cfbio,2110,2110,0.0,sv_2c_buffer_decoal
R12_PAS,coal_adv_rccs,1995,1995,0.0,sv_2c_buffer_decoal
R12_PAS,coal_adv_rccs,2000,2000,0.0,sv_2c_buffer_decoal
R12_PAS,coal_adv_rccs,2005,2005,0.0,sv_2c_buffer_decoal
R12_PAS,coal_adv_rccs,2005,2030,0.0,sv_2c_buffer_decoal
R12_PAS,coal_adv_rccs,2010,2010,0.0,sv_2c_buffer_decoal
R12_PAS,coal_adv_rccs,2010,2030,0.0,sv_2c_buffer_decoal
R12_PAS,coal_adv_rccs,2010,2035,0.0,sv_2c_buffer_decoal
R12_PAS,coal_adv_rccs,2015,2015,0.0,sv_2c_buffer_decoal
R12_PAS,coal_adv_rccs,2015,2030,0.0,sv_2c_buffer_decoal
R12_PAS,coal_adv_rccs,2015,2035,0.0,sv_2c_buffer_decoal
R12_PAS,coal_adv_rccs,2015,2040,0.0,sv_2c_buffer_decoal
R12_PAS,coal_adv_rccs,2020,2020,0.0,sv_2c_buffer_decoal
R12_PAS,coal_adv_rccs,2020,2030,0.0,sv_2c_buffer_decoal
R12_PAS,coal_adv_rccs,2020,2035,0.0,sv_2c_buffer_decoal
R12_PAS,coal_adv_rccs,2020,2040,0.0,sv_2c_buffer_decoal
R12_PAS,coal_adv_rccs,2025,2025,0.0,sv_2c_buffer_decoal
R12_PAS,coal_adv_rccs,2025,2030,0.0,sv_2c_buffer_decoal
R12_PAS,coal_adv_rccs,2025,2035,0.0,sv_2c_buffer_decoal
R12_PAS,coal_adv_rccs,2025,2040,0.0,sv_2c_buffer_decoal
R12_PAS,coal_adv_rccs,2025,2045,0.0,sv_2c_buffer_decoal
R12_PAS,coal_adv_rccs,2030,2030,0.0,sv_2c_buffer_decoal
R12_PAS,coal_adv_rccs,2030,2035,0.0,sv_2c_buffer_decoal
R12_PAS,coal_adv_rccs,2030,2040,0.0,sv_2c_buffer_decoal
R12_PAS,coal_adv_rccs,2030,2045,0.0,sv_2c_buffer_decoal
R12_PAS,coal_adv_rccs,2030,2050,0.0,sv_2c_buffer_decoal
R12_PAS,coal_adv_rccs,2035,2035,0.0,sv_2c_buffer_decoal
R12_PAS,coal_adv_rccs,2035,2040,0.0,sv_2c_buffer_decoal
R12_PAS,coal_adv_rccs,2035,2045,0.0,sv_2c_buffer_decoal
R12_PAS,coal_adv_rccs,2035,2050,0.0,sv_2c_buffer_decoal
R12_PAS,coal_adv_rccs,2035,2055,0.0,sv_2c_buffer_decoal
R12_PAS,coal_adv_rccs,2040,2040,0.0,sv_2c_buffer_decoal
R12_PAS,coal_adv_rccs,2040,2045,0.0,sv_2c_buffer_decoal
R12_PAS,coal_adv_rccs,2040,2050,0.0,sv_2c_buffer_decoal
R12_PAS,coal_adv_rccs,2040,2055,0.0,sv_2c_buffer_decoal
R12_PAS,coal_adv_rccs,2040,2060,0.0,sv_2c_buffer_decoal
R12_PAS,coal_adv_rccs,2040,2070,0.0,sv_2c_buffer_decoal
R12_PAS,coal_adv_rccs,2045,2045,0.0,sv_2c_buffer_decoal
R12_PAS,coal_adv_rccs,2045,2050,0.0,sv_2c_buffer_decoal
R12_PAS,coal_adv_rccs,2045,2055,0.0,sv_2c_buffer_decoal
R12_PAS,coal_adv_rccs,2045,2060,0.0,sv_2c_buffer_decoal
R12_PAS,coal_adv_rccs,2045,2070,0.0,sv_2c_buffer_decoal
R12_PAS,coal_adv_rccs,2050,2050,0.0,sv_2c_buffer_decoal
R12_PAS,coal_adv_rccs,2050,2055,0.0,sv_2c_buffer_decoal
R12_PAS,coal_adv_rccs,2050,2060,0.0,sv_2c_buffer_decoal
R12_PAS,coal_adv_rccs,2050,2070,0.0,sv_2c_buffer_decoal
R12_PAS,coal_adv_rccs,2050,2080,0.0,sv_2c_buffer_decoal
R12_PAS,coal_adv_rccs,2055,2055,0.0,sv_2c_buffer_decoal
R12_PAS,coal_adv_rccs,2055,2060,0.0,sv_2c_buffer_decoal
R12_PAS,coal_adv_rccs,2055,2070,0.0,sv_2c_buffer_decoal
R12_PAS,coal_adv_rccs,2055,2080,0.0,sv_2c_buffer_decoal
R12_PAS,coal_adv_rccs,2060,2060,0.0,sv_2c_buffer_decoal
R12_PAS,coal_adv_rccs,2060,2070,0.0,sv_2c_buffer_decoal
R12_PAS,coal_adv_rccs,2060,2080,0.0,sv_2c_buffer_decoal
R12_PAS,coal_adv_rccs,2060,2090,0.0,sv_2c_buffer_decoal
R12_PAS,coal_adv_rccs,2070,2070,0.0,sv_2c_buffer_decoal
R12_PAS,coal_adv_rccs,2070,2080,0.0,sv_2c_buffer_decoal
R12_PAS,coal_adv_rccs,2070,2090,0.0,sv_2c_buffer_decoal
R12_PAS,coal_adv_rccs,2080,2080,0.0,sv_2c_buffer_decoal
R12_PAS,coal_adv_rccs,2080,2090,0.0,sv_2c_buffer_decoal
R12_PAS,coal_adv_rccs,2080,2100,0.0,sv_2c_buffer_decoal
R12_PAS,coal_adv_rccs,2090,2090,0.0,sv_2c_buffer_decoal
R12_PAS,coal_adv_rccs,2090,2100,0.0,sv_2c_buffer_decoal
R12_PAS,coal_adv_rccs,2090,2110,0.0,sv_2c_buffer_decoal
R12_PAS,coal_adv_rccs,2100,2100,0.0,sv_2c_buffer_decoal
R12_PAS,coal_adv_rccs,2100,2110,0.0,sv_2c_buffer_decoal
R12_PAS,coal_adv_rccs,2110,2110,0.0,sv_2c_buffer_decoal
R12_CHN,coal_adv,1995,1995,0.0,sv_2c_buffer_decoal
R12_CHN,coal_adv,2000,2000,0.0,sv_2c_buffer_decoal
R12_CHN,coal_adv,2005,2005,0.0,sv_2c_buffer_decoal
R12_CHN,coal_adv,2005,2030,9.92,sv_2c_buffer_decoal
R12_CHN,coal_adv,2010,2010,0.0,sv_2c_buffer_decoal
R12_CHN,coal_adv,2010,2030,108.13000000000001,sv_2c_buffer_decoal
R12_CHN,coal_adv,2010,2035,108.13000000000001,sv_2c_buffer_decoal
R12_CHN,coal_adv,2015,2015,0.0,sv_2c_buffer_decoal
R12_CHN,coal_adv,2015,2030,90.04400000000001,sv_2c_buffer_decoal
R12_CHN,coal_adv,2015,2035,90.04400000000001,sv_2c_buffer_decoal
R12_CHN,coal_adv,2015,2040,0.0,sv_2c_buffer_decoal
R12_CHN,coal_adv,2020,2020,0.0,sv_2c_buffer_decoal
R12_CHN,coal_adv,2020,2030,43.269999999999996,sv_2c_buffer_decoal
R12_CHN,coal_adv,2020,2035,43.269999999999996,sv_2c_buffer_decoal
R12_CHN,coal_adv,2020,2040,0.0,sv_2c_buffer_decoal
R12_CHN,coal_adv,2020,2045,0.0,sv_2c_buffer_decoal
R12_CHN,coal_adv,2025,2025,0.0,sv_2c_buffer_decoal
R12_CHN,coal_adv,2025,2030,262.723,sv_2c_buffer_decoal
R12_CHN,coal_adv,2025,2035,262.723,sv_2c_buffer_decoal
R12_CHN,coal_adv,2025,2040,243.26838024583915,sv_2c_buffer_decoal
R12_CHN,coal_adv,2025,2045,130.1390954431341,sv_2c_buffer_decoal
R12_CHN,coal_adv,2025,2050,35.54227369301294,sv_2c_buffer_decoal
R12_CHN,coal_adv,2030,2030,0.0,sv_2c_buffer_decoal
R12_CHN,coal_adv,2030,2035,0.0,sv_2c_buffer_decoal
R12_CHN,coal_adv,2030,2040,0.0,sv_2c_buffer_decoal
R12_CHN,coal_adv,2030,2045,0.0,sv_2c_buffer_decoal
R12_CHN,coal_adv,2030,2050,0.0,sv_2c_buffer_decoal
R12_CHN,coal_adv,2030,2055,0.0,sv_2c_buffer_decoal
R12_CHN,coal_adv,2035,2035,0.0,sv_2c_buffer_decoal
R12_CHN,coal_adv,2035,2040,0.0,sv_2c_buffer_decoal
R12_CHN,coal_adv,2035,2045,0.0,sv_2c_buffer_decoal
R12_CHN,coal_adv,2035,2050,0.0,sv_2c_buffer_decoal
R12_CHN,coal_adv,2035,2055,0.0,sv_2c_buffer_decoal
R12_CHN,coal_adv,2035,2060,0.0,sv_2c_buffer_decoal
R12_CHN,coal_adv,2040,2040,0.0,sv_2c_buffer_decoal
R12_CHN,coal_adv,2040,2045,0.0,sv_2c_buffer_decoal
R12_CHN,coal_adv,2040,2050,0.0,sv_2c_buffer_decoal
R12_CHN,coal_adv,2040,2055,0.0,sv_2c_buffer_decoal
R12_CHN,coal_adv,2040,2060,0.0,sv_2c_buffer_decoal
R12_CHN,coal_adv,2040,2070,0.0,sv_2c_buffer_decoal
R12_CHN,coal_adv,2045,2045,0.0,sv_2c_buffer_decoal
R12_CHN,coal_adv,2045,2050,0.0,sv_2c_buffer_decoal
R12_CHN,coal_adv,2045,2055,0.0,sv_2c_buffer_decoal
R12_CHN,coal_adv,2045,2060,0.0,sv_2c_buffer_decoal
R12_CHN,coal_adv,2045,2070,0.0,sv_2c_buffer_decoal
R12_CHN,coal_adv,2050,2050,0.0,sv_2c_buffer_decoal
R12_CHN,coal_adv,2050,2055,0.0,sv_2c_buffer_decoal
R12_CHN,coal_adv,2050,2060,0.0,sv_2c_buffer_decoal
R12_CHN,coal_adv,2050,2070,0.0,sv_2c_buffer_decoal
R12_CHN,coal_adv,2050,2080,0.0,sv_2c_buffer_decoal
R12_CHN,coal_adv,2055,2055,0.0,sv_2c_buffer_decoal
R12_CHN,coal_adv,2055,2060,0.0,sv_2c_buffer_decoal
R12_CHN,coal_adv,2055,2070,0.0,sv_2c_buffer_decoal
R12_CHN,coal_adv,2055,2080,0.0,sv_2c_buffer_decoal
R12_CHN,coal_adv,2060,2060,0.0,sv_2c_buffer_decoal
R12_CHN,coal_adv,2060,2070,0.0,sv_2c_buffer_decoal
R12_CHN,coal_adv,2060,2080,0.0,sv_2c_buffer_decoal
R12_CHN,coal_adv,2060,2090,0.0,sv_2c_buffer_decoal
R12_CHN,coal_adv,2070,2070,0.0,sv_2c_buffer_decoal
R12_CHN,coal_adv,2070,2080,0.0,sv_2c_buffer_decoal
R12_CHN,coal_adv,2070,2090,0.0,sv_2c_buffer_decoal
R12_CHN,coal_adv,2080,2080,0.0,sv_2c_buffer_decoal
R12_CHN,coal_adv,2080,2090,0.0,sv_2c_buffer_decoal
R12_CHN,coal_adv,2080,2100,0.0,sv_2c_buffer_decoal
R12_CHN,coal_adv,2090,2090,0.0,sv_2c_buffer_decoal
R12_CHN,coal_adv,2090,2100,0.0,sv_2c_buffer_decoal
R12_CHN,coal_adv,2090,2110,0.0,sv_2c_buffer_decoal
R12_CHN,coal_adv,2100,2100,0.0,sv_2c_buffer_decoal
R12_CHN,coal_adv,2100,2110,0.0,sv_2c_buffer_decoal
R12_CHN,coal_adv,2110,2110,0.0,sv_2c_buffer_decoal
R12_CHN,coal_adv_ccs,2030,2030,0.0,sv_2c_buffer_decoal
R12_CHN,coal_adv_ccs,2030,2035,0.0,sv_2c_buffer_decoal
R12_CHN,coal_adv_ccs,2030,2040,0.0,sv_2c_buffer_decoal
R12_CHN,coal_adv_ccs,2030,2045,0.0,sv_2c_buffer_decoal
R12_CHN,coal_adv_ccs,2030,2050,0.0,sv_2c_buffer_decoal
R12_CHN,coal_adv_ccs,2030,2055,0.0,sv_2c_buffer_decoal
R12_CHN,coal_adv_ccs,2035,2035,0.0,sv_2c_buffer_decoal
R12_CHN,coal_adv_ccs,2035,2040,0.0,sv_2c_buffer_decoal
R12_CHN,coal_adv_ccs,2035,2045,0.0,sv_2c_buffer_decoal
R12_CHN,coal_adv_ccs,2035,2050,0.0,sv_2c_buffer_decoal
R12_CHN,coal_adv_ccs,2035,2055,0.0,sv_2c_buffer_decoal
R12_CHN,coal_adv_ccs,2035,2060,0.0,sv_2c_buffer_decoal
R12_CHN,coal_adv_ccs,2040,2040,0.0,sv_2c_buffer_decoal
R12_CHN,coal_adv_ccs,2040,2045,0.0,sv_2c_buffer_decoal
R12_CHN,coal_adv_ccs,2040,2050,0.0,sv_2c_buffer_decoal
R12_CHN,coal_adv_ccs,2040,2055,0.0,sv_2c_buffer_decoal
R12_CHN,coal_adv_ccs,2040,2060,0.0,sv_2c_buffer_decoal
R12_CHN,coal_adv_ccs,2040,2070,0.0,sv_2c_buffer_decoal
R12_CHN,coal_adv_ccs,2045,2045,0.0,sv_2c_buffer_decoal
R12_CHN,coal_adv_ccs,2045,2050,0.0,sv_2c_buffer_decoal
R12_CHN,coal_adv_ccs,2045,2055,0.0,sv_2c_buffer_decoal
R12_CHN,coal_adv_ccs,2045,2060,0.0,sv_2c_buffer_decoal
R12_CHN,coal_adv_ccs,2045,2070,0.0,sv_2c_buffer_decoal
R12_CHN,coal_adv_ccs,2050,2050,0.0,sv_2c_buffer_decoal
R12_CHN,coal_adv_ccs,2050,2055,0.0,sv_2c_buffer_decoal
R12_CHN,coal_adv_ccs,2050,2060,0.0,sv_2c_buffer_decoal
R12_CHN,coal_adv_ccs,2050,2070,0.0,sv_2c_buffer_decoal
R12_CHN,coal_adv_ccs,2050,2080,0.0,sv_2c_buffer_decoal
R12_CHN,coal_adv_ccs,2055,2055,0.0,sv_2c_buffer_decoal
R12_CHN,coal_adv_ccs,2055,2060,0.0,sv_2c_buffer_decoal
R12_CHN,coal_adv_ccs,2055,2070,0.0,sv_2c_buffer_decoal
R12_CHN,coal_adv_ccs,2055,2080,0.0,sv_2c_buffer_decoal
R12_CHN,coal_adv_ccs,2060,2060,0.0,sv_2c_buffer_decoal
R12_CHN,coal_adv_ccs,2060,2070,0.0,sv_2c_buffer_decoal
R12_CHN,coal_adv_ccs,2060,2080,0.0,sv_2c_buffer_decoal
R12_CHN,coal_adv_ccs,2060,2090,0.0,sv_2c_buffer_decoal
R12_CHN,coal_adv_ccs,2070,2070,0.0,sv_2c_buffer_decoal
R12_CHN,coal_adv_ccs,2070,2080,0.0,sv_2c_buffer_decoal
R12_CHN,coal_adv_ccs,2070,2090,0.0,sv_2c_buffer_decoal
R12_CHN,coal_adv_ccs,2080,2080,0.0,sv_2c_buffer_decoal
R12_CHN,coal_adv_ccs,2080,2090,0.0,sv_2c_buffer_decoal
R12_CHN,coal_adv_ccs,2080,2100,0.0,sv_2c_buffer_decoal
R12_CHN,coal_adv_ccs,2090,2090,0.0,sv_2c_buffer_decoal
R12_CHN,coal_adv_ccs,2090,2100,0.0,sv_2c_buffer_decoal
R12_CHN,coal_adv_ccs,2090,2110,0.0,sv_2c_buffer_decoal
R12_CHN,coal_adv_ccs,2100,2100,0.0,sv_2c_buffer_decoal
R12_CHN,coal_adv_ccs,2100,2110,0.0,sv_2c_buffer_decoal
R12_CHN,coal_adv_ccs,2110,2110,0.0,sv_2c_buffer_decoal
R12_CHN,coal_ppl,1980,1980,0.0,sv_2c_buffer_decoal
R12_CHN,coal_ppl,1985,1985,0.0,sv_2c_buffer_decoal
R12_CHN,coal_ppl,1990,1990,0.0,sv_2c_buffer_decoal
R12_CHN,coal_ppl,1990,2030,0.0,sv_2c_buffer_decoal
R12_CHN,coal_ppl,1995,1995,0.0,sv_2c_buffer_decoal
R12_CHN,coal_ppl,1995,2030,0.0,sv_2c_buffer_decoal
R12_CHN,coal_ppl,2000,2000,0.0,sv_2c_buffer_decoal
R12_CHN,coal_ppl,2000,2030,0.0,sv_2c_buffer_decoal
R12_CHN,coal_ppl,2000,2035,0.0,sv_2c_buffer_decoal
R12_CHN,coal_ppl,2005,2005,0.0,sv_2c_buffer_decoal
R12_CHN,coal_ppl,2005,2030,0.0,sv_2c_buffer_decoal
R12_CHN,coal_ppl,2005,2035,0.0,sv_2c_buffer_decoal
R12_CHN,coal_ppl,2010,2010,0.0,sv_2c_buffer_decoal
R12_CHN,coal_ppl,2010,2030,0.0,sv_2c_buffer_decoal
R12_CHN,coal_ppl,2010,2035,0.0,sv_2c_buffer_decoal
R12_CHN,coal_ppl,2010,2040,0.0,sv_2c_buffer_decoal
R12_CHN,coal_ppl,2015,2015,0.0,sv_2c_buffer_decoal
R12_CHN,coal_ppl,2015,2030,0.0,sv_2c_buffer_decoal
R12_CHN,coal_ppl,2015,2035,0.0,sv_2c_buffer_decoal
R12_CHN,coal_ppl,2015,2040,0.0,sv_2c_buffer_decoal
R12_CHN,coal_ppl,2020,2020,0.0,sv_2c_buffer_decoal
R12_CHN,coal_ppl,2020,2030,71.884,sv_2c_buffer_decoal
R12_CHN,coal_ppl,2020,2035,16.15376115973786,sv_2c_buffer_decoal
R12_CHN,coal_ppl,2020,2040,16.15376115973786,sv_2c_buffer_decoal
R12_CHN,coal_ppl,2020,2045,0.0,sv_2c_buffer_decoal
R12_CHN,coal_ppl,2025,2025,0.0,sv_2c_buffer_decoal
R12_CHN,coal_ppl,2025,2030,69.384,sv_2c_buffer_decoal
R12_CHN,coal_ppl,2025,2035,68.5078048977379,sv_2c_buffer_decoal
R12_CHN,coal_ppl,2025,2040,68.5078048977379,sv_2c_buffer_decoal
R12_CHN,coal_ppl,2025,2045,68.5078048977379,sv_2c_buffer_decoal
R12_CHN,coal_ppl,2025,2050,48.3020117221806,sv_2c_buffer_decoal
R12_CHN,coal_ppl,2030,2030,66.884,sv_2c_buffer_decoal
R12_CHN,coal_ppl,2030,2035,49.70728344249856,sv_2c_buffer_decoal
R12_CHN,coal_ppl,2030,2040,49.70728344249856,sv_2c_buffer_decoal
R12_CHN,coal_ppl,2030,2045,49.70728344249856,sv_2c_buffer_decoal
R12_CHN,coal_ppl,2030,2050,49.70728344249856,sv_2c_buffer_decoal
R12_CHN,coal_ppl,2030,2055,49.70728344249856,sv_2c_buffer_decoal
R12_CHN,coal_ppl,2035,2035,64.384,sv_2c_buffer_decoal
R12_CHN,coal_ppl,2035,2040,42.809878640706394,sv_2c_buffer_decoal
R12_CHN,coal_ppl,2035,2045,42.809878640706394,sv_2c_buffer_decoal
R12_CHN,coal_ppl,2035,2050,42.809878640706394,sv_2c_buffer_decoal
R12_CHN,coal_ppl,2035,2055,42.809878640706394,sv_2c_buffer_decoal
R12_CHN,coal_ppl,2035,2060,0.0,sv_2c_buffer_decoal
R12_CHN,coal_ppl,2040,2040,61.884,sv_2c_buffer_decoal
R12_CHN,coal_ppl,2040,2045,0.0,sv_2c_buffer_decoal
R12_CHN,coal_ppl,2040,2050,0.0,sv_2c_buffer_decoal
R12_CHN,coal_ppl,2040,2055,0.0,sv_2c_buffer_decoal
R12_CHN,coal_ppl,2040,2060,0.0,sv_2c_buffer_decoal
R12_CHN,coal_ppl,2040,2070,0.0,sv_2c_buffer_decoal
R12_CHN,coal_ppl,2045,2045,0.0,sv_2c_buffer_decoal
R12_CHN,coal_ppl,2045,2050,0.0,sv_2c_buffer_decoal
R12_CHN,coal_ppl,2045,2055,0.0,sv_2c_buffer_decoal
R12_CHN,coal_ppl,2045,2060,0.0,sv_2c_buffer_decoal
R12_CHN,coal_ppl,2045,2070,0.0,sv_2c_buffer_decoal
R12_CHN,coal_ppl,2050,2050,0.0,sv_2c_buffer_decoal
R12_CHN,coal_ppl,2050,2055,0.0,sv_2c_buffer_decoal
R12_CHN,coal_ppl,2050,2060,0.0,sv_2c_buffer_decoal
R12_CHN,coal_ppl,2050,2070,0.0,sv_2c_buffer_decoal
R12_CHN,coal_ppl,2050,2080,0.0,sv_2c_buffer_decoal
R12_CHN,coal_ppl,2055,2055,0.0,sv_2c_buffer_decoal
R12_CHN,coal_ppl,2055,2060,0.0,sv_2c_buffer_decoal
R12_CHN,coal_ppl,2055,2070,0.0,sv_2c_buffer_decoal
R12_CHN,coal_ppl,2055,2080,0.0,sv_2c_buffer_decoal
R12_CHN,coal_ppl,2060,2060,0.0,sv_2c_buffer_decoal
R12_CHN,coal_ppl,2060,2070,0.0,sv_2c_buffer_decoal
R12_CHN,coal_ppl,2060,2080,0.0,sv_2c_buffer_decoal
R12_CHN,coal_ppl,2060,2090,0.0,sv_2c_buffer_decoal
R12_CHN,coal_ppl,2070,2070,0.0,sv_2c_buffer_decoal
R12_CHN,coal_ppl,2070,2080,0.0,sv_2c_buffer_decoal
R12_CHN,coal_ppl,2070,2090,0.0,sv_2c_buffer_decoal
R12_CHN,coal_ppl,2080,2080,0.0,sv_2c_buffer_decoal
R12_CHN,coal_ppl,2080,2090,0.0,sv_2c_buffer_decoal
R12_CHN,coal_ppl,2080,2100,0.0,sv_2c_buffer_decoal
R12_CHN,coal_ppl,2090,2090,0.0,sv_2c_buffer_decoal
R12_CHN,coal_ppl,2090,2100,0.0,sv_2c_buffer_decoal
R12_CHN,coal_ppl,2090,2110,0.0,sv_2c_buffer_decoal
R12_CHN,coal_ppl,2100,2100,0.0,sv_2c_buffer_decoal
R12_CHN,coal_ppl,2100,2110,0.0,sv_2c_buffer_decoal
R12_CHN,coal_ppl,2110,2110,0.0,sv_2c_buffer_decoal
R12_CHN,coal_ppl_u,1960,1960,0.0,sv_2c_buffer_decoal
R12_CHN,coal_ppl_u,1965,1965,0.0,sv_2c_buffer_decoal
R12_CHN,coal_ppl_u,1970,1970,0.0,sv_2c_buffer_decoal
R12_CHN,coal_ppl_u,1970,2030,0.0,sv_2c_buffer_decoal
R12_CHN,coal_ppl_u,1975,1975,0.0,sv_2c_buffer_decoal
R12_CHN,coal_ppl_u,1975,2030,0.0,sv_2c_buffer_decoal
R12_CHN,coal_ppl_u,1980,1980,0.0,sv_2c_buffer_decoal
R12_CHN,coal_ppl_u,1980,2030,0.0,sv_2c_buffer_decoal
R12_CHN,coal_ppl_u,1980,2035,0.0,sv_2c_buffer_decoal
R12_CHN,coal_ppl_u,1985,1985,0.0,sv_2c_buffer_decoal
R12_CHN,coal_ppl_u,1985,2030,0.0,sv_2c_buffer_decoal
R12_CHN,coal_ppl_u,1985,2035,0.0,sv_2c_buffer_decoal
R12_CHN,coal_ppl_u,1990,1990,0.0,sv_2c_buffer_decoal
R12_CHN,coal_ppl_u,1990,2030,0.0,sv_2c_buffer_decoal
R12_CHN,coal_ppl_u,1990,2035,0.0,sv_2c_buffer_decoal
R12_CHN,coal_ppl_u,1990,2040,0.0,sv_2c_buffer_decoal
R12_CHN,coal_ppl_u,1995,1995,0.0,sv_2c_buffer_decoal
R12_CHN,coal_ppl_u,1995,2030,0.0,sv_2c_buffer_decoal
R12_CHN,coal_ppl_u,1995,2035,0.0,sv_2c_buffer_decoal
R12_CHN,coal_ppl_u,1995,2040,0.0,sv_2c_buffer_decoal
R12_CHN,coal_ppl_u,2000,2000,0.0,sv_2c_buffer_decoal
R12_CHN,coal_ppl_u,2000,2030,0.0,sv_2c_buffer_decoal
R12_CHN,coal_ppl_u,2000,2035,0.0,sv_2c_buffer_decoal
R12_CHN,coal_ppl_u,2000,2040,0.0,sv_2c_buffer_decoal
R12_CHN,coal_ppl_u,2000,2045,0.0,sv_2c_buffer_decoal
R12_CHN,coal_ppl_u,2005,2005,0.0,sv_2c_buffer_decoal
R12_CHN,coal_ppl_u,2005,2030,0.0,sv_2c_buffer_decoal
R12_CHN,coal_ppl_u,2005,2035,0.0,sv_2c_buffer_decoal
R12_CHN,coal_ppl_u,2005,2040,0.0,sv_2c_buffer_decoal
R12_CHN,coal_ppl_u,2005,2045,0.0,sv_2c_buffer_decoal
R12_CHN,coal_ppl_u,2010,2010,0.0,sv_2c_buffer_decoal
R12_CHN,coal_ppl_u,2010,2030,103.2204113685943,sv_2c_buffer_decoal
R12_CHN,coal_ppl_u,2010,2035,0.0,sv_2c_buffer_decoal
R12_CHN,coal_ppl_u,2010,2040,0.0,sv_2c_buffer_decoal
R12_CHN,coal_ppl_u,2010,2045,0.0,sv_2c_buffer_decoal
R12_CHN,coal_ppl_u,2010,2050,0.0,sv_2c_buffer_decoal
R12_CHN,coal_ppl_u,2015,2015,0.0,sv_2c_buffer_decoal
R12_CHN,coal_ppl_u,2015,2030,56.65,sv_2c_buffer_decoal
R12_CHN,coal_ppl_u,2015,2035,0.0,sv_2c_buffer_decoal
R12_CHN,coal_ppl_u,2015,2040,0.0,sv_2c_buffer_decoal
R12_CHN,coal_ppl_u,2015,2045,0.0,sv_2c_buffer_decoal
R12_CHN,coal_ppl_u,2020,2020,0.0,sv_2c_buffer_decoal
R12_CHN,coal_ppl_u,2020,2030,8.119,sv_2c_buffer_decoal
R12_CHN,coal_ppl_u,2020,2035,8.119,sv_2c_buffer_decoal
R12_CHN,coal_ppl_u,2020,2040,8.119,sv_2c_buffer_decoal
R12_CHN,coal_ppl_u,2020,2045,8.119,sv_2c_buffer_decoal
R12_CHN,coal_ppl_u,2025,2025,0.0,sv_2c_buffer_decoal
R12_CHN,coal_ppl_u,2025,2030,0.0,sv_2c_buffer_decoal
R12_CHN,coal_ppl_u,2025,2035,0.0,sv_2c_buffer_decoal
R12_CHN,coal_ppl_u,2025,2040,0.0,sv_2c_buffer_decoal
R12_CHN,coal_ppl_u,2025,2045,0.0,sv_2c_buffer_decoal
R12_CHN,coal_ppl_u,2025,2050,0.0,sv_2c_buffer_decoal
R12_CHN,coal_ppl_u,2030,2030,0.39030301200000006,sv_2c_buffer_decoal
R12_CHN,coal_ppl_u,2030,2035,0.39030301200000006,sv_2c_buffer_decoal
R12_CHN,coal_ppl_u,2030,2040,0.39030301200000006,sv_2c_buffer_decoal
R12_CHN,coal_ppl_u,2030,2045,0.39030301200000006,sv_2c_buffer_decoal
R12_CHN,coal_ppl_u,2030,2050,0.39030301200000006,sv_2c_buffer_decoal
R12_CHN,coal_ppl_u,2030,2055,0.0,sv_2c_buffer_decoal
R12_CHN,coal_ppl_u,2035,2035,13.691614368538556,sv_2c_buffer_decoal
R12_CHN,coal_ppl_u,2035,2040,13.691614368538556,sv_2c_buffer_decoal
R12_CHN,coal_ppl_u,2035,2045,13.691614368538556,sv_2c_buffer_decoal
R12_CHN,coal_ppl_u,2035,2050,13.691614368538556,sv_2c_buffer_decoal
R12_CHN,coal_ppl_u,2035,2055,0.0,sv_2c_buffer_decoal
R12_CHN,coal_ppl_u,2035,2060,0.0,sv_2c_buffer_decoal
R12_CHN,coal_ppl_u,2040,2040,0.0,sv_2c_buffer_decoal
R12_CHN,coal_ppl_u,2040,2045,0.0,sv_2c_buffer_decoal
R12_CHN,coal_ppl_u,2040,2050,0.0,sv_2c_buffer_decoal
R12_CHN,coal_ppl_u,2040,2055,0.0,sv_2c_buffer_decoal
R12_CHN,coal_ppl_u,2040,2060,0.0,sv_2c_buffer_decoal
R12_CHN,coal_ppl_u,2040,2070,0.0,sv_2c_buffer_decoal
R12_CHN,coal_ppl_u,2045,2045,0.0,sv_2c_buffer_decoal
R12_CHN,coal_ppl_u,2045,2050,0.0,sv_2c_buffer_decoal
R12_CHN,coal_ppl_u,2045,2055,0.0,sv_2c_buffer_decoal
R12_CHN,coal_ppl_u,2045,2060,0.0,sv_2c_buffer_decoal
R12_CHN,coal_ppl_u,2045,2070,0.0,sv_2c_buffer_decoal
R12_CHN,coal_ppl_u,2050,2050,0.0,sv_2c_buffer_decoal
R12_CHN,coal_ppl_u,2050,2055,0.0,sv_2c_buffer_decoal
R12_CHN,coal_ppl_u,2050,2060,0.0,sv_2c_buffer_decoal
R12_CHN,coal_ppl_u,2050,2070,0.0,sv_2c_buffer_decoal
R12_CHN,coal_ppl_u,2050,2080,0.0,sv_2c_buffer_decoal
R12_CHN,coal_ppl_u,2055,2055,0.0,sv_2c_buffer_decoal
R12_CHN,coal_ppl_u,2055,2060,0.0,sv_2c_buffer_decoal
R12_CHN,coal_ppl_u,2055,2070,0.0,sv_2c_buffer_decoal
R12_CHN,coal_ppl_u,2055,2080,0.0,sv_2c_buffer_decoal
R12_CHN,coal_ppl_u,2060,2060,0.0,sv_2c_buffer_decoal
R12_CHN,coal_ppl_u,2060,2070,0.0,sv_2c_buffer_decoal
R12_CHN,coal_ppl_u,2060,2080,0.0,sv_2c_buffer_decoal
R12_CHN,coal_ppl_u,2060,2090,0.0,sv_2c_buffer_decoal
R12_CHN,coal_ppl_u,2070,2070,0.0,sv_2c_buffer_decoal
R12_CHN,coal_ppl_u,2070,2080,0.0,sv_2c_buffer_decoal
R12_CHN,coal_ppl_u,2070,2090,0.0,sv_2c_buffer_decoal
R12_CHN,coal_ppl_u,2080,2080,0.0,sv_2c_buffer_decoal
R12_CHN,coal_ppl_u,2080,2090,0.0,sv_2c_buffer_decoal
R12_CHN,coal_ppl_u,2080,2100,0.0,sv_2c_buffer_decoal
R12_CHN,coal_ppl_u,2090,2090,0.0,sv_2c_buffer_decoal
R12_CHN,coal_ppl_u,2090,2100,0.0,sv_2c_buffer_decoal
R12_CHN,coal_ppl_u,2090,2110,0.0,sv_2c_buffer_decoal
R12_CHN,coal_ppl_u,2100,2100,0.0,sv_2c_buffer_decoal
R12_CHN,coal_ppl_u,2100,2110,0.0,sv_2c_buffer_decoal
R12_CHN,coal_ppl_u,2110,2110,0.0,sv_2c_buffer_decoal
R12_CHN,igcc,2010,2010,0.0,sv_2c_buffer_decoal
R12_CHN,igcc,2010,2030,0.0,sv_2c_buffer_decoal
R12_CHN,igcc,2010,2035,0.0,sv_2c_buffer_decoal
R12_CHN,igcc,2015,2015,0.0,sv_2c_buffer_decoal
R12_CHN,igcc,2015,2030,0.0,sv_2c_buffer_decoal
R12_CHN,igcc,2015,2035,0.0,sv_2c_buffer_decoal
R12_CHN,igcc,2015,2040,0.0,sv_2c_buffer_decoal
R12_CHN,igcc,2020,2020,0.0,sv_2c_buffer_decoal
R12_CHN,igcc,2020,2030,0.0,sv_2c_buffer_decoal
R12_CHN,igcc,2020,2035,0.0,sv_2c_buffer_decoal
R12_CHN,igcc,2020,2040,0.0,sv_2c_buffer_decoal
R12_CHN,igcc,2020,2045,0.0,sv_2c_buffer_decoal
R12_CHN,igcc,2025,2025,0.0,sv_2c_buffer_decoal
R12_CHN,igcc,2025,2030,0.0,sv_2c_buffer_decoal
R12_CHN,igcc,2025,2035,0.0,sv_2c_buffer_decoal
R12_CHN,igcc,2025,2040,0.0,sv_2c_buffer_decoal
R12_CHN,igcc,2025,2045,0.0,sv_2c_buffer_decoal
R12_CHN,igcc,2025,2050,0.0,sv_2c_buffer_decoal
R12_CHN,igcc,2030,2030,0.0,sv_2c_buffer_decoal
R12_CHN,igcc,2030,2035,0.0,sv_2c_buffer_decoal
R12_CHN,igcc,2030,2040,0.0,sv_2c_buffer_decoal
R12_CHN,igcc,2030,2045,0.0,sv_2c_buffer_decoal
R12_CHN,igcc,2030,2050,0.0,sv_2c_buffer_decoal
R12_CHN,igcc,2030,2055,0.0,sv_2c_buffer_decoal
R12_CHN,igcc,2035,2035,0.0,sv_2c_buffer_decoal
R12_CHN,igcc,2035,2040,0.0,sv_2c_buffer_decoal
R12_CHN,igcc,2035,2045,0.0,sv_2c_buffer_decoal
R12_CHN,igcc,2035,2050,0.0,sv_2c_buffer_decoal
R12_CHN,igcc,2035,2055,0.0,sv_2c_buffer_decoal
R12_CHN,igcc,2035,2060,0.0,sv_2c_buffer_decoal
R12_CHN,igcc,2040,2040,0.0,sv_2c_buffer_decoal
R12_CHN,igcc,2040,2045,0.0,sv_2c_buffer_decoal
R12_CHN,igcc,2040,2050,0.0,sv_2c_buffer_decoal
R12_CHN,igcc,2040,2055,0.0,sv_2c_buffer_decoal
R12_CHN,igcc,2040,2060,0.0,sv_2c_buffer_decoal
R12_CHN,igcc,2040,2070,0.0,sv_2c_buffer_decoal
R12_CHN,igcc,2045,2045,0.0,sv_2c_buffer_decoal
R12_CHN,igcc,2045,2050,0.0,sv_2c_buffer_decoal
R12_CHN,igcc,2045,2055,0.0,sv_2c_buffer_decoal
R12_CHN,igcc,2045,2060,0.0,sv_2c_buffer_decoal
R12_CHN,igcc,2045,2070,0.0,sv_2c_buffer_decoal
R12_CHN,igcc,2050,2050,0.0,sv_2c_buffer_decoal
R12_CHN,igcc,2050,2055,0.0,sv_2c_buffer_decoal
R12_CHN,igcc,2050,2060,0.0,sv_2c_buffer_decoal
R12_CHN,igcc,2050,2070,0.0,sv_2c_buffer_decoal
R12_CHN,igcc,2050,2080,0.0,sv_2c_buffer_decoal
R12_CHN,igcc,2055,2055,0.0,sv_2c_buffer_decoal
R12_CHN,igcc,2055,2060,0.0,sv_2c_buffer_decoal
R12_CHN,igcc,2055,2070,0.0,sv_2c_buffer_decoal
R12_CHN,igcc,2055,2080,0.0,sv_2c_buffer_decoal
R12_CHN,igcc,2060,2060,0.0,sv_2c_buffer_decoal
R12_CHN,igcc,2060,2070,0.0,sv_2c_buffer_decoal
R12_CHN,igcc,2060,2080,0.0,sv_2c_buffer_decoal
R12_CHN,igcc,2060,2090,0.0,sv_2c_buffer_decoal
R12_CHN,igcc,2070,2070,0.0,sv_2c_buffer_decoal
R12_CHN,igcc,2070,2080,0.0,sv_2c_buffer_decoal
R12_CHN,igcc,2070,2090,0.0,sv_2c_buffer_decoal
R12_CHN,igcc,2080,2080,0.0,sv_2c_buffer_decoal
R12_CHN,igcc,2080,2090,0.0,sv_2c_buffer_decoal
R12_CHN,igcc,2080,2100,0.0,sv_2c_buffer_decoal
R12_CHN,igcc,2090,2090,0.0,sv_2c_buffer_decoal
R12_CHN,igcc,2090,2100,0.0,sv_2c_buffer_decoal
R12_CHN,igcc,2090,2110,0.0,sv_2c_buffer_decoal
R12_CHN,igcc,2100,2100,0.0,sv_2c_buffer_decoal
R12_CHN,igcc,2100,2110,0.0,sv_2c_buffer_decoal
R12_CHN,igcc,2110,2110,0.0,sv_2c_buffer_decoal
R12_CHN,igcc_ccs,2030,2030,0.0,sv_2c_buffer_decoal
R12_CHN,igcc_ccs,2030,2035,0.0,sv_2c_buffer_decoal
R12_CHN,igcc_ccs,2030,2040,0.0,sv_2c_buffer_decoal
R12_CHN,igcc_ccs,2030,2045,0.0,sv_2c_buffer_decoal
R12_CHN,igcc_ccs,2030,2050,0.0,sv_2c_buffer_decoal
R12_CHN,igcc_ccs,2030,2055,0.0,sv_2c_buffer_decoal
R12_CHN,igcc_ccs,2035,2035,0.0,sv_2c_buffer_decoal
R12_CHN,igcc_ccs,2035,2040,0.0,sv_2c_buffer_decoal
R12_CHN,igcc_ccs,2035,2045,0.0,sv_2c_buffer_decoal
R12_CHN,igcc_ccs,2035,2050,0.0,sv_2c_buffer_decoal
R12_CHN,igcc_ccs,2035,2055,0.0,sv_2c_buffer_decoal
R12_CHN,igcc_ccs,2035,2060,0.0,sv_2c_buffer_decoal
R12_CHN,igcc_ccs,2040,2040,0.0,sv_2c_buffer_decoal
R12_CHN,igcc_ccs,2040,2045,0.0,sv_2c_buffer_decoal
R12_CHN,igcc_ccs,2040,2050,0.0,sv_2c_buffer_decoal
R12_CHN,igcc_ccs,2040,2055,0.0,sv_2c_buffer_decoal
R12_CHN,igcc_ccs,2040,2060,0.0,sv_2c_buffer_decoal
R12_CHN,igcc_ccs,2040,2070,0.0,sv_2c_buffer_decoal
R12_CHN,igcc_ccs,2045,2045,0.0,sv_2c_buffer_decoal
R12_CHN,igcc_ccs,2045,2050,0.0,sv_2c_buffer_decoal
R12_CHN,igcc_ccs,2045,2055,0.0,sv_2c_buffer_decoal
R12_CHN,igcc_ccs,2045,2060,0.0,sv_2c_buffer_decoal
R12_CHN,igcc_ccs,2045,2070,0.0,sv_2c_buffer_decoal
R12_CHN,igcc_ccs,2050,2050,0.0,sv_2c_buffer_decoal
R12_CHN,igcc_ccs,2050,2055,0.0,sv_2c_buffer_decoal
R12_CHN,igcc_ccs,2050,2060,0.0,sv_2c_buffer_decoal
R12_CHN,igcc_ccs,2050,2070,0.0,sv_2c_buffer_decoal
R12_CHN,igcc_ccs,2050,2080,0.0,sv_2c_buffer_decoal
R12_CHN,igcc_ccs,2055,2055,0.0,sv_2c_buffer_decoal
R12_CHN,igcc_ccs,2055,2060,0.0,sv_2c_buffer_decoal
R12_CHN,igcc_ccs,2055,2070,0.0,sv_2c_buffer_decoal
R12_CHN,igcc_ccs,2055,2080,0.0,sv_2c_buffer_decoal
R12_CHN,igcc_ccs,2060,2060,0.0,sv_2c_buffer_decoal
R12_CHN,igcc_ccs,2060,2070,0.0,sv_2c_buffer_decoal
R12_CHN,igcc_ccs,2060,2080,0.0,sv_2c_buffer_decoal
R12_CHN,igcc_ccs,2060,2090,0.0,sv_2c_buffer_decoal
R12_CHN,igcc_ccs,2070,2070,0.0,sv_2c_buffer_decoal
R12_CHN,igcc_ccs,2070,2080,0.0,sv_2c_buffer_decoal
R12_CHN,igcc_ccs,2070,2090,0.0,sv_2c_buffer_decoal
R12_CHN,igcc_ccs,2080,2080,0.0,sv_2c_buffer_decoal
R12_CHN,igcc_ccs,2080,2090,0.0,sv_2c_buffer_decoal
R12_CHN,igcc_ccs,2080,2100,0.0,sv_2c_buffer_decoal
R12_CHN,igcc_ccs,2090,2090,0.0,sv_2c_buffer_decoal
R12_CHN,igcc_ccs,2090,2100,0.0,sv_2c_buffer_decoal
R12_CHN,igcc_ccs,2090,2110,0.0,sv_2c_buffer_decoal
R12_CHN,igcc_ccs,2100,2100,0.0,sv_2c_buffer_decoal
R12_CHN,igcc_ccs,2100,2110,0.0,sv_2c_buffer_decoal
R12_CHN,igcc_ccs,2110,2110,0.0,sv_2c_buffer_decoal
R12_CHN,coal_adv_cfNH3,1980,1980,0.0,sv_2c_buffer_decoal
R12_CHN,coal_adv_cfNH3,1985,1985,0.0,sv_2c_buffer_decoal
R12_CHN,coal_adv_cfNH3,1990,1990,0.0,sv_2c_buffer_decoal
R12_CHN,coal_adv_cfNH3,1995,1995,0.0,sv_2c_buffer_decoal
R12_CHN,coal_adv_cfNH3,2000,2000,0.0,sv_2c_buffer_decoal
R12_CHN,coal_adv_cfNH3,2005,2005,0.0,sv_2c_buffer_decoal
R12_CHN,coal_adv_cfNH3,2005,2030,0.0,sv_2c_buffer_decoal
R12_CHN,coal_adv_cfNH3,2010,2010,0.0,sv_2c_buffer_decoal
R12_CHN,coal_adv_cfNH3,2010,2030,0.0,sv_2c_buffer_decoal
R12_CHN,coal_adv_cfNH3,2010,2035,0.0,sv_2c_buffer_decoal
R12_CHN,coal_adv_cfNH3,2015,2015,0.0,sv_2c_buffer_decoal
R12_CHN,coal_adv_cfNH3,2015,2030,0.0,sv_2c_buffer_decoal
R12_CHN,coal_adv_cfNH3,2015,2035,0.0,sv_2c_buffer_decoal
R12_CHN,coal_adv_cfNH3,2015,2040,0.0,sv_2c_buffer_decoal
R12_CHN,coal_adv_cfNH3,2020,2020,0.0,sv_2c_buffer_decoal
R12_CHN,coal_adv_cfNH3,2020,2030,0.0,sv_2c_buffer_decoal
R12_CHN,coal_adv_cfNH3,2020,2035,0.0,sv_2c_buffer_decoal
R12_CHN,coal_adv_cfNH3,2020,2040,0.0,sv_2c_buffer_decoal
R12_CHN,coal_adv_cfNH3,2020,2045,0.0,sv_2c_buffer_decoal
R12_CHN,coal_adv_cfNH3,2025,2025,0.0,sv_2c_buffer_decoal
R12_CHN,coal_adv_cfNH3,2025,2030,0.0,sv_2c_buffer_decoal
R12_CHN,coal_adv_cfNH3,2025,2035,0.0,sv_2c_buffer_decoal
R12_CHN,coal_adv_cfNH3,2025,2040,0.0,sv_2c_buffer_decoal
R12_CHN,coal_adv_cfNH3,2025,2045,0.0,sv_2c_buffer_decoal
R12_CHN,coal_adv_cfNH3,2025,2050,0.0,sv_2c_buffer_decoal
R12_CHN,coal_adv_cfNH3,2030,2030,0.0,sv_2c_buffer_decoal
R12_CHN,coal_adv_cfNH3,2030,2035,0.0,sv_2c_buffer_decoal
R12_CHN,coal_adv_cfNH3,2030,2040,0.0,sv_2c_buffer_decoal
R12_CHN,coal_adv_cfNH3,2030,2045,0.0,sv_2c_buffer_decoal
R12_CHN,coal_adv_cfNH3,2030,2050,0.0,sv_2c_buffer_decoal
R12_CHN,coal_adv_cfNH3,2030,2055,0.0,sv_2c_buffer_decoal
R12_CHN,coal_adv_cfNH3,2035,2035,0.0,sv_2c_buffer_decoal
R12_CHN,coal_adv_cfNH3,2035,2040,0.0,sv_2c_buffer_decoal
R12_CHN,coal_adv_cfNH3,2035,2045,0.0,sv_2c_buffer_decoal
R12_CHN,coal_adv_cfNH3,2035,2050,0.0,sv_2c_buffer_decoal
R12_CHN,coal_adv_cfNH3,2035,2055,0.0,sv_2c_buffer_decoal
R12_CHN,coal_adv_cfNH3,2035,2060,0.0,sv_2c_buffer_decoal
R12_CHN,coal_adv_cfNH3,2040,2040,0.0,sv_2c_buffer_decoal
R12_CHN,coal_adv_cfNH3,2040,2045,0.0,sv_2c_buffer_decoal
R12_CHN,coal_adv_cfNH3,2040,2050,0.0,sv_2c_buffer_decoal
R12_CHN,coal_adv_cfNH3,2040,2055,0.0,sv_2c_buffer_decoal
R12_CHN,coal_adv_cfNH3,2040,2060,0.0,sv_2c_buffer_decoal
R12_CHN,coal_adv_cfNH3,2040,2070,0.0,sv_2c_buffer_decoal
R12_CHN,coal_adv_cfNH3,2045,2045,0.0,sv_2c_buffer_decoal
R12_CHN,coal_adv_cfNH3,2045,2050,0.0,sv_2c_buffer_decoal
R12_CHN,coal_adv_cfNH3,2045,2055,0.0,sv_2c_buffer_decoal
R12_CHN,coal_adv_cfNH3,2045,2060,0.0,sv_2c_buffer_decoal
R12_CHN,coal_adv_cfNH3,2045,2070,0.0,sv_2c_buffer_decoal
R12_CHN,coal_adv_cfNH3,2050,2050,0.0,sv_2c_buffer_decoal
R12_CHN,coal_adv_cfNH3,2050,2055,0.0,sv_2c_buffer_decoal
R12_CHN,coal_adv_cfNH3,2050,2060,0.0,sv_2c_buffer_decoal
R12_CHN,coal_adv_cfNH3,2050,2070,0.0,sv_2c_buffer_decoal
R12_CHN,coal_adv_cfNH3,2050,2080,0.0,sv_2c_buffer_decoal
R12_CHN,coal_adv_cfNH3,2055,2055,0.0,sv_2c_buffer_decoal
R12_CHN,coal_adv_cfNH3,2055,2060,0.0,sv_2c_buffer_decoal
R12_CHN,coal_adv_cfNH3,2055,2070,0.0,sv_2c_buffer_decoal
R12_CHN,coal_adv_cfNH3,2055,2080,0.0,sv_2c_buffer_decoal
R12_CHN,coal_adv_cfNH3,2060,2060,0.0,sv_2c_buffer_decoal
R12_CHN,coal_adv_cfNH3,2060,2070,0.0,sv_2c_buffer_decoal
R12_CHN,coal_adv_cfNH3,2060,2080,0.0,sv_2c_buffer_decoal
R12_CHN,coal_adv_cfNH3,2060,2090,0.0,sv_2c_buffer_decoal
R12_CHN,coal_adv_cfNH3,2070,2070,0.0,sv_2c_buffer_decoal
R12_CHN,coal_adv_cfNH3,2070,2080,0.0,sv_2c_buffer_decoal
R12_CHN,coal_adv_cfNH3,2070,2090,0.0,sv_2c_buffer_decoal
R12_CHN,coal_adv_cfNH3,2080,2080,0.0,sv_2c_buffer_decoal
R12_CHN,coal_adv_cfNH3,2080,2090,0.0,sv_2c_buffer_decoal
R12_CHN,coal_adv_cfNH3,2080,2100,0.0,sv_2c_buffer_decoal
R12_CHN,coal_adv_cfNH3,2090,2090,0.0,sv_2c_buffer_decoal
R12_CHN,coal_adv_cfNH3,2090,2100,0.0,sv_2c_buffer_decoal
R12_CHN,coal_adv_cfNH3,2090,2110,0.0,sv_2c_buffer_decoal
R12_CHN,coal_adv_cfNH3,2100,2100,0.0,sv_2c_buffer_decoal
R12_CHN,coal_adv_cfNH3,2100,2110,0.0,sv_2c_buffer_decoal
R12_CHN,coal_adv_cfNH3,2110,2110,0.0,sv_2c_buffer_decoal
R12_CHN,coal_ppl_u_cfNH3,1960,1960,0.0,sv_2c_buffer_decoal
R12_CHN,coal_ppl_u_cfNH3,1965,1965,0.0,sv_2c_buffer_decoal
R12_CHN,coal_ppl_u_cfNH3,1970,1970,0.0,sv_2c_buffer_decoal
R12_CHN,coal_ppl_u_cfNH3,1970,2030,0.0,sv_2c_buffer_decoal
R12_CHN,coal_ppl_u_cfNH3,1975,1975,0.0,sv_2c_buffer_decoal
R12_CHN,coal_ppl_u_cfNH3,1975,2030,0.0,sv_2c_buffer_decoal
R12_CHN,coal_ppl_u_cfNH3,1980,1980,0.0,sv_2c_buffer_decoal
R12_CHN,coal_ppl_u_cfNH3,1980,2030,0.0,sv_2c_buffer_decoal
R12_CHN,coal_ppl_u_cfNH3,1980,2035,0.0,sv_2c_buffer_decoal
R12_CHN,coal_ppl_u_cfNH3,1985,1985,0.0,sv_2c_buffer_decoal
R12_CHN,coal_ppl_u_cfNH3,1985,2030,0.0,sv_2c_buffer_decoal
R12_CHN,coal_ppl_u_cfNH3,1985,2035,0.0,sv_2c_buffer_decoal
R12_CHN,coal_ppl_u_cfNH3,1990,1990,0.0,sv_2c_buffer_decoal
R12_CHN,coal_ppl_u_cfNH3,1990,2030,0.0,sv_2c_buffer_decoal
R12_CHN,coal_ppl_u_cfNH3,1990,2035,0.0,sv_2c_buffer_decoal
R12_CHN,coal_ppl_u_cfNH3,1990,2040,0.0,sv_2c_buffer_decoal
R12_CHN,coal_ppl_u_cfNH3,1995,1995,0.0,sv_2c_buffer_decoal
R12_CHN,coal_ppl_u_cfNH3,1995,2030,0.0,sv_2c_buffer_decoal
R12_CHN,coal_ppl_u_cfNH3,1995,2035,0.0,sv_2c_buffer_decoal
R12_CHN,coal_ppl_u_cfNH3,1995,2040,0.0,sv_2c_buffer_decoal
R12_CHN,coal_ppl_u_cfNH3,2000,2000,0.0,sv_2c_buffer_decoal
R12_CHN,coal_ppl_u_cfNH3,2000,2030,0.0,sv_2c_buffer_decoal
R12_CHN,coal_ppl_u_cfNH3,2000,2035,0.0,sv_2c_buffer_decoal
R12_CHN,coal_ppl_u_cfNH3,2000,2040,0.0,sv_2c_buffer_decoal
R12_CHN,coal_ppl_u_cfNH3,2000,2045,0.0,sv_2c_buffer_decoal
R12_CHN,coal_ppl_u_cfNH3,2005,2005,0.0,sv_2c_buffer_decoal
R12_CHN,coal_ppl_u_cfNH3,2005,2030,0.0,sv_2c_buffer_decoal
R12_CHN,coal_ppl_u_cfNH3,2005,2035,0.0,sv_2c_buffer_decoal
R12_CHN,coal_ppl_u_cfNH3,2005,2040,0.0,sv_2c_buffer_decoal
R12_CHN,coal_ppl_u_cfNH3,2005,2045,0.0,sv_2c_buffer_decoal
R12_CHN,coal_ppl_u_cfNH3,2010,2010,0.0,sv_2c_buffer_decoal
R12_CHN,coal_ppl_u_cfNH3,2010,2030,0.0,sv_2c_buffer_decoal
R12_CHN,coal_ppl_u_cfNH3,2010,2035,0.0,sv_2c_buffer_decoal
R12_CHN,coal_ppl_u_cfNH3,2010,2040,0.0,sv_2c_buffer_decoal
R12_CHN,coal_ppl_u_cfNH3,2010,2045,0.0,sv_2c_buffer_decoal
R12_CHN,coal_ppl_u_cfNH3,2010,2050,0.0,sv_2c_buffer_decoal
R12_CHN,coal_ppl_u_cfNH3,2015,2015,0.0,sv_2c_buffer_decoal
R12_CHN,coal_ppl_u_cfNH3,2015,2030,0.0,sv_2c_buffer_decoal
R12_CHN,coal_ppl_u_cfNH3,2015,2035,0.0,sv_2c_buffer_decoal
R12_CHN,coal_ppl_u_cfNH3,2015,2040,0.0,sv_2c_buffer_decoal
R12_CHN,coal_ppl_u_cfNH3,2015,2045,0.0,sv_2c_buffer_decoal
R12_CHN,coal_ppl_u_cfNH3,2020,2020,0.0,sv_2c_buffer_decoal
R12_CHN,coal_ppl_u_cfNH3,2020,2030,0.0,sv_2c_buffer_decoal
R12_CHN,coal_ppl_u_cfNH3,2020,2035,0.0,sv_2c_buffer_decoal
R12_CHN,coal_ppl_u_cfNH3,2020,2040,0.0,sv_2c_buffer_decoal
R12_CHN,coal_ppl_u_cfNH3,2020,2045,0.0,sv_2c_buffer_decoal
R12_CHN,coal_ppl_u_cfNH3,2025,2025,0.0,sv_2c_buffer_decoal
R12_CHN,coal_ppl_u_cfNH3,2025,2030,0.0,sv_2c_buffer_decoal
R12_CHN,coal_ppl_u_cfNH3,2025,2035,0.0,sv_2c_buffer_decoal
R12_CHN,coal_ppl_u_cfNH3,2025,2040,0.0,sv_2c_buffer_decoal
R12_CHN,coal_ppl_u_cfNH3,2025,2045,0.0,sv_2c_buffer_decoal
R12_CHN,coal_ppl_u_cfNH3,2025,2050,0.0,sv_2c_buffer_decoal
R12_CHN,coal_ppl_u_cfNH3,2030,2030,0.26020200800000004,sv_2c_buffer_decoal
R12_CHN,coal_ppl_u_cfNH3,2030,2035,0.26020200800000004,sv_2c_buffer_decoal
R12_CHN,coal_ppl_u_cfNH3,2030,2040,0.26020200800000004,sv_2c_buffer_decoal
R12_CHN,coal_ppl_u_cfNH3,2030,2045,0.26020200800000004,sv_2c_buffer_decoal
R12_CHN,coal_ppl_u_cfNH3,2030,2050,0.26020200800000004,sv_2c_buffer_decoal
R12_CHN,coal_ppl_u_cfNH3,2030,2055,0.26020200800000004,sv_2c_buffer_decoal
R12_CHN,coal_ppl_u_cfNH3,2035,2035,0.5474860499868929,sv_2c_buffer_decoal
R12_CHN,coal_ppl_u_cfNH3,2035,2040,0.5474860499868929,sv_2c_buffer_decoal
R12_CHN,coal_ppl_u_cfNH3,2035,2045,0.5474860499868929,sv_2c_buffer_decoal
R12_CHN,coal_ppl_u_cfNH3,2035,2050,0.5474860499868929,sv_2c_buffer_decoal
R12_CHN,coal_ppl_u_cfNH3,2035,2055,0.5474860499868929,sv_2c_buffer_decoal
R12_CHN,coal_ppl_u_cfNH3,2035,2060,0.5474860499868929,sv_2c_buffer_decoal
R12_CHN,coal_ppl_u_cfNH3,2040,2040,0.604468837810324,sv_2c_buffer_decoal
R12_CHN,coal_ppl_u_cfNH3,2040,2045,0.604468837810324,sv_2c_buffer_decoal
R12_CHN,coal_ppl_u_cfNH3,2040,2050,0.604468837810324,sv_2c_buffer_decoal
R12_CHN,coal_ppl_u_cfNH3,2040,2055,0.604468837810324,sv_2c_buffer_decoal
R12_CHN,coal_ppl_u_cfNH3,2040,2060,0.604468837810324,sv_2c_buffer_decoal
R12_CHN,coal_ppl_u_cfNH3,2040,2070,0.302234418905162,sv_2c_buffer_decoal
R12_CHN,coal_ppl_u_cfNH3,2045,2045,0.6673824399589932,sv_2c_buffer_decoal
R12_CHN,coal_ppl_u_cfNH3,2045,2050,0.6673824399589932,sv_2c_buffer_decoal
R12_CHN,coal_ppl_u_cfNH3,2045,2055,0.6673824399589932,sv_2c_buffer_decoal
R12_CHN,coal_ppl_u_cfNH3,2045,2060,0.6673824399589932,sv_2c_buffer_decoal
R12_CHN,coal_ppl_u_cfNH3,2045,2070,0.6673824399589932,sv_2c_buffer_decoal
R12_CHN,coal_ppl_u_cfNH3,2050,2050,0.7368441403515009,sv_2c_buffer_decoal
R12_CHN,coal_ppl_u_cfNH3,2050,2055,0.7368441403515009,sv_2c_buffer_decoal
R12_CHN,coal_ppl_u_cfNH3,2050,2060,0.7368441403515009,sv_2c_buffer_decoal
R12_CHN,coal_ppl_u_cfNH3,2050,2070,0.7368441403515009,sv_2c_buffer_decoal
R12_CHN,coal_ppl_u_cfNH3,2050,2080,0.36842207017575046,sv_2c_buffer_decoal
R12_CHN,coal_ppl_u_cfNH3,2055,2055,0.24144908791038,sv_2c_buffer_decoal
R12_CHN,coal_ppl_u_cfNH3,2055,2060,0.24144908791038,sv_2c_buffer_decoal
R12_CHN,coal_ppl_u_cfNH3,2055,2070,0.24144908791038,sv_2c_buffer_decoal
R12_CHN,coal_ppl_u_cfNH3,2055,2080,0.24144908791038,sv_2c_buffer_decoal
R12_CHN,coal_ppl_u_cfNH3,2060,2060,0.07911803712647336,sv_2c_buffer_decoal
R12_CHN,coal_ppl_u_cfNH3,2060,2070,0.07911803712647336,sv_2c_buffer_decoal
R12_CHN,coal_ppl_u_cfNH3,2060,2080,0.07911803712647336,sv_2c_buffer_decoal
R12_CHN,coal_ppl_u_cfNH3,2060,2090,0.03955901856323668,sv_2c_buffer_decoal
R12_CHN,coal_ppl_u_cfNH3,2070,2070,0.00849523454954793,sv_2c_buffer_decoal
R12_CHN,coal_ppl_u_cfNH3,2070,2080,0.00849523454954793,sv_2c_buffer_decoal
R12_CHN,coal_ppl_u_cfNH3,2070,2090,0.00849523454954793,sv_2c_buffer_decoal
R12_CHN,coal_ppl_u_cfNH3,2080,2080,0.0009121688640539424,sv_2c_buffer_decoal
R12_CHN,coal_ppl_u_cfNH3,2080,2090,0.0009121688640539424,sv_2c_buffer_decoal
R12_CHN,coal_ppl_u_cfNH3,2080,2100,0.0009121688640539424,sv_2c_buffer_decoal
R12_CHN,coal_ppl_u_cfNH3,2090,2090,9.794338598852891e-05,sv_2c_buffer_decoal
R12_CHN,coal_ppl_u_cfNH3,2090,2100,9.794338598852891e-05,sv_2c_buffer_decoal
R12_CHN,coal_ppl_u_cfNH3,2090,2110,9.794338598852891e-05,sv_2c_buffer_decoal
R12_CHN,coal_ppl_u_cfNH3,2100,2100,1.0516590992005919e-05,sv_2c_buffer_decoal
R12_CHN,coal_ppl_u_cfNH3,2100,2110,1.0516590992005919e-05,sv_2c_buffer_decoal
R12_CHN,coal_ppl_u_cfNH3,2110,2110,0.0,sv_2c_buffer_decoal
R12_CHN,coal_ppl_cfNH3,1980,1980,0.0,sv_2c_buffer_decoal
R12_CHN,coal_ppl_cfNH3,1985,1985,0.0,sv_2c_buffer_decoal
R12_CHN,coal_ppl_cfNH3,1990,1990,0.0,sv_2c_buffer_decoal
R12_CHN,coal_ppl_cfNH3,1990,2030,0.0,sv_2c_buffer_decoal
R12_CHN,coal_ppl_cfNH3,1995,1995,0.0,sv_2c_buffer_decoal
R12_CHN,coal_ppl_cfNH3,1995,2030,0.0,sv_2c_buffer_decoal
R12_CHN,coal_ppl_cfNH3,2000,2000,0.0,sv_2c_buffer_decoal
R12_CHN,coal_ppl_cfNH3,2000,2030,0.0,sv_2c_buffer_decoal
R12_CHN,coal_ppl_cfNH3,2000,2035,0.0,sv_2c_buffer_decoal
R12_CHN,coal_ppl_cfNH3,2005,2005,0.0,sv_2c_buffer_decoal
R12_CHN,coal_ppl_cfNH3,2005,2030,0.0,sv_2c_buffer_decoal
R12_CHN,coal_ppl_cfNH3,2005,2035,0.0,sv_2c_buffer_decoal
R12_CHN,coal_ppl_cfNH3,2010,2010,0.0,sv_2c_buffer_decoal
R12_CHN,coal_ppl_cfNH3,2010,2030,0.0,sv_2c_buffer_decoal
R12_CHN,coal_ppl_cfNH3,2010,2035,0.0,sv_2c_buffer_decoal
R12_CHN,coal_ppl_cfNH3,2010,2040,0.0,sv_2c_buffer_decoal
R12_CHN,coal_ppl_cfNH3,2015,2015,0.0,sv_2c_buffer_decoal
R12_CHN,coal_ppl_cfNH3,2015,2030,0.0,sv_2c_buffer_decoal
R12_CHN,coal_ppl_cfNH3,2015,2035,0.0,sv_2c_buffer_decoal
R12_CHN,coal_ppl_cfNH3,2015,2040,0.0,sv_2c_buffer_decoal
R12_CHN,coal_ppl_cfNH3,2020,2020,0.0,sv_2c_buffer_decoal
R12_CHN,coal_ppl_cfNH3,2020,2030,0.0,sv_2c_buffer_decoal
R12_CHN,coal_ppl_cfNH3,2020,2035,0.0,sv_2c_buffer_decoal
R12_CHN,coal_ppl_cfNH3,2020,2040,0.0,sv_2c_buffer_decoal
R12_CHN,coal_ppl_cfNH3,2020,2045,0.0,sv_2c_buffer_decoal
R12_CHN,coal_ppl_cfNH3,2025,2025,0.0,sv_2c_buffer_decoal
R12_CHN,coal_ppl_cfNH3,2025,2030,0.0,sv_2c_buffer_decoal
R12_CHN,coal_ppl_cfNH3,2025,2035,0.0,sv_2c_buffer_decoal
R12_CHN,coal_ppl_cfNH3,2025,2040,0.0,sv_2c_buffer_decoal
R12_CHN,coal_ppl_cfNH3,2025,2045,0.0,sv_2c_buffer_decoal
R12_CHN,coal_ppl_cfNH3,2025,2050,0.0,sv_2c_buffer_decoal
R12_CHN,coal_ppl_cfNH3,2030,2030,5.204040160000001,sv_2c_buffer_decoal
R12_CHN,coal_ppl_cfNH3,2030,2035,5.204040160000001,sv_2c_buffer_decoal
R12_CHN,coal_ppl_cfNH3,2030,2040,5.204040160000001,sv_2c_buffer_decoal
R12_CHN,coal_ppl_cfNH3,2030,2045,5.204040160000001,sv_2c_buffer_decoal
R12_CHN,coal_ppl_cfNH3,2030,2050,5.204040160000001,sv_2c_buffer_decoal
R12_CHN,coal_ppl_cfNH3,2030,2055,5.204040160000001,sv_2c_buffer_decoal
R12_CHN,coal_ppl_cfNH3,2035,2035,10.94972099973786,sv_2c_buffer_decoal
R12_CHN,coal_ppl_cfNH3,2035,2040,10.94972099973786,sv_2c_buffer_decoal
R12_CHN,coal_ppl_cfNH3,2035,2045,10.94972099973786,sv_2c_buffer_decoal
R12_CHN,coal_ppl_cfNH3,2035,2050,10.94972099973786,sv_2c_buffer_decoal
R12_CHN,coal_ppl_cfNH3,2035,2055,10.94972099973786,sv_2c_buffer_decoal
R12_CHN,coal_ppl_cfNH3,2035,2060,10.94972099973786,sv_2c_buffer_decoal
R12_CHN,coal_ppl_cfNH3,2040,2040,12.089376756206482,sv_2c_buffer_decoal
R12_CHN,coal_ppl_cfNH3,2040,2045,12.089376756206482,sv_2c_buffer_decoal
R12_CHN,coal_ppl_cfNH3,2040,2050,12.089376756206482,sv_2c_buffer_decoal
R12_CHN,coal_ppl_cfNH3,2040,2055,12.089376756206482,sv_2c_buffer_decoal
R12_CHN,coal_ppl_cfNH3,2040,2060,12.089376756206482,sv_2c_buffer_decoal
R12_CHN,coal_ppl_cfNH3,2040,2070,6.044688378103241,sv_2c_buffer_decoal
R12_CHN,coal_ppl_cfNH3,2045,2045,13.347648799179863,sv_2c_buffer_decoal
R12_CHN,coal_ppl_cfNH3,2045,2050,13.347648799179863,sv_2c_buffer_decoal
R12_CHN,coal_ppl_cfNH3,2045,2055,13.347648799179863,sv_2c_buffer_decoal
R12_CHN,coal_ppl_cfNH3,2045,2060,13.347648799179863,sv_2c_buffer_decoal
R12_CHN,coal_ppl_cfNH3,2045,2070,13.347648799179863,sv_2c_buffer_decoal
R12_CHN,coal_ppl_cfNH3,2050,2050,14.736882807030018,sv_2c_buffer_decoal
R12_CHN,coal_ppl_cfNH3,2050,2055,14.736882807030018,sv_2c_buffer_decoal
R12_CHN,coal_ppl_cfNH3,2050,2060,14.736882807030018,sv_2c_buffer_decoal
R12_CHN,coal_ppl_cfNH3,2050,2070,14.736882807030018,sv_2c_buffer_decoal
R12_CHN,coal_ppl_cfNH3,2050,2080,7.368441403515009,sv_2c_buffer_decoal
R12_CHN,coal_ppl_cfNH3,2055,2055,4.8289817582076,sv_2c_buffer_decoal
R12_CHN,coal_ppl_cfNH3,2055,2060,4.8289817582076,sv_2c_buffer_decoal
R12_CHN,coal_ppl_cfNH3,2055,2070,4.8289817582076,sv_2c_buffer_decoal
R12_CHN,coal_ppl_cfNH3,2055,2080,4.8289817582076,sv_2c_buffer_decoal
R12_CHN,coal_ppl_cfNH3,2060,2060,1.5823607425294672,sv_2c_buffer_decoal
R12_CHN,coal_ppl_cfNH3,2060,2070,1.5823607425294672,sv_2c_buffer_decoal
R12_CHN,coal_ppl_cfNH3,2060,2080,1.5823607425294672,sv_2c_buffer_decoal
R12_CHN,coal_ppl_cfNH3,2060,2090,0.7911803712647336,sv_2c_buffer_decoal
R12_CHN,coal_ppl_cfNH3,2070,2070,0.16990469099095865,sv_2c_buffer_decoal
R12_CHN,coal_ppl_cfNH3,2070,2080,0.16990469099095865,sv_2c_buffer_decoal
R12_CHN,coal_ppl_cfNH3,2070,2090,0.16990469099095865,sv_2c_buffer_decoal
R12_CHN,coal_ppl_cfNH3,2080,2080,0.01824337728107885,sv_2c_buffer_decoal
R12_CHN,coal_ppl_cfNH3,2080,2090,0.01824337728107885,sv_2c_buffer_decoal
R12_CHN,coal_ppl_cfNH3,2080,2100,0.01824337728107885,sv_2c_buffer_decoal
R12_CHN,coal_ppl_cfNH3,2090,2090,0.0019588677197705786,sv_2c_buffer_decoal
R12_CHN,coal_ppl_cfNH3,2090,2100,0.0019588677197705786,sv_2c_buffer_decoal
R12_CHN,coal_ppl_cfNH3,2090,2110,0.0019588677197705786,sv_2c_buffer_decoal
R12_CHN,coal_ppl_cfNH3,2100,2100,0.00021033181984011842,sv_2c_buffer_decoal
R12_CHN,coal_ppl_cfNH3,2100,2110,0.00021033181984011842,sv_2c_buffer_decoal
R12_CHN,coal_ppl_cfNH3,2110,2110,2.2584207188036837e-05,sv_2c_buffer_decoal
R12_CHN,coal_adv_cfbio,1995,1995,0.0,sv_2c_buffer_decoal
R12_CHN,coal_adv_cfbio,2000,2000,0.0,sv_2c_buffer_decoal
R12_CHN,coal_adv_cfbio,2005,2005,0.0,sv_2c_buffer_decoal
R12_CHN,coal_adv_cfbio,2005,2030,0.0,sv_2c_buffer_decoal
R12_CHN,coal_adv_cfbio,2010,2010,0.0,sv_2c_buffer_decoal
R12_CHN,coal_adv_cfbio,2010,2030,0.0,sv_2c_buffer_decoal
R12_CHN,coal_adv_cfbio,2010,2035,0.0,sv_2c_buffer_decoal
R12_CHN,coal_adv_cfbio,2015,2015,0.0,sv_2c_buffer_decoal
R12_CHN,coal_adv_cfbio,2015,2030,0.0,sv_2c_buffer_decoal
R12_CHN,coal_adv_cfbio,2015,2035,0.0,sv_2c_buffer_decoal
R12_CHN,coal_adv_cfbio,2015,2040,0.0,sv_2c_buffer_decoal
R12_CHN,coal_adv_cfbio,2020,2020,0.0,sv_2c_buffer_decoal
R12_CHN,coal_adv_cfbio,2020,2030,0.0,sv_2c_buffer_decoal
R12_CHN,coal_adv_cfbio,2020,2035,0.0,sv_2c_buffer_decoal
R12_CHN,coal_adv_cfbio,2020,2040,0.0,sv_2c_buffer_decoal
R12_CHN,coal_adv_cfbio,2020,2045,0.0,sv_2c_buffer_decoal
R12_CHN,coal_adv_cfbio,2025,2025,0.0,sv_2c_buffer_decoal
R12_CHN,coal_adv_cfbio,2025,2030,0.0,sv_2c_buffer_decoal
R12_CHN,coal_adv_cfbio,2025,2035,0.0,sv_2c_buffer_decoal
R12_CHN,coal_adv_cfbio,2025,2040,0.0,sv_2c_buffer_decoal
R12_CHN,coal_adv_cfbio,2025,2045,0.0,sv_2c_buffer_decoal
R12_CHN,coal_adv_cfbio,2025,2050,0.0,sv_2c_buffer_decoal
R12_CHN,coal_adv_cfbio,2030,2030,28.622220880000008,sv_2c_buffer_decoal
R12_CHN,coal_adv_cfbio,2030,2035,28.622220880000008,sv_2c_buffer_decoal
R12_CHN,coal_adv_cfbio,2030,2040,28.622220880000008,sv_2c_buffer_decoal
R12_CHN,coal_adv_cfbio,2030,2045,28.622220880000008,sv_2c_buffer_decoal
R12_CHN,coal_adv_cfbio,2030,2050,28.622220880000008,sv_2c_buffer_decoal
R12_CHN,coal_adv_cfbio,2030,2055,28.622220880000008,sv_2c_buffer_decoal
R12_CHN,coal_adv_cfbio,2035,2035,25.872220704035197,sv_2c_buffer_decoal
R12_CHN,coal_adv_cfbio,2035,2040,25.872220704035197,sv_2c_buffer_decoal
R12_CHN,coal_adv_cfbio,2035,2045,25.872220704035197,sv_2c_buffer_decoal
R12_CHN,coal_adv_cfbio,2035,2050,25.872220704035197,sv_2c_buffer_decoal
R12_CHN,coal_adv_cfbio,2035,2055,25.872220704035197,sv_2c_buffer_decoal
R12_CHN,coal_adv_cfbio,2035,2060,25.872220704035197,sv_2c_buffer_decoal
R12_CHN,coal_adv_cfbio,2040,2040,23.38643835377695,sv_2c_buffer_decoal
R12_CHN,coal_adv_cfbio,2040,2045,23.38643835377695,sv_2c_buffer_decoal
R12_CHN,coal_adv_cfbio,2040,2050,23.38643835377695,sv_2c_buffer_decoal
R12_CHN,coal_adv_cfbio,2040,2055,23.38643835377695,sv_2c_buffer_decoal
R12_CHN,coal_adv_cfbio,2040,2060,23.38643835377695,sv_2c_buffer_decoal
R12_CHN,coal_adv_cfbio,2040,2070,11.693219176888475,sv_2c_buffer_decoal
R12_CHN,coal_adv_cfbio,2045,2045,7.663268119765635,sv_2c_buffer_decoal
R12_CHN,coal_adv_cfbio,2045,2050,7.663268119765635,sv_2c_buffer_decoal
R12_CHN,coal_adv_cfbio,2045,2055,7.663268119765635,sv_2c_buffer_decoal
R12_CHN,coal_adv_cfbio,2045,2060,7.663268119765635,sv_2c_buffer_decoal
R12_CHN,coal_adv_cfbio,2045,2070,7.663268119765635,sv_2c_buffer_decoal
R12_CHN,coal_adv_cfbio,2050,2050,2.5110996974848048,sv_2c_buffer_decoal
R12_CHN,coal_adv_cfbio,2050,2055,2.5110996974848048,sv_2c_buffer_decoal
R12_CHN,coal_adv_cfbio,2050,2060,2.5110996974848048,sv_2c_buffer_decoal
R12_CHN,coal_adv_cfbio,2050,2070,2.5110996974848048,sv_2c_buffer_decoal
R12_CHN,coal_adv_cfbio,2050,2080,1.2555498487424024,sv_2c_buffer_decoal
R12_CHN,coal_adv_cfbio,2055,2055,0.8228371488718214,sv_2c_buffer_decoal
R12_CHN,coal_adv_cfbio,2055,2060,0.8228371488718214,sv_2c_buffer_decoal
R12_CHN,coal_adv_cfbio,2055,2070,0.8228371488718214,sv_2c_buffer_decoal
R12_CHN,coal_adv_cfbio,2055,2080,0.8228371488718214,sv_2c_buffer_decoal
R12_CHN,coal_adv_cfbio,2060,2060,0.2696272769423186,sv_2c_buffer_decoal
R12_CHN,coal_adv_cfbio,2060,2070,0.2696272769423186,sv_2c_buffer_decoal
R12_CHN,coal_adv_cfbio,2060,2080,0.2696272769423186,sv_2c_buffer_decoal
R12_CHN,coal_adv_cfbio,2060,2090,0.1348136384711593,sv_2c_buffer_decoal
R12_CHN,coal_adv_cfbio,2070,2070,0.028951008414419863,sv_2c_buffer_decoal
R12_CHN,coal_adv_cfbio,2070,2080,0.028951008414419863,sv_2c_buffer_decoal
R12_CHN,coal_adv_cfbio,2070,2090,0.028951008414419863,sv_2c_buffer_decoal
R12_CHN,coal_adv_cfbio,2080,2080,0.0031085908581538566,sv_2c_buffer_decoal
R12_CHN,coal_adv_cfbio,2080,2090,0.0031085908581538566,sv_2c_buffer_decoal
R12_CHN,coal_adv_cfbio,2080,2100,0.0031085908581538566,sv_2c_buffer_decoal
R12_CHN,coal_adv_cfbio,2090,2090,0.00033378240181038506,sv_2c_buffer_decoal
R12_CHN,coal_adv_cfbio,2090,2100,0.00033378240181038506,sv_2c_buffer_decoal
R12_CHN,coal_adv_cfbio,2090,2110,0.00033378240181038506,sv_2c_buffer_decoal
R12_CHN,coal_adv_cfbio,2100,2100,3.5839612493898414e-05,sv_2c_buffer_decoal
R12_CHN,coal_adv_cfbio,2100,2110,3.5839612493898414e-05,sv_2c_buffer_decoal
R12_CHN,coal_adv_cfbio,2110,2110,0.0,sv_2c_buffer_decoal
R12_CHN,coal_ppl_u_cfbio,1995,1995,0.0,sv_2c_buffer_decoal
R12_CHN,coal_ppl_u_cfbio,1995,2030,0.0,sv_2c_buffer_decoal
R12_CHN,coal_ppl_u_cfbio,1995,2035,0.0,sv_2c_buffer_decoal
R12_CHN,coal_ppl_u_cfbio,1995,2040,0.0,sv_2c_buffer_decoal
R12_CHN,coal_ppl_u_cfbio,2000,2000,0.0,sv_2c_buffer_decoal
R12_CHN,coal_ppl_u_cfbio,2000,2030,0.0,sv_2c_buffer_decoal
R12_CHN,coal_ppl_u_cfbio,2000,2035,0.0,sv_2c_buffer_decoal
R12_CHN,coal_ppl_u_cfbio,2000,2040,0.0,sv_2c_buffer_decoal
R12_CHN,coal_ppl_u_cfbio,2000,2045,0.0,sv_2c_buffer_decoal
R12_CHN,coal_ppl_u_cfbio,2005,2005,0.0,sv_2c_buffer_decoal
R12_CHN,coal_ppl_u_cfbio,2005,2030,0.0,sv_2c_buffer_decoal
R12_CHN,coal_ppl_u_cfbio,2005,2035,0.0,sv_2c_buffer_decoal
R12_CHN,coal_ppl_u_cfbio,2005,2040,0.0,sv_2c_buffer_decoal
R12_CHN,coal_ppl_u_cfbio,2005,2045,0.0,sv_2c_buffer_decoal
R12_CHN,coal_ppl_u_cfbio,2010,2010,0.0,sv_2c_buffer_decoal
R12_CHN,coal_ppl_u_cfbio,2010,2030,0.0,sv_2c_buffer_decoal
R12_CHN,coal_ppl_u_cfbio,2010,2035,0.0,sv_2c_buffer_decoal
R12_CHN,coal_ppl_u_cfbio,2010,2040,0.0,sv_2c_buffer_decoal
R12_CHN,coal_ppl_u_cfbio,2010,2045,0.0,sv_2c_buffer_decoal
R12_CHN,coal_ppl_u_cfbio,2010,2050,0.0,sv_2c_buffer_decoal
R12_CHN,coal_ppl_u_cfbio,2015,2015,0.0,sv_2c_buffer_decoal
R12_CHN,coal_ppl_u_cfbio,2015,2030,0.0,sv_2c_buffer_decoal
R12_CHN,coal_ppl_u_cfbio,2015,2035,0.0,sv_2c_buffer_decoal
R12_CHN,coal_ppl_u_cfbio,2015,2040,0.0,sv_2c_buffer_decoal
R12_CHN,coal_ppl_u_cfbio,2015,2045,0.0,sv_2c_buffer_decoal
R12_CHN,coal_ppl_u_cfbio,2020,2020,0.0,sv_2c_buffer_decoal
R12_CHN,coal_ppl_u_cfbio,2020,2030,0.0,sv_2c_buffer_decoal
R12_CHN,coal_ppl_u_cfbio,2020,2035,0.0,sv_2c_buffer_decoal
R12_CHN,coal_ppl_u_cfbio,2020,2040,0.0,sv_2c_buffer_decoal
R12_CHN,coal_ppl_u_cfbio,2020,2045,0.0,sv_2c_buffer_decoal
R12_CHN,coal_ppl_u_cfbio,2025,2025,0.0,sv_2c_buffer_decoal
R12_CHN,coal_ppl_u_cfbio,2025,2030,0.0,sv_2c_buffer_decoal
R12_CHN,coal_ppl_u_cfbio,2025,2035,0.0,sv_2c_buffer_decoal
R12_CHN,coal_ppl_u_cfbio,2025,2040,0.0,sv_2c_buffer_decoal
R12_CHN,coal_ppl_u_cfbio,2025,2045,0.0,sv_2c_buffer_decoal
R12_CHN,coal_ppl_u_cfbio,2025,2050,0.0,sv_2c_buffer_decoal
R12_CHN,coal_ppl_u_cfbio,2030,2030,0.13010100400000002,sv_2c_buffer_decoal
R12_CHN,coal_ppl_u_cfbio,2030,2035,0.13010100400000002,sv_2c_buffer_decoal
R12_CHN,coal_ppl_u_cfbio,2030,2040,0.13010100400000002,sv_2c_buffer_decoal
R12_CHN,coal_ppl_u_cfbio,2030,2045,0.13010100400000002,sv_2c_buffer_decoal
R12_CHN,coal_ppl_u_cfbio,2030,2050,0.13010100400000002,sv_2c_buffer_decoal
R12_CHN,coal_ppl_u_cfbio,2030,2055,0.13010100400000002,sv_2c_buffer_decoal
R12_CHN,coal_ppl_u_cfbio,2035,2035,0.27374302499344644,sv_2c_buffer_decoal
R12_CHN,coal_ppl_u_cfbio,2035,2040,0.27374302499344644,sv_2c_buffer_decoal
R12_CHN,coal_ppl_u_cfbio,2035,2045,0.27374302499344644,sv_2c_buffer_decoal
R12_CHN,coal_ppl_u_cfbio,2035,2050,0.27374302499344644,sv_2c_buffer_decoal
R12_CHN,coal_ppl_u_cfbio,2035,2055,0.27374302499344644,sv_2c_buffer_decoal
R12_CHN,coal_ppl_u_cfbio,2035,2060,0.27374302499344644,sv_2c_buffer_decoal
R12_CHN,coal_ppl_u_cfbio,2040,2040,0.302234418905162,sv_2c_buffer_decoal
R12_CHN,coal_ppl_u_cfbio,2040,2045,0.302234418905162,sv_2c_buffer_decoal
R12_CHN,coal_ppl_u_cfbio,2040,2050,0.302234418905162,sv_2c_buffer_decoal
R12_CHN,coal_ppl_u_cfbio,2040,2055,0.302234418905162,sv_2c_buffer_decoal
R12_CHN,coal_ppl_u_cfbio,2040,2060,0.302234418905162,sv_2c_buffer_decoal
R12_CHN,coal_ppl_u_cfbio,2040,2070,0.151117209452581,sv_2c_buffer_decoal
R12_CHN,coal_ppl_u_cfbio,2045,2045,0.3336912199794966,sv_2c_buffer_decoal
R12_CHN,coal_ppl_u_cfbio,2045,2050,0.3336912199794966,sv_2c_buffer_decoal
R12_CHN,coal_ppl_u_cfbio,2045,2055,0.3336912199794966,sv_2c_buffer_decoal
R12_CHN,coal_ppl_u_cfbio,2045,2060,0.3336912199794966,sv_2c_buffer_decoal
R12_CHN,coal_ppl_u_cfbio,2045,2070,0.3336912199794966,sv_2c_buffer_decoal
R12_CHN,coal_ppl_u_cfbio,2050,2050,0.36842207017575046,sv_2c_buffer_decoal
R12_CHN,coal_ppl_u_cfbio,2050,2055,0.36842207017575046,sv_2c_buffer_decoal
R12_CHN,coal_ppl_u_cfbio,2050,2060,0.36842207017575046,sv_2c_buffer_decoal
R12_CHN,coal_ppl_u_cfbio,2050,2070,0.36842207017575046,sv_2c_buffer_decoal
R12_CHN,coal_ppl_u_cfbio,2050,2080,0.18421103508787523,sv_2c_buffer_decoal
R12_CHN,coal_ppl_u_cfbio,2055,2055,0.12072454395519,sv_2c_buffer_decoal
R12_CHN,coal_ppl_u_cfbio,2055,2060,0.12072454395519,sv_2c_buffer_decoal
R12_CHN,coal_ppl_u_cfbio,2055,2070,0.12072454395519,sv_2c_buffer_decoal
R12_CHN,coal_ppl_u_cfbio,2055,2080,0.12072454395519,sv_2c_buffer_decoal
R12_CHN,coal_ppl_u_cfbio,2060,2060,0.03955901856323668,sv_2c_buffer_decoal
R12_CHN,coal_ppl_u_cfbio,2060,2070,0.03955901856323668,sv_2c_buffer_decoal
R12_CHN,coal_ppl_u_cfbio,2060,2080,0.03955901856323668,sv_2c_buffer_decoal
R12_CHN,coal_ppl_u_cfbio,2060,2090,0.01977950928161834,sv_2c_buffer_decoal
R12_CHN,coal_ppl_u_cfbio,2070,2070,0.004247617274773965,sv_2c_buffer_decoal
R12_CHN,coal_ppl_u_cfbio,2070,2080,0.004247617274773965,sv_2c_buffer_decoal
R12_CHN,coal_ppl_u_cfbio,2070,2090,0.004247617274773965,sv_2c_buffer_decoal
R12_CHN,coal_ppl_u_cfbio,2080,2080,0.0004560844320269712,sv_2c_buffer_decoal
R12_CHN,coal_ppl_u_cfbio,2080,2090,0.0004560844320269712,sv_2c_buffer_decoal
R12_CHN,coal_ppl_u_cfbio,2080,2100,0.0004560844320269712,sv_2c_buffer_decoal
R12_CHN,coal_ppl_u_cfbio,2090,2090,4.8971692994264454e-05,sv_2c_buffer_decoal
R12_CHN,coal_ppl_u_cfbio,2090,2100,4.8971692994264454e-05,sv_2c_buffer_decoal
R12_CHN,coal_ppl_u_cfbio,2090,2110,4.8971692994264454e-05,sv_2c_buffer_decoal
R12_CHN,coal_ppl_u_cfbio,2100,2100,0.0,sv_2c_buffer_decoal
R12_CHN,coal_ppl_u_cfbio,2100,2110,0.0,sv_2c_buffer_decoal
R12_CHN,coal_ppl_u_cfbio,2110,2110,0.0,sv_2c_buffer_decoal
R12_CHN,coal_ppl_cfbio,1995,1995,0.0,sv_2c_buffer_decoal
R12_CHN,coal_ppl_cfbio,1995,2030,0.0,sv_2c_buffer_decoal
R12_CHN,coal_ppl_cfbio,2000,2000,0.0,sv_2c_buffer_decoal
R12_CHN,coal_ppl_cfbio,2000,2030,0.0,sv_2c_buffer_decoal
R12_CHN,coal_ppl_cfbio,2000,2035,0.0,sv_2c_buffer_decoal
R12_CHN,coal_ppl_cfbio,2005,2005,0.0,sv_2c_buffer_decoal
R12_CHN,coal_ppl_cfbio,2005,2030,0.0,sv_2c_buffer_decoal
R12_CHN,coal_ppl_cfbio,2005,2035,0.0,sv_2c_buffer_decoal
R12_CHN,coal_ppl_cfbio,2010,2010,0.0,sv_2c_buffer_decoal
R12_CHN,coal_ppl_cfbio,2010,2030,0.0,sv_2c_buffer_decoal
R12_CHN,coal_ppl_cfbio,2010,2035,0.0,sv_2c_buffer_decoal
R12_CHN,coal_ppl_cfbio,2010,2040,0.0,sv_2c_buffer_decoal
R12_CHN,coal_ppl_cfbio,2015,2015,0.0,sv_2c_buffer_decoal
R12_CHN,coal_ppl_cfbio,2015,2030,0.0,sv_2c_buffer_decoal
R12_CHN,coal_ppl_cfbio,2015,2035,0.0,sv_2c_buffer_decoal
R12_CHN,coal_ppl_cfbio,2015,2040,0.0,sv_2c_buffer_decoal
R12_CHN,coal_ppl_cfbio,2020,2020,0.0,sv_2c_buffer_decoal
R12_CHN,coal_ppl_cfbio,2020,2030,0.0,sv_2c_buffer_decoal
R12_CHN,coal_ppl_cfbio,2020,2035,0.0,sv_2c_buffer_decoal
R12_CHN,coal_ppl_cfbio,2020,2040,0.0,sv_2c_buffer_decoal
R12_CHN,coal_ppl_cfbio,2020,2045,0.0,sv_2c_buffer_decoal
R12_CHN,coal_ppl_cfbio,2025,2025,0.0,sv_2c_buffer_decoal
R12_CHN,coal_ppl_cfbio,2025,2030,0.0,sv_2c_buffer_decoal
R12_CHN,coal_ppl_cfbio,2025,2035,0.0,sv_2c_buffer_decoal
R12_CHN,coal_ppl_cfbio,2025,2040,0.0,sv_2c_buffer_decoal
R12_CHN,coal_ppl_cfbio,2025,2045,0.0,sv_2c_buffer_decoal
R12_CHN,coal_ppl_cfbio,2025,2050,0.0,sv_2c_buffer_decoal
R12_CHN,coal_ppl_cfbio,2030,2030,5.204040160000001,sv_2c_buffer_decoal
R12_CHN,coal_ppl_cfbio,2030,2035,5.204040160000001,sv_2c_buffer_decoal
R12_CHN,coal_ppl_cfbio,2030,2040,5.204040160000001,sv_2c_buffer_decoal
R12_CHN,coal_ppl_cfbio,2030,2045,5.204040160000001,sv_2c_buffer_decoal
R12_CHN,coal_ppl_cfbio,2030,2050,5.204040160000001,sv_2c_buffer_decoal
R12_CHN,coal_ppl_cfbio,2030,2055,5.204040160000001,sv_2c_buffer_decoal
R12_CHN,coal_ppl_cfbio,2035,2035,10.94972099973786,sv_2c_buffer_decoal
R12_CHN,coal_ppl_cfbio,2035,2040,10.94972099973786,sv_2c_buffer_decoal
R12_CHN,coal_ppl_cfbio,2035,2045,10.94972099973786,sv_2c_buffer_decoal
R12_CHN,coal_ppl_cfbio,2035,2050,10.94972099973786,sv_2c_buffer_decoal
R12_CHN,coal_ppl_cfbio,2035,2055,10.94972099973786,sv_2c_buffer_decoal
R12_CHN,coal_ppl_cfbio,2035,2060,10.94972099973786,sv_2c_buffer_decoal
R12_CHN,coal_ppl_cfbio,2040,2040,9.897680530820738,sv_2c_buffer_decoal
R12_CHN,coal_ppl_cfbio,2040,2045,9.897680530820738,sv_2c_buffer_decoal
R12_CHN,coal_ppl_cfbio,2040,2050,9.897680530820738,sv_2c_buffer_decoal
R12_CHN,coal_ppl_cfbio,2040,2055,9.897680530820738,sv_2c_buffer_decoal
R12_CHN,coal_ppl_cfbio,2040,2060,9.897680530820738,sv_2c_buffer_decoal
R12_CHN,coal_ppl_cfbio,2040,2070,4.948840265410369,sv_2c_buffer_decoal
R12_CHN,coal_ppl_cfbio,2045,2045,3.243271956339341,sv_2c_buffer_decoal
R12_CHN,coal_ppl_cfbio,2045,2050,3.243271956339341,sv_2c_buffer_decoal
R12_CHN,coal_ppl_cfbio,2045,2055,3.243271956339341,sv_2c_buffer_decoal
R12_CHN,coal_ppl_cfbio,2045,2060,3.243271956339341,sv_2c_buffer_decoal
R12_CHN,coal_ppl_cfbio,2045,2070,3.243271956339341,sv_2c_buffer_decoal
R12_CHN,coal_ppl_cfbio,2050,2050,1.0627553546532758,sv_2c_buffer_decoal
R12_CHN,coal_ppl_cfbio,2050,2055,1.0627553546532758,sv_2c_buffer_decoal
R12_CHN,coal_ppl_cfbio,2050,2060,1.0627553546532758,sv_2c_buffer_decoal
R12_CHN,coal_ppl_cfbio,2050,2070,1.0627553546532758,sv_2c_buffer_decoal
R12_CHN,coal_ppl_cfbio,2050,2080,0.5313776773266379,sv_2c_buffer_decoal
R12_CHN,coal_ppl_cfbio,2055,2055,0.34824367461278566,sv_2c_buffer_decoal
R12_CHN,coal_ppl_cfbio,2055,2060,0.34824367461278566,sv_2c_buffer_decoal
R12_CHN,coal_ppl_cfbio,2055,2070,0.34824367461278566,sv_2c_buffer_decoal
R12_CHN,coal_ppl_cfbio,2055,2080,0.34824367461278566,sv_2c_buffer_decoal
R12_CHN,coal_ppl_cfbio,2060,2060,0.11411248729711768,sv_2c_buffer_decoal
R12_CHN,coal_ppl_cfbio,2060,2070,0.11411248729711768,sv_2c_buffer_decoal
R12_CHN,coal_ppl_cfbio,2060,2080,0.11411248729711768,sv_2c_buffer_decoal
R12_CHN,coal_ppl_cfbio,2060,2090,0.05705624364855884,sv_2c_buffer_decoal
R12_CHN,coal_ppl_cfbio,2070,2070,0.012252735025158407,sv_2c_buffer_decoal
R12_CHN,coal_ppl_cfbio,2070,2080,0.012252735025158407,sv_2c_buffer_decoal
R12_CHN,coal_ppl_cfbio,2070,2090,0.012252735025158407,sv_2c_buffer_decoal
R12_CHN,coal_ppl_cfbio,2080,2080,0.001315627405490229,sv_2c_buffer_decoal
R12_CHN,coal_ppl_cfbio,2080,2090,0.001315627405490229,sv_2c_buffer_decoal
R12_CHN,coal_ppl_cfbio,2080,2100,0.001315627405490229,sv_2c_buffer_decoal
R12_CHN,coal_ppl_cfbio,2090,2090,0.00014126441700754676,sv_2c_buffer_decoal
R12_CHN,coal_ppl_cfbio,2090,2100,0.00014126441700754676,sv_2c_buffer_decoal
R12_CHN,coal_ppl_cfbio,2090,2110,0.00014126441700754676,sv_2c_buffer_decoal
R12_CHN,coal_ppl_cfbio,2100,2100,1.5168151278398006e-05,sv_2c_buffer_decoal
R12_CHN,coal_ppl_cfbio,2100,2110,1.5168151278398006e-05,sv_2c_buffer_decoal
R12_CHN,coal_ppl_cfbio,2110,2110,0.0,sv_2c_buffer_decoal
R12_CHN,coal_adv_rccs,1995,1995,0.0,sv_2c_buffer_decoal
R12_CHN,coal_adv_rccs,2000,2000,0.0,sv_2c_buffer_decoal
R12_CHN,coal_adv_rccs,2005,2005,0.0,sv_2c_buffer_decoal
R12_CHN,coal_adv_rccs,2005,2030,0.0,sv_2c_buffer_decoal
R12_CHN,coal_adv_rccs,2010,2010,0.0,sv_2c_buffer_decoal
R12_CHN,coal_adv_rccs,2010,2030,0.0,sv_2c_buffer_decoal
R12_CHN,coal_adv_rccs,2010,2035,0.0,sv_2c_buffer_decoal
R12_CHN,coal_adv_rccs,2015,2015,0.0,sv_2c_buffer_decoal
R12_CHN,coal_adv_rccs,2015,2030,0.0,sv_2c_buffer_decoal
R12_CHN,coal_adv_rccs,2015,2035,0.0,sv_2c_buffer_decoal
R12_CHN,coal_adv_rccs,2015,2040,0.0,sv_2c_buffer_decoal
R12_CHN,coal_adv_rccs,2020,2020,0.0,sv_2c_buffer_decoal
R12_CHN,coal_adv_rccs,2020,2030,0.0,sv_2c_buffer_decoal
R12_CHN,coal_adv_rccs,2020,2035,0.0,sv_2c_buffer_decoal
R12_CHN,coal_adv_rccs,2020,2040,0.0,sv_2c_buffer_decoal
R12_CHN,coal_adv_rccs,2020,2045,0.0,sv_2c_buffer_decoal
R12_CHN,coal_adv_rccs,2025,2025,0.0,sv_2c_buffer_decoal
R12_CHN,coal_adv_rccs,2025,2030,0.0,sv_2c_buffer_decoal
R12_CHN,coal_adv_rccs,2025,2035,0.0,sv_2c_buffer_decoal
R12_CHN,coal_adv_rccs,2025,2040,0.0,sv_2c_buffer_decoal
R12_CHN,coal_adv_rccs,2025,2045,0.0,sv_2c_buffer_decoal
R12_CHN,coal_adv_rccs,2025,2050,0.0,sv_2c_buffer_decoal
R12_CHN,coal_adv_rccs,2030,2030,0.0,sv_2c_buffer_decoal
R12_CHN,coal_adv_rccs,2030,2035,0.0,sv_2c_buffer_decoal
R12_CHN,coal_adv_rccs,2030,2040,0.0,sv_2c_buffer_decoal
R12_CHN,coal_adv_rccs,2030,2045,0.0,sv_2c_buffer_decoal
R12_CHN,coal_adv_rccs,2030,2050,0.0,sv_2c_buffer_decoal
R12_CHN,coal_adv_rccs,2030,2055,0.0,sv_2c_buffer_decoal
R12_CHN,coal_adv_rccs,2035,2035,0.0,sv_2c_buffer_decoal
R12_CHN,coal_adv_rccs,2035,2040,0.0,sv_2c_buffer_decoal
R12_CHN,coal_adv_rccs,2035,2045,0.0,sv_2c_buffer_decoal
R12_CHN,coal_adv_rccs,2035,2050,0.0,sv_2c_buffer_decoal
R12_CHN,coal_adv_rccs,2035,2055,0.0,sv_2c_buffer_decoal
R12_CHN,coal_adv_rccs,2035,2060,0.0,sv_2c_buffer_decoal
R12_CHN,coal_adv_rccs,2040,2040,0.0,sv_2c_buffer_decoal
R12_CHN,coal_adv_rccs,2040,2045,0.0,sv_2c_buffer_decoal
R12_CHN,coal_adv_rccs,2040,2050,0.0,sv_2c_buffer_decoal
R12_CHN,coal_adv_rccs,2040,2055,0.0,sv_2c_buffer_decoal
R12_CHN,coal_adv_rccs,2040,2060,0.0,sv_2c_buffer_decoal
R12_CHN,coal_adv_rccs,2040,2070,0.0,sv_2c_buffer_decoal
R12_CHN,coal_adv_rccs,2045,2045,0.0,sv_2c_buffer_decoal
R12_CHN,coal_adv_rccs,2045,2050,0.0,sv_2c_buffer_decoal
R12_CHN,coal_adv_rccs,2045,2055,0.0,sv_2c_buffer_decoal
R12_CHN,coal_adv_rccs,2045,2060,0.0,sv_2c_buffer_decoal
R12_CHN,coal_adv_rccs,2045,2070,0.0,sv_2c_buffer_decoal
R12_CHN,coal_adv_rccs,2050,2050,0.0,sv_2c_buffer_decoal
R12_CHN,coal_adv_rccs,2050,2055,0.0,sv_2c_buffer_decoal
R12_CHN,coal_adv_rccs,2050,2060,0.0,sv_2c_buffer_decoal
R12_CHN,coal_adv_rccs,2050,2070,0.0,sv_2c_buffer_decoal
R12_CHN,coal_adv_rccs,2050,2080,0.0,sv_2c_buffer_decoal
R12_CHN,coal_adv_rccs,2055,2055,0.0,sv_2c_buffer_decoal
R12_CHN,coal_adv_rccs,2055,2060,0.0,sv_2c_buffer_decoal
R12_CHN,coal_adv_rccs,2055,2070,0.0,sv_2c_buffer_decoal
R12_CHN,coal_adv_rccs,2055,2080,0.0,sv_2c_buffer_decoal
R12_CHN,coal_adv_rccs,2060,2060,0.0,sv_2c_buffer_decoal
R12_CHN,coal_adv_rccs,2060,2070,0.0,sv_2c_buffer_decoal
R12_CHN,coal_adv_rccs,2060,2080,0.0,sv_2c_buffer_decoal
R12_CHN,coal_adv_rccs,2060,2090,0.0,sv_2c_buffer_decoal
R12_CHN,coal_adv_rccs,2070,2070,0.0,sv_2c_buffer_decoal
R12_CHN,coal_adv_rccs,2070,2080,0.0,sv_2c_buffer_decoal
R12_CHN,coal_adv_rccs,2070,2090,0.0,sv_2c_buffer_decoal
R12_CHN,coal_adv_rccs,2080,2080,0.0,sv_2c_buffer_decoal
R12_CHN,coal_adv_rccs,2080,2090,0.0,sv_2c_buffer_decoal
R12_CHN,coal_adv_rccs,2080,2100,0.0,sv_2c_buffer_decoal
R12_CHN,coal_adv_rccs,2090,2090,0.0,sv_2c_buffer_decoal
R12_CHN,coal_adv_rccs,2090,2100,0.0,sv_2c_buffer_decoal
R12_CHN,coal_adv_rccs,2090,2110,0.0,sv_2c_buffer_decoal
R12_CHN,coal_adv_rccs,2100,2100,0.0,sv_2c_buffer_decoal
R12_CHN,coal_adv_rccs,2100,2110,0.0,sv_2c_buffer_decoal
R12_CHN,coal_adv_rccs,2110,2110,0.0,sv_2c_buffer_decoal
R12_RCPA,coal_adv,1995,1995,0.0,sv_2c_buffer_decoal
R12_RCPA,coal_adv,2000,2000,0.0,sv_2c_buffer_decoal
R12_RCPA,coal_adv,2005,2005,0.0,sv_2c_buffer_decoal
R12_RCPA,coal_adv,2005,2030,0.0,sv_2c_buffer_decoal
R12_RCPA,coal_adv,2010,2010,0.0,sv_2c_buffer_decoal
R12_RCPA,coal_adv,2010,2030,0.0,sv_2c_buffer_decoal
R12_RCPA,coal_adv,2010,2035,0.0,sv_2c_buffer_decoal
R12_RCPA,coal_adv,2015,2015,0.0,sv_2c_buffer_decoal
R12_RCPA,coal_adv,2015,2030,1.2440000000000002,sv_2c_buffer_decoal
R12_RCPA,coal_adv,2015,2035,1.2440000000000002,sv_2c_buffer_decoal
R12_RCPA,coal_adv,2015,2040,1.2440000000000002,sv_2c_buffer_decoal
R12_RCPA,coal_adv,2020,2020,0.0,sv_2c_buffer_decoal
R12_RCPA,coal_adv,2020,2030,0.688,sv_2c_buffer_decoal
R12_RCPA,coal_adv,2020,2035,0.688,sv_2c_buffer_decoal
R12_RCPA,coal_adv,2020,2040,0.688,sv_2c_buffer_decoal
R12_RCPA,coal_adv,2020,2045,0.0,sv_2c_buffer_decoal
R12_RCPA,coal_adv,2025,2025,0.0,sv_2c_buffer_decoal
R12_RCPA,coal_adv,2025,2030,5.030717567304604,sv_2c_buffer_decoal
R12_RCPA,coal_adv,2025,2035,5.030717567304604,sv_2c_buffer_decoal
R12_RCPA,coal_adv,2025,2040,5.030717567304604,sv_2c_buffer_decoal
R12_RCPA,coal_adv,2025,2045,0.7818368073256293,sv_2c_buffer_decoal
R12_RCPA,coal_adv,2025,2050,0.0,sv_2c_buffer_decoal
R12_RCPA,coal_adv,2030,2030,0.40463902643251026,sv_2c_buffer_decoal
R12_RCPA,coal_adv,2030,2035,0.40463902643251026,sv_2c_buffer_decoal
R12_RCPA,coal_adv,2030,2040,0.40463902643251026,sv_2c_buffer_decoal
R12_RCPA,coal_adv,2030,2045,0.0,sv_2c_buffer_decoal
R12_RCPA,coal_adv,2030,2050,0.0,sv_2c_buffer_decoal
R12_RCPA,coal_adv,2030,2055,0.0,sv_2c_buffer_decoal
R12_RCPA,coal_adv,2035,2035,0.0,sv_2c_buffer_decoal
R12_RCPA,coal_adv,2035,2040,0.0,sv_2c_buffer_decoal
R12_RCPA,coal_adv,2035,2045,0.0,sv_2c_buffer_decoal
R12_RCPA,coal_adv,2035,2050,0.0,sv_2c_buffer_decoal
R12_RCPA,coal_adv,2035,2055,0.0,sv_2c_buffer_decoal
R12_RCPA,coal_adv,2035,2060,0.0,sv_2c_buffer_decoal
R12_RCPA,coal_adv,2040,2040,0.0,sv_2c_buffer_decoal
R12_RCPA,coal_adv,2040,2045,0.0,sv_2c_buffer_decoal
R12_RCPA,coal_adv,2040,2050,0.0,sv_2c_buffer_decoal
R12_RCPA,coal_adv,2040,2055,0.0,sv_2c_buffer_decoal
R12_RCPA,coal_adv,2040,2060,0.0,sv_2c_buffer_decoal
R12_RCPA,coal_adv,2040,2070,0.0,sv_2c_buffer_decoal
R12_RCPA,coal_adv,2045,2045,0.0,sv_2c_buffer_decoal
R12_RCPA,coal_adv,2045,2050,0.0,sv_2c_buffer_decoal
R12_RCPA,coal_adv,2045,2055,0.0,sv_2c_buffer_decoal
R12_RCPA,coal_adv,2045,2060,0.0,sv_2c_buffer_decoal
R12_RCPA,coal_adv,2045,2070,0.0,sv_2c_buffer_decoal
R12_RCPA,coal_adv,2050,2050,0.0,sv_2c_buffer_decoal
R12_RCPA,coal_adv,2050,2055,0.0,sv_2c_buffer_decoal
R12_RCPA,coal_adv,2050,2060,0.0,sv_2c_buffer_decoal
R12_RCPA,coal_adv,2050,2070,0.0,sv_2c_buffer_decoal
R12_RCPA,coal_adv,2050,2080,0.0,sv_2c_buffer_decoal
R12_RCPA,coal_adv,2055,2055,0.0,sv_2c_buffer_decoal
R12_RCPA,coal_adv,2055,2060,0.0,sv_2c_buffer_decoal
R12_RCPA,coal_adv,2055,2070,0.0,sv_2c_buffer_decoal
R12_RCPA,coal_adv,2055,2080,0.0,sv_2c_buffer_decoal
R12_RCPA,coal_adv,2060,2060,0.0,sv_2c_buffer_decoal
R12_RCPA,coal_adv,2060,2070,0.0,sv_2c_buffer_decoal
R12_RCPA,coal_adv,2060,2080,0.0,sv_2c_buffer_decoal
R12_RCPA,coal_adv,2060,2090,0.0,sv_2c_buffer_decoal
R12_RCPA,coal_adv,2070,2070,0.0,sv_2c_buffer_decoal
R12_RCPA,coal_adv,2070,2080,0.0,sv_2c_buffer_decoal
R12_RCPA,coal_adv,2070,2090,0.0,sv_2c_buffer_decoal
R12_RCPA,coal_adv,2080,2080,0.0,sv_2c_buffer_decoal
R12_RCPA,coal_adv,2080,2090,0.0,sv_2c_buffer_decoal
R12_RCPA,coal_adv,2080,2100,0.0,sv_2c_buffer_decoal
R12_RCPA,coal_adv,2090,2090,0.0,sv_2c_buffer_decoal
R12_RCPA,coal_adv,2090,2100,0.0,sv_2c_buffer_decoal
R12_RCPA,coal_adv,2090,2110,0.0,sv_2c_buffer_decoal
R12_RCPA,coal_adv,2100,2100,0.0,sv_2c_buffer_decoal
R12_RCPA,coal_adv,2100,2110,0.0,sv_2c_buffer_decoal
R12_RCPA,coal_adv,2110,2110,0.0,sv_2c_buffer_decoal
R12_RCPA,coal_adv_ccs,2030,2030,0.0,sv_2c_buffer_decoal
R12_RCPA,coal_adv_ccs,2030,2035,0.0,sv_2c_buffer_decoal
R12_RCPA,coal_adv_ccs,2030,2040,0.0,sv_2c_buffer_decoal
R12_RCPA,coal_adv_ccs,2030,2045,0.0,sv_2c_buffer_decoal
R12_RCPA,coal_adv_ccs,2030,2050,0.0,sv_2c_buffer_decoal
R12_RCPA,coal_adv_ccs,2030,2055,0.0,sv_2c_buffer_decoal
R12_RCPA,coal_adv_ccs,2035,2035,0.0,sv_2c_buffer_decoal
R12_RCPA,coal_adv_ccs,2035,2040,0.0,sv_2c_buffer_decoal
R12_RCPA,coal_adv_ccs,2035,2045,0.0,sv_2c_buffer_decoal
R12_RCPA,coal_adv_ccs,2035,2050,0.0,sv_2c_buffer_decoal
R12_RCPA,coal_adv_ccs,2035,2055,0.0,sv_2c_buffer_decoal
R12_RCPA,coal_adv_ccs,2035,2060,0.0,sv_2c_buffer_decoal
R12_RCPA,coal_adv_ccs,2040,2040,0.0,sv_2c_buffer_decoal
R12_RCPA,coal_adv_ccs,2040,2045,0.0,sv_2c_buffer_decoal
R12_RCPA,coal_adv_ccs,2040,2050,0.0,sv_2c_buffer_decoal
R12_RCPA,coal_adv_ccs,2040,2055,0.0,sv_2c_buffer_decoal
R12_RCPA,coal_adv_ccs,2040,2060,0.0,sv_2c_buffer_decoal
R12_RCPA,coal_adv_ccs,2040,2070,0.0,sv_2c_buffer_decoal
R12_RCPA,coal_adv_ccs,2045,2045,0.0,sv_2c_buffer_decoal
R12_RCPA,coal_adv_ccs,2045,2050,0.0,sv_2c_buffer_decoal
R12_RCPA,coal_adv_ccs,2045,2055,0.0,sv_2c_buffer_decoal
R12_RCPA,coal_adv_ccs,2045,2060,0.0,sv_2c_buffer_decoal
R12_RCPA,coal_adv_ccs,2045,2070,0.0,sv_2c_buffer_decoal
R12_RCPA,coal_adv_ccs,2050,2050,0.0,sv_2c_buffer_decoal
R12_RCPA,coal_adv_ccs,2050,2055,0.0,sv_2c_buffer_decoal
R12_RCPA,coal_adv_ccs,2050,2060,0.0,sv_2c_buffer_decoal
R12_RCPA,coal_adv_ccs,2050,2070,0.0,sv_2c_buffer_decoal
R12_RCPA,coal_adv_ccs,2050,2080,0.0,sv_2c_buffer_decoal
R12_RCPA,coal_adv_ccs,2055,2055,0.0,sv_2c_buffer_decoal
R12_RCPA,coal_adv_ccs,2055,2060,0.0,sv_2c_buffer_decoal
R12_RCPA,coal_adv_ccs,2055,2070,0.0,sv_2c_buffer_decoal
R12_RCPA,coal_adv_ccs,2055,2080,0.0,sv_2c_buffer_decoal
R12_RCPA,coal_adv_ccs,2060,2060,0.0,sv_2c_buffer_decoal
R12_RCPA,coal_adv_ccs,2060,2070,0.0,sv_2c_buffer_decoal
R12_RCPA,coal_adv_ccs,2060,2080,0.0,sv_2c_buffer_decoal
R12_RCPA,coal_adv_ccs,2060,2090,0.0,sv_2c_buffer_decoal
R12_RCPA,coal_adv_ccs,2070,2070,0.0,sv_2c_buffer_decoal
R12_RCPA,coal_adv_ccs,2070,2080,0.0,sv_2c_buffer_decoal
R12_RCPA,coal_adv_ccs,2070,2090,0.0,sv_2c_buffer_decoal
R12_RCPA,coal_adv_ccs,2080,2080,0.0,sv_2c_buffer_decoal
R12_RCPA,coal_adv_ccs,2080,2090,0.0,sv_2c_buffer_decoal
R12_RCPA,coal_adv_ccs,2080,2100,0.0,sv_2c_buffer_decoal
R12_RCPA,coal_adv_ccs,2090,2090,0.0,sv_2c_buffer_decoal
R12_RCPA,coal_adv_ccs,2090,2100,0.0,sv_2c_buffer_decoal
R12_RCPA,coal_adv_ccs,2090,2110,0.0,sv_2c_buffer_decoal
R12_RCPA,coal_adv_ccs,2100,2100,0.0,sv_2c_buffer_decoal
R12_RCPA,coal_adv_ccs,2100,2110,0.0,sv_2c_buffer_decoal
R12_RCPA,coal_adv_ccs,2110,2110,0.0,sv_2c_buffer_decoal
R12_RCPA,coal_ppl,1980,1980,0.0,sv_2c_buffer_decoal
R12_RCPA,coal_ppl,1985,1985,0.0,sv_2c_buffer_decoal
R12_RCPA,coal_ppl,1990,1990,0.0,sv_2c_buffer_decoal
R12_RCPA,coal_ppl,1990,2030,0.0,sv_2c_buffer_decoal
R12_RCPA,coal_ppl,1995,1995,0.0,sv_2c_buffer_decoal
R12_RCPA,coal_ppl,1995,2030,0.0,sv_2c_buffer_decoal
R12_RCPA,coal_ppl,2000,2000,0.0,sv_2c_buffer_decoal
R12_RCPA,coal_ppl,2000,2030,0.0,sv_2c_buffer_decoal
R12_RCPA,coal_ppl,2000,2035,0.0,sv_2c_buffer_decoal
R12_RCPA,coal_ppl,2005,2005,0.0,sv_2c_buffer_decoal
R12_RCPA,coal_ppl,2005,2030,1.1925065047701646,sv_2c_buffer_decoal
R12_RCPA,coal_ppl,2010,2010,0.0,sv_2c_buffer_decoal
R12_RCPA,coal_ppl,2010,2030,0.3,sv_2c_buffer_decoal
R12_RCPA,coal_ppl,2010,2035,0.0,sv_2c_buffer_decoal
R12_RCPA,coal_ppl,2015,2015,0.0,sv_2c_buffer_decoal
R12_RCPA,coal_ppl,2015,2030,0.66,sv_2c_buffer_decoal
R12_RCPA,coal_ppl,2015,2035,0.0,sv_2c_buffer_decoal
R12_RCPA,coal_ppl,2015,2040,0.0,sv_2c_buffer_decoal
R12_RCPA,coal_ppl,2020,2020,0.0,sv_2c_buffer_decoal
R12_RCPA,coal_ppl,2020,2030,4.8904245473879895,sv_2c_buffer_decoal
R12_RCPA,coal_ppl,2020,2035,4.8904245473879895,sv_2c_buffer_decoal
R12_RCPA,coal_ppl,2020,2040,4.8904245473879895,sv_2c_buffer_decoal
R12_RCPA,coal_ppl,2020,2045,0.0,sv_2c_buffer_decoal
R12_RCPA,coal_ppl,2025,2025,0.0,sv_2c_buffer_decoal
R12_RCPA,coal_ppl,2025,2030,7.260154574084807,sv_2c_buffer_decoal
R12_RCPA,coal_ppl,2025,2035,7.260154574084807,sv_2c_buffer_decoal
R12_RCPA,coal_ppl,2025,2040,7.260154574084807,sv_2c_buffer_decoal
R12_RCPA,coal_ppl,2025,2045,4.848182571821418,sv_2c_buffer_decoal
R12_RCPA,coal_ppl,2025,2050,0.0,sv_2c_buffer_decoal
R12_RCPA,coal_ppl,2030,2030,0.0,sv_2c_buffer_decoal
R12_RCPA,coal_ppl,2030,2035,0.0,sv_2c_buffer_decoal
R12_RCPA,coal_ppl,2030,2040,0.0,sv_2c_buffer_decoal
R12_RCPA,coal_ppl,2030,2045,0.0,sv_2c_buffer_decoal
R12_RCPA,coal_ppl,2030,2050,0.0,sv_2c_buffer_decoal
R12_RCPA,coal_ppl,2030,2055,0.0,sv_2c_buffer_decoal
R12_RCPA,coal_ppl,2035,2035,0.0,sv_2c_buffer_decoal
R12_RCPA,coal_ppl,2035,2040,0.0,sv_2c_buffer_decoal
R12_RCPA,coal_ppl,2035,2045,0.0,sv_2c_buffer_decoal
R12_RCPA,coal_ppl,2035,2050,0.0,sv_2c_buffer_decoal
R12_RCPA,coal_ppl,2035,2055,0.0,sv_2c_buffer_decoal
R12_RCPA,coal_ppl,2035,2060,0.0,sv_2c_buffer_decoal
R12_RCPA,coal_ppl,2040,2040,0.0,sv_2c_buffer_decoal
R12_RCPA,coal_ppl,2040,2045,0.0,sv_2c_buffer_decoal
R12_RCPA,coal_ppl,2040,2050,0.0,sv_2c_buffer_decoal
R12_RCPA,coal_ppl,2040,2055,0.0,sv_2c_buffer_decoal
R12_RCPA,coal_ppl,2040,2060,0.0,sv_2c_buffer_decoal
R12_RCPA,coal_ppl,2040,2070,0.0,sv_2c_buffer_decoal
R12_RCPA,coal_ppl,2045,2045,0.0,sv_2c_buffer_decoal
R12_RCPA,coal_ppl,2045,2050,0.0,sv_2c_buffer_decoal
R12_RCPA,coal_ppl,2045,2055,0.0,sv_2c_buffer_decoal
R12_RCPA,coal_ppl,2045,2060,0.0,sv_2c_buffer_decoal
R12_RCPA,coal_ppl,2045,2070,0.0,sv_2c_buffer_decoal
R12_RCPA,coal_ppl,2050,2050,0.0,sv_2c_buffer_decoal
R12_RCPA,coal_ppl,2050,2055,0.0,sv_2c_buffer_decoal
R12_RCPA,coal_ppl,2050,2060,0.0,sv_2c_buffer_decoal
R12_RCPA,coal_ppl,2050,2070,0.0,sv_2c_buffer_decoal
R12_RCPA,coal_ppl,2050,2080,0.0,sv_2c_buffer_decoal
R12_RCPA,coal_ppl,2055,2055,0.0,sv_2c_buffer_decoal
R12_RCPA,coal_ppl,2055,2060,0.0,sv_2c_buffer_decoal
R12_RCPA,coal_ppl,2055,2070,0.0,sv_2c_buffer_decoal
R12_RCPA,coal_ppl,2055,2080,0.0,sv_2c_buffer_decoal
R12_RCPA,coal_ppl,2060,2060,0.0,sv_2c_buffer_decoal
R12_RCPA,coal_ppl,2060,2070,0.0,sv_2c_buffer_decoal
R12_RCPA,coal_ppl,2060,2080,0.0,sv_2c_buffer_decoal
R12_RCPA,coal_ppl,2060,2090,0.0,sv_2c_buffer_decoal
R12_RCPA,coal_ppl,2070,2070,0.0,sv_2c_buffer_decoal
R12_RCPA,coal_ppl,2070,2080,0.0,sv_2c_buffer_decoal
R12_RCPA,coal_ppl,2070,2090,0.0,sv_2c_buffer_decoal
R12_RCPA,coal_ppl,2080,2080,0.0,sv_2c_buffer_decoal
R12_RCPA,coal_ppl,2080,2090,0.0,sv_2c_buffer_decoal
R12_RCPA,coal_ppl,2080,2100,0.0,sv_2c_buffer_decoal
R12_RCPA,coal_ppl,2090,2090,0.0,sv_2c_buffer_decoal
R12_RCPA,coal_ppl,2090,2100,0.0,sv_2c_buffer_decoal
R12_RCPA,coal_ppl,2090,2110,0.0,sv_2c_buffer_decoal
R12_RCPA,coal_ppl,2100,2100,0.0,sv_2c_buffer_decoal
R12_RCPA,coal_ppl,2100,2110,0.0,sv_2c_buffer_decoal
R12_RCPA,coal_ppl,2110,2110,0.0,sv_2c_buffer_decoal
R12_RCPA,coal_ppl_u,1960,1960,0.0,sv_2c_buffer_decoal
R12_RCPA,coal_ppl_u,1965,1965,0.0,sv_2c_buffer_decoal
R12_RCPA,coal_ppl_u,1970,1970,0.0,sv_2c_buffer_decoal
R12_RCPA,coal_ppl_u,1970,2030,0.358,sv_2c_buffer_decoal
R12_RCPA,coal_ppl_u,1975,1975,0.0,sv_2c_buffer_decoal
R12_RCPA,coal_ppl_u,1975,2030,1.401,sv_2c_buffer_decoal
R12_RCPA,coal_ppl_u,1980,1980,0.0,sv_2c_buffer_decoal
R12_RCPA,coal_ppl_u,1980,2030,0.4099999999999999,sv_2c_buffer_decoal
R12_RCPA,coal_ppl_u,1980,2035,0.0,sv_2c_buffer_decoal
R12_RCPA,coal_ppl_u,1985,1985,0.0,sv_2c_buffer_decoal
R12_RCPA,coal_ppl_u,1985,2030,1.404,sv_2c_buffer_decoal
R12_RCPA,coal_ppl_u,1985,2035,0.0,sv_2c_buffer_decoal
R12_RCPA,coal_ppl_u,1990,1990,0.0,sv_2c_buffer_decoal
R12_RCPA,coal_ppl_u,1990,2030,0.468,sv_2c_buffer_decoal
R12_RCPA,coal_ppl_u,1990,2035,0.0,sv_2c_buffer_decoal
R12_RCPA,coal_ppl_u,1990,2040,0.0,sv_2c_buffer_decoal
R12_RCPA,coal_ppl_u,1995,1995,0.0,sv_2c_buffer_decoal
R12_RCPA,coal_ppl_u,1995,2030,0.2,sv_2c_buffer_decoal
R12_RCPA,coal_ppl_u,1995,2035,0.0,sv_2c_buffer_decoal
R12_RCPA,coal_ppl_u,1995,2040,0.0,sv_2c_buffer_decoal
R12_RCPA,coal_ppl_u,2000,2000,0.0,sv_2c_buffer_decoal
R12_RCPA,coal_ppl_u,2000,2030,0.056,sv_2c_buffer_decoal
R12_RCPA,coal_ppl_u,2000,2035,0.0,sv_2c_buffer_decoal
R12_RCPA,coal_ppl_u,2000,2040,0.0,sv_2c_buffer_decoal
R12_RCPA,coal_ppl_u,2000,2045,0.0,sv_2c_buffer_decoal
R12_RCPA,coal_ppl_u,2005,2005,0.0,sv_2c_buffer_decoal
R12_RCPA,coal_ppl_u,2005,2030,0.1,sv_2c_buffer_decoal
R12_RCPA,coal_ppl_u,2005,2035,0.0,sv_2c_buffer_decoal
R12_RCPA,coal_ppl_u,2005,2040,0.0,sv_2c_buffer_decoal
R12_RCPA,coal_ppl_u,2005,2045,0.0,sv_2c_buffer_decoal
R12_RCPA,coal_ppl_u,2010,2010,0.0,sv_2c_buffer_decoal
R12_RCPA,coal_ppl_u,2010,2030,1.5300999999999998,sv_2c_buffer_decoal
R12_RCPA,coal_ppl_u,2010,2035,0.0,sv_2c_buffer_decoal
R12_RCPA,coal_ppl_u,2010,2040,0.0,sv_2c_buffer_decoal
R12_RCPA,coal_ppl_u,2010,2045,0.0,sv_2c_buffer_decoal
R12_RCPA,coal_ppl_u,2010,2050,0.0,sv_2c_buffer_decoal
R12_RCPA,coal_ppl_u,2015,2015,0.0,sv_2c_buffer_decoal
R12_RCPA,coal_ppl_u,2015,2030,10.072000000000001,sv_2c_buffer_decoal
R12_RCPA,coal_ppl_u,2015,2035,9.784416920669944,sv_2c_buffer_decoal
R12_RCPA,coal_ppl_u,2015,2040,4.909951275042585,sv_2c_buffer_decoal
R12_RCPA,coal_ppl_u,2015,2045,0.0,sv_2c_buffer_decoal
R12_RCPA,coal_ppl_u,2020,2020,0.0,sv_2c_buffer_decoal
R12_RCPA,coal_ppl_u,2020,2030,3.2540000000000004,sv_2c_buffer_decoal
R12_RCPA,coal_ppl_u,2020,2035,3.2540000000000004,sv_2c_buffer_decoal
R12_RCPA,coal_ppl_u,2020,2040,3.2540000000000004,sv_2c_buffer_decoal
R12_RCPA,coal_ppl_u,2020,2045,3.2540000000000004,sv_2c_buffer_decoal
R12_RCPA,coal_ppl_u,2025,2025,0.0,sv_2c_buffer_decoal
R12_RCPA,coal_ppl_u,2025,2030,0.0,sv_2c_buffer_decoal
R12_RCPA,coal_ppl_u,2025,2035,0.0,sv_2c_buffer_decoal
R12_RCPA,coal_ppl_u,2025,2040,0.0,sv_2c_buffer_decoal
R12_RCPA,coal_ppl_u,2025,2045,0.0,sv_2c_buffer_decoal
R12_RCPA,coal_ppl_u,2025,2050,0.0,sv_2c_buffer_decoal
R12_RCPA,coal_ppl_u,2030,2030,4.14406174133802,sv_2c_buffer_decoal
R12_RCPA,coal_ppl_u,2030,2035,4.14406174133802,sv_2c_buffer_decoal
R12_RCPA,coal_ppl_u,2030,2040,4.14406174133802,sv_2c_buffer_decoal
R12_RCPA,coal_ppl_u,2030,2045,4.14406174133802,sv_2c_buffer_decoal
R12_RCPA,coal_ppl_u,2030,2050,4.14406174133802,sv_2c_buffer_decoal
R12_RCPA,coal_ppl_u,2030,2055,0.0,sv_2c_buffer_decoal
R12_RCPA,coal_ppl_u,2035,2035,0.0,sv_2c_buffer_decoal
R12_RCPA,coal_ppl_u,2035,2040,0.0,sv_2c_buffer_decoal
R12_RCPA,coal_ppl_u,2035,2045,0.0,sv_2c_buffer_decoal
R12_RCPA,coal_ppl_u,2035,2050,0.0,sv_2c_buffer_decoal
R12_RCPA,coal_ppl_u,2035,2055,0.0,sv_2c_buffer_decoal
R12_RCPA,coal_ppl_u,2035,2060,0.0,sv_2c_buffer_decoal
R12_RCPA,coal_ppl_u,2040,2040,0.0,sv_2c_buffer_decoal
R12_RCPA,coal_ppl_u,2040,2045,0.0,sv_2c_buffer_decoal
R12_RCPA,coal_ppl_u,2040,2050,0.0,sv_2c_buffer_decoal
R12_RCPA,coal_ppl_u,2040,2055,0.0,sv_2c_buffer_decoal
R12_RCPA,coal_ppl_u,2040,2060,0.0,sv_2c_buffer_decoal
R12_RCPA,coal_ppl_u,2040,2070,0.0,sv_2c_buffer_decoal
R12_RCPA,coal_ppl_u,2045,2045,0.0,sv_2c_buffer_decoal
R12_RCPA,coal_ppl_u,2045,2050,0.0,sv_2c_buffer_decoal
R12_RCPA,coal_ppl_u,2045,2055,0.0,sv_2c_buffer_decoal
R12_RCPA,coal_ppl_u,2045,2060,0.0,sv_2c_buffer_decoal
R12_RCPA,coal_ppl_u,2045,2070,0.0,sv_2c_buffer_decoal
R12_RCPA,coal_ppl_u,2050,2050,0.0,sv_2c_buffer_decoal
R12_RCPA,coal_ppl_u,2050,2055,0.0,sv_2c_buffer_decoal
R12_RCPA,coal_ppl_u,2050,2060,0.0,sv_2c_buffer_decoal
R12_RCPA,coal_ppl_u,2050,2070,0.0,sv_2c_buffer_decoal
R12_RCPA,coal_ppl_u,2050,2080,0.0,sv_2c_buffer_decoal
R12_RCPA,coal_ppl_u,2055,2055,0.0,sv_2c_buffer_decoal
R12_RCPA,coal_ppl_u,2055,2060,0.0,sv_2c_buffer_decoal
R12_RCPA,coal_ppl_u,2055,2070,0.0,sv_2c_buffer_decoal
R12_RCPA,coal_ppl_u,2055,2080,0.0,sv_2c_buffer_decoal
R12_RCPA,coal_ppl_u,2060,2060,0.0,sv_2c_buffer_decoal
R12_RCPA,coal_ppl_u,2060,2070,0.0,sv_2c_buffer_decoal
R12_RCPA,coal_ppl_u,2060,2080,0.0,sv_2c_buffer_decoal
R12_RCPA,coal_ppl_u,2060,2090,0.0,sv_2c_buffer_decoal
R12_RCPA,coal_ppl_u,2070,2070,0.0,sv_2c_buffer_decoal
R12_RCPA,coal_ppl_u,2070,2080,0.0,sv_2c_buffer_decoal
R12_RCPA,coal_ppl_u,2070,2090,0.0,sv_2c_buffer_decoal
R12_RCPA,coal_ppl_u,2080,2080,0.0,sv_2c_buffer_decoal
R12_RCPA,coal_ppl_u,2080,2090,0.0,sv_2c_buffer_decoal
R12_RCPA,coal_ppl_u,2080,2100,0.0,sv_2c_buffer_decoal
R12_RCPA,coal_ppl_u,2090,2090,0.0,sv_2c_buffer_decoal
R12_RCPA,coal_ppl_u,2090,2100,0.0,sv_2c_buffer_decoal
R12_RCPA,coal_ppl_u,2090,2110,0.0,sv_2c_buffer_decoal
R12_RCPA,coal_ppl_u,2100,2100,0.0,sv_2c_buffer_decoal
R12_RCPA,coal_ppl_u,2100,2110,0.0,sv_2c_buffer_decoal
R12_RCPA,coal_ppl_u,2110,2110,0.0,sv_2c_buffer_decoal
R12_RCPA,igcc,2010,2010,0.0,sv_2c_buffer_decoal
R12_RCPA,igcc,2010,2030,0.0,sv_2c_buffer_decoal
R12_RCPA,igcc,2010,2035,0.0,sv_2c_buffer_decoal
R12_RCPA,igcc,2015,2015,0.0,sv_2c_buffer_decoal
R12_RCPA,igcc,2015,2030,0.0,sv_2c_buffer_decoal
R12_RCPA,igcc,2015,2035,0.0,sv_2c_buffer_decoal
R12_RCPA,igcc,2015,2040,0.0,sv_2c_buffer_decoal
R12_RCPA,igcc,2020,2020,0.0,sv_2c_buffer_decoal
R12_RCPA,igcc,2020,2030,0.0,sv_2c_buffer_decoal
R12_RCPA,igcc,2020,2035,0.0,sv_2c_buffer_decoal
R12_RCPA,igcc,2020,2040,0.0,sv_2c_buffer_decoal
R12_RCPA,igcc,2020,2045,0.0,sv_2c_buffer_decoal
R12_RCPA,igcc,2025,2025,0.0,sv_2c_buffer_decoal
R12_RCPA,igcc,2025,2030,0.0,sv_2c_buffer_decoal
R12_RCPA,igcc,2025,2035,0.0,sv_2c_buffer_decoal
R12_RCPA,igcc,2025,2040,0.0,sv_2c_buffer_decoal
R12_RCPA,igcc,2025,2045,0.0,sv_2c_buffer_decoal
R12_RCPA,igcc,2025,2050,0.0,sv_2c_buffer_decoal
R12_RCPA,igcc,2030,2030,0.0,sv_2c_buffer_decoal
R12_RCPA,igcc,2030,2035,0.0,sv_2c_buffer_decoal
R12_RCPA,igcc,2030,2040,0.0,sv_2c_buffer_decoal
R12_RCPA,igcc,2030,2045,0.0,sv_2c_buffer_decoal
R12_RCPA,igcc,2030,2050,0.0,sv_2c_buffer_decoal
R12_RCPA,igcc,2030,2055,0.0,sv_2c_buffer_decoal
R12_RCPA,igcc,2035,2035,0.0,sv_2c_buffer_decoal
R12_RCPA,igcc,2035,2040,0.0,sv_2c_buffer_decoal
R12_RCPA,igcc,2035,2045,0.0,sv_2c_buffer_decoal
R12_RCPA,igcc,2035,2050,0.0,sv_2c_buffer_decoal
R12_RCPA,igcc,2035,2055,0.0,sv_2c_buffer_decoal
R12_RCPA,igcc,2035,2060,0.0,sv_2c_buffer_decoal
R12_RCPA,igcc,2040,2040,0.0,sv_2c_buffer_decoal
R12_RCPA,igcc,2040,2045,0.0,sv_2c_buffer_decoal
R12_RCPA,igcc,2040,2050,0.0,sv_2c_buffer_decoal
R12_RCPA,igcc,2040,2055,0.0,sv_2c_buffer_decoal
R12_RCPA,igcc,2040,2060,0.0,sv_2c_buffer_decoal
R12_RCPA,igcc,2040,2070,0.0,sv_2c_buffer_decoal
R12_RCPA,igcc,2045,2045,0.0,sv_2c_buffer_decoal
R12_RCPA,igcc,2045,2050,0.0,sv_2c_buffer_decoal
R12_RCPA,igcc,2045,2055,0.0,sv_2c_buffer_decoal
R12_RCPA,igcc,2045,2060,0.0,sv_2c_buffer_decoal
R12_RCPA,igcc,2045,2070,0.0,sv_2c_buffer_decoal
R12_RCPA,igcc,2050,2050,0.0,sv_2c_buffer_decoal
R12_RCPA,igcc,2050,2055,0.0,sv_2c_buffer_decoal
R12_RCPA,igcc,2050,2060,0.0,sv_2c_buffer_decoal
R12_RCPA,igcc,2050,2070,0.0,sv_2c_buffer_decoal
R12_RCPA,igcc,2050,2080,0.0,sv_2c_buffer_decoal
R12_RCPA,igcc,2055,2055,0.0,sv_2c_buffer_decoal
R12_RCPA,igcc,2055,2060,0.0,sv_2c_buffer_decoal
R12_RCPA,igcc,2055,2070,0.0,sv_2c_buffer_decoal
R12_RCPA,igcc,2055,2080,0.0,sv_2c_buffer_decoal
R12_RCPA,igcc,2060,2060,0.0,sv_2c_buffer_decoal
R12_RCPA,igcc,2060,2070,0.0,sv_2c_buffer_decoal
R12_RCPA,igcc,2060,2080,0.0,sv_2c_buffer_decoal
R12_RCPA,igcc,2060,2090,0.0,sv_2c_buffer_decoal
R12_RCPA,igcc,2070,2070,0.0,sv_2c_buffer_decoal
R12_RCPA,igcc,2070,2080,0.0,sv_2c_buffer_decoal
R12_RCPA,igcc,2070,2090,0.0,sv_2c_buffer_decoal
R12_RCPA,igcc,2080,2080,0.0,sv_2c_buffer_decoal
R12_RCPA,igcc,2080,2090,0.0,sv_2c_buffer_decoal
R12_RCPA,igcc,2080,2100,0.0,sv_2c_buffer_decoal
R12_RCPA,igcc,2090,2090,0.0,sv_2c_buffer_decoal
R12_RCPA,igcc,2090,2100,0.0,sv_2c_buffer_decoal
R12_RCPA,igcc,2090,2110,0.0,sv_2c_buffer_decoal
R12_RCPA,igcc,2100,2100,0.0,sv_2c_buffer_decoal
R12_RCPA,igcc,2100,2110,0.0,sv_2c_buffer_decoal
R12_RCPA,igcc,2110,2110,0.0,sv_2c_buffer_decoal
R12_RCPA,igcc_ccs,2030,2030,0.0,sv_2c_buffer_decoal
R12_RCPA,igcc_ccs,2030,2035,0.0,sv_2c_buffer_decoal
R12_RCPA,igcc_ccs,2030,2040,0.0,sv_2c_buffer_decoal
R12_RCPA,igcc_ccs,2030,2045,0.0,sv_2c_buffer_decoal
R12_RCPA,igcc_ccs,2030,2050,0.0,sv_2c_buffer_decoal
R12_RCPA,igcc_ccs,2030,2055,0.0,sv_2c_buffer_decoal
R12_RCPA,igcc_ccs,2035,2035,0.0,sv_2c_buffer_decoal
R12_RCPA,igcc_ccs,2035,2040,0.0,sv_2c_buffer_decoal
R12_RCPA,igcc_ccs,2035,2045,0.0,sv_2c_buffer_decoal
R12_RCPA,igcc_ccs,2035,2050,0.0,sv_2c_buffer_decoal
R12_RCPA,igcc_ccs,2035,2055,0.0,sv_2c_buffer_decoal
R12_RCPA,igcc_ccs,2035,2060,0.0,sv_2c_buffer_decoal
R12_RCPA,igcc_ccs,2040,2040,0.0,sv_2c_buffer_decoal
R12_RCPA,igcc_ccs,2040,2045,0.0,sv_2c_buffer_decoal
R12_RCPA,igcc_ccs,2040,2050,0.0,sv_2c_buffer_decoal
R12_RCPA,igcc_ccs,2040,2055,0.0,sv_2c_buffer_decoal
R12_RCPA,igcc_ccs,2040,2060,0.0,sv_2c_buffer_decoal
R12_RCPA,igcc_ccs,2040,2070,0.0,sv_2c_buffer_decoal
R12_RCPA,igcc_ccs,2045,2045,0.0,sv_2c_buffer_decoal
R12_RCPA,igcc_ccs,2045,2050,0.0,sv_2c_buffer_decoal
R12_RCPA,igcc_ccs,2045,2055,0.0,sv_2c_buffer_decoal
R12_RCPA,igcc_ccs,2045,2060,0.0,sv_2c_buffer_decoal
R12_RCPA,igcc_ccs,2045,2070,0.0,sv_2c_buffer_decoal
R12_RCPA,igcc_ccs,2050,2050,0.0,sv_2c_buffer_decoal
R12_RCPA,igcc_ccs,2050,2055,0.0,sv_2c_buffer_decoal
R12_RCPA,igcc_ccs,2050,2060,0.0,sv_2c_buffer_decoal
R12_RCPA,igcc_ccs,2050,2070,0.0,sv_2c_buffer_decoal
R12_RCPA,igcc_ccs,2050,2080,0.0,sv_2c_buffer_decoal
R12_RCPA,igcc_ccs,2055,2055,0.0,sv_2c_buffer_decoal
R12_RCPA,igcc_ccs,2055,2060,0.0,sv_2c_buffer_decoal
R12_RCPA,igcc_ccs,2055,2070,0.0,sv_2c_buffer_decoal
R12_RCPA,igcc_ccs,2055,2080,0.0,sv_2c_buffer_decoal
R12_RCPA,igcc_ccs,2060,2060,0.0,sv_2c_buffer_decoal
R12_RCPA,igcc_ccs,2060,2070,0.0,sv_2c_buffer_decoal
R12_RCPA,igcc_ccs,2060,2080,0.0,sv_2c_buffer_decoal
R12_RCPA,igcc_ccs,2060,2090,0.0,sv_2c_buffer_decoal
R12_RCPA,igcc_ccs,2070,2070,0.0,sv_2c_buffer_decoal
R12_RCPA,igcc_ccs,2070,2080,0.0,sv_2c_buffer_decoal
R12_RCPA,igcc_ccs,2070,2090,0.0,sv_2c_buffer_decoal
R12_RCPA,igcc_ccs,2080,2080,0.0,sv_2c_buffer_decoal
R12_RCPA,igcc_ccs,2080,2090,0.0,sv_2c_buffer_decoal
R12_RCPA,igcc_ccs,2080,2100,0.0,sv_2c_buffer_decoal
R12_RCPA,igcc_ccs,2090,2090,0.0,sv_2c_buffer_decoal
R12_RCPA,igcc_ccs,2090,2100,0.0,sv_2c_buffer_decoal
R12_RCPA,igcc_ccs,2090,2110,0.0,sv_2c_buffer_decoal
R12_RCPA,igcc_ccs,2100,2100,0.0,sv_2c_buffer_decoal
R12_RCPA,igcc_ccs,2100,2110,0.0,sv_2c_buffer_decoal
R12_RCPA,igcc_ccs,2110,2110,0.0,sv_2c_buffer_decoal
R12_RCPA,coal_adv_cfNH3,1980,1980,0.0,sv_2c_buffer_decoal
R12_RCPA,coal_adv_cfNH3,1985,1985,0.0,sv_2c_buffer_decoal
R12_RCPA,coal_adv_cfNH3,1990,1990,0.0,sv_2c_buffer_decoal
R12_RCPA,coal_adv_cfNH3,1995,1995,0.0,sv_2c_buffer_decoal
R12_RCPA,coal_adv_cfNH3,2000,2000,0.0,sv_2c_buffer_decoal
R12_RCPA,coal_adv_cfNH3,2005,2005,0.0,sv_2c_buffer_decoal
R12_RCPA,coal_adv_cfNH3,2005,2030,0.0,sv_2c_buffer_decoal
R12_RCPA,coal_adv_cfNH3,2010,2010,0.0,sv_2c_buffer_decoal
R12_RCPA,coal_adv_cfNH3,2010,2030,0.0,sv_2c_buffer_decoal
R12_RCPA,coal_adv_cfNH3,2010,2035,0.0,sv_2c_buffer_decoal
R12_RCPA,coal_adv_cfNH3,2015,2015,0.0,sv_2c_buffer_decoal
R12_RCPA,coal_adv_cfNH3,2015,2030,0.0,sv_2c_buffer_decoal
R12_RCPA,coal_adv_cfNH3,2015,2035,0.0,sv_2c_buffer_decoal
R12_RCPA,coal_adv_cfNH3,2015,2040,0.0,sv_2c_buffer_decoal
R12_RCPA,coal_adv_cfNH3,2020,2020,0.0,sv_2c_buffer_decoal
R12_RCPA,coal_adv_cfNH3,2020,2030,0.0,sv_2c_buffer_decoal
R12_RCPA,coal_adv_cfNH3,2020,2035,0.0,sv_2c_buffer_decoal
R12_RCPA,coal_adv_cfNH3,2020,2040,0.0,sv_2c_buffer_decoal
R12_RCPA,coal_adv_cfNH3,2020,2045,0.0,sv_2c_buffer_decoal
R12_RCPA,coal_adv_cfNH3,2025,2025,0.0,sv_2c_buffer_decoal
R12_RCPA,coal_adv_cfNH3,2025,2030,0.0,sv_2c_buffer_decoal
R12_RCPA,coal_adv_cfNH3,2025,2035,0.0,sv_2c_buffer_decoal
R12_RCPA,coal_adv_cfNH3,2025,2040,0.0,sv_2c_buffer_decoal
R12_RCPA,coal_adv_cfNH3,2025,2045,0.0,sv_2c_buffer_decoal
R12_RCPA,coal_adv_cfNH3,2025,2050,0.0,sv_2c_buffer_decoal
R12_RCPA,coal_adv_cfNH3,2030,2030,0.0,sv_2c_buffer_decoal
R12_RCPA,coal_adv_cfNH3,2030,2035,0.0,sv_2c_buffer_decoal
R12_RCPA,coal_adv_cfNH3,2030,2040,0.0,sv_2c_buffer_decoal
R12_RCPA,coal_adv_cfNH3,2030,2045,0.0,sv_2c_buffer_decoal
R12_RCPA,coal_adv_cfNH3,2030,2050,0.0,sv_2c_buffer_decoal
R12_RCPA,coal_adv_cfNH3,2030,2055,0.0,sv_2c_buffer_decoal
R12_RCPA,coal_adv_cfNH3,2035,2035,0.0,sv_2c_buffer_decoal
R12_RCPA,coal_adv_cfNH3,2035,2040,0.0,sv_2c_buffer_decoal
R12_RCPA,coal_adv_cfNH3,2035,2045,0.0,sv_2c_buffer_decoal
R12_RCPA,coal_adv_cfNH3,2035,2050,0.0,sv_2c_buffer_decoal
R12_RCPA,coal_adv_cfNH3,2035,2055,0.0,sv_2c_buffer_decoal
R12_RCPA,coal_adv_cfNH3,2035,2060,0.0,sv_2c_buffer_decoal
R12_RCPA,coal_adv_cfNH3,2040,2040,0.0,sv_2c_buffer_decoal
R12_RCPA,coal_adv_cfNH3,2040,2045,0.0,sv_2c_buffer_decoal
R12_RCPA,coal_adv_cfNH3,2040,2050,0.0,sv_2c_buffer_decoal
R12_RCPA,coal_adv_cfNH3,2040,2055,0.0,sv_2c_buffer_decoal
R12_RCPA,coal_adv_cfNH3,2040,2060,0.0,sv_2c_buffer_decoal
R12_RCPA,coal_adv_cfNH3,2040,2070,0.0,sv_2c_buffer_decoal
R12_RCPA,coal_adv_cfNH3,2045,2045,0.0,sv_2c_buffer_decoal
R12_RCPA,coal_adv_cfNH3,2045,2050,0.0,sv_2c_buffer_decoal
R12_RCPA,coal_adv_cfNH3,2045,2055,0.0,sv_2c_buffer_decoal
R12_RCPA,coal_adv_cfNH3,2045,2060,0.0,sv_2c_buffer_decoal
R12_RCPA,coal_adv_cfNH3,2045,2070,0.0,sv_2c_buffer_decoal
R12_RCPA,coal_adv_cfNH3,2050,2050,0.0,sv_2c_buffer_decoal
R12_RCPA,coal_adv_cfNH3,2050,2055,0.0,sv_2c_buffer_decoal
R12_RCPA,coal_adv_cfNH3,2050,2060,0.0,sv_2c_buffer_decoal
R12_RCPA,coal_adv_cfNH3,2050,2070,0.0,sv_2c_buffer_decoal
R12_RCPA,coal_adv_cfNH3,2050,2080,0.0,sv_2c_buffer_decoal
R12_RCPA,coal_adv_cfNH3,2055,2055,0.0,sv_2c_buffer_decoal
R12_RCPA,coal_adv_cfNH3,2055,2060,0.0,sv_2c_buffer_decoal
R12_RCPA,coal_adv_cfNH3,2055,2070,0.0,sv_2c_buffer_decoal
R12_RCPA,coal_adv_cfNH3,2055,2080,0.0,sv_2c_buffer_decoal
R12_RCPA,coal_adv_cfNH3,2060,2060,0.0,sv_2c_buffer_decoal
R12_RCPA,coal_adv_cfNH3,2060,2070,0.0,sv_2c_buffer_decoal
R12_RCPA,coal_adv_cfNH3,2060,2080,0.0,sv_2c_buffer_decoal
R12_RCPA,coal_adv_cfNH3,2060,2090,0.0,sv_2c_buffer_decoal
R12_RCPA,coal_adv_cfNH3,2070,2070,0.0,sv_2c_buffer_decoal
R12_RCPA,coal_adv_cfNH3,2070,2080,0.0,sv_2c_buffer_decoal
R12_RCPA,coal_adv_cfNH3,2070,2090,0.0,sv_2c_buffer_decoal
R12_RCPA,coal_adv_cfNH3,2080,2080,0.0,sv_2c_buffer_decoal
R12_RCPA,coal_adv_cfNH3,2080,2090,0.0,sv_2c_buffer_decoal
R12_RCPA,coal_adv_cfNH3,2080,2100,0.0,sv_2c_buffer_decoal
R12_RCPA,coal_adv_cfNH3,2090,2090,0.0,sv_2c_buffer_decoal
R12_RCPA,coal_adv_cfNH3,2090,2100,0.0,sv_2c_buffer_decoal
R12_RCPA,coal_adv_cfNH3,2090,2110,0.0,sv_2c_buffer_decoal
R12_RCPA,coal_adv_cfNH3,2100,2100,0.0,sv_2c_buffer_decoal
R12_RCPA,coal_adv_cfNH3,2100,2110,0.0,sv_2c_buffer_decoal
R12_RCPA,coal_adv_cfNH3,2110,2110,0.0,sv_2c_buffer_decoal
R12_RCPA,coal_ppl_u_cfNH3,1960,1960,0.0,sv_2c_buffer_decoal
R12_RCPA,coal_ppl_u_cfNH3,1965,1965,0.0,sv_2c_buffer_decoal
R12_RCPA,coal_ppl_u_cfNH3,1970,1970,0.0,sv_2c_buffer_decoal
R12_RCPA,coal_ppl_u_cfNH3,1970,2030,0.0,sv_2c_buffer_decoal
R12_RCPA,coal_ppl_u_cfNH3,1975,1975,0.0,sv_2c_buffer_decoal
R12_RCPA,coal_ppl_u_cfNH3,1975,2030,0.0,sv_2c_buffer_decoal
R12_RCPA,coal_ppl_u_cfNH3,1980,1980,0.0,sv_2c_buffer_decoal
R12_RCPA,coal_ppl_u_cfNH3,1980,2030,0.0,sv_2c_buffer_decoal
R12_RCPA,coal_ppl_u_cfNH3,1980,2035,0.0,sv_2c_buffer_decoal
R12_RCPA,coal_ppl_u_cfNH3,1985,1985,0.0,sv_2c_buffer_decoal
R12_RCPA,coal_ppl_u_cfNH3,1985,2030,0.0,sv_2c_buffer_decoal
R12_RCPA,coal_ppl_u_cfNH3,1985,2035,0.0,sv_2c_buffer_decoal
R12_RCPA,coal_ppl_u_cfNH3,1990,1990,0.0,sv_2c_buffer_decoal
R12_RCPA,coal_ppl_u_cfNH3,1990,2030,0.0,sv_2c_buffer_decoal
R12_RCPA,coal_ppl_u_cfNH3,1990,2035,0.0,sv_2c_buffer_decoal
R12_RCPA,coal_ppl_u_cfNH3,1990,2040,0.0,sv_2c_buffer_decoal
R12_RCPA,coal_ppl_u_cfNH3,1995,1995,0.0,sv_2c_buffer_decoal
R12_RCPA,coal_ppl_u_cfNH3,1995,2030,0.0,sv_2c_buffer_decoal
R12_RCPA,coal_ppl_u_cfNH3,1995,2035,0.0,sv_2c_buffer_decoal
R12_RCPA,coal_ppl_u_cfNH3,1995,2040,0.0,sv_2c_buffer_decoal
R12_RCPA,coal_ppl_u_cfNH3,2000,2000,0.0,sv_2c_buffer_decoal
R12_RCPA,coal_ppl_u_cfNH3,2000,2030,0.0,sv_2c_buffer_decoal
R12_RCPA,coal_ppl_u_cfNH3,2000,2035,0.0,sv_2c_buffer_decoal
R12_RCPA,coal_ppl_u_cfNH3,2000,2040,0.0,sv_2c_buffer_decoal
R12_RCPA,coal_ppl_u_cfNH3,2000,2045,0.0,sv_2c_buffer_decoal
R12_RCPA,coal_ppl_u_cfNH3,2005,2005,0.0,sv_2c_buffer_decoal
R12_RCPA,coal_ppl_u_cfNH3,2005,2030,0.0,sv_2c_buffer_decoal
R12_RCPA,coal_ppl_u_cfNH3,2005,2035,0.0,sv_2c_buffer_decoal
R12_RCPA,coal_ppl_u_cfNH3,2005,2040,0.0,sv_2c_buffer_decoal
R12_RCPA,coal_ppl_u_cfNH3,2005,2045,0.0,sv_2c_buffer_decoal
R12_RCPA,coal_ppl_u_cfNH3,2010,2010,0.0,sv_2c_buffer_decoal
R12_RCPA,coal_ppl_u_cfNH3,2010,2030,0.0,sv_2c_buffer_decoal
R12_RCPA,coal_ppl_u_cfNH3,2010,2035,0.0,sv_2c_buffer_decoal
R12_RCPA,coal_ppl_u_cfNH3,2010,2040,0.0,sv_2c_buffer_decoal
R12_RCPA,coal_ppl_u_cfNH3,2010,2045,0.0,sv_2c_buffer_decoal
R12_RCPA,coal_ppl_u_cfNH3,2010,2050,0.0,sv_2c_buffer_decoal
R12_RCPA,coal_ppl_u_cfNH3,2015,2015,0.0,sv_2c_buffer_decoal
R12_RCPA,coal_ppl_u_cfNH3,2015,2030,0.0,sv_2c_buffer_decoal
R12_RCPA,coal_ppl_u_cfNH3,2015,2035,0.0,sv_2c_buffer_decoal
R12_RCPA,coal_ppl_u_cfNH3,2015,2040,0.0,sv_2c_buffer_decoal
R12_RCPA,coal_ppl_u_cfNH3,2015,2045,0.0,sv_2c_buffer_decoal
R12_RCPA,coal_ppl_u_cfNH3,2020,2020,0.0,sv_2c_buffer_decoal
R12_RCPA,coal_ppl_u_cfNH3,2020,2030,0.0,sv_2c_buffer_decoal
R12_RCPA,coal_ppl_u_cfNH3,2020,2035,0.0,sv_2c_buffer_decoal
R12_RCPA,coal_ppl_u_cfNH3,2020,2040,0.0,sv_2c_buffer_decoal
R12_RCPA,coal_ppl_u_cfNH3,2020,2045,0.0,sv_2c_buffer_decoal
R12_RCPA,coal_ppl_u_cfNH3,2025,2025,0.0,sv_2c_buffer_decoal
R12_RCPA,coal_ppl_u_cfNH3,2025,2030,0.0,sv_2c_buffer_decoal
R12_RCPA,coal_ppl_u_cfNH3,2025,2035,0.0,sv_2c_buffer_decoal
R12_RCPA,coal_ppl_u_cfNH3,2025,2040,0.0,sv_2c_buffer_decoal
R12_RCPA,coal_ppl_u_cfNH3,2025,2045,0.0,sv_2c_buffer_decoal
R12_RCPA,coal_ppl_u_cfNH3,2025,2050,0.0,sv_2c_buffer_decoal
R12_RCPA,coal_ppl_u_cfNH3,2030,2030,0.0,sv_2c_buffer_decoal
R12_RCPA,coal_ppl_u_cfNH3,2030,2035,0.0,sv_2c_buffer_decoal
R12_RCPA,coal_ppl_u_cfNH3,2030,2040,0.0,sv_2c_buffer_decoal
R12_RCPA,coal_ppl_u_cfNH3,2030,2045,0.0,sv_2c_buffer_decoal
R12_RCPA,coal_ppl_u_cfNH3,2030,2050,0.0,sv_2c_buffer_decoal
R12_RCPA,coal_ppl_u_cfNH3,2030,2055,0.0,sv_2c_buffer_decoal
R12_RCPA,coal_ppl_u_cfNH3,2035,2035,0.0,sv_2c_buffer_decoal
R12_RCPA,coal_ppl_u_cfNH3,2035,2040,0.0,sv_2c_buffer_decoal
R12_RCPA,coal_ppl_u_cfNH3,2035,2045,0.0,sv_2c_buffer_decoal
R12_RCPA,coal_ppl_u_cfNH3,2035,2050,0.0,sv_2c_buffer_decoal
R12_RCPA,coal_ppl_u_cfNH3,2035,2055,0.0,sv_2c_buffer_decoal
R12_RCPA,coal_ppl_u_cfNH3,2035,2060,0.0,sv_2c_buffer_decoal
R12_RCPA,coal_ppl_u_cfNH3,2040,2040,0.0,sv_2c_buffer_decoal
R12_RCPA,coal_ppl_u_cfNH3,2040,2045,0.0,sv_2c_buffer_decoal
R12_RCPA,coal_ppl_u_cfNH3,2040,2050,0.0,sv_2c_buffer_decoal
R12_RCPA,coal_ppl_u_cfNH3,2040,2055,0.0,sv_2c_buffer_decoal
R12_RCPA,coal_ppl_u_cfNH3,2040,2060,0.0,sv_2c_buffer_decoal
R12_RCPA,coal_ppl_u_cfNH3,2040,2070,0.0,sv_2c_buffer_decoal
R12_RCPA,coal_ppl_u_cfNH3,2045,2045,0.0,sv_2c_buffer_decoal
R12_RCPA,coal_ppl_u_cfNH3,2045,2050,0.0,sv_2c_buffer_decoal
R12_RCPA,coal_ppl_u_cfNH3,2045,2055,0.0,sv_2c_buffer_decoal
R12_RCPA,coal_ppl_u_cfNH3,2045,2060,0.0,sv_2c_buffer_decoal
R12_RCPA,coal_ppl_u_cfNH3,2045,2070,0.0,sv_2c_buffer_decoal
R12_RCPA,coal_ppl_u_cfNH3,2050,2050,0.0,sv_2c_buffer_decoal
R12_RCPA,coal_ppl_u_cfNH3,2050,2055,0.0,sv_2c_buffer_decoal
R12_RCPA,coal_ppl_u_cfNH3,2050,2060,0.0,sv_2c_buffer_decoal
R12_RCPA,coal_ppl_u_cfNH3,2050,2070,0.0,sv_2c_buffer_decoal
R12_RCPA,coal_ppl_u_cfNH3,2050,2080,0.0,sv_2c_buffer_decoal
R12_RCPA,coal_ppl_u_cfNH3,2055,2055,0.0,sv_2c_buffer_decoal
R12_RCPA,coal_ppl_u_cfNH3,2055,2060,0.0,sv_2c_buffer_decoal
R12_RCPA,coal_ppl_u_cfNH3,2055,2070,0.0,sv_2c_buffer_decoal
R12_RCPA,coal_ppl_u_cfNH3,2055,2080,0.0,sv_2c_buffer_decoal
R12_RCPA,coal_ppl_u_cfNH3,2060,2060,0.0,sv_2c_buffer_decoal
R12_RCPA,coal_ppl_u_cfNH3,2060,2070,0.0,sv_2c_buffer_decoal
R12_RCPA,coal_ppl_u_cfNH3,2060,2080,0.0,sv_2c_buffer_decoal
R12_RCPA,coal_ppl_u_cfNH3,2060,2090,0.0,sv_2c_buffer_decoal
R12_RCPA,coal_ppl_u_cfNH3,2070,2070,0.0,sv_2c_buffer_decoal
R12_RCPA,coal_ppl_u_cfNH3,2070,2080,0.0,sv_2c_buffer_decoal
R12_RCPA,coal_ppl_u_cfNH3,2070,2090,0.0,sv_2c_buffer_decoal
R12_RCPA,coal_ppl_u_cfNH3,2080,2080,0.0,sv_2c_buffer_decoal
R12_RCPA,coal_ppl_u_cfNH3,2080,2090,0.0,sv_2c_buffer_decoal
R12_RCPA,coal_ppl_u_cfNH3,2080,2100,0.0,sv_2c_buffer_decoal
R12_RCPA,coal_ppl_u_cfNH3,2090,2090,0.0,sv_2c_buffer_decoal
R12_RCPA,coal_ppl_u_cfNH3,2090,2100,0.0,sv_2c_buffer_decoal
R12_RCPA,coal_ppl_u_cfNH3,2090,2110,0.0,sv_2c_buffer_decoal
R12_RCPA,coal_ppl_u_cfNH3,2100,2100,0.0,sv_2c_buffer_decoal
R12_RCPA,coal_ppl_u_cfNH3,2100,2110,0.0,sv_2c_buffer_decoal
R12_RCPA,coal_ppl_u_cfNH3,2110,2110,0.0,sv_2c_buffer_decoal
R12_RCPA,coal_ppl_cfNH3,1980,1980,0.0,sv_2c_buffer_decoal
R12_RCPA,coal_ppl_cfNH3,1985,1985,0.0,sv_2c_buffer_decoal
R12_RCPA,coal_ppl_cfNH3,1990,1990,0.0,sv_2c_buffer_decoal
R12_RCPA,coal_ppl_cfNH3,1990,2030,0.0,sv_2c_buffer_decoal
R12_RCPA,coal_ppl_cfNH3,1995,1995,0.0,sv_2c_buffer_decoal
R12_RCPA,coal_ppl_cfNH3,1995,2030,0.0,sv_2c_buffer_decoal
R12_RCPA,coal_ppl_cfNH3,2000,2000,0.0,sv_2c_buffer_decoal
R12_RCPA,coal_ppl_cfNH3,2000,2030,0.0,sv_2c_buffer_decoal
R12_RCPA,coal_ppl_cfNH3,2000,2035,0.0,sv_2c_buffer_decoal
R12_RCPA,coal_ppl_cfNH3,2005,2005,0.0,sv_2c_buffer_decoal
R12_RCPA,coal_ppl_cfNH3,2005,2030,0.0,sv_2c_buffer_decoal
R12_RCPA,coal_ppl_cfNH3,2005,2035,0.0,sv_2c_buffer_decoal
R12_RCPA,coal_ppl_cfNH3,2010,2010,0.0,sv_2c_buffer_decoal
R12_RCPA,coal_ppl_cfNH3,2010,2030,0.0,sv_2c_buffer_decoal
R12_RCPA,coal_ppl_cfNH3,2010,2035,0.0,sv_2c_buffer_decoal
R12_RCPA,coal_ppl_cfNH3,2010,2040,0.0,sv_2c_buffer_decoal
R12_RCPA,coal_ppl_cfNH3,2015,2015,0.0,sv_2c_buffer_decoal
R12_RCPA,coal_ppl_cfNH3,2015,2030,0.0,sv_2c_buffer_decoal
R12_RCPA,coal_ppl_cfNH3,2015,2035,0.0,sv_2c_buffer_decoal
R12_RCPA,coal_ppl_cfNH3,2015,2040,0.0,sv_2c_buffer_decoal
R12_RCPA,coal_ppl_cfNH3,2020,2020,0.0,sv_2c_buffer_decoal
R12_RCPA,coal_ppl_cfNH3,2020,2030,0.0,sv_2c_buffer_decoal
R12_RCPA,coal_ppl_cfNH3,2020,2035,0.0,sv_2c_buffer_decoal
R12_RCPA,coal_ppl_cfNH3,2020,2040,0.0,sv_2c_buffer_decoal
R12_RCPA,coal_ppl_cfNH3,2020,2045,0.0,sv_2c_buffer_decoal
R12_RCPA,coal_ppl_cfNH3,2025,2025,0.0,sv_2c_buffer_decoal
R12_RCPA,coal_ppl_cfNH3,2025,2030,0.0,sv_2c_buffer_decoal
R12_RCPA,coal_ppl_cfNH3,2025,2035,0.0,sv_2c_buffer_decoal
R12_RCPA,coal_ppl_cfNH3,2025,2040,0.0,sv_2c_buffer_decoal
R12_RCPA,coal_ppl_cfNH3,2025,2045,0.0,sv_2c_buffer_decoal
R12_RCPA,coal_ppl_cfNH3,2025,2050,0.0,sv_2c_buffer_decoal
R12_RCPA,coal_ppl_cfNH3,2030,2030,0.0,sv_2c_buffer_decoal
R12_RCPA,coal_ppl_cfNH3,2030,2035,0.0,sv_2c_buffer_decoal
R12_RCPA,coal_ppl_cfNH3,2030,2040,0.0,sv_2c_buffer_decoal
R12_RCPA,coal_ppl_cfNH3,2030,2045,0.0,sv_2c_buffer_decoal
R12_RCPA,coal_ppl_cfNH3,2030,2050,0.0,sv_2c_buffer_decoal
R12_RCPA,coal_ppl_cfNH3,2030,2055,0.0,sv_2c_buffer_decoal
R12_RCPA,coal_ppl_cfNH3,2035,2035,0.0,sv_2c_buffer_decoal
R12_RCPA,coal_ppl_cfNH3,2035,2040,0.0,sv_2c_buffer_decoal
R12_RCPA,coal_ppl_cfNH3,2035,2045,0.0,sv_2c_buffer_decoal
R12_RCPA,coal_ppl_cfNH3,2035,2050,0.0,sv_2c_buffer_decoal
R12_RCPA,coal_ppl_cfNH3,2035,2055,0.0,sv_2c_buffer_decoal
R12_RCPA,coal_ppl_cfNH3,2035,2060,0.0,sv_2c_buffer_decoal
R12_RCPA,coal_ppl_cfNH3,2040,2040,0.0,sv_2c_buffer_decoal
R12_RCPA,coal_ppl_cfNH3,2040,2045,0.0,sv_2c_buffer_decoal
R12_RCPA,coal_ppl_cfNH3,2040,2050,0.0,sv_2c_buffer_decoal
R12_RCPA,coal_ppl_cfNH3,2040,2055,0.0,sv_2c_buffer_decoal
R12_RCPA,coal_ppl_cfNH3,2040,2060,0.0,sv_2c_buffer_decoal
R12_RCPA,coal_ppl_cfNH3,2040,2070,0.0,sv_2c_buffer_decoal
R12_RCPA,coal_ppl_cfNH3,2045,2045,0.0,sv_2c_buffer_decoal
R12_RCPA,coal_ppl_cfNH3,2045,2050,0.0,sv_2c_buffer_decoal
R12_RCPA,coal_ppl_cfNH3,2045,2055,0.0,sv_2c_buffer_decoal
R12_RCPA,coal_ppl_cfNH3,2045,2060,0.0,sv_2c_buffer_decoal
R12_RCPA,coal_ppl_cfNH3,2045,2070,0.0,sv_2c_buffer_decoal
R12_RCPA,coal_ppl_cfNH3,2050,2050,0.0,sv_2c_buffer_decoal
R12_RCPA,coal_ppl_cfNH3,2050,2055,0.0,sv_2c_buffer_decoal
R12_RCPA,coal_ppl_cfNH3,2050,2060,0.0,sv_2c_buffer_decoal
R12_RCPA,coal_ppl_cfNH3,2050,2070,0.0,sv_2c_buffer_decoal
R12_RCPA,coal_ppl_cfNH3,2050,2080,0.0,sv_2c_buffer_decoal
R12_RCPA,coal_ppl_cfNH3,2055,2055,0.0,sv_2c_buffer_decoal
R12_RCPA,coal_ppl_cfNH3,2055,2060,0.0,sv_2c_buffer_decoal
R12_RCPA,coal_ppl_cfNH3,2055,2070,0.0,sv_2c_buffer_decoal
R12_RCPA,coal_ppl_cfNH3,2055,2080,0.0,sv_2c_buffer_decoal
R12_RCPA,coal_ppl_cfNH3,2060,2060,0.0,sv_2c_buffer_decoal
R12_RCPA,coal_ppl_cfNH3,2060,2070,0.0,sv_2c_buffer_decoal
R12_RCPA,coal_ppl_cfNH3,2060,2080,0.0,sv_2c_buffer_decoal
R12_RCPA,coal_ppl_cfNH3,2060,2090,0.0,sv_2c_buffer_decoal
R12_RCPA,coal_ppl_cfNH3,2070,2070,0.0,sv_2c_buffer_decoal
R12_RCPA,coal_ppl_cfNH3,2070,2080,0.0,sv_2c_buffer_decoal
R12_RCPA,coal_ppl_cfNH3,2070,2090,0.0,sv_2c_buffer_decoal
R12_RCPA,coal_ppl_cfNH3,2080,2080,0.0,sv_2c_buffer_decoal
R12_RCPA,coal_ppl_cfNH3,2080,2090,0.0,sv_2c_buffer_decoal
R12_RCPA,coal_ppl_cfNH3,2080,2100,0.0,sv_2c_buffer_decoal
R12_RCPA,coal_ppl_cfNH3,2090,2090,0.0,sv_2c_buffer_decoal
R12_RCPA,coal_ppl_cfNH3,2090,2100,0.0,sv_2c_buffer_decoal
R12_RCPA,coal_ppl_cfNH3,2090,2110,0.0,sv_2c_buffer_decoal
R12_RCPA,coal_ppl_cfNH3,2100,2100,0.0,sv_2c_buffer_decoal
R12_RCPA,coal_ppl_cfNH3,2100,2110,0.0,sv_2c_buffer_decoal
R12_RCPA,coal_ppl_cfNH3,2110,2110,0.0,sv_2c_buffer_decoal
R12_RCPA,coal_adv_cfbio,1995,1995,0.0,sv_2c_buffer_decoal
R12_RCPA,coal_adv_cfbio,2000,2000,0.0,sv_2c_buffer_decoal
R12_RCPA,coal_adv_cfbio,2005,2005,0.0,sv_2c_buffer_decoal
R12_RCPA,coal_adv_cfbio,2005,2030,0.0,sv_2c_buffer_decoal
R12_RCPA,coal_adv_cfbio,2010,2010,0.0,sv_2c_buffer_decoal
R12_RCPA,coal_adv_cfbio,2010,2030,0.0,sv_2c_buffer_decoal
R12_RCPA,coal_adv_cfbio,2010,2035,0.0,sv_2c_buffer_decoal
R12_RCPA,coal_adv_cfbio,2015,2015,0.0,sv_2c_buffer_decoal
R12_RCPA,coal_adv_cfbio,2015,2030,0.0,sv_2c_buffer_decoal
R12_RCPA,coal_adv_cfbio,2015,2035,0.0,sv_2c_buffer_decoal
R12_RCPA,coal_adv_cfbio,2015,2040,0.0,sv_2c_buffer_decoal
R12_RCPA,coal_adv_cfbio,2020,2020,0.0,sv_2c_buffer_decoal
R12_RCPA,coal_adv_cfbio,2020,2030,0.0,sv_2c_buffer_decoal
R12_RCPA,coal_adv_cfbio,2020,2035,0.0,sv_2c_buffer_decoal
R12_RCPA,coal_adv_cfbio,2020,2040,0.0,sv_2c_buffer_decoal
R12_RCPA,coal_adv_cfbio,2020,2045,0.0,sv_2c_buffer_decoal
R12_RCPA,coal_adv_cfbio,2025,2025,0.0,sv_2c_buffer_decoal
R12_RCPA,coal_adv_cfbio,2025,2030,0.0,sv_2c_buffer_decoal
R12_RCPA,coal_adv_cfbio,2025,2035,0.0,sv_2c_buffer_decoal
R12_RCPA,coal_adv_cfbio,2025,2040,0.0,sv_2c_buffer_decoal
R12_RCPA,coal_adv_cfbio,2025,2045,0.0,sv_2c_buffer_decoal
R12_RCPA,coal_adv_cfbio,2025,2050,0.0,sv_2c_buffer_decoal
R12_RCPA,coal_adv_cfbio,2030,2030,0.0,sv_2c_buffer_decoal
R12_RCPA,coal_adv_cfbio,2030,2035,0.0,sv_2c_buffer_decoal
R12_RCPA,coal_adv_cfbio,2030,2040,0.0,sv_2c_buffer_decoal
R12_RCPA,coal_adv_cfbio,2030,2045,0.0,sv_2c_buffer_decoal
R12_RCPA,coal_adv_cfbio,2030,2050,0.0,sv_2c_buffer_decoal
R12_RCPA,coal_adv_cfbio,2030,2055,0.0,sv_2c_buffer_decoal
R12_RCPA,coal_adv_cfbio,2035,2035,0.0,sv_2c_buffer_decoal
R12_RCPA,coal_adv_cfbio,2035,2040,0.0,sv_2c_buffer_decoal
R12_RCPA,coal_adv_cfbio,2035,2045,0.0,sv_2c_buffer_decoal
R12_RCPA,coal_adv_cfbio,2035,2050,0.0,sv_2c_buffer_decoal
R12_RCPA,coal_adv_cfbio,2035,2055,0.0,sv_2c_buffer_decoal
R12_RCPA,coal_adv_cfbio,2035,2060,0.0,sv_2c_buffer_decoal
R12_RCPA,coal_adv_cfbio,2040,2040,0.0,sv_2c_buffer_decoal
R12_RCPA,coal_adv_cfbio,2040,2045,0.0,sv_2c_buffer_decoal
R12_RCPA,coal_adv_cfbio,2040,2050,0.0,sv_2c_buffer_decoal
R12_RCPA,coal_adv_cfbio,2040,2055,0.0,sv_2c_buffer_decoal
R12_RCPA,coal_adv_cfbio,2040,2060,0.0,sv_2c_buffer_decoal
R12_RCPA,coal_adv_cfbio,2040,2070,0.0,sv_2c_buffer_decoal
R12_RCPA,coal_adv_cfbio,2045,2045,0.0,sv_2c_buffer_decoal
R12_RCPA,coal_adv_cfbio,2045,2050,0.0,sv_2c_buffer_decoal
R12_RCPA,coal_adv_cfbio,2045,2055,0.0,sv_2c_buffer_decoal
R12_RCPA,coal_adv_cfbio,2045,2060,0.0,sv_2c_buffer_decoal
R12_RCPA,coal_adv_cfbio,2045,2070,0.0,sv_2c_buffer_decoal
R12_RCPA,coal_adv_cfbio,2050,2050,0.0,sv_2c_buffer_decoal
R12_RCPA,coal_adv_cfbio,2050,2055,0.0,sv_2c_buffer_decoal
R12_RCPA,coal_adv_cfbio,2050,2060,0.0,sv_2c_buffer_decoal
R12_RCPA,coal_adv_cfbio,2050,2070,0.0,sv_2c_buffer_decoal
R12_RCPA,coal_adv_cfbio,2050,2080,0.0,sv_2c_buffer_decoal
R12_RCPA,coal_adv_cfbio,2055,2055,0.0,sv_2c_buffer_decoal
R12_RCPA,coal_adv_cfbio,2055,2060,0.0,sv_2c_buffer_decoal
R12_RCPA,coal_adv_cfbio,2055,2070,0.0,sv_2c_buffer_decoal
R12_RCPA,coal_adv_cfbio,2055,2080,0.0,sv_2c_buffer_decoal
R12_RCPA,coal_adv_cfbio,2060,2060,0.0,sv_2c_buffer_decoal
R12_RCPA,coal_adv_cfbio,2060,2070,0.0,sv_2c_buffer_decoal
R12_RCPA,coal_adv_cfbio,2060,2080,0.0,sv_2c_buffer_decoal
R12_RCPA,coal_adv_cfbio,2060,2090,0.0,sv_2c_buffer_decoal
R12_RCPA,coal_adv_cfbio,2070,2070,0.0,sv_2c_buffer_decoal
R12_RCPA,coal_adv_cfbio,2070,2080,0.0,sv_2c_buffer_decoal
R12_RCPA,coal_adv_cfbio,2070,2090,0.0,sv_2c_buffer_decoal
R12_RCPA,coal_adv_cfbio,2080,2080,0.0,sv_2c_buffer_decoal
R12_RCPA,coal_adv_cfbio,2080,2090,0.0,sv_2c_buffer_decoal
R12_RCPA,coal_adv_cfbio,2080,2100,0.0,sv_2c_buffer_decoal
R12_RCPA,coal_adv_cfbio,2090,2090,0.0,sv_2c_buffer_decoal
R12_RCPA,coal_adv_cfbio,2090,2100,0.0,sv_2c_buffer_decoal
R12_RCPA,coal_adv_cfbio,2090,2110,0.0,sv_2c_buffer_decoal
R12_RCPA,coal_adv_cfbio,2100,2100,0.0,sv_2c_buffer_decoal
R12_RCPA,coal_adv_cfbio,2100,2110,0.0,sv_2c_buffer_decoal
R12_RCPA,coal_adv_cfbio,2110,2110,0.0,sv_2c_buffer_decoal
R12_RCPA,coal_ppl_u_cfbio,1995,1995,0.0,sv_2c_buffer_decoal
R12_RCPA,coal_ppl_u_cfbio,1995,2030,0.0,sv_2c_buffer_decoal
R12_RCPA,coal_ppl_u_cfbio,1995,2035,0.0,sv_2c_buffer_decoal
R12_RCPA,coal_ppl_u_cfbio,1995,2040,0.0,sv_2c_buffer_decoal
R12_RCPA,coal_ppl_u_cfbio,2000,2000,0.0,sv_2c_buffer_decoal
R12_RCPA,coal_ppl_u_cfbio,2000,2030,0.0,sv_2c_buffer_decoal
R12_RCPA,coal_ppl_u_cfbio,2000,2035,0.0,sv_2c_buffer_decoal
R12_RCPA,coal_ppl_u_cfbio,2000,2040,0.0,sv_2c_buffer_decoal
R12_RCPA,coal_ppl_u_cfbio,2000,2045,0.0,sv_2c_buffer_decoal
R12_RCPA,coal_ppl_u_cfbio,2005,2005,0.0,sv_2c_buffer_decoal
R12_RCPA,coal_ppl_u_cfbio,2005,2030,0.0,sv_2c_buffer_decoal
R12_RCPA,coal_ppl_u_cfbio,2005,2035,0.0,sv_2c_buffer_decoal
R12_RCPA,coal_ppl_u_cfbio,2005,2040,0.0,sv_2c_buffer_decoal
R12_RCPA,coal_ppl_u_cfbio,2005,2045,0.0,sv_2c_buffer_decoal
R12_RCPA,coal_ppl_u_cfbio,2010,2010,0.0,sv_2c_buffer_decoal
R12_RCPA,coal_ppl_u_cfbio,2010,2030,0.0,sv_2c_buffer_decoal
R12_RCPA,coal_ppl_u_cfbio,2010,2035,0.0,sv_2c_buffer_decoal
R12_RCPA,coal_ppl_u_cfbio,2010,2040,0.0,sv_2c_buffer_decoal
R12_RCPA,coal_ppl_u_cfbio,2010,2045,0.0,sv_2c_buffer_decoal
R12_RCPA,coal_ppl_u_cfbio,2010,2050,0.0,sv_2c_buffer_decoal
R12_RCPA,coal_ppl_u_cfbio,2015,2015,0.0,sv_2c_buffer_decoal
R12_RCPA,coal_ppl_u_cfbio,2015,2030,0.0,sv_2c_buffer_decoal
R12_RCPA,coal_ppl_u_cfbio,2015,2035,0.0,sv_2c_buffer_decoal
R12_RCPA,coal_ppl_u_cfbio,2015,2040,0.0,sv_2c_buffer_decoal
R12_RCPA,coal_ppl_u_cfbio,2015,2045,0.0,sv_2c_buffer_decoal
R12_RCPA,coal_ppl_u_cfbio,2020,2020,0.0,sv_2c_buffer_decoal
R12_RCPA,coal_ppl_u_cfbio,2020,2030,0.0,sv_2c_buffer_decoal
R12_RCPA,coal_ppl_u_cfbio,2020,2035,0.0,sv_2c_buffer_decoal
R12_RCPA,coal_ppl_u_cfbio,2020,2040,0.0,sv_2c_buffer_decoal
R12_RCPA,coal_ppl_u_cfbio,2020,2045,0.0,sv_2c_buffer_decoal
R12_RCPA,coal_ppl_u_cfbio,2025,2025,0.0,sv_2c_buffer_decoal
R12_RCPA,coal_ppl_u_cfbio,2025,2030,0.0,sv_2c_buffer_decoal
R12_RCPA,coal_ppl_u_cfbio,2025,2035,0.0,sv_2c_buffer_decoal
R12_RCPA,coal_ppl_u_cfbio,2025,2040,0.0,sv_2c_buffer_decoal
R12_RCPA,coal_ppl_u_cfbio,2025,2045,0.0,sv_2c_buffer_decoal
R12_RCPA,coal_ppl_u_cfbio,2025,2050,0.0,sv_2c_buffer_decoal
R12_RCPA,coal_ppl_u_cfbio,2030,2030,0.0,sv_2c_buffer_decoal
R12_RCPA,coal_ppl_u_cfbio,2030,2035,0.0,sv_2c_buffer_decoal
R12_RCPA,coal_ppl_u_cfbio,2030,2040,0.0,sv_2c_buffer_decoal
R12_RCPA,coal_ppl_u_cfbio,2030,2045,0.0,sv_2c_buffer_decoal
R12_RCPA,coal_ppl_u_cfbio,2030,2050,0.0,sv_2c_buffer_decoal
R12_RCPA,coal_ppl_u_cfbio,2030,2055,0.0,sv_2c_buffer_decoal
R12_RCPA,coal_ppl_u_cfbio,2035,2035,0.0,sv_2c_buffer_decoal
R12_RCPA,coal_ppl_u_cfbio,2035,2040,0.0,sv_2c_buffer_decoal
R12_RCPA,coal_ppl_u_cfbio,2035,2045,0.0,sv_2c_buffer_decoal
R12_RCPA,coal_ppl_u_cfbio,2035,2050,0.0,sv_2c_buffer_decoal
R12_RCPA,coal_ppl_u_cfbio,2035,2055,0.0,sv_2c_buffer_decoal
R12_RCPA,coal_ppl_u_cfbio,2035,2060,0.0,sv_2c_buffer_decoal
R12_RCPA,coal_ppl_u_cfbio,2040,2040,0.0,sv_2c_buffer_decoal
R12_RCPA,coal_ppl_u_cfbio,2040,2045,0.0,sv_2c_buffer_decoal
R12_RCPA,coal_ppl_u_cfbio,2040,2050,0.0,sv_2c_buffer_decoal
R12_RCPA,coal_ppl_u_cfbio,2040,2055,0.0,sv_2c_buffer_decoal
R12_RCPA,coal_ppl_u_cfbio,2040,2060,0.0,sv_2c_buffer_decoal
R12_RCPA,coal_ppl_u_cfbio,2040,2070,0.0,sv_2c_buffer_decoal
R12_RCPA,coal_ppl_u_cfbio,2045,2045,0.0,sv_2c_buffer_decoal
R12_RCPA,coal_ppl_u_cfbio,2045,2050,0.0,sv_2c_buffer_decoal
R12_RCPA,coal_ppl_u_cfbio,2045,2055,0.0,sv_2c_buffer_decoal
R12_RCPA,coal_ppl_u_cfbio,2045,2060,0.0,sv_2c_buffer_decoal
R12_RCPA,coal_ppl_u_cfbio,2045,2070,0.0,sv_2c_buffer_decoal
R12_RCPA,coal_ppl_u_cfbio,2050,2050,0.0,sv_2c_buffer_decoal
R12_RCPA,coal_ppl_u_cfbio,2050,2055,0.0,sv_2c_buffer_decoal
R12_RCPA,coal_ppl_u_cfbio,2050,2060,0.0,sv_2c_buffer_decoal
R12_RCPA,coal_ppl_u_cfbio,2050,2070,0.0,sv_2c_buffer_decoal
R12_RCPA,coal_ppl_u_cfbio,2050,2080,0.0,sv_2c_buffer_decoal
R12_RCPA,coal_ppl_u_cfbio,2055,2055,0.0,sv_2c_buffer_decoal
R12_RCPA,coal_ppl_u_cfbio,2055,2060,0.0,sv_2c_buffer_decoal
R12_RCPA,coal_ppl_u_cfbio,2055,2070,0.0,sv_2c_buffer_decoal
R12_RCPA,coal_ppl_u_cfbio,2055,2080,0.0,sv_2c_buffer_decoal
R12_RCPA,coal_ppl_u_cfbio,2060,2060,0.0,sv_2c_buffer_decoal
R12_RCPA,coal_ppl_u_cfbio,2060,2070,0.0,sv_2c_buffer_decoal
R12_RCPA,coal_ppl_u_cfbio,2060,2080,0.0,sv_2c_buffer_decoal
R12_RCPA,coal_ppl_u_cfbio,2060,2090,0.0,sv_2c_buffer_decoal
R12_RCPA,coal_ppl_u_cfbio,2070,2070,0.0,sv_2c_buffer_decoal
R12_RCPA,coal_ppl_u_cfbio,2070,2080,0.0,sv_2c_buffer_decoal
R12_RCPA,coal_ppl_u_cfbio,2070,2090,0.0,sv_2c_buffer_decoal
R12_RCPA,coal_ppl_u_cfbio,2080,2080,0.0,sv_2c_buffer_decoal
R12_RCPA,coal_ppl_u_cfbio,2080,2090,0.0,sv_2c_buffer_decoal
R12_RCPA,coal_ppl_u_cfbio,2080,2100,0.0,sv_2c_buffer_decoal
R12_RCPA,coal_ppl_u_cfbio,2090,2090,0.0,sv_2c_buffer_decoal
R12_RCPA,coal_ppl_u_cfbio,2090,2100,0.0,sv_2c_buffer_decoal
R12_RCPA,coal_ppl_u_cfbio,2090,2110,0.0,sv_2c_buffer_decoal
R12_RCPA,coal_ppl_u_cfbio,2100,2100,0.0,sv_2c_buffer_decoal
R12_RCPA,coal_ppl_u_cfbio,2100,2110,0.0,sv_2c_buffer_decoal
R12_RCPA,coal_ppl_u_cfbio,2110,2110,0.0,sv_2c_buffer_decoal
R12_RCPA,coal_ppl_cfbio,1995,1995,0.0,sv_2c_buffer_decoal
R12_RCPA,coal_ppl_cfbio,1995,2030,0.0,sv_2c_buffer_decoal
R12_RCPA,coal_ppl_cfbio,2000,2000,0.0,sv_2c_buffer_decoal
R12_RCPA,coal_ppl_cfbio,2000,2030,0.0,sv_2c_buffer_decoal
R12_RCPA,coal_ppl_cfbio,2000,2035,0.0,sv_2c_buffer_decoal
R12_RCPA,coal_ppl_cfbio,2005,2005,0.0,sv_2c_buffer_decoal
R12_RCPA,coal_ppl_cfbio,2005,2030,0.0,sv_2c_buffer_decoal
R12_RCPA,coal_ppl_cfbio,2005,2035,0.0,sv_2c_buffer_decoal
R12_RCPA,coal_ppl_cfbio,2010,2010,0.0,sv_2c_buffer_decoal
R12_RCPA,coal_ppl_cfbio,2010,2030,0.0,sv_2c_buffer_decoal
R12_RCPA,coal_ppl_cfbio,2010,2035,0.0,sv_2c_buffer_decoal
R12_RCPA,coal_ppl_cfbio,2010,2040,0.0,sv_2c_buffer_decoal
R12_RCPA,coal_ppl_cfbio,2015,2015,0.0,sv_2c_buffer_decoal
R12_RCPA,coal_ppl_cfbio,2015,2030,0.0,sv_2c_buffer_decoal
R12_RCPA,coal_ppl_cfbio,2015,2035,0.0,sv_2c_buffer_decoal
R12_RCPA,coal_ppl_cfbio,2015,2040,0.0,sv_2c_buffer_decoal
R12_RCPA,coal_ppl_cfbio,2020,2020,0.0,sv_2c_buffer_decoal
R12_RCPA,coal_ppl_cfbio,2020,2030,0.0,sv_2c_buffer_decoal
R12_RCPA,coal_ppl_cfbio,2020,2035,0.0,sv_2c_buffer_decoal
R12_RCPA,coal_ppl_cfbio,2020,2040,0.0,sv_2c_buffer_decoal
R12_RCPA,coal_ppl_cfbio,2020,2045,0.0,sv_2c_buffer_decoal
R12_RCPA,coal_ppl_cfbio,2025,2025,0.0,sv_2c_buffer_decoal
R12_RCPA,coal_ppl_cfbio,2025,2030,0.0,sv_2c_buffer_decoal
R12_RCPA,coal_ppl_cfbio,2025,2035,0.0,sv_2c_buffer_decoal
R12_RCPA,coal_ppl_cfbio,2025,2040,0.0,sv_2c_buffer_decoal
R12_RCPA,coal_ppl_cfbio,2025,2045,0.0,sv_2c_buffer_decoal
R12_RCPA,coal_ppl_cfbio,2025,2050,0.0,sv_2c_buffer_decoal
R12_RCPA,coal_ppl_cfbio,2030,2030,0.0,sv_2c_buffer_decoal
R12_RCPA,coal_ppl_cfbio,2030,2035,0.0,sv_2c_buffer_decoal
R12_RCPA,coal_ppl_cfbio,2030,2040,0.0,sv_2c_buffer_decoal
R12_RCPA,coal_ppl_cfbio,2030,2045,0.0,sv_2c_buffer_decoal
R12_RCPA,coal_ppl_cfbio,2030,2050,0.0,sv_2c_buffer_decoal
R12_RCPA,coal_ppl_cfbio,2030,2055,0.0,sv_2c_buffer_decoal
R12_RCPA,coal_ppl_cfbio,2035,2035,0.0,sv_2c_buffer_decoal
R12_RCPA,coal_ppl_cfbio,2035,2040,0.0,sv_2c_buffer_decoal
R12_RCPA,coal_ppl_cfbio,2035,2045,0.0,sv_2c_buffer_decoal
R12_RCPA,coal_ppl_cfbio,2035,2050,0.0,sv_2c_buffer_decoal
R12_RCPA,coal_ppl_cfbio,2035,2055,0.0,sv_2c_buffer_decoal
R12_RCPA,coal_ppl_cfbio,2035,2060,0.0,sv_2c_buffer_decoal
R12_RCPA,coal_ppl_cfbio,2040,2040,0.0,sv_2c_buffer_decoal
R12_RCPA,coal_ppl_cfbio,2040,2045,0.0,sv_2c_buffer_decoal
R12_RCPA,coal_ppl_cfbio,2040,2050,0.0,sv_2c_buffer_decoal
R12_RCPA,coal_ppl_cfbio,2040,2055,0.0,sv_2c_buffer_decoal
R12_RCPA,coal_ppl_cfbio,2040,2060,0.0,sv_2c_buffer_decoal
R12_RCPA,coal_ppl_cfbio,2040,2070,0.0,sv_2c_buffer_decoal
R12_RCPA,coal_ppl_cfbio,2045,2045,0.0,sv_2c_buffer_decoal
R12_RCPA,coal_ppl_cfbio,2045,2050,0.0,sv_2c_buffer_decoal
R12_RCPA,coal_ppl_cfbio,2045,2055,0.0,sv_2c_buffer_decoal
R12_RCPA,coal_ppl_cfbio,2045,2060,0.0,sv_2c_buffer_decoal
R12_RCPA,coal_ppl_cfbio,2045,2070,0.0,sv_2c_buffer_decoal
R12_RCPA,coal_ppl_cfbio,2050,2050,0.0,sv_2c_buffer_decoal
R12_RCPA,coal_ppl_cfbio,2050,2055,0.0,sv_2c_buffer_decoal
R12_RCPA,coal_ppl_cfbio,2050,2060,0.0,sv_2c_buffer_decoal
R12_RCPA,coal_ppl_cfbio,2050,2070,0.0,sv_2c_buffer_decoal
R12_RCPA,coal_ppl_cfbio,2050,2080,0.0,sv_2c_buffer_decoal
R12_RCPA,coal_ppl_cfbio,2055,2055,0.0,sv_2c_buffer_decoal
R12_RCPA,coal_ppl_cfbio,2055,2060,0.0,sv_2c_buffer_decoal
R12_RCPA,coal_ppl_cfbio,2055,2070,0.0,sv_2c_buffer_decoal
R12_RCPA,coal_ppl_cfbio,2055,2080,0.0,sv_2c_buffer_decoal
R12_RCPA,coal_ppl_cfbio,2060,2060,0.0,sv_2c_buffer_decoal
R12_RCPA,coal_ppl_cfbio,2060,2070,0.0,sv_2c_buffer_decoal
R12_RCPA,coal_ppl_cfbio,2060,2080,0.0,sv_2c_buffer_decoal
R12_RCPA,coal_ppl_cfbio,2060,2090,0.0,sv_2c_buffer_decoal
R12_RCPA,coal_ppl_cfbio,2070,2070,0.0,sv_2c_buffer_decoal
R12_RCPA,coal_ppl_cfbio,2070,2080,0.0,sv_2c_buffer_decoal
R12_RCPA,coal_ppl_cfbio,2070,2090,0.0,sv_2c_buffer_decoal
R12_RCPA,coal_ppl_cfbio,2080,2080,0.0,sv_2c_buffer_decoal
R12_RCPA,coal_ppl_cfbio,2080,2090,0.0,sv_2c_buffer_decoal
R12_RCPA,coal_ppl_cfbio,2080,2100,0.0,sv_2c_buffer_decoal
R12_RCPA,coal_ppl_cfbio,2090,2090,0.0,sv_2c_buffer_decoal
R12_RCPA,coal_ppl_cfbio,2090,2100,0.0,sv_2c_buffer_decoal
R12_RCPA,coal_ppl_cfbio,2090,2110,0.0,sv_2c_buffer_decoal
R12_RCPA,coal_ppl_cfbio,2100,2100,0.0,sv_2c_buffer_decoal
R12_RCPA,coal_ppl_cfbio,2100,2110,0.0,sv_2c_buffer_decoal
R12_RCPA,coal_ppl_cfbio,2110,2110,0.0,sv_2c_buffer_decoal
R12_RCPA,coal_adv_rccs,1995,1995,0.0,sv_2c_buffer_decoal
R12_RCPA,coal_adv_rccs,2000,2000,0.0,sv_2c_buffer_decoal
R12_RCPA,coal_adv_rccs,2005,2005,0.0,sv_2c_buffer_decoal
R12_RCPA,coal_adv_rccs,2005,2030,0.0,sv_2c_buffer_decoal
R12_RCPA,coal_adv_rccs,2010,2010,0.0,sv_2c_buffer_decoal
R12_RCPA,coal_adv_rccs,2010,2030,0.0,sv_2c_buffer_decoal
R12_RCPA,coal_adv_rccs,2010,2035,0.0,sv_2c_buffer_decoal
R12_RCPA,coal_adv_rccs,2015,2015,0.0,sv_2c_buffer_decoal
R12_RCPA,coal_adv_rccs,2015,2030,0.0,sv_2c_buffer_decoal
R12_RCPA,coal_adv_rccs,2015,2035,0.0,sv_2c_buffer_decoal
R12_RCPA,coal_adv_rccs,2015,2040,0.0,sv_2c_buffer_decoal
R12_RCPA,coal_adv_rccs,2020,2020,0.0,sv_2c_buffer_decoal
R12_RCPA,coal_adv_rccs,2020,2030,0.0,sv_2c_buffer_decoal
R12_RCPA,coal_adv_rccs,2020,2035,0.0,sv_2c_buffer_decoal
R12_RCPA,coal_adv_rccs,2020,2040,0.0,sv_2c_buffer_decoal
R12_RCPA,coal_adv_rccs,2020,2045,0.0,sv_2c_buffer_decoal
R12_RCPA,coal_adv_rccs,2025,2025,0.0,sv_2c_buffer_decoal
R12_RCPA,coal_adv_rccs,2025,2030,0.0,sv_2c_buffer_decoal
R12_RCPA,coal_adv_rccs,2025,2035,0.0,sv_2c_buffer_decoal
R12_RCPA,coal_adv_rccs,2025,2040,0.0,sv_2c_buffer_decoal
R12_RCPA,coal_adv_rccs,2025,2045,0.0,sv_2c_buffer_decoal
R12_RCPA,coal_adv_rccs,2025,2050,0.0,sv_2c_buffer_decoal
R12_RCPA,coal_adv_rccs,2030,2030,0.0,sv_2c_buffer_decoal
R12_RCPA,coal_adv_rccs,2030,2035,0.0,sv_2c_buffer_decoal
R12_RCPA,coal_adv_rccs,2030,2040,0.0,sv_2c_buffer_decoal
R12_RCPA,coal_adv_rccs,2030,2045,0.0,sv_2c_buffer_decoal
R12_RCPA,coal_adv_rccs,2030,2050,0.0,sv_2c_buffer_decoal
R12_RCPA,coal_adv_rccs,2030,2055,0.0,sv_2c_buffer_decoal
R12_RCPA,coal_adv_rccs,2035,2035,0.0,sv_2c_buffer_decoal
R12_RCPA,coal_adv_rccs,2035,2040,0.0,sv_2c_buffer_decoal
R12_RCPA,coal_adv_rccs,2035,2045,0.0,sv_2c_buffer_decoal
R12_RCPA,coal_adv_rccs,2035,2050,0.0,sv_2c_buffer_decoal
R12_RCPA,coal_adv_rccs,2035,2055,0.0,sv_2c_buffer_decoal
R12_RCPA,coal_adv_rccs,2035,2060,0.0,sv_2c_buffer_decoal
R12_RCPA,coal_adv_rccs,2040,2040,0.0,sv_2c_buffer_decoal
R12_RCPA,coal_adv_rccs,2040,2045,0.0,sv_2c_buffer_decoal
R12_RCPA,coal_adv_rccs,2040,2050,0.0,sv_2c_buffer_decoal
R12_RCPA,coal_adv_rccs,2040,2055,0.0,sv_2c_buffer_decoal
R12_RCPA,coal_adv_rccs,2040,2060,0.0,sv_2c_buffer_decoal
R12_RCPA,coal_adv_rccs,2040,2070,0.0,sv_2c_buffer_decoal
R12_RCPA,coal_adv_rccs,2045,2045,0.0,sv_2c_buffer_decoal
R12_RCPA,coal_adv_rccs,2045,2050,0.0,sv_2c_buffer_decoal
R12_RCPA,coal_adv_rccs,2045,2055,0.0,sv_2c_buffer_decoal
R12_RCPA,coal_adv_rccs,2045,2060,0.0,sv_2c_buffer_decoal
R12_RCPA,coal_adv_rccs,2045,2070,0.0,sv_2c_buffer_decoal
R12_RCPA,coal_adv_rccs,2050,2050,0.0,sv_2c_buffer_decoal
R12_RCPA,coal_adv_rccs,2050,2055,0.0,sv_2c_buffer_decoal
R12_RCPA,coal_adv_rccs,2050,2060,0.0,sv_2c_buffer_decoal
R12_RCPA,coal_adv_rccs,2050,2070,0.0,sv_2c_buffer_decoal
R12_RCPA,coal_adv_rccs,2050,2080,0.0,sv_2c_buffer_decoal
R12_RCPA,coal_adv_rccs,2055,2055,0.0,sv_2c_buffer_decoal
R12_RCPA,coal_adv_rccs,2055,2060,0.0,sv_2c_buffer_decoal
R12_RCPA,coal_adv_rccs,2055,2070,0.0,sv_2c_buffer_decoal
R12_RCPA,coal_adv_rccs,2055,2080,0.0,sv_2c_buffer_decoal
R12_RCPA,coal_adv_rccs,2060,2060,0.0,sv_2c_buffer_decoal
R12_RCPA,coal_adv_rccs,2060,2070,0.0,sv_2c_buffer_decoal
R12_RCPA,coal_adv_rccs,2060,2080,0.0,sv_2c_buffer_decoal
R12_RCPA,coal_adv_rccs,2060,2090,0.0,sv_2c_buffer_decoal
R12_RCPA,coal_adv_rccs,2070,2070,0.0,sv_2c_buffer_decoal
R12_RCPA,coal_adv_rccs,2070,2080,0.0,sv_2c_buffer_decoal
R12_RCPA,coal_adv_rccs,2070,2090,0.0,sv_2c_buffer_decoal
R12_RCPA,coal_adv_rccs,2080,2080,0.0,sv_2c_buffer_decoal
R12_RCPA,coal_adv_rccs,2080,2090,0.0,sv_2c_buffer_decoal
R12_RCPA,coal_adv_rccs,2080,2100,0.0,sv_2c_buffer_decoal
R12_RCPA,coal_adv_rccs,2090,2090,0.0,sv_2c_buffer_decoal
R12_RCPA,coal_adv_rccs,2090,2100,0.0,sv_2c_buffer_decoal
R12_RCPA,coal_adv_rccs,2090,2110,0.0,sv_2c_buffer_decoal
R12_RCPA,coal_adv_rccs,2100,2100,0.0,sv_2c_buffer_decoal
R12_RCPA,coal_adv_rccs,2100,2110,0.0,sv_2c_buffer_decoal
R12_RCPA,coal_adv_rccs,2110,2110,0.0,sv_2c_buffer_decoal
