nl,t,yv,inv_cost,sc
R12_AFR,coal_ppl,1995,1052.67,sv_2c_buffer_decoal
R12_AFR,coal_ppl,2000,1052.67,sv_2c_buffer_decoal
R12_AFR,coal_ppl,2005,1052.67,sv_2c_buffer_decoal
R12_AFR,coal_ppl,2010,1052.67,sv_2c_buffer_decoal
R12_AFR,coal_ppl,2015,1052.67,sv_2c_buffer_decoal
R12_AFR,coal_ppl,2020,1053.0,sv_2c_buffer_decoal
R12_AFR,coal_ppl,2025,1053.0,sv_2c_buffer_decoal
R12_AFR,coal_ppl,2030,1015.5843671921169,sv_2c_buffer_decoal
R12_AFR,coal_ppl,2035,986.3634727897185,sv_2c_buffer_decoal
R12_AFR,coal_ppl,2040,962.9585945206521,sv_2c_buffer_decoal
R12_AFR,coal_ppl,2045,944.5188978042892,sv_2c_buffer_decoal
R12_AFR,coal_ppl,2050,930.3185347916965,sv_2c_buffer_decoal
R12_AFR,coal_ppl,2055,919.7017766777175,sv_2c_buffer_decoal
R12_AFR,coal_ppl,2060,912.2000574476369,sv_2c_buffer_decoal
R12_AFR,coal_ppl,2070,905.0071302634934,sv_2c_buffer_decoal
R12_AFR,coal_ppl,2080,906.1941200925942,sv_2c_buffer_decoal
R12_AFR,coal_ppl,2090,913.6262317621804,sv_2c_buffer_decoal
R12_AFR,coal_ppl,2100,926.2800844848174,sv_2c_buffer_decoal
R12_AFR,coal_ppl,2110,926.2800844848174,sv_2c_buffer_decoal
R12_AFR,coal_adv,2010,1295.59,sv_2c_buffer_decoal
R12_AFR,coal_adv,2015,1295.59,sv_2c_buffer_decoal
R12_AFR,coal_adv,2020,1296.0000000000002,sv_2c_buffer_decoal
R12_AFR,coal_adv,2025,1296.0000000000002,sv_2c_buffer_decoal
R12_AFR,coal_adv,2030,1217.4230730954678,sv_2c_buffer_decoal
R12_AFR,coal_adv,2035,1156.0945267998263,sv_2c_buffer_decoal
R12_AFR,coal_adv,2040,1107.651047135669,sv_2c_buffer_decoal
R12_AFR,coal_adv,2045,1069.6767157021318,sv_2c_buffer_decoal
R12_AFR,coal_adv,2050,1040.2161781787709,sv_2c_buffer_decoal
R12_AFR,coal_adv,2055,1017.6545410811789,sv_2c_buffer_decoal
R12_AFR,coal_adv,2060,1000.7659103382954,sv_2c_buffer_decoal
R12_AFR,coal_adv,2070,980.2351373995026,sv_2c_buffer_decoal
R12_AFR,coal_adv,2080,972.7463603308685,sv_2c_buffer_decoal
R12_AFR,coal_adv,2090,974.189499737175,sv_2c_buffer_decoal
R12_AFR,coal_adv,2100,982.2988588845976,sv_2c_buffer_decoal
R12_AFR,coal_adv,2110,982.2988588845976,sv_2c_buffer_decoal
R12_AFR,igcc,2010,1781.44,sv_2c_buffer_decoal
R12_AFR,igcc,2015,1781.44,sv_2c_buffer_decoal
R12_AFR,igcc,2020,1782.0,sv_2c_buffer_decoal
R12_AFR,igcc,2025,1782.0,sv_2c_buffer_decoal
R12_AFR,igcc,2030,1673.5178322019688,sv_2c_buffer_decoal
R12_AFR,igcc,2035,1587.9316426556038,sv_2c_buffer_decoal
R12_AFR,igcc,2040,1519.9366799198237,sv_2c_buffer_decoal
R12_AFR,igcc,2045,1466.1478613194224,sv_2c_buffer_decoal
R12_AFR,igcc,2050,1423.8381702082227,sv_2c_buffer_decoal
R12_AFR,igcc,2055,1390.7848208827365,sv_2c_buffer_decoal
R12_AFR,igcc,2060,1365.2618534592596,sv_2c_buffer_decoal
R12_AFR,igcc,2070,1331.5214782471419,sv_2c_buffer_decoal
R12_AFR,igcc,2080,1314.4320594073686,sv_2c_buffer_decoal
R12_AFR,igcc,2090,1308.473141178161,sv_2c_buffer_decoal
R12_AFR,igcc,2100,1310.4013320476274,sv_2c_buffer_decoal
R12_AFR,igcc,2110,1310.4013320476274,sv_2c_buffer_decoal
R12_AFR,coal_adv_ccs,2030,3423.5348763003362,sv_2c_buffer_decoal
R12_AFR,coal_adv_ccs,2035,3249.7067641676913,sv_2c_buffer_decoal
R12_AFR,coal_adv_ccs,2040,3111.983961706149,sv_2c_buffer_decoal
R12_AFR,coal_adv_ccs,2045,3003.5043821344316,sv_2c_buffer_decoal
R12_AFR,coal_adv_ccs,2050,2918.7276823323195,sv_2c_buffer_decoal
R12_AFR,coal_adv_ccs,2055,2853.1095167453736,sv_2c_buffer_decoal
R12_AFR,coal_adv_ccs,2060,2803.1590708799567,sv_2c_buffer_decoal
R12_AFR,coal_adv_ccs,2070,2739.5463250625894,sv_2c_buffer_decoal
R12_AFR,coal_adv_ccs,2080,2711.248809814672,sv_2c_buffer_decoal
R12_AFR,coal_adv_ccs,2090,2706.846367422494,sv_2c_buffer_decoal
R12_AFR,coal_adv_ccs,2100,2719.8303156777993,sv_2c_buffer_decoal
R12_AFR,coal_adv_ccs,2110,2719.8303156777993,sv_2c_buffer_decoal
R12_AFR,igcc_ccs,2030,3745.552801235589,sv_2c_buffer_decoal
R12_AFR,igcc_ccs,2035,3554.5817534137677,sv_2c_buffer_decoal
R12_AFR,igcc_ccs,2040,3403.0371848094505,sv_2c_buffer_decoal
R12_AFR,igcc_ccs,2045,3283.3719348611985,sv_2c_buffer_decoal
R12_AFR,igcc_ccs,2050,3189.5003458117794,sv_2c_buffer_decoal
R12_AFR,igcc_ccs,2055,3116.4488435591384,sv_2c_buffer_decoal
R12_AFR,igcc_ccs,2060,3060.373033665485,sv_2c_buffer_decoal
R12_AFR,igcc_ccs,2070,2987.3639469775662,sv_2c_buffer_decoal
R12_AFR,igcc_ccs,2080,2952.2019519633404,sv_2c_buffer_decoal
R12_AFR,igcc_ccs,2090,2942.472758831423,sv_2c_buffer_decoal
R12_AFR,igcc_ccs,2100,2950.9757674774546,sv_2c_buffer_decoal
R12_AFR,igcc_ccs,2110,2950.9757674774546,sv_2c_buffer_decoal
R12_AFR,coal_ppl_u,1960,733.58,sv_2c_buffer_decoal
R12_AFR,coal_ppl_u,1965,733.58,sv_2c_buffer_decoal
R12_AFR,coal_ppl_u,1970,733.58,sv_2c_buffer_decoal
R12_AFR,coal_ppl_u,1975,733.58,sv_2c_buffer_decoal
R12_AFR,coal_ppl_u,1980,733.58,sv_2c_buffer_decoal
R12_AFR,coal_ppl_u,1985,733.58,sv_2c_buffer_decoal
R12_AFR,coal_ppl_u,1990,733.58,sv_2c_buffer_decoal
R12_AFR,coal_ppl_u,1995,733.58,sv_2c_buffer_decoal
R12_AFR,coal_ppl_u,2000,733.58,sv_2c_buffer_decoal
R12_AFR,coal_ppl_u,2005,733.58,sv_2c_buffer_decoal
R12_AFR,coal_ppl_u,2010,733.58,sv_2c_buffer_decoal
R12_AFR,coal_ppl_u,2020,733.7777777777777,sv_2c_buffer_decoal
R12_AFR,coal_ppl_u,2025,733.7777777777777,sv_2c_buffer_decoal
R12_AFR,coal_ppl_u,2030,734.344360262327,sv_2c_buffer_decoal
R12_AFR,coal_ppl_u,2035,736.0909793388364,sv_2c_buffer_decoal
R12_AFR,coal_ppl_u,2040,738.1714073764299,sv_2c_buffer_decoal
R12_AFR,coal_ppl_u,2045,740.6688429177021,sv_2c_buffer_decoal
R12_AFR,coal_ppl_u,2050,743.6368364741741,sv_2c_buffer_decoal
R12_EEU,coal_ppl,1960,1376.57,sv_2c_buffer_decoal
R12_EEU,coal_ppl,1965,1376.57,sv_2c_buffer_decoal
R12_EEU,coal_ppl,1970,1376.57,sv_2c_buffer_decoal
R12_EEU,coal_ppl,1975,1376.57,sv_2c_buffer_decoal
R12_EEU,coal_ppl,1980,1376.57,sv_2c_buffer_decoal
R12_EEU,coal_ppl,1985,1376.57,sv_2c_buffer_decoal
R12_EEU,coal_ppl,1990,1376.57,sv_2c_buffer_decoal
R12_EEU,coal_ppl,1995,1376.57,sv_2c_buffer_decoal
R12_EEU,coal_ppl,2000,1376.57,sv_2c_buffer_decoal
R12_EEU,coal_ppl,2005,1376.57,sv_2c_buffer_decoal
R12_EEU,coal_ppl,2010,1376.57,sv_2c_buffer_decoal
R12_EEU,coal_ppl,2025,1377.0,sv_2c_buffer_decoal
R12_EEU,coal_ppl,2030,1335.0638721477123,sv_2c_buffer_decoal
R12_EEU,coal_ppl,2035,1299.8483674901527,sv_2c_buffer_decoal
R12_EEU,coal_ppl,2040,1270.2332367130211,sv_2c_buffer_decoal
R12_EEU,coal_ppl,2045,1244.7590567899592,sv_2c_buffer_decoal
R12_EEU,coal_ppl,2050,1223.33434337492,sv_2c_buffer_decoal
R12_EEU,coal_ppl,2055,1205.3890943619328,sv_2c_buffer_decoal
R12_EEU,coal_ppl,2060,1190.6919715453125,sv_2c_buffer_decoal
R12_EEU,coal_ppl,2070,1169.1555865394644,sv_2c_buffer_decoal
R12_EEU,coal_ppl,2080,1154.3932313712849,sv_2c_buffer_decoal
R12_EEU,coal_ppl,2090,1143.4838385323872,sv_2c_buffer_decoal
R12_EEU,coal_ppl,2100,1135.675110203288,sv_2c_buffer_decoal
R12_EEU,coal_ppl,2110,1135.675110203288,sv_2c_buffer_decoal
R12_EEU,coal_adv_ccs,2030,4190.077189739801,sv_2c_buffer_decoal
R12_EEU,coal_adv_ccs,2035,3977.3020238515255,sv_2c_buffer_decoal
R12_EEU,coal_adv_ccs,2040,3806.402028831088,sv_2c_buffer_decoal
R12_EEU,coal_adv_ccs,2045,3668.6283013474144,sv_2c_buffer_decoal
R12_EEU,coal_adv_ccs,2050,3557.9788403615516,sv_2c_buffer_decoal
R12_EEU,coal_adv_ccs,2055,3469.1772375357777,sv_2c_buffer_decoal
R12_EEU,coal_adv_ccs,2060,3398.2056653163504,sv_2c_buffer_decoal
R12_EEU,coal_adv_ccs,2070,3296.493989507118,sv_2c_buffer_decoal
R12_EEU,coal_adv_ccs,2080,3231.305425323685,sv_2c_buffer_decoal
R12_EEU,coal_adv_ccs,2090,3188.8375567009034,sv_2c_buffer_decoal
R12_EEU,coal_adv_ccs,2100,3161.306486401423,sv_2c_buffer_decoal
R12_EEU,coal_adv_ccs,2110,3161.306486401423,sv_2c_buffer_decoal
R12_EEU,igcc_ccs,2030,4453.9947664048395,sv_2c_buffer_decoal
R12_EEU,igcc_ccs,2035,4227.595084391368,sv_2c_buffer_decoal
R12_EEU,igcc_ccs,2040,4045.7731725584654,sv_2c_buffer_decoal
R12_EEU,igcc_ccs,2045,3899.230934375967,sv_2c_buffer_decoal
R12_EEU,igcc_ccs,2050,3781.5525051339755,sv_2c_buffer_decoal
R12_EEU,igcc_ccs,2055,3687.118003979879,sv_2c_buffer_decoal
R12_EEU,igcc_ccs,2060,3611.6399392719227,sv_2c_buffer_decoal
R12_EEU,igcc_ccs,2070,3503.4473672872136,sv_2c_buffer_decoal
R12_EEU,igcc_ccs,2080,3434.104994320285,sv_2c_buffer_decoal
R12_EEU,igcc_ccs,2090,3388.957112293965,sv_2c_buffer_decoal
R12_EEU,igcc_ccs,2100,3359.7002824985907,sv_2c_buffer_decoal
R12_EEU,igcc_ccs,2110,3359.7002824985907,sv_2c_buffer_decoal
R12_EEU,coal_ppl_u,1960,959.3,sv_2c_buffer_decoal
R12_EEU,coal_ppl_u,1965,959.3,sv_2c_buffer_decoal
R12_EEU,coal_ppl_u,1970,959.3,sv_2c_buffer_decoal
R12_EEU,coal_ppl_u,1975,959.3,sv_2c_buffer_decoal
R12_EEU,coal_ppl_u,1980,959.3,sv_2c_buffer_decoal
R12_EEU,coal_ppl_u,1985,959.3,sv_2c_buffer_decoal
R12_EEU,coal_ppl_u,1990,959.3,sv_2c_buffer_decoal
R12_EEU,coal_ppl_u,1995,959.3,sv_2c_buffer_decoal
R12_EEU,coal_ppl_u,2000,959.3,sv_2c_buffer_decoal
R12_EEU,coal_ppl_u,2005,959.3,sv_2c_buffer_decoal
R12_EEU,coal_ppl_u,2010,959.3,sv_2c_buffer_decoal
R12_EEU,coal_ppl_u,2015,959.3,sv_2c_buffer_decoal
R12_EEU,coal_ppl_u,2020,959.5555555555555,sv_2c_buffer_decoal
R12_EEU,coal_ppl_u,2025,959.5555555555555,sv_2c_buffer_decoal
R12_EEU,coal_ppl_u,2030,965.3522216103553,sv_2c_buffer_decoal
R12_EEU,coal_ppl_u,2035,970.0345604969444,sv_2c_buffer_decoal
R12_EEU,coal_ppl_u,2040,973.7177292732075,sv_2c_buffer_decoal
R12_EEU,coal_ppl_u,2045,976.1099036209912,sv_2c_buffer_decoal
R12_EEU,coal_ppl_u,2050,977.8548390000929,sv_2c_buffer_decoal
R12_FSU,coal_ppl,1965,1376.57,sv_2c_buffer_decoal
R12_FSU,coal_ppl,1970,1376.57,sv_2c_buffer_decoal
R12_FSU,coal_ppl,1975,1376.57,sv_2c_buffer_decoal
R12_FSU,coal_ppl,1980,1376.57,sv_2c_buffer_decoal
R12_FSU,coal_ppl,1985,1376.57,sv_2c_buffer_decoal
R12_FSU,coal_ppl,1990,1376.57,sv_2c_buffer_decoal
R12_FSU,coal_ppl,1995,1376.57,sv_2c_buffer_decoal
R12_FSU,coal_ppl,2000,1376.57,sv_2c_buffer_decoal
R12_FSU,coal_ppl,2005,1376.57,sv_2c_buffer_decoal
R12_FSU,coal_ppl,2010,1376.57,sv_2c_buffer_decoal
R12_FSU,coal_ppl,2025,1377.0,sv_2c_buffer_decoal
R12_FSU,coal_ppl,2030,1328.0505594143572,sv_2c_buffer_decoal
R12_FSU,coal_ppl,2035,1288.841160180036,sv_2c_buffer_decoal
R12_FSU,coal_ppl,2040,1256.6824373190186,sv_2c_buffer_decoal
R12_FSU,coal_ppl,2045,1230.1898803099193,sv_2c_buffer_decoal
R12_FSU,coal_ppl,2050,1208.4770651854117,sv_2c_buffer_decoal
R12_FSU,coal_ppl,2055,1190.948412784831,sv_2c_buffer_decoal
R12_FSU,coal_ppl,2060,1177.1235328152636,sv_2c_buffer_decoal
R12_FSU,coal_ppl,2070,1157.75753017794,sv_2c_buffer_decoal
R12_FSU,coal_ppl,2080,1146.0788593576729,sv_2c_buffer_decoal
R12_FSU,coal_ppl,2090,1139.7125563411425,sv_2c_buffer_decoal
R12_FSU,coal_ppl,2100,1137.3363176699422,sv_2c_buffer_decoal
R12_FSU,coal_ppl,2110,1137.3363176699422,sv_2c_buffer_decoal
R12_FSU,igcc,2010,2024.37,sv_2c_buffer_decoal
R12_FSU,igcc,2015,2024.37,sv_2c_buffer_decoal
R12_FSU,igcc,2020,2025.0,sv_2c_buffer_decoal
R12_FSU,igcc,2025,2025.0,sv_2c_buffer_decoal
R12_FSU,igcc,2030,1902.0083049024413,sv_2c_buffer_decoal
R12_FSU,igcc,2035,1804.6743370072713,sv_2c_buffer_decoal
R12_FSU,igcc,2040,1726.932718388309,sv_2c_buffer_decoal
R12_FSU,igcc,2045,1664.742900062246,sv_2c_buffer_decoal
R12_FSU,igcc,2050,1615.1045322399386,sv_2c_buffer_decoal
R12_FSU,igcc,2055,1575.734168247523,sv_2c_buffer_decoal
R12_FSU,igcc,2060,1544.8114610347693,sv_2c_buffer_decoal
R12_FSU,igcc,2070,1501.6135894206259,sv_2c_buffer_decoal
R12_FSU,igcc,2080,1475.3924776298898,sv_2c_buffer_decoal
R12_FSU,igcc,2090,1460.132161875429,sv_2c_buffer_decoal
R12_FSU,igcc,2100,1452.2323299879458,sv_2c_buffer_decoal
R12_FSU,igcc,2110,1452.2323299879458,sv_2c_buffer_decoal
R12_FSU,coal_adv_ccs,2030,3882.990040197639,sv_2c_buffer_decoal
R12_FSU,coal_adv_ccs,2035,3690.094992648861,sv_2c_buffer_decoal
R12_FSU,coal_adv_ccs,2040,3536.5796437203103,sv_2c_buffer_decoal
R12_FSU,coal_adv_ccs,2045,3413.9231776948086,sv_2c_buffer_decoal
R12_FSU,coal_adv_ccs,2050,3316.476264762168,sv_2c_buffer_decoal
R12_FSU,coal_adv_ccs,2055,3240.3091115292777,sv_2c_buffer_decoal
R12_FSU,coal_adv_ccs,2060,3182.314341700137,sv_2c_buffer_decoal
R12_FSU,coal_adv_ccs,2070,3105.603897512047,sv_2c_buffer_decoal
R12_FSU,coal_adv_ccs,2080,3063.7680550453315,sv_2c_buffer_decoal
R12_FSU,coal_adv_ccs,2090,3044.683193861582,sv_2c_buffer_decoal
R12_FSU,coal_adv_ccs,2100,3041.85663629231,sv_2c_buffer_decoal
R12_FSU,coal_adv_ccs,2110,3041.85663629231,sv_2c_buffer_decoal
R12_FSU,igcc_ccs,2030,4138.998390576045,sv_2c_buffer_decoal
R12_FSU,igcc_ccs,2035,3932.99085208706,sv_2c_buffer_decoal
R12_FSU,igcc_ccs,2040,3769.0013390444515,sv_2c_buffer_decoal
R12_FSU,igcc_ccs,2045,3637.965717074582,sv_2c_buffer_decoal
R12_FSU,igcc_ccs,2050,3533.829875969771,sv_2c_buffer_decoal
R12_FSU,igcc_ccs,2055,3452.3552327526922,sv_2c_buffer_decoal
R12_FSU,igcc_ccs,2060,3390.1881962947978,sv_2c_buffer_decoal
R12_FSU,igcc_ccs,2070,3307.6407786698765,sv_2c_buffer_decoal
R12_FSU,igcc_ccs,2080,3262.2525917295256,sv_2c_buffer_decoal
R12_FSU,igcc_ccs,2090,3241.089961480281,sv_2c_buffer_decoal
R12_FSU,igcc_ccs,2100,3237.173924968617,sv_2c_buffer_decoal
R12_FSU,igcc_ccs,2110,3237.173924968617,sv_2c_buffer_decoal
R12_FSU,coal_ppl_u,1960,959.3,sv_2c_buffer_decoal
R12_FSU,coal_ppl_u,1965,959.3,sv_2c_buffer_decoal
R12_FSU,coal_ppl_u,1970,959.3,sv_2c_buffer_decoal
R12_FSU,coal_ppl_u,1975,959.3,sv_2c_buffer_decoal
R12_FSU,coal_ppl_u,1980,959.3,sv_2c_buffer_decoal
R12_FSU,coal_ppl_u,1985,959.3,sv_2c_buffer_decoal
R12_FSU,coal_ppl_u,1990,959.3,sv_2c_buffer_decoal
R12_FSU,coal_ppl_u,1995,959.3,sv_2c_buffer_decoal
R12_FSU,coal_ppl_u,2000,959.3,sv_2c_buffer_decoal
R12_FSU,coal_ppl_u,2005,959.3,sv_2c_buffer_decoal
R12_FSU,coal_ppl_u,2010,959.3,sv_2c_buffer_decoal
R12_FSU,coal_ppl_u,2015,959.3,sv_2c_buffer_decoal
R12_FSU,coal_ppl_u,2020,959.5555555555555,sv_2c_buffer_decoal
R12_FSU,coal_ppl_u,2025,959.5555555555555,sv_2c_buffer_decoal
R12_FSU,coal_ppl_u,2030,960.2810657134459,sv_2c_buffer_decoal
R12_FSU,coal_ppl_u,2035,961.8202396789058,sv_2c_buffer_decoal
R12_FSU,coal_ppl_u,2040,963.3301459267752,sv_2c_buffer_decoal
R12_FSU,coal_ppl_u,2045,964.6851082983983,sv_2c_buffer_decoal
R12_FSU,coal_ppl_u,2050,965.978885831067,sv_2c_buffer_decoal
R12_LAM,coal_ppl,1965,1052.67,sv_2c_buffer_decoal
R12_LAM,coal_ppl,1970,1052.67,sv_2c_buffer_decoal
R12_LAM,coal_ppl,1975,1052.67,sv_2c_buffer_decoal
R12_LAM,coal_ppl,1980,1052.67,sv_2c_buffer_decoal
R12_LAM,coal_ppl,1985,1052.67,sv_2c_buffer_decoal
R12_LAM,coal_ppl,1990,1052.67,sv_2c_buffer_decoal
R12_LAM,coal_ppl,1995,1052.67,sv_2c_buffer_decoal
R12_LAM,coal_ppl,2000,1052.67,sv_2c_buffer_decoal
R12_LAM,coal_ppl,2005,1052.67,sv_2c_buffer_decoal
R12_LAM,coal_ppl,2010,1052.67,sv_2c_buffer_decoal
R12_LAM,coal_ppl,2025,1053.0,sv_2c_buffer_decoal
R12_LAM,coal_ppl,2030,1017.4347063379562,sv_2c_buffer_decoal
R12_LAM,coal_ppl,2035,993.0693150014004,sv_2c_buffer_decoal
R12_LAM,coal_ppl,2040,976.6140016135121,sv_2c_buffer_decoal
R12_LAM,coal_ppl,2045,966.2276930324238,sv_2c_buffer_decoal
R12_LAM,coal_ppl,2050,960.6013772995125,sv_2c_buffer_decoal
R12_LAM,coal_ppl,2055,958.3993423571605,sv_2c_buffer_decoal
R12_LAM,coal_ppl,2060,959.0563629126575,sv_2c_buffer_decoal
R12_LAM,coal_ppl,2070,967.8453168203993,sv_2c_buffer_decoal
R12_LAM,coal_ppl,2080,983.453736734583,sv_2c_buffer_decoal
R12_LAM,coal_ppl,2090,1001.4396395317203,sv_2c_buffer_decoal
R12_LAM,coal_ppl,2100,1020.4288566105093,sv_2c_buffer_decoal
R12_LAM,coal_ppl,2110,1020.4288566105093,sv_2c_buffer_decoal
R12_LAM,coal_adv,2010,1295.59,sv_2c_buffer_decoal
R12_LAM,coal_adv,2015,1295.59,sv_2c_buffer_decoal
R12_LAM,coal_adv,2020,1296.0000000000002,sv_2c_buffer_decoal
R12_LAM,coal_adv,2025,1296.0000000000002,sv_2c_buffer_decoal
R12_LAM,coal_adv,2030,1219.2255224042606,sv_2c_buffer_decoal
R12_LAM,coal_adv,2035,1162.484352884374,sv_2c_buffer_decoal
R12_LAM,coal_adv,2040,1120.427441753673,sv_2c_buffer_decoal
R12_LAM,coal_adv,2045,1089.687276402118,sv_2c_buffer_decoal
R12_LAM,coal_adv,2050,1067.79609012528,sv_2c_buffer_decoal
R12_LAM,coal_adv,2055,1052.5615060776697,sv_2c_buffer_decoal
R12_LAM,coal_adv,2060,1042.7137144456026,sv_2c_buffer_decoal
R12_LAM,coal_adv,2070,1035.9042540051869,sv_2c_buffer_decoal
R12_LAM,coal_adv,2080,1040.7720211332576,sv_2c_buffer_decoal
R12_LAM,coal_adv,2090,1051.2402719058068,sv_2c_buffer_decoal
R12_LAM,coal_adv,2100,1064.7553551854896,sv_2c_buffer_decoal
R12_LAM,coal_adv,2110,1064.7553551854896,sv_2c_buffer_decoal
R12_LAM,igcc,2010,1619.49,sv_2c_buffer_decoal
R12_LAM,igcc,2015,1619.49,sv_2c_buffer_decoal
R12_LAM,igcc,2020,1619.9999999999998,sv_2c_buffer_decoal
R12_LAM,igcc,2025,1619.9999999999998,sv_2c_buffer_decoal
R12_LAM,igcc,2030,1523.9036159047291,sv_2c_buffer_decoal
R12_LAM,igcc,2035,1452.6382687843563,sv_2c_buffer_decoal
R12_LAM,igcc,2040,1399.6273511662587,sv_2c_buffer_decoal
R12_LAM,igcc,2045,1360.7035567919079,sv_2c_buffer_decoal
R12_LAM,igcc,2050,1332.8044583820927,sv_2c_buffer_decoal
R12_LAM,igcc,2055,1313.2182584251855,sv_2c_buffer_decoal
R12_LAM,igcc,2060,1300.3563812641685,sv_2c_buffer_decoal
R12_LAM,igcc,2070,1290.6793107477492,sv_2c_buffer_decoal
R12_LAM,igcc,2080,1295.5555532853589,sv_2c_buffer_decoal
R12_LAM,igcc,2090,1307.4988951033524,sv_2c_buffer_decoal
R12_LAM,igcc,2100,1323.3205344782352,sv_2c_buffer_decoal
R12_LAM,igcc,2110,1323.3205344782352,sv_2c_buffer_decoal
R12_LAM,coal_adv_ccs,2030,3276.444089035406,sv_2c_buffer_decoal
R12_LAM,coal_adv_ccs,2035,3123.3591468148106,sv_2c_buffer_decoal
R12_LAM,coal_adv_ccs,2040,3009.561585417789,sv_2c_buffer_decoal
R12_LAM,coal_adv_ccs,2045,2926.074862586898,sv_2c_buffer_decoal
R12_LAM,coal_adv_ccs,2050,2866.3058472313023,sv_2c_buffer_decoal
R12_LAM,coal_adv_ccs,2055,2824.4127052829094,sv_2c_buffer_decoal
R12_LAM,coal_adv_ccs,2060,2796.980524435096,sv_2c_buffer_decoal
R12_LAM,coal_adv_ccs,2070,2776.6409208111545,sv_2c_buffer_decoal
R12_LAM,coal_adv_ccs,2080,2787.6082288160064,sv_2c_buffer_decoal
R12_LAM,coal_adv_ccs,2090,2813.74320238377,sv_2c_buffer_decoal
R12_LAM,coal_adv_ccs,2100,2848.1886129296554,sv_2c_buffer_decoal
R12_LAM,coal_adv_ccs,2110,2848.1886129296554,sv_2c_buffer_decoal
R12_LAM,igcc_ccs,2030,3671.7771841607305,sv_2c_buffer_decoal
R12_LAM,igcc_ccs,2035,3495.6798229538967,sv_2c_buffer_decoal
R12_LAM,igcc_ccs,2040,3362.3019326661856,sv_2c_buffer_decoal
R12_LAM,igcc_ccs,2045,3262.133402605372,sv_2c_buffer_decoal
R12_LAM,igcc_ccs,2050,3188.0755745106517,sv_2c_buffer_decoal
R12_LAM,igcc_ccs,2055,3133.9563000656244,sv_2c_buffer_decoal
R12_LAM,igcc_ccs,2060,3095.929571242094,sv_2c_buffer_decoal
R12_LAM,igcc_ccs,2070,3057.781561725689,sv_2c_buffer_decoal
R12_LAM,igcc_ccs,2080,3054.1649390961115,sv_2c_buffer_decoal
R12_LAM,igcc_ccs,2090,3068.4295123034894,sv_2c_buffer_decoal
R12_LAM,igcc_ccs,2100,3092.9300857692697,sv_2c_buffer_decoal
R12_LAM,igcc_ccs,2110,3092.9300857692697,sv_2c_buffer_decoal
R12_LAM,coal_ppl_u,1960,733.58,sv_2c_buffer_decoal
R12_LAM,coal_ppl_u,1965,733.58,sv_2c_buffer_decoal
R12_LAM,coal_ppl_u,1970,733.58,sv_2c_buffer_decoal
R12_LAM,coal_ppl_u,1975,733.58,sv_2c_buffer_decoal
R12_LAM,coal_ppl_u,1980,733.58,sv_2c_buffer_decoal
R12_LAM,coal_ppl_u,1985,733.58,sv_2c_buffer_decoal
R12_LAM,coal_ppl_u,1990,733.58,sv_2c_buffer_decoal
R12_LAM,coal_ppl_u,1995,733.58,sv_2c_buffer_decoal
R12_LAM,coal_ppl_u,2000,733.58,sv_2c_buffer_decoal
R12_LAM,coal_ppl_u,2005,733.58,sv_2c_buffer_decoal
R12_LAM,coal_ppl_u,2010,733.58,sv_2c_buffer_decoal
R12_LAM,coal_ppl_u,2020,733.7777777777777,sv_2c_buffer_decoal
R12_LAM,coal_ppl_u,2025,733.7777777777777,sv_2c_buffer_decoal
R12_LAM,coal_ppl_u,2030,735.6822955045525,sv_2c_buffer_decoal
R12_LAM,coal_ppl_u,2035,741.0953312811564,sv_2c_buffer_decoal
R12_LAM,coal_ppl_u,2040,748.6391794378571,sv_2c_buffer_decoal
R12_LAM,coal_ppl_u,2045,757.6923543372603,sv_2c_buffer_decoal
R12_LAM,coal_ppl_u,2050,767.8429942145442,sv_2c_buffer_decoal
R12_MEA,coal_ppl,1990,1052.67,sv_2c_buffer_decoal
R12_MEA,coal_ppl,2005,1052.67,sv_2c_buffer_decoal
R12_MEA,coal_ppl,2010,1052.67,sv_2c_buffer_decoal
R12_MEA,coal_ppl,2015,1052.67,sv_2c_buffer_decoal
R12_MEA,coal_ppl,2020,1053.0,sv_2c_buffer_decoal
R12_MEA,coal_ppl,2025,1053.0,sv_2c_buffer_decoal
R12_MEA,coal_ppl,2030,1022.4216672427624,sv_2c_buffer_decoal
R12_MEA,coal_ppl,2035,999.4955098781031,sv_2c_buffer_decoal
R12_MEA,coal_ppl,2040,982.9513491107772,sv_2c_buffer_decoal
R12_MEA,coal_ppl,2045,970.9378820441407,sv_2c_buffer_decoal
R12_MEA,coal_ppl,2050,963.0770869352741,sv_2c_buffer_decoal
R12_MEA,coal_ppl,2055,958.923790904292,sv_2c_buffer_decoal
R12_MEA,coal_ppl,2060,958.245140146715,sv_2c_buffer_decoal
R12_MEA,coal_ppl,2070,964.932099469486,sv_2c_buffer_decoal
R12_MEA,coal_ppl,2080,978.7831853063038,sv_2c_buffer_decoal
R12_MEA,coal_ppl,2090,996.9120753649017,sv_2c_buffer_decoal
R12_MEA,coal_ppl,2100,1019.4536109396323,sv_2c_buffer_decoal
R12_MEA,coal_ppl,2110,1019.4536109396323,sv_2c_buffer_decoal
R12_MEA,coal_adv,2010,1295.59,sv_2c_buffer_decoal
R12_MEA,coal_adv,2015,1295.59,sv_2c_buffer_decoal
R12_MEA,coal_adv,2020,1296.0000000000002,sv_2c_buffer_decoal
R12_MEA,coal_adv,2025,1296.0000000000002,sv_2c_buffer_decoal
R12_MEA,coal_adv,2030,1224.0834125137883,sv_2c_buffer_decoal
R12_MEA,coal_adv,2035,1168.607710152758,sv_2c_buffer_decoal
R12_MEA,coal_adv,2040,1126.3568477322626,sv_2c_buffer_decoal
R12_MEA,coal_adv,2045,1094.0289969875703,sv_2c_buffer_decoal
R12_MEA,coal_adv,2050,1070.0508273990945,sv_2c_buffer_decoal
R12_MEA,coal_adv,2055,1053.0345825297861,sv_2c_buffer_decoal
R12_MEA,coal_adv,2060,1041.9874725164657,sv_2c_buffer_decoal
R12_MEA,coal_adv,2070,1033.3233991891614,sv_2c_buffer_decoal
R12_MEA,coal_adv,2080,1036.6596871478005,sv_2c_buffer_decoal
R12_MEA,coal_adv,2090,1047.267617570242,sv_2c_buffer_decoal
R12_MEA,coal_adv,2100,1063.9012246510438,sv_2c_buffer_decoal
R12_MEA,coal_adv,2110,1063.9012246510438,sv_2c_buffer_decoal
R12_MEA,igcc,2010,1619.49,sv_2c_buffer_decoal
R12_MEA,igcc,2015,1619.49,sv_2c_buffer_decoal
R12_MEA,igcc,2020,1619.9999999999998,sv_2c_buffer_decoal
R12_MEA,igcc,2025,1619.9999999999998,sv_2c_buffer_decoal
R12_MEA,igcc,2030,1529.7330840361624,sv_2c_buffer_decoal
R12_MEA,igcc,2035,1459.9862975064175,sv_2c_buffer_decoal
R12_MEA,igcc,2040,1406.7426383405661,sv_2c_buffer_decoal
R12_MEA,igcc,2045,1365.913621494451,sv_2c_buffer_decoal
R12_MEA,igcc,2050,1335.5101431106702,sv_2c_buffer_decoal
R12_MEA,igcc,2055,1313.7859501677253,sv_2c_buffer_decoal
R12_MEA,igcc,2060,1299.4848909492043,sv_2c_buffer_decoal
R12_MEA,igcc,2070,1287.5822849685187,sv_2c_buffer_decoal
R12_MEA,igcc,2080,1290.62075250281,sv_2c_buffer_decoal
R12_MEA,igcc,2090,1302.7317099006746,sv_2c_buffer_decoal
R12_MEA,igcc,2100,1322.2955778369,sv_2c_buffer_decoal
R12_MEA,igcc,2110,1322.2955778369,sv_2c_buffer_decoal
R12_MEA,coal_adv_ccs,2030,3438.1876230206417,sv_2c_buffer_decoal
R12_MEA,coal_adv_ccs,2035,3277.2357675441417,sv_2c_buffer_decoal
R12_MEA,coal_adv_ccs,2040,3153.136723018655,sv_2c_buffer_decoal
R12_MEA,coal_adv_ccs,2045,3057.079400962397,sv_2c_buffer_decoal
R12_MEA,coal_adv_ccs,2050,2984.3639106170317,sv_2c_buffer_decoal
R12_MEA,coal_adv_ccs,2055,2930.9456079323095,sv_2c_buffer_decoal
R12_MEA,coal_adv_ccs,2060,2893.8465076719317,sv_2c_buffer_decoal
R12_MEA,coal_adv_ccs,2070,2856.340500999839,sv_2c_buffer_decoal
R12_MEA,coal_adv_ccs,2080,2851.8581288119226,sv_2c_buffer_decoal
R12_MEA,coal_adv_ccs,2090,2867.6182266552414,sv_2c_buffer_decoal
R12_MEA,coal_adv_ccs,2100,2899.3555203639808,sv_2c_buffer_decoal
R12_MEA,coal_adv_ccs,2110,2899.3555203639808,sv_2c_buffer_decoal
R12_MEA,igcc_ccs,2030,3376.8327600419852,sv_2c_buffer_decoal
R12_MEA,igcc_ccs,2035,3226.4801046941384,sv_2c_buffer_decoal
R12_MEA,igcc_ccs,2040,3112.763618201084,sv_2c_buffer_decoal
R12_MEA,igcc_ccs,2045,3026.3323426323045,sv_2c_buffer_decoal
R12_MEA,igcc_ccs,2050,2962.9929157441425,sv_2c_buffer_decoal
R12_MEA,igcc_ccs,2055,2918.99377865086,sv_2c_buffer_decoal
R12_MEA,igcc_ccs,2060,2891.6953078587826,sv_2c_buffer_decoal
R12_MEA,igcc_ccs,2070,2874.6867585943796,sv_2c_buffer_decoal
R12_MEA,igcc_ccs,2080,2891.1404960389755,sv_2c_buffer_decoal
R12_MEA,igcc_ccs,2090,2927.7494950350174,sv_2c_buffer_decoal
R12_MEA,igcc_ccs,2100,2981.477241752948,sv_2c_buffer_decoal
R12_MEA,igcc_ccs,2110,2981.477241752948,sv_2c_buffer_decoal
R12_MEA,coal_ppl_u,1970,733.58,sv_2c_buffer_decoal
R12_MEA,coal_ppl_u,1975,733.58,sv_2c_buffer_decoal
R12_MEA,coal_ppl_u,1980,733.58,sv_2c_buffer_decoal
R12_MEA,coal_ppl_u,1985,733.58,sv_2c_buffer_decoal
R12_MEA,coal_ppl_u,1990,733.58,sv_2c_buffer_decoal
R12_MEA,coal_ppl_u,1995,733.58,sv_2c_buffer_decoal
R12_MEA,coal_ppl_u,2000,733.58,sv_2c_buffer_decoal
R12_MEA,coal_ppl_u,2005,733.58,sv_2c_buffer_decoal
R12_MEA,coal_ppl_u,2010,733.58,sv_2c_buffer_decoal
R12_MEA,coal_ppl_u,2020,733.7777777777777,sv_2c_buffer_decoal
R12_MEA,coal_ppl_u,2025,733.7777777777777,sv_2c_buffer_decoal
R12_MEA,coal_ppl_u,2030,739.2882456684156,sv_2c_buffer_decoal
R12_MEA,coal_ppl_u,2035,745.8909915126081,sv_2c_buffer_decoal
R12_MEA,coal_ppl_u,2040,753.497175147858,sv_2c_buffer_decoal
R12_MEA,coal_ppl_u,2045,761.3859704770138,sv_2c_buffer_decoal
R12_NAM,coal_ppl,1960,1457.54,sv_2c_buffer_decoal
R12_NAM,coal_ppl,1965,1457.54,sv_2c_buffer_decoal
R12_NAM,coal_ppl,1970,1457.54,sv_2c_buffer_decoal
R12_NAM,coal_ppl,1975,1457.54,sv_2c_buffer_decoal
R12_NAM,coal_ppl,1980,1457.54,sv_2c_buffer_decoal
R12_NAM,coal_ppl,1985,1457.54,sv_2c_buffer_decoal
R12_NAM,coal_ppl,1990,1457.54,sv_2c_buffer_decoal
R12_NAM,coal_ppl,1995,1457.54,sv_2c_buffer_decoal
R12_NAM,coal_ppl,2000,1457.54,sv_2c_buffer_decoal
R12_NAM,coal_ppl,2005,1457.54,sv_2c_buffer_decoal
R12_NAM,coal_ppl,2010,1457.54,sv_2c_buffer_decoal
R12_NAM,coal_ppl,2025,1458.0,sv_2c_buffer_decoal
R12_NAM,coal_ppl,2030,1405.1087921456806,sv_2c_buffer_decoal
R12_NAM,coal_ppl,2035,1361.442153868656,sv_2c_buffer_decoal
R12_NAM,coal_ppl,2040,1325.391260425867,sv_2c_buffer_decoal
R12_NAM,coal_ppl,2045,1295.6278765404813,sv_2c_buffer_decoal
R12_NAM,coal_ppl,2050,1271.055419779746,sv_2c_buffer_decoal
R12_NAM,coal_ppl,2055,1250.7685587970234,sv_2c_buffer_decoal
R12_NAM,coal_ppl,2060,1234.019857902372,sv_2c_buffer_decoal
R12_NAM,coal_ppl,2070,1208.7762465537235,sv_2c_buffer_decoal
R12_NAM,coal_adv,1965,1700.47,sv_2c_buffer_decoal
R12_NAM,coal_adv,1970,1700.47,sv_2c_buffer_decoal
R12_NAM,coal_adv,1975,1700.47,sv_2c_buffer_decoal
R12_NAM,coal_adv,1980,1700.47,sv_2c_buffer_decoal
R12_NAM,coal_adv,1985,1700.47,sv_2c_buffer_decoal
R12_NAM,coal_adv,1990,1700.47,sv_2c_buffer_decoal
R12_NAM,coal_adv,1995,1700.47,sv_2c_buffer_decoal
R12_NAM,coal_adv,2000,1700.47,sv_2c_buffer_decoal
R12_NAM,coal_adv,2005,1700.47,sv_2c_buffer_decoal
R12_NAM,coal_adv,2010,1700.47,sv_2c_buffer_decoal
R12_NAM,coal_adv,2025,1701.0,sv_2c_buffer_decoal
R12_NAM,coal_adv,2030,1596.8659617649444,sv_2c_buffer_decoal
R12_NAM,coal_adv,2035,1513.4974397315866,sv_2c_buffer_decoal
R12_NAM,coal_adv,2040,1446.7535528735937,sv_2c_buffer_decoal
R12_NAM,coal_adv,2045,1393.319159120876,sv_2c_buffer_decoal
R12_NAM,coal_adv,2050,1350.5401935836217,sv_2c_buffer_decoal
R12_NAM,coal_adv,2055,1316.2918422145278,sv_2c_buffer_decoal
R12_NAM,coal_adv,2060,1288.873003147944,sv_2c_buffer_decoal
R12_NAM,coal_adv,2070,1249.3479059650367,sv_2c_buffer_decoal
R12_NAM,coal_adv,2080,1224.0146080430604,sv_2c_buffer_decoal
R12_NAM,coal_adv,2090,1207.7774314300918,sv_2c_buffer_decoal
R12_NAM,coal_adv,2100,1197.3703417107536,sv_2c_buffer_decoal
R12_NAM,coal_adv,2110,1197.3703417107536,sv_2c_buffer_decoal
R12_NAM,igcc,2010,2105.34,sv_2c_buffer_decoal
R12_NAM,igcc,2015,2105.34,sv_2c_buffer_decoal
R12_NAM,igcc,2020,2106.0,sv_2c_buffer_decoal
R12_NAM,igcc,2025,2106.0,sv_2c_buffer_decoal
R12_NAM,igcc,2030,1977.0721431375503,sv_2c_buffer_decoal
R12_NAM,igcc,2035,1873.853973001012,sv_2c_buffer_decoal
R12_NAM,igcc,2040,1791.2186845101637,sv_2c_buffer_decoal
R12_NAM,igcc,2045,1725.0618160544182,sv_2c_buffer_decoal
R12_NAM,igcc,2050,1672.0973825321032,sv_2c_buffer_decoal
R12_NAM,igcc,2055,1629.6946617894157,sv_2c_buffer_decoal
R12_NAM,igcc,2060,1595.7475277069786,sv_2c_buffer_decoal
R12_NAM,igcc,2070,1546.8116930995693,sv_2c_buffer_decoal
R12_NAM,igcc,2080,1515.4466575771223,sv_2c_buffer_decoal
R12_NAM,igcc,2090,1495.3434865324946,sv_2c_buffer_decoal
R12_NAM,igcc,2100,1482.4585183085521,sv_2c_buffer_decoal
R12_NAM,igcc,2110,1482.4585183085521,sv_2c_buffer_decoal
R12_NAM,coal_adv_ccs,2030,4258.309231373185,sv_2c_buffer_decoal
R12_NAM,coal_adv_ccs,2035,4035.9931726175646,sv_2c_buffer_decoal
R12_NAM,coal_adv_ccs,2040,3858.0094743295836,sv_2c_buffer_decoal
R12_NAM,coal_adv_ccs,2045,3715.5177576556694,sv_2c_buffer_decoal
R12_NAM,coal_adv_ccs,2050,3601.4405162229914,sv_2c_buffer_decoal
R12_NAM,coal_adv_ccs,2055,3510.1115792387413,sv_2c_buffer_decoal
R12_NAM,coal_adv_ccs,2060,3436.9946750611844,sv_2c_buffer_decoal
R12_NAM,coal_adv_ccs,2070,3331.594415906765,sv_2c_buffer_decoal
R12_NAM,coal_adv_ccs,2080,3264.0389547814943,sv_2c_buffer_decoal
R12_NAM,coal_adv_ccs,2090,3220.7398171469113,sv_2c_buffer_decoal
R12_NAM,coal_adv_ccs,2100,3192.9875778953424,sv_2c_buffer_decoal
R12_NAM,coal_adv_ccs,2110,3192.9875778953424,sv_2c_buffer_decoal
R12_NAM,igcc_ccs,2030,4523.984167986636,sv_2c_buffer_decoal
R12_NAM,igcc_ccs,2035,4287.797861297188,sv_2c_buffer_decoal
R12_NAM,igcc_ccs,2040,4098.709800880571,sv_2c_buffer_decoal
R12_NAM,igcc_ccs,2045,3947.3280586734295,sv_2c_buffer_decoal
R12_NAM,igcc_ccs,2050,3826.1335643030425,sv_2c_buffer_decoal
R12_NAM,igcc_ccs,2055,3729.1066358799603,sv_2c_buffer_decoal
R12_NAM,igcc_ccs,2060,3651.427984814782,sv_2c_buffer_decoal
R12_NAM,igcc_ccs,2070,3539.4518276575623,sv_2c_buffer_decoal
R12_NAM,igcc_ccs,2080,3467.6815968015926,sv_2c_buffer_decoal
R12_NAM,igcc_ccs,2090,3421.68103589748,sv_2c_buffer_decoal
R12_NAM,igcc_ccs,2100,3392.197340801953,sv_2c_buffer_decoal
R12_NAM,igcc_ccs,2110,3392.197340801953,sv_2c_buffer_decoal
R12_NAM,coal_ppl_u,1960,1015.73,sv_2c_buffer_decoal
R12_NAM,coal_ppl_u,1965,1015.73,sv_2c_buffer_decoal
R12_NAM,coal_ppl_u,1970,1015.73,sv_2c_buffer_decoal
R12_NAM,coal_ppl_u,1975,1015.73,sv_2c_buffer_decoal
R12_NAM,coal_ppl_u,1980,1015.73,sv_2c_buffer_decoal
R12_NAM,coal_ppl_u,1985,1015.73,sv_2c_buffer_decoal
R12_NAM,coal_ppl_u,1990,1015.73,sv_2c_buffer_decoal
R12_NAM,coal_ppl_u,1995,1015.73,sv_2c_buffer_decoal
R12_NAM,coal_ppl_u,2000,1015.73,sv_2c_buffer_decoal
R12_NAM,coal_ppl_u,2005,1015.73,sv_2c_buffer_decoal
R12_NAM,coal_ppl_u,2010,1015.73,sv_2c_buffer_decoal
R12_NAM,coal_ppl_u,2015,1015.73,sv_2c_buffer_decoal
R12_NAM,coal_ppl_u,2020,1016.0,sv_2c_buffer_decoal
R12_NAM,coal_ppl_u,2025,1016.0,sv_2c_buffer_decoal
R12_NAM,coal_ppl_u,2030,1016.0,sv_2c_buffer_decoal
R12_NAM,coal_ppl_u,2035,1016.0,sv_2c_buffer_decoal
R12_NAM,coal_ppl_u,2040,1016.0,sv_2c_buffer_decoal
R12_NAM,coal_ppl_u,2045,1016.0,sv_2c_buffer_decoal
R12_NAM,coal_ppl_u,2050,1016.0,sv_2c_buffer_decoal
R12_PAO,coal_ppl,1965,1700.47,sv_2c_buffer_decoal
R12_PAO,coal_ppl,1970,1700.47,sv_2c_buffer_decoal
R12_PAO,coal_ppl,1975,1700.47,sv_2c_buffer_decoal
R12_PAO,coal_ppl,1980,1700.47,sv_2c_buffer_decoal
R12_PAO,coal_ppl,1985,1700.47,sv_2c_buffer_decoal
R12_PAO,coal_ppl,1990,1700.47,sv_2c_buffer_decoal
R12_PAO,coal_ppl,1995,1700.47,sv_2c_buffer_decoal
R12_PAO,coal_ppl,2000,1700.47,sv_2c_buffer_decoal
R12_PAO,coal_ppl,2005,1700.47,sv_2c_buffer_decoal
R12_PAO,coal_ppl,2010,1700.47,sv_2c_buffer_decoal
R12_PAO,coal_ppl,2025,1701.0,sv_2c_buffer_decoal
R12_PAO,coal_ppl,2030,1638.3459733984614,sv_2c_buffer_decoal
R12_PAO,coal_ppl,2035,1576.3939735266492,sv_2c_buffer_decoal
R12_PAO,coal_ppl,2040,1522.2724459216988,sv_2c_buffer_decoal
R12_PAO,coal_ppl,2045,1473.1399411567631,sv_2c_buffer_decoal
R12_PAO,coal_ppl,2050,1428.9046444442015,sv_2c_buffer_decoal
R12_PAO,coal_ppl,2055,1391.8851387227542,sv_2c_buffer_decoal
R12_PAO,coal_ppl,2060,1360.2027417048648,sv_2c_buffer_decoal
R12_PAO,coal_ppl,2070,1306.252324688027,sv_2c_buffer_decoal
R12_PAO,coal_adv,1985,1943.39,sv_2c_buffer_decoal
R12_PAO,coal_adv,1990,1943.39,sv_2c_buffer_decoal
R12_PAO,coal_adv,1995,1943.39,sv_2c_buffer_decoal
R12_PAO,coal_adv,2010,1943.39,sv_2c_buffer_decoal
R12_PAO,coal_adv,2015,1943.39,sv_2c_buffer_decoal
R12_PAO,coal_adv,2020,1944.0,sv_2c_buffer_decoal
R12_PAO,coal_adv,2025,1944.0,sv_2c_buffer_decoal
R12_PAO,coal_adv,2030,1824.06657905674,sv_2c_buffer_decoal
R12_PAO,coal_adv,2035,1718.3195486948548,sv_2c_buffer_decoal
R12_PAO,coal_adv,2040,1630.9612957588608,sv_2c_buffer_decoal
R12_PAO,coal_adv,2045,1556.9448189815575,sv_2c_buffer_decoal
R12_PAO,coal_adv,2050,1494.3004009005788,sv_2c_buffer_decoal
R12_PAO,coal_adv,2055,1443.5854181644154,sv_2c_buffer_decoal
R12_PAO,coal_adv,2060,1401.8374129303904,sv_2c_buffer_decoal
R12_PAO,coal_adv,2070,1335.7031535820124,sv_2c_buffer_decoal
R12_PAO,coal_adv,2080,1287.2184701136744,sv_2c_buffer_decoal
R12_PAO,coal_adv,2090,1255.4746930724552,sv_2c_buffer_decoal
R12_PAO,coal_adv,2100,1235.6853894940887,sv_2c_buffer_decoal
R12_PAO,coal_adv,2110,1235.6853894940887,sv_2c_buffer_decoal
R12_PAO,igcc,2010,2348.26,sv_2c_buffer_decoal
R12_PAO,igcc,2015,2348.26,sv_2c_buffer_decoal
R12_PAO,igcc,2020,2349.0,sv_2c_buffer_decoal
R12_PAO,igcc,2025,2349.0,sv_2c_buffer_decoal
R12_PAO,igcc,2030,2204.272760429346,sv_2c_buffer_decoal
R12_PAO,igcc,2035,2078.6760819642805,sv_2c_buffer_decoal
R12_PAO,igcc,2040,1975.4264273954311,sv_2c_buffer_decoal
R12_PAO,igcc,2045,1888.6874759150999,sv_2c_buffer_decoal
R12_PAO,igcc,2050,1815.8575898490606,sv_2c_buffer_decoal
R12_PAO,igcc,2055,1756.9882377393035,sv_2c_buffer_decoal
R12_PAO,igcc,2060,1708.7119374894253,sv_2c_buffer_decoal
R12_PAO,igcc,2070,1633.166940716545,sv_2c_buffer_decoal
R12_PAO,igcc,2080,1578.6505196477362,sv_2c_buffer_decoal
R12_PAO,igcc,2090,1543.0407481748578,sv_2c_buffer_decoal
R12_PAO,igcc,2100,1520.7735660918875,sv_2c_buffer_decoal
R12_PAO,igcc,2110,1520.7735660918875,sv_2c_buffer_decoal
R12_PAO,coal_adv_ccs,2030,4485.509848664981,sv_2c_buffer_decoal
R12_PAO,coal_adv_ccs,2035,4240.815281580833,sv_2c_buffer_decoal
R12_PAO,coal_adv_ccs,2040,4042.217217214851,sv_2c_buffer_decoal
R12_PAO,coal_adv_ccs,2045,3879.143417516351,sv_2c_buffer_decoal
R12_PAO,coal_adv_ccs,2050,3745.2007235399487,sv_2c_buffer_decoal
R12_PAO,coal_adv_ccs,2055,3637.405155188629,sv_2c_buffer_decoal
R12_PAO,coal_adv_ccs,2060,3549.959084843631,sv_2c_buffer_decoal
R12_PAO,coal_adv_ccs,2070,3417.949663523741,sv_2c_buffer_decoal
R12_PAO,coal_adv_ccs,2080,3327.2428168521087,sv_2c_buffer_decoal
R12_PAO,coal_adv_ccs,2090,3268.437078789275,sv_2c_buffer_decoal
R12_PAO,coal_adv_ccs,2100,3231.302625678678,sv_2c_buffer_decoal
R12_PAO,coal_adv_ccs,2110,3231.302625678678,sv_2c_buffer_decoal
R12_PAO,igcc_ccs,2030,4757.036482743802,sv_2c_buffer_decoal
R12_PAO,igcc_ccs,2035,4497.895294905956,sv_2c_buffer_decoal
R12_PAO,igcc_ccs,2040,4287.661932205411,sv_2c_buffer_decoal
R12_PAO,igcc_ccs,2045,4115.1680022384835,sv_2c_buffer_decoal
R12_PAO,igcc_ccs,2050,3973.5964078663496,sv_2c_buffer_decoal
R12_PAO,igcc_ccs,2055,3859.678739435199,sv_2c_buffer_decoal
R12_PAO,igcc_ccs,2060,3767.301865347267,sv_2c_buffer_decoal
R12_PAO,igcc_ccs,2070,3628.0312100045626,sv_2c_buffer_decoal
R12_PAO,igcc_ccs,2080,3532.513314834435,sv_2c_buffer_decoal
R12_PAO,igcc_ccs,2090,3470.606771072991,sv_2c_buffer_decoal
R12_PAO,igcc_ccs,2100,3431.499217189329,sv_2c_buffer_decoal
R12_PAO,igcc_ccs,2110,3431.499217189329,sv_2c_buffer_decoal
R12_PAO,coal_ppl_u,1960,1185.01,sv_2c_buffer_decoal
R12_PAO,coal_ppl_u,1965,1185.01,sv_2c_buffer_decoal
R12_PAO,coal_ppl_u,1970,1185.01,sv_2c_buffer_decoal
R12_PAO,coal_ppl_u,1975,1185.01,sv_2c_buffer_decoal
R12_PAO,coal_ppl_u,1980,1185.01,sv_2c_buffer_decoal
R12_PAO,coal_ppl_u,1985,1185.01,sv_2c_buffer_decoal
R12_PAO,coal_ppl_u,1990,1185.01,sv_2c_buffer_decoal
R12_PAO,coal_ppl_u,1995,1185.01,sv_2c_buffer_decoal
R12_PAO,coal_ppl_u,2000,1185.01,sv_2c_buffer_decoal
R12_PAO,coal_ppl_u,2005,1185.01,sv_2c_buffer_decoal
R12_PAO,coal_ppl_u,2010,1185.01,sv_2c_buffer_decoal
R12_PAO,coal_ppl_u,2015,1185.01,sv_2c_buffer_decoal
R12_PAO,coal_ppl_u,2020,1185.3333333333335,sv_2c_buffer_decoal
R12_PAO,coal_ppl_u,2025,1185.3333333333335,sv_2c_buffer_decoal
R12_PAO,coal_ppl_u,2030,1184.6481342067189,sv_2c_buffer_decoal
R12_PAO,coal_ppl_u,2035,1176.4115519355296,sv_2c_buffer_decoal
R12_PAO,coal_ppl_u,2040,1166.9224411208902,sv_2c_buffer_decoal
R12_PAO,coal_ppl_u,2045,1155.2006616372826,sv_2c_buffer_decoal
R12_PAO,coal_ppl_u,2050,1142.174523756704,sv_2c_buffer_decoal
R12_PAS,coal_ppl,1970,809.75,sv_2c_buffer_decoal
R12_PAS,coal_ppl,1975,809.75,sv_2c_buffer_decoal
R12_PAS,coal_ppl,1980,809.75,sv_2c_buffer_decoal
R12_PAS,coal_ppl,1985,809.75,sv_2c_buffer_decoal
R12_PAS,coal_ppl,1990,809.75,sv_2c_buffer_decoal
R12_PAS,coal_ppl,1995,809.75,sv_2c_buffer_decoal
R12_PAS,coal_ppl,2000,809.75,sv_2c_buffer_decoal
R12_PAS,coal_ppl,2005,809.75,sv_2c_buffer_decoal
R12_PAS,coal_ppl,2010,809.75,sv_2c_buffer_decoal
R12_PAS,coal_ppl,2025,810.0,sv_2c_buffer_decoal
R12_PAS,coal_ppl,2030,800.6876207004158,sv_2c_buffer_decoal
R12_PAS,coal_ppl,2035,793.6762441195559,sv_2c_buffer_decoal
R12_PAS,coal_ppl,2040,787.4691721846372,sv_2c_buffer_decoal
R12_PAS,coal_ppl,2045,782.6528528303388,sv_2c_buffer_decoal
R12_PAS,coal_ppl,2050,779.7066487015863,sv_2c_buffer_decoal
R12_PAS,coal_ppl,2055,778.6467851215191,sv_2c_buffer_decoal
R12_PAS,coal_ppl,2060,779.8354815602511,sv_2c_buffer_decoal
R12_PAS,coal_ppl,2070,787.6294056331444,sv_2c_buffer_decoal
R12_PAS,coal_ppl,2080,800.2902314045034,sv_2c_buffer_decoal
R12_PAS,coal_ppl,2090,814.7059399012335,sv_2c_buffer_decoal
R12_PAS,coal_ppl,2100,830.5611505759277,sv_2c_buffer_decoal
R12_PAS,coal_ppl,2110,830.5611505759277,sv_2c_buffer_decoal
R12_PAS,coal_adv,2000,971.7,sv_2c_buffer_decoal
R12_PAS,coal_adv,2005,971.7,sv_2c_buffer_decoal
R12_PAS,coal_adv,2010,971.7,sv_2c_buffer_decoal
R12_PAS,coal_adv,2015,971.7,sv_2c_buffer_decoal
R12_PAS,coal_adv,2020,972.0,sv_2c_buffer_decoal
R12_PAS,coal_adv,2025,972.0,sv_2c_buffer_decoal
R12_PAS,coal_adv,2030,934.4909907853679,sv_2c_buffer_decoal
R12_PAS,coal_adv,2035,904.8615713800205,sv_2c_buffer_decoal
R12_PAS,coal_adv,2040,880.5461209258247,sv_2c_buffer_decoal
R12_PAS,coal_adv,2045,861.367364497406,sv_2c_buffer_decoal
R12_PAS,coal_adv,2050,847.1107246493111,sv_2c_buffer_decoal
R12_PAS,coal_adv,2055,837.1821054464501,sv_2c_buffer_decoal
R12_PAS,coal_adv,2060,831.4416779376297,sv_2c_buffer_decoal
R12_PAS,coal_adv,2070,829.6113872185383,sv_2c_buffer_decoal
R12_PAS,coal_adv,2080,836.4356163737359,sv_2c_buffer_decoal
R12_PAS,coal_adv,2090,847.3450940842453,sv_2c_buffer_decoal
R12_PAS,coal_adv,2100,861.1043052483562,sv_2c_buffer_decoal
R12_PAS,coal_adv,2110,861.1043052483562,sv_2c_buffer_decoal
R12_PAS,igcc,2010,1295.59,sv_2c_buffer_decoal
R12_PAS,igcc,2015,1295.59,sv_2c_buffer_decoal
R12_PAS,igcc,2020,1296.0,sv_2c_buffer_decoal
R12_PAS,igcc,2025,1296.0,sv_2c_buffer_decoal
R12_PAS,igcc,2030,1241.099953160243,sv_2c_buffer_decoal
R12_PAS,igcc,2035,1197.5918970548275,sv_2c_buffer_decoal
R12_PAS,igcc,2040,1162.0993156793093,sv_2c_buffer_decoal
R12_PAS,igcc,2045,1134.0042664727846,sv_2c_buffer_decoal
R12_PAS,igcc,2050,1112.7313059384248,sv_2c_buffer_decoal
R12_PAS,igcc,2055,1097.3505098248847,sv_2c_buffer_decoal
R12_PAS,igcc,2060,1087.490499695518,sv_2c_buffer_decoal
R12_PAS,igcc,2070,1080.4377833812378,sv_2c_buffer_decoal
R12_PAS,igcc,2080,1084.8033335000953,sv_2c_buffer_decoal
R12_PAS,igcc,2090,1094.8631117037762,sv_2c_buffer_decoal
R12_PAS,igcc,2100,1108.8295889058886,sv_2c_buffer_decoal
R12_PAS,igcc,2110,1108.8295889058886,sv_2c_buffer_decoal
R12_PAS,coal_adv_ccs,2030,3007.156508411763,sv_2c_buffer_decoal
R12_PAS,coal_adv_ccs,2035,2886.3476435090506,sv_2c_buffer_decoal
R12_PAS,coal_adv_ccs,2040,2788.5065473171308,sv_2c_buffer_decoal
R12_PAS,coal_adv_ccs,2045,2710.7199233668925,sv_2c_buffer_decoal
R12_PAS,coal_adv_ccs,2050,2650.5181860137377,sv_2c_buffer_decoal
R12_PAS,coal_adv_ccs,2055,2605.1265208990385,sv_2c_buffer_decoal
R12_PAS,coal_adv_ccs,2060,2572.9577274417015,sv_2c_buffer_decoal
R12_PAS,coal_adv_ccs,2070,2538.758769385601,sv_2c_buffer_decoal
R12_PAS,coal_adv_ccs,2080,2531.945303850548,sv_2c_buffer_decoal
R12_PAS,coal_adv_ccs,2090,2539.92317993809,sv_2c_buffer_decoal
R12_PAS,coal_adv_ccs,2100,2557.8183979108144,sv_2c_buffer_decoal
R12_PAS,coal_adv_ccs,2110,2557.8183979108144,sv_2c_buffer_decoal
R12_PAS,igcc_ccs,2030,3240.607205034082,sv_2c_buffer_decoal
R12_PAS,igcc_ccs,2035,3108.5424750106986,sv_2c_buffer_decoal
R12_PAS,igcc_ccs,2040,3001.661140754344,sv_2c_buffer_decoal
R12_PAS,igcc_ccs,2045,2916.651012390412,sv_2c_buffer_decoal
R12_PAS,igcc_ccs,2050,2850.7196202250534,sv_2c_buffer_decoal
R12_PAS,igcc_ccs,2055,2800.8131075404485,sv_2c_buffer_decoal
R12_PAS,igcc_ccs,2060,2765.1372120224687,sv_2c_buffer_decoal
R12_PAS,igcc_ccs,2070,2726.1961910918985,sv_2c_buffer_decoal
R12_PAS,igcc_ccs,2080,2716.7324048398577,sv_2c_buffer_decoal
R12_PAS,igcc_ccs,2090,2723.329529999372,sv_2c_buffer_decoal
R12_PAS,igcc_ccs,2100,2740.668971635192,sv_2c_buffer_decoal
R12_PAS,igcc_ccs,2110,2740.668971635192,sv_2c_buffer_decoal
R12_PAS,coal_ppl_u,1965,564.29,sv_2c_buffer_decoal
R12_PAS,coal_ppl_u,1970,564.29,sv_2c_buffer_decoal
R12_PAS,coal_ppl_u,1975,564.29,sv_2c_buffer_decoal
R12_PAS,coal_ppl_u,1980,564.29,sv_2c_buffer_decoal
R12_PAS,coal_ppl_u,1985,564.29,sv_2c_buffer_decoal
R12_PAS,coal_ppl_u,1990,564.29,sv_2c_buffer_decoal
R12_PAS,coal_ppl_u,1995,564.29,sv_2c_buffer_decoal
R12_PAS,coal_ppl_u,2000,564.29,sv_2c_buffer_decoal
R12_PAS,coal_ppl_u,2005,564.29,sv_2c_buffer_decoal
R12_PAS,coal_ppl_u,2010,564.29,sv_2c_buffer_decoal
R12_PAS,coal_ppl_u,2020,564.4444444444445,sv_2c_buffer_decoal
R12_PAS,coal_ppl_u,2025,564.4444444444445,sv_2c_buffer_decoal
R12_PAS,coal_ppl_u,2030,578.9577484526048,sv_2c_buffer_decoal
R12_PAS,coal_ppl_u,2035,592.2947675258064,sv_2c_buffer_decoal
R12_PAS,coal_ppl_u,2040,603.647166560098,sv_2c_buffer_decoal
R12_PAS,coal_ppl_u,2045,613.7374109291784,sv_2c_buffer_decoal
R12_PAS,coal_ppl_u,2050,623.2473759626346,sv_2c_buffer_decoal
R12_SAS,coal_ppl,1985,809.75,sv_2c_buffer_decoal
R12_SAS,coal_ppl,1990,809.75,sv_2c_buffer_decoal
R12_SAS,coal_ppl,1995,809.75,sv_2c_buffer_decoal
R12_SAS,coal_ppl,2010,809.75,sv_2c_buffer_decoal
R12_SAS,coal_ppl,2015,809.75,sv_2c_buffer_decoal
R12_SAS,coal_ppl,2020,810.0,sv_2c_buffer_decoal
R12_SAS,coal_ppl,2025,810.0,sv_2c_buffer_decoal
R12_SAS,coal_ppl,2030,795.4744120356828,sv_2c_buffer_decoal
R12_SAS,coal_ppl,2035,785.1096119867111,sv_2c_buffer_decoal
R12_SAS,coal_ppl,2040,778.6096896181391,sv_2c_buffer_decoal
R12_SAS,coal_ppl,2045,775.6987305686305,sv_2c_buffer_decoal
R12_SAS,coal_ppl,2050,776.1561423444731,sv_2c_buffer_decoal
R12_SAS,coal_ppl,2055,779.2863396073143,sv_2c_buffer_decoal
R12_SAS,coal_ppl,2060,784.8661467117724,sv_2c_buffer_decoal
R12_SAS,coal_ppl,2070,802.0940720623918,sv_2c_buffer_decoal
R12_SAS,coal_ppl,2080,825.1867426142978,sv_2c_buffer_decoal
R12_SAS,coal_ppl,2090,849.8318211514152,sv_2c_buffer_decoal
R12_SAS,coal_ppl,2100,875.2948163299769,sv_2c_buffer_decoal
R12_SAS,coal_ppl,2110,875.2948163299769,sv_2c_buffer_decoal
R12_SAS,coal_adv,2010,971.7,sv_2c_buffer_decoal
R12_SAS,coal_adv,2015,971.7,sv_2c_buffer_decoal
R12_SAS,coal_adv,2020,972.0,sv_2c_buffer_decoal
R12_SAS,coal_adv,2025,972.0,sv_2c_buffer_decoal
R12_SAS,coal_adv,2030,928.7779233066823,sv_2c_buffer_decoal
R12_SAS,coal_adv,2035,895.6782803484638,sv_2c_buffer_decoal
R12_SAS,coal_adv,2040,871.2207837031722,sv_2c_buffer_decoal
R12_SAS,coal_adv,2045,854.1559845156058,sv_2c_buffer_decoal
R12_SAS,coal_adv,2050,843.4729226743771,sv_2c_buffer_decoal
R12_SAS,coal_adv,2055,837.8311260983737,sv_2c_buffer_decoal
R12_SAS,coal_adv,2060,836.5083071455362,sv_2c_buffer_decoal
R12_SAS,coal_adv,2070,844.0276148662879,sv_2c_buffer_decoal
R12_SAS,coal_adv,2080,861.096647749148,sv_2c_buffer_decoal
R12_SAS,coal_adv,2090,882.0184530273325,sv_2c_buffer_decoal
R12_SAS,coal_adv,2100,905.1798031988864,sv_2c_buffer_decoal
R12_SAS,coal_adv,2110,905.1798031988864,sv_2c_buffer_decoal
R12_SAS,igcc,2010,1295.59,sv_2c_buffer_decoal
R12_SAS,igcc,2015,1295.59,sv_2c_buffer_decoal
R12_SAS,igcc,2020,1296.0,sv_2c_buffer_decoal
R12_SAS,igcc,2025,1296.0,sv_2c_buffer_decoal
R12_SAS,igcc,2030,1234.752100406148,sv_2c_buffer_decoal
R12_SAS,igcc,2035,1187.3882403530977,sv_2c_buffer_decoal
R12_SAS,igcc,2040,1151.737829876362,sv_2c_buffer_decoal
R12_SAS,igcc,2045,1125.9916220485622,sv_2c_buffer_decoal
R12_SAS,igcc,2050,1108.6893037440536,sv_2c_buffer_decoal
R12_SAS,igcc,2055,1098.0716438825777,sv_2c_buffer_decoal
R12_SAS,igcc,2060,1093.120087704303,sv_2c_buffer_decoal
R12_SAS,igcc,2070,1096.4558141009595,sv_2c_buffer_decoal
R12_SAS,igcc,2080,1112.2044794727753,sv_2c_buffer_decoal
R12_SAS,igcc,2090,1133.3890660849843,sv_2c_buffer_decoal
R12_SAS,igcc,2100,1157.8023644064774,sv_2c_buffer_decoal
R12_SAS,igcc,2110,1157.8023644064774,sv_2c_buffer_decoal
R12_SAS,coal_adv_ccs,2030,2996.365158729801,sv_2c_buffer_decoal
R12_SAS,coal_adv_ccs,2035,2869.0014271161103,sv_2c_buffer_decoal
R12_SAS,coal_adv_ccs,2040,2770.892021452121,sv_2c_buffer_decoal
R12_SAS,coal_adv_ccs,2045,2697.0984278457145,sv_2c_buffer_decoal
R12_SAS,coal_adv_ccs,2050,2643.646782283307,sv_2c_buffer_decoal
R12_SAS,coal_adv_ccs,2055,2606.3524487971167,sv_2c_buffer_decoal
R12_SAS,coal_adv_ccs,2060,2582.528027056636,sv_2c_buffer_decoal
R12_SAS,coal_adv_ccs,2070,2565.989421609128,sv_2c_buffer_decoal
R12_SAS,coal_adv_ccs,2080,2578.5272520041044,sv_2c_buffer_decoal
R12_SAS,coal_adv_ccs,2090,2605.4173023861435,sv_2c_buffer_decoal
R12_SAS,coal_adv_ccs,2100,2641.0721162618156,sv_2c_buffer_decoal
R12_SAS,coal_adv_ccs,2110,2641.0721162618156,sv_2c_buffer_decoal
R12_SAS,igcc_ccs,2030,3229.5379172270646,sv_2c_buffer_decoal
R12_SAS,igcc_ccs,2035,3090.749495700869,sv_2c_buffer_decoal
R12_SAS,igcc_ccs,2040,2983.5929414900866,sv_2c_buffer_decoal
R12_SAS,igcc_ccs,2045,2902.6786865248187,sv_2c_buffer_decoal
R12_SAS,igcc_ccs,2050,2843.67123908905,sv_2c_buffer_decoal
R12_SAS,igcc_ccs,2055,2802.070609996991,sv_2c_buffer_decoal
R12_SAS,igcc_ccs,2060,2774.954000835659,sv_2c_buffer_decoal
R12_SAS,igcc_ccs,2070,2754.1281862100714,sv_2c_buffer_decoal
R12_SAS,igcc_ccs,2080,2764.514100913078,sv_2c_buffer_decoal
R12_SAS,igcc_ccs,2090,2790.51049553304,sv_2c_buffer_decoal
R12_SAS,igcc_ccs,2100,2826.0669428428287,sv_2c_buffer_decoal
R12_SAS,igcc_ccs,2110,2826.0669428428287,sv_2c_buffer_decoal
R12_SAS,coal_ppl_u,1960,564.29,sv_2c_buffer_decoal
R12_SAS,coal_ppl_u,1965,564.29,sv_2c_buffer_decoal
R12_SAS,coal_ppl_u,1970,564.29,sv_2c_buffer_decoal
R12_SAS,coal_ppl_u,1975,564.29,sv_2c_buffer_decoal
R12_SAS,coal_ppl_u,1980,564.29,sv_2c_buffer_decoal
R12_SAS,coal_ppl_u,1985,564.29,sv_2c_buffer_decoal
R12_SAS,coal_ppl_u,1990,564.29,sv_2c_buffer_decoal
R12_SAS,coal_ppl_u,1995,564.29,sv_2c_buffer_decoal
R12_SAS,coal_ppl_u,2000,564.29,sv_2c_buffer_decoal
R12_SAS,coal_ppl_u,2005,564.29,sv_2c_buffer_decoal
R12_SAS,coal_ppl_u,2010,564.29,sv_2c_buffer_decoal
R12_SAS,coal_ppl_u,2020,564.4444444444445,sv_2c_buffer_decoal
R12_SAS,coal_ppl_u,2025,564.4444444444445,sv_2c_buffer_decoal
R12_SAS,coal_ppl_u,2030,575.1882040351363,sv_2c_buffer_decoal
R12_SAS,coal_ppl_u,2035,585.9017685855003,sv_2c_buffer_decoal
R12_SAS,coal_ppl_u,2040,596.8557876244395,sv_2c_buffer_decoal
R12_SAS,coal_ppl_u,2045,608.2841566840157,sv_2c_buffer_decoal
R12_SAS,coal_ppl_u,2050,620.4093294048754,sv_2c_buffer_decoal
R12_WEU,coal_ppl,1960,1376.57,sv_2c_buffer_decoal
R12_WEU,coal_ppl,1965,1376.57,sv_2c_buffer_decoal
R12_WEU,coal_ppl,1970,1376.57,sv_2c_buffer_decoal
R12_WEU,coal_ppl,1975,1376.57,sv_2c_buffer_decoal
R12_WEU,coal_ppl,1980,1376.57,sv_2c_buffer_decoal
R12_WEU,coal_ppl,1985,1376.57,sv_2c_buffer_decoal
R12_WEU,coal_ppl,1990,1376.57,sv_2c_buffer_decoal
R12_WEU,coal_ppl,1995,1376.57,sv_2c_buffer_decoal
R12_WEU,coal_ppl,2000,1376.57,sv_2c_buffer_decoal
R12_WEU,coal_ppl,2005,1376.57,sv_2c_buffer_decoal
R12_WEU,coal_ppl,2010,1376.57,sv_2c_buffer_decoal
R12_WEU,coal_ppl,2025,1377.0,sv_2c_buffer_decoal
R12_WEU,coal_ppl,2030,1326.811901639021,sv_2c_buffer_decoal
R12_WEU,coal_ppl,2035,1287.7620774025145,sv_2c_buffer_decoal
R12_WEU,coal_ppl,2040,1257.4659731702054,sv_2c_buffer_decoal
R12_WEU,coal_ppl,2045,1233.5256674828138,sv_2c_buffer_decoal
R12_WEU,coal_ppl,2050,1214.2857144706036,sv_2c_buffer_decoal
R12_WEU,coal_ppl,2055,1198.7524058319418,sv_2c_buffer_decoal
R12_WEU,coal_ppl,2060,1186.5893609189454,sv_2c_buffer_decoal
R12_WEU,coal_ppl,2070,1169.3269874596692,sv_2c_buffer_decoal
R12_WEU,coal_adv,1970,1619.49,sv_2c_buffer_decoal
R12_WEU,coal_adv,1975,1619.49,sv_2c_buffer_decoal
R12_WEU,coal_adv,1980,1619.49,sv_2c_buffer_decoal
R12_WEU,coal_adv,1985,1619.49,sv_2c_buffer_decoal
R12_WEU,coal_adv,1990,1619.49,sv_2c_buffer_decoal
R12_WEU,coal_adv,1995,1619.49,sv_2c_buffer_decoal
R12_WEU,coal_adv,2000,1619.49,sv_2c_buffer_decoal
R12_WEU,coal_adv,2005,1619.49,sv_2c_buffer_decoal
R12_WEU,coal_adv,2010,1619.49,sv_2c_buffer_decoal
R12_WEU,coal_adv,2025,1620.0,sv_2c_buffer_decoal
R12_WEU,coal_adv,2030,1520.5955242661244,sv_2c_buffer_decoal
R12_WEU,coal_adv,2035,1443.2895732693182,sv_2c_buffer_decoal
R12_WEU,coal_adv,2040,1383.2006856014505,sv_2c_buffer_decoal
R12_WEU,coal_adv,2045,1336.075078512426,sv_2c_buffer_decoal
R12_WEU,coal_adv,2050,1298.8375347842932,sv_2c_buffer_decoal
R12_WEU,coal_adv,2055,1269.3709054857156,sv_2c_buffer_decoal
R12_WEU,coal_adv,2060,1246.4111578012532,sv_2c_buffer_decoal
R12_WEU,coal_adv,2070,1214.399325733079,sv_2c_buffer_decoal
R12_WEU,coal_adv,2080,1193.3024687635148,sv_2c_buffer_decoal
R12_WEU,coal_adv,2090,1178.0544273685898,sv_2c_buffer_decoal
R12_WEU,coal_adv,2100,1166.6122466679349,sv_2c_buffer_decoal
R12_WEU,coal_adv,2110,1166.6122466679349,sv_2c_buffer_decoal
R12_WEU,igcc,2010,2024.37,sv_2c_buffer_decoal
R12_WEU,igcc,2015,2024.37,sv_2c_buffer_decoal
R12_WEU,igcc,2020,2025.0,sv_2c_buffer_decoal
R12_WEU,igcc,2025,2025.0,sv_2c_buffer_decoal
R12_WEU,igcc,2030,1900.8017056387303,sv_2c_buffer_decoal
R12_WEU,igcc,2035,1803.6461065387434,sv_2c_buffer_decoal
R12_WEU,igcc,2040,1727.6658172380205,sv_2c_buffer_decoal
R12_WEU,igcc,2045,1667.817735445968,sv_2c_buffer_decoal
R12_WEU,igcc,2050,1620.3947237327748,sv_2c_buffer_decoal
R12_WEU,igcc,2055,1582.7737250606033,sv_2c_buffer_decoal
R12_WEU,igcc,2060,1553.2856823602879,sv_2c_buffer_decoal
R12_WEU,igcc,2070,1511.8631128676116,sv_2c_buffer_decoal
R12_WEU,igcc,2080,1484.7345182975764,sv_2c_buffer_decoal
R12_WEU,igcc,2090,1465.6204824709923,sv_2c_buffer_decoal
R12_WEU,igcc,2100,1451.7004232657334,sv_2c_buffer_decoal
R12_WEU,igcc,2110,1451.7004232657334,sv_2c_buffer_decoal
R12_WEU,coal_adv_ccs,2030,4182.038793874365,sv_2c_buffer_decoal
R12_WEU,coal_adv_ccs,2035,3965.785306155296,sv_2c_buffer_decoal
R12_WEU,coal_adv_ccs,2040,3794.45660705744,sv_2c_buffer_decoal
R12_WEU,coal_adv_ccs,2045,3658.2736770472193,sv_2c_buffer_decoal
R12_WEU,coal_adv_ccs,2050,3549.7378574236627,sv_2c_buffer_decoal
R12_WEU,coal_adv_ccs,2055,3463.190642509929,sv_2c_buffer_decoal
R12_WEU,coal_adv_ccs,2060,3394.5328297144933,sv_2c_buffer_decoal
R12_WEU,coal_adv_ccs,2070,3296.645835674807,sv_2c_buffer_decoal
R12_WEU,coal_adv_ccs,2080,3233.3268155019487,sv_2c_buffer_decoal
R12_WEU,coal_adv_ccs,2090,3191.016813085409,sv_2c_buffer_decoal
R12_WEU,coal_adv_ccs,2100,3162.2294828525237,sv_2c_buffer_decoal
R12_WEU,coal_adv_ccs,2110,3162.2294828525237,sv_2c_buffer_decoal
R12_WEU,igcc_ccs,2030,4445.749336503704,sv_2c_buffer_decoal
R12_WEU,igcc_ccs,2035,4215.7817462521325,sv_2c_buffer_decoal
R12_WEU,igcc_ccs,2040,4033.5200887936276,sv_2c_buffer_decoal
R12_WEU,igcc_ccs,2045,3888.6096200927313,sv_2c_buffer_decoal
R12_WEU,igcc_ccs,2050,3773.0992704005384,sv_2c_buffer_decoal
R12_WEU,igcc_ccs,2055,3680.9772203635393,sv_2c_buffer_decoal
R12_WEU,igcc_ccs,2060,3607.872507435961,sv_2c_buffer_decoal
R12_WEU,igcc_ccs,2070,3503.603124350239,sv_2c_buffer_decoal
R12_WEU,igcc_ccs,2080,3436.178446697691,sv_2c_buffer_decoal
R12_WEU,igcc_ccs,2090,3391.1924968228996,sv_2c_buffer_decoal
R12_WEU,igcc_ccs,2100,3360.647051314652,sv_2c_buffer_decoal
R12_WEU,igcc_ccs,2110,3360.647051314652,sv_2c_buffer_decoal
R12_WEU,coal_ppl_u,1960,959.3,sv_2c_buffer_decoal
R12_WEU,coal_ppl_u,1965,959.3,sv_2c_buffer_decoal
R12_WEU,coal_ppl_u,1970,959.3,sv_2c_buffer_decoal
R12_WEU,coal_ppl_u,1975,959.3,sv_2c_buffer_decoal
R12_WEU,coal_ppl_u,1980,959.3,sv_2c_buffer_decoal
R12_WEU,coal_ppl_u,1985,959.3,sv_2c_buffer_decoal
R12_WEU,coal_ppl_u,1990,959.3,sv_2c_buffer_decoal
R12_WEU,coal_ppl_u,1995,959.3,sv_2c_buffer_decoal
R12_WEU,coal_ppl_u,2000,959.3,sv_2c_buffer_decoal
R12_WEU,coal_ppl_u,2005,959.3,sv_2c_buffer_decoal
R12_WEU,coal_ppl_u,2010,959.3,sv_2c_buffer_decoal
R12_WEU,coal_ppl_u,2015,959.3,sv_2c_buffer_decoal
R12_WEU,coal_ppl_u,2020,959.5555555555555,sv_2c_buffer_decoal
R12_WEU,coal_ppl_u,2025,959.5555555555555,sv_2c_buffer_decoal
R12_WEU,coal_ppl_u,2030,959.3854223961624,sv_2c_buffer_decoal
R12_WEU,coal_ppl_u,2035,961.0149552980407,sv_2c_buffer_decoal
R12_WEU,coal_ppl_u,2040,963.9307779428261,sv_2c_buffer_decoal
R12_WEU,coal_ppl_u,2045,967.3009518048766,sv_2c_buffer_decoal
R12_WEU,coal_ppl_u,2050,970.6219466936514,sv_2c_buffer_decoal
R12_CHN,coal_ppl,1980,485.85,sv_2c_buffer_decoal
R12_CHN,coal_ppl,1985,485.85,sv_2c_buffer_decoal
R12_CHN,coal_ppl,1990,485.85,sv_2c_buffer_decoal
R12_CHN,coal_ppl,1995,485.85,sv_2c_buffer_decoal
R12_CHN,coal_ppl,2000,485.85,sv_2c_buffer_decoal
R12_CHN,coal_ppl,2015,485.85,sv_2c_buffer_decoal
R12_CHN,coal_ppl,2020,486.00000000000006,sv_2c_buffer_decoal
R12_CHN,coal_ppl,2025,486.00000000000006,sv_2c_buffer_decoal
R12_CHN,coal_ppl,2030,527.6652318238936,sv_2c_buffer_decoal
R12_CHN,coal_ppl,2035,562.7473980757577,sv_2c_buffer_decoal
R12_CHN,coal_ppl,2040,585.2141988565324,sv_2c_buffer_decoal
R12_CHN,coal_ppl,2045,608.9300182286962,sv_2c_buffer_decoal
R12_CHN,coal_ppl,2050,634.761896649998,sv_2c_buffer_decoal
R12_CHN,coal_ppl,2055,659.6960810514456,sv_2c_buffer_decoal
R12_CHN,coal_ppl,2060,688.762303549878,sv_2c_buffer_decoal
R12_CHN,coal_ppl,2070,748.4685239191364,sv_2c_buffer_decoal
R12_CHN,coal_ppl,2080,794.4323550071263,sv_2c_buffer_decoal
R12_CHN,coal_ppl,2090,832.5475393517307,sv_2c_buffer_decoal
R12_CHN,coal_ppl,2100,863.6758082885558,sv_2c_buffer_decoal
R12_CHN,coal_ppl,2110,863.6758082885558,sv_2c_buffer_decoal
R12_CHN,coal_adv,2000,566.82,sv_2c_buffer_decoal
R12_CHN,coal_adv,2005,566.82,sv_2c_buffer_decoal
R12_CHN,coal_adv,2010,566.82,sv_2c_buffer_decoal
R12_CHN,coal_adv,2015,566.82,sv_2c_buffer_decoal
R12_CHN,coal_adv,2020,567.0000000000001,sv_2c_buffer_decoal
R12_CHN,coal_adv,2025,567.0000000000001,sv_2c_buffer_decoal
R12_CHN,coal_adv,2030,599.6764468462759,sv_2c_buffer_decoal
R12_CHN,coal_adv,2035,625.5989237464436,sv_2c_buffer_decoal
R12_CHN,coal_adv,2040,638.800591695254,sv_2c_buffer_decoal
R12_CHN,coal_adv,2045,654.8437837161323,sv_2c_buffer_decoal
R12_CHN,coal_adv,2050,674.4563938287969,sv_2c_buffer_decoal
R12_CHN,coal_adv,2055,694.2551951130628,sv_2c_buffer_decoal
R12_CHN,coal_adv,2060,719.3783251919585,sv_2c_buffer_decoal
R12_CHN,coal_adv,2070,773.5903031724201,sv_2c_buffer_decoal
R12_CHN,coal_adv,2080,816.0634620154908,sv_2c_buffer_decoal
R12_CHN,coal_adv,2090,852.2597836036772,sv_2c_buffer_decoal
R12_CHN,coal_adv,2100,882.4858720651135,sv_2c_buffer_decoal
R12_CHN,coal_adv,2110,882.4858720651135,sv_2c_buffer_decoal
R12_CHN,igcc,2010,890.72,sv_2c_buffer_decoal
R12_CHN,igcc,2015,890.72,sv_2c_buffer_decoal
R12_CHN,igcc,2020,891.0,sv_2c_buffer_decoal
R12_CHN,igcc,2025,891.0,sv_2c_buffer_decoal
R12_CHN,igcc,2030,908.6548057246912,sv_2c_buffer_decoal
R12_CHN,igcc,2035,922.5341344455016,sv_2c_buffer_decoal
R12_CHN,igcc,2040,925.554797533371,sv_2c_buffer_decoal
R12_CHN,igcc,2045,933.8381995493356,sv_2c_buffer_decoal
R12_CHN,igcc,2050,947.7218827947911,sv_2c_buffer_decoal
R12_CHN,igcc,2055,963.2268256092744,sv_2c_buffer_decoal
R12_CHN,igcc,2060,985.5746584684226,sv_2c_buffer_decoal
R12_CHN,igcc,2070,1037.0714043931946,sv_2c_buffer_decoal
R12_CHN,igcc,2080,1078.356143976155,sv_2c_buffer_decoal
R12_CHN,igcc,2090,1114.4317210041932,sv_2c_buffer_decoal
R12_CHN,igcc,2100,1145.0823008310808,sv_2c_buffer_decoal
R12_CHN,igcc,2110,1145.0823008310808,sv_2c_buffer_decoal
R12_CHN,coal_adv_ccs,2030,2691.2971365009917,sv_2c_buffer_decoal
R12_CHN,coal_adv_ccs,2035,2640.7240760694826,sv_2c_buffer_decoal
R12_CHN,coal_adv_ccs,2040,2588.369106763621,sv_2c_buffer_decoal
R12_CHN,coal_adv_ccs,2045,2555.0564534482146,sv_2c_buffer_decoal
R12_CHN,coal_adv_ccs,2050,2539.0231166082663,sv_2c_buffer_decoal
R12_CHN,coal_adv_ccs,2055,2532.6254195078677,sv_2c_buffer_decoal
R12_CHN,coal_adv_ccs,2060,2542.0744668446355,sv_2c_buffer_decoal
R12_CHN,coal_adv_ccs,2070,2583.975325804082,sv_2c_buffer_decoal
R12_CHN,coal_adv_ccs,2080,2622.9728681667425,sv_2c_buffer_decoal
R12_CHN,coal_adv_ccs,2090,2662.0692277054027,sv_2c_buffer_decoal
R12_CHN,coal_adv_ccs,2100,2698.169125595051,sv_2c_buffer_decoal
R12_CHN,coal_adv_ccs,2110,2698.169125595051,sv_2c_buffer_decoal
R12_CHN,igcc_ccs,2030,2843.5503319311647,sv_2c_buffer_decoal
R12_CHN,igcc_ccs,2035,2791.5379358540617,sv_2c_buffer_decoal
R12_CHN,igcc_ccs,2040,2737.17172452401,sv_2c_buffer_decoal
R12_CHN,igcc_ccs,2045,2702.871524225099,sv_2c_buffer_decoal
R12_CHN,igcc_ccs,2050,2686.817440216417,sv_2c_buffer_decoal
R12_CHN,igcc_ccs,2055,2680.869151011246,sv_2c_buffer_decoal
R12_CHN,igcc_ccs,2060,2691.7326491003814,sv_2c_buffer_decoal
R12_CHN,igcc_ccs,2070,2737.7193971289903,sv_2c_buffer_decoal
R12_CHN,igcc_ccs,2080,2780.214571741419,sv_2c_buffer_decoal
R12_CHN,igcc_ccs,2090,2822.5733680124176,sv_2c_buffer_decoal
R12_CHN,igcc_ccs,2100,2861.563485025729,sv_2c_buffer_decoal
R12_CHN,igcc_ccs,2110,2861.563485025729,sv_2c_buffer_decoal
R12_CHN,coal_ppl_u,1960,338.58,sv_2c_buffer_decoal
R12_CHN,coal_ppl_u,1965,338.58,sv_2c_buffer_decoal
R12_CHN,coal_ppl_u,1970,338.58,sv_2c_buffer_decoal
R12_CHN,coal_ppl_u,1975,338.58,sv_2c_buffer_decoal
R12_CHN,coal_ppl_u,1980,338.58,sv_2c_buffer_decoal
R12_CHN,coal_ppl_u,1985,338.58,sv_2c_buffer_decoal
R12_CHN,coal_ppl_u,1990,338.58,sv_2c_buffer_decoal
R12_CHN,coal_ppl_u,1995,338.58,sv_2c_buffer_decoal
R12_CHN,coal_ppl_u,2000,338.58,sv_2c_buffer_decoal
R12_CHN,coal_ppl_u,2005,338.58,sv_2c_buffer_decoal
R12_CHN,coal_ppl_u,2010,338.58,sv_2c_buffer_decoal
R12_CHN,coal_ppl_u,2020,338.6666666666667,sv_2c_buffer_decoal
R12_CHN,coal_ppl_u,2025,338.6666666666667,sv_2c_buffer_decoal
R12_CHN,coal_ppl_u,2030,381.54189805787837,sv_2c_buffer_decoal
R12_CHN,coal_ppl_u,2035,419.96008043403737,sv_2c_buffer_decoal
R12_CHN,coal_ppl_u,2040,448.6053618968265,sv_2c_buffer_decoal
R12_CHN,coal_ppl_u,2045,477.5081716922484,sv_2c_buffer_decoal
R12_CHN,coal_ppl_u,2050,507.38785812199455,sv_2c_buffer_decoal
R12_RCPA,coal_ppl,1980,485.85,sv_2c_buffer_decoal
R12_RCPA,coal_ppl,1985,485.85,sv_2c_buffer_decoal
R12_RCPA,coal_ppl,1990,485.85,sv_2c_buffer_decoal
R12_RCPA,coal_ppl,1995,485.85,sv_2c_buffer_decoal
R12_RCPA,coal_ppl,2000,485.85,sv_2c_buffer_decoal
R12_RCPA,coal_ppl,2005,485.85,sv_2c_buffer_decoal
R12_RCPA,coal_ppl,2010,485.85,sv_2c_buffer_decoal
R12_RCPA,coal_ppl,2015,485.85,sv_2c_buffer_decoal
R12_RCPA,coal_ppl,2020,486.00000000000006,sv_2c_buffer_decoal
R12_RCPA,coal_ppl,2025,486.00000000000006,sv_2c_buffer_decoal
R12_RCPA,coal_ppl,2030,513.6251587210821,sv_2c_buffer_decoal
R12_RCPA,coal_ppl,2035,544.5850260059706,sv_2c_buffer_decoal
R12_RCPA,coal_ppl,2040,570.0170579209777,sv_2c_buffer_decoal
R12_RCPA,coal_ppl,2045,592.0394715037497,sv_2c_buffer_decoal
R12_RCPA,coal_ppl,2050,612.4085125198532,sv_2c_buffer_decoal
R12_RCPA,coal_ppl,2055,632.236104837351,sv_2c_buffer_decoal
R12_RCPA,coal_ppl,2060,652.9931666115596,sv_2c_buffer_decoal
R12_RCPA,coal_ppl,2070,698.5151822756269,sv_2c_buffer_decoal
R12_RCPA,coal_ppl,2080,743.5827262267403,sv_2c_buffer_decoal
R12_RCPA,coal_ppl,2090,785.1843729587926,sv_2c_buffer_decoal
R12_RCPA,coal_ppl,2100,828.3027269657454,sv_2c_buffer_decoal
R12_RCPA,coal_ppl,2110,828.3027269657454,sv_2c_buffer_decoal
R12_RCPA,coal_adv,1995,566.82,sv_2c_buffer_decoal
R12_RCPA,coal_adv,2000,566.82,sv_2c_buffer_decoal
R12_RCPA,coal_adv,2005,566.82,sv_2c_buffer_decoal
R12_RCPA,coal_adv,2010,566.82,sv_2c_buffer_decoal
R12_RCPA,coal_adv,2015,566.82,sv_2c_buffer_decoal
R12_RCPA,coal_adv,2020,567.0000000000001,sv_2c_buffer_decoal
R12_RCPA,coal_adv,2025,567.0000000000001,sv_2c_buffer_decoal
R12_RCPA,coal_adv,2030,583.7203052550369,sv_2c_buffer_decoal
R12_RCPA,coal_adv,2035,605.4080522143967,sv_2c_buffer_decoal
R12_RCPA,coal_adv,2040,622.2118919667147,sv_2c_buffer_decoal
R12_RCPA,coal_adv,2045,636.6796775047613,sv_2c_buffer_decoal
R12_RCPA,coal_adv,2050,650.7051527258668,sv_2c_buffer_decoal
R12_RCPA,coal_adv,2055,665.356689131443,sv_2c_buffer_decoal
R12_RCPA,coal_adv,2060,682.0192222160421,sv_2c_buffer_decoal
R12_RCPA,coal_adv,2070,721.9603154420971,sv_2c_buffer_decoal
R12_RCPA,coal_adv,2080,763.8292801582425,sv_2c_buffer_decoal
R12_RCPA,coal_adv,2090,803.7751986005655,sv_2c_buffer_decoal
R12_RCPA,coal_adv,2100,846.3423976048898,sv_2c_buffer_decoal
R12_RCPA,coal_adv,2110,846.3423976048898,sv_2c_buffer_decoal
R12_RCPA,igcc,2010,890.72,sv_2c_buffer_decoal
R12_RCPA,igcc,2015,890.72,sv_2c_buffer_decoal
R12_RCPA,igcc,2020,891.0,sv_2c_buffer_decoal
R12_RCPA,igcc,2025,891.0,sv_2c_buffer_decoal
R12_RCPA,igcc,2030,891.5589397340781,sv_2c_buffer_decoal
R12_RCPA,igcc,2035,900.9010578040229,sv_2c_buffer_decoal
R12_RCPA,igcc,2040,907.7811906813649,sv_2c_buffer_decoal
R12_RCPA,igcc,2045,914.3766571800095,sv_2c_buffer_decoal
R12_RCPA,igcc,2050,922.2741244702231,sv_2c_buffer_decoal
R12_RCPA,igcc,2055,932.2641406289674,sv_2c_buffer_decoal
R12_RCPA,igcc,2060,945.5470481370837,sv_2c_buffer_decoal
R12_RCPA,igcc,2070,981.75356039642,sv_2c_buffer_decoal
R12_RCPA,igcc,2080,1022.3909491291032,sv_2c_buffer_decoal
R12_RCPA,igcc,2090,1062.4839513580023,sv_2c_buffer_decoal
R12_RCPA,igcc,2100,1106.357149623698,sv_2c_buffer_decoal
R12_RCPA,igcc,2110,1106.357149623698,sv_2c_buffer_decoal
R12_RCPA,coal_adv_ccs,2030,2666.2231997147587,sv_2c_buffer_decoal
R12_RCPA,coal_adv_ccs,2035,2608.99556366198,sv_2c_buffer_decoal
R12_RCPA,coal_adv_ccs,2040,2562.301150047345,sv_2c_buffer_decoal
R12_RCPA,coal_adv_ccs,2045,2526.512857973203,sv_2c_buffer_decoal
R12_RCPA,coal_adv_ccs,2050,2501.6997377322336,sv_2c_buffer_decoal
R12_RCPA,coal_adv_ccs,2055,2487.2134815367504,sv_2c_buffer_decoal
R12_RCPA,coal_adv_ccs,2060,2483.3673050253383,sv_2c_buffer_decoal
R12_RCPA,coal_adv_ccs,2070,2502.8424879421455,sv_2c_buffer_decoal
R12_RCPA,coal_adv_ccs,2080,2540.8905823910663,sv_2c_buffer_decoal
R12_RCPA,coal_adv_ccs,2090,2585.8791655576556,sv_2c_buffer_decoal
R12_RCPA,coal_adv_ccs,2100,2641.3722371575564,sv_2c_buffer_decoal
R12_RCPA,coal_adv_ccs,2110,2641.3722371575564,sv_2c_buffer_decoal
R12_RCPA,igcc_ccs,2030,2816.6615211066774,sv_2c_buffer_decoal
R12_RCPA,igcc_ccs,2035,2757.5128852550606,sv_2c_buffer_decoal
R12_RCPA,igcc_ccs,2040,2709.2169457152145,sv_2c_buffer_decoal
R12_RCPA,igcc_ccs,2045,2672.2619177033307,sv_2c_buffer_decoal
R12_RCPA,igcc_ccs,2050,2646.792561694774,sv_2c_buffer_decoal
R12_RCPA,igcc_ccs,2055,2632.1702562310224,sv_2c_buffer_decoal
R12_RCPA,igcc_ccs,2060,2628.776210242787,sv_2c_buffer_decoal
R12_RCPA,igcc_ccs,2070,2650.714091678862,sv_2c_buffer_decoal
R12_RCPA,igcc_ccs,2080,2692.1910964858107,sv_2c_buffer_decoal
R12_RCPA,igcc_ccs,2090,2740.868600816804,sv_2c_buffer_decoal
R12_RCPA,igcc_ccs,2100,2800.655586851007,sv_2c_buffer_decoal
R12_RCPA,igcc_ccs,2110,2800.655586851007,sv_2c_buffer_decoal
R12_RCPA,coal_ppl_u,1960,338.58,sv_2c_buffer_decoal
R12_RCPA,coal_ppl_u,1965,338.58,sv_2c_buffer_decoal
R12_RCPA,coal_ppl_u,1970,338.58,sv_2c_buffer_decoal
R12_RCPA,coal_ppl_u,1975,338.58,sv_2c_buffer_decoal
R12_RCPA,coal_ppl_u,1980,338.58,sv_2c_buffer_decoal
R12_RCPA,coal_ppl_u,1985,338.58,sv_2c_buffer_decoal
R12_RCPA,coal_ppl_u,1990,338.58,sv_2c_buffer_decoal
R12_RCPA,coal_ppl_u,1995,338.58,sv_2c_buffer_decoal
R12_RCPA,coal_ppl_u,2000,338.58,sv_2c_buffer_decoal
R12_RCPA,coal_ppl_u,2005,338.58,sv_2c_buffer_decoal
R12_RCPA,coal_ppl_u,2010,338.58,sv_2c_buffer_decoal
R12_RCPA,coal_ppl_u,2020,338.6666666666667,sv_2c_buffer_decoal
R12_RCPA,coal_ppl_u,2025,338.6666666666667,sv_2c_buffer_decoal
R12_RCPA,coal_ppl_u,2030,371.38986260539684,sv_2c_buffer_decoal
R12_RCPA,coal_ppl_u,2035,406.40609286984443,sv_2c_buffer_decoal
R12_RCPA,coal_ppl_u,2040,436.9557489473925,sv_2c_buffer_decoal
R12_RCPA,coal_ppl_u,2045,464.26301404839813,sv_2c_buffer_decoal
R12_RCPA,coal_ppl_u,2050,489.51999970858043,sv_2c_buffer_decoal
R12_AFR,coal_ppl_u,2015,733.58,sv_2c_buffer_decoal
R12_EEU,coal_adv,2010,1619.49,sv_2c_buffer_decoal
R12_EEU,coal_adv,2015,1619.49,sv_2c_buffer_decoal
R12_EEU,coal_adv,2020,1620.0,sv_2c_buffer_decoal
R12_EEU,coal_adv,2025,1620.0,sv_2c_buffer_decoal
R12_EEU,coal_adv,2030,1528.6339201315602,sv_2c_buffer_decoal
R12_EEU,coal_adv,2035,1454.8062909655475,sv_2c_buffer_decoal
R12_EEU,coal_adv,2040,1395.146107375098,sv_2c_buffer_decoal
R12_EEU,coal_adv,2045,1346.4297028126211,sv_2c_buffer_decoal
R12_EEU,coal_adv,2050,1307.078517722182,sv_2c_buffer_decoal
R12_EEU,coal_adv,2055,1275.357500511564,sv_2c_buffer_decoal
R12_EEU,coal_adv,2060,1250.08399340311,sv_2c_buffer_decoal
R12_EEU,coal_adv,2070,1214.2474795653898,sv_2c_buffer_decoal
R12_EEU,coal_adv,2080,1191.2810785852514,sv_2c_buffer_decoal
R12_EEU,coal_adv,2090,1175.875170984084,sv_2c_buffer_decoal
R12_EEU,coal_adv,2100,1165.6892502168344,sv_2c_buffer_decoal
R12_EEU,coal_adv,2110,1165.6892502168344,sv_2c_buffer_decoal
R12_EEU,coal_adv,2005,1619.49,sv_2c_buffer_decoal
R12_EEU,coal_adv,2000,1619.49,sv_2c_buffer_decoal
R12_EEU,coal_adv,1995,1619.49,sv_2c_buffer_decoal
R12_EEU,coal_adv,1990,1619.49,sv_2c_buffer_decoal
R12_EEU,coal_adv,1985,1619.49,sv_2c_buffer_decoal
R12_EEU,coal_ppl,2020,1377.0,sv_2c_buffer_decoal
R12_EEU,coal_ppl,2015,1376.57,sv_2c_buffer_decoal
R12_EEU,igcc,2020,2025.0,sv_2c_buffer_decoal
R12_EEU,igcc,2025,2025.0,sv_2c_buffer_decoal
R12_EEU,igcc,2030,1908.8401015041661,sv_2c_buffer_decoal
R12_EEU,igcc,2035,1815.162824234973,sv_2c_buffer_decoal
R12_EEU,igcc,2040,1739.6112390116677,sv_2c_buffer_decoal
R12_EEU,igcc,2045,1678.1723597461632,sv_2c_buffer_decoal
R12_EEU,igcc,2050,1628.6357066706635,sv_2c_buffer_decoal
R12_EEU,igcc,2055,1588.7603200864519,sv_2c_buffer_decoal
R12_EEU,igcc,2060,1556.9585179621445,sv_2c_buffer_decoal
R12_EEU,igcc,2070,1511.7112666999224,sv_2c_buffer_decoal
R12_EEU,igcc,2080,1482.7131281193133,sv_2c_buffer_decoal
R12_EEU,igcc,2090,1463.4412260864867,sv_2c_buffer_decoal
R12_EEU,igcc,2100,1450.777426814633,sv_2c_buffer_decoal
R12_EEU,igcc,2110,1450.777426814633,sv_2c_buffer_decoal
R12_EEU,igcc,2015,2024.37,sv_2c_buffer_decoal
R12_EEU,igcc,2010,2024.37,sv_2c_buffer_decoal
R12_EEU,igcc,2005,2024.37,sv_2c_buffer_decoal
R12_EEU,igcc,2000,2024.37,sv_2c_buffer_decoal
R12_EEU,igcc,1995,2024.37,sv_2c_buffer_decoal
R12_EEU,igcc,1990,2024.37,sv_2c_buffer_decoal
R12_EEU,igcc,1985,2024.37,sv_2c_buffer_decoal
R12_EEU,igcc,1980,2024.37,sv_2c_buffer_decoal
R12_EEU,igcc,1975,2024.37,sv_2c_buffer_decoal
R12_LAM,coal_ppl,2020,1053.0,sv_2c_buffer_decoal
R12_LAM,coal_ppl,2015,1052.67,sv_2c_buffer_decoal
R12_LAM,coal_ppl_u,2015,733.58,sv_2c_buffer_decoal
R12_MEA,coal_ppl,2000,1052.67,sv_2c_buffer_decoal
R12_MEA,coal_ppl,1995,1052.67,sv_2c_buffer_decoal
R12_MEA,coal_ppl_u,2015,733.58,sv_2c_buffer_decoal
R12_NAM,coal_adv,2020,1701.0,sv_2c_buffer_decoal
R12_NAM,coal_adv,2015,1700.47,sv_2c_buffer_decoal
R12_NAM,coal_ppl,2020,1458.0,sv_2c_buffer_decoal
R12_NAM,coal_ppl,2015,1457.54,sv_2c_buffer_decoal
R12_SAS,coal_ppl,2005,809.75,sv_2c_buffer_decoal
R12_SAS,coal_ppl,2000,809.75,sv_2c_buffer_decoal
R12_SAS,coal_ppl_u,2015,564.29,sv_2c_buffer_decoal
R12_WEU,coal_adv,2020,1620.0,sv_2c_buffer_decoal
R12_WEU,coal_adv,2015,1619.49,sv_2c_buffer_decoal
R12_WEU,coal_ppl,2020,1377.0,sv_2c_buffer_decoal
R12_WEU,coal_ppl,2015,1376.57,sv_2c_buffer_decoal
R12_FSU,coal_adv,2025,1620.0,sv_2c_buffer_decoal
R12_FSU,coal_adv,2030,1521.8021235298352,sv_2c_buffer_decoal
R12_FSU,coal_adv,2035,1444.317803737846,sv_2c_buffer_decoal
R12_FSU,coal_adv,2040,1382.467586751739,sv_2c_buffer_decoal
R12_FSU,coal_adv,2045,1333.000243128704,sv_2c_buffer_decoal
R12_FSU,coal_adv,2050,1293.5473432914569,sv_2c_buffer_decoal
R12_FSU,coal_adv,2055,1262.3313486726352,sv_2c_buffer_decoal
R12_FSU,coal_adv,2060,1237.9369364757345,sv_2c_buffer_decoal
R12_FSU,coal_adv,2070,1204.149802286093,sv_2c_buffer_decoal
R12_FSU,coal_adv,2080,1183.9604280958279,sv_2c_buffer_decoal
R12_FSU,coal_adv,2090,1172.566106773026,sv_2c_buffer_decoal
R12_FSU,coal_adv,2100,1167.1441533901473,sv_2c_buffer_decoal
R12_FSU,coal_adv,2110,1167.1441533901473,sv_2c_buffer_decoal
R12_FSU,coal_adv,2020,1620.0,sv_2c_buffer_decoal
R12_FSU,coal_adv,2015,1619.49,sv_2c_buffer_decoal
R12_FSU,coal_adv,2010,1619.49,sv_2c_buffer_decoal
R12_FSU,coal_adv,2005,1619.49,sv_2c_buffer_decoal
R12_FSU,coal_adv,2000,1619.49,sv_2c_buffer_decoal
R12_FSU,coal_adv,1995,1619.49,sv_2c_buffer_decoal
R12_FSU,coal_adv,1990,1619.49,sv_2c_buffer_decoal
R12_FSU,coal_adv,1985,1619.49,sv_2c_buffer_decoal
R12_FSU,coal_adv,1980,1619.49,sv_2c_buffer_decoal
R12_FSU,coal_adv,1975,1619.49,sv_2c_buffer_decoal
R12_FSU,coal_adv,1970,1619.49,sv_2c_buffer_decoal
R12_FSU,coal_adv,1965,1619.49,sv_2c_buffer_decoal
R12_FSU,coal_ppl,2020,1377.0,sv_2c_buffer_decoal
R12_FSU,coal_ppl,2015,1376.57,sv_2c_buffer_decoal
R12_PAO,coal_adv,2005,1943.39,sv_2c_buffer_decoal
R12_PAO,coal_adv,2000,1943.39,sv_2c_buffer_decoal
R12_PAO,coal_ppl,2020,1701.0,sv_2c_buffer_decoal
R12_PAO,coal_ppl,2015,1700.47,sv_2c_buffer_decoal
R12_PAS,coal_adv,1995,971.7,sv_2c_buffer_decoal
R12_PAS,coal_ppl,2020,810.0,sv_2c_buffer_decoal
R12_PAS,coal_ppl,2015,809.75,sv_2c_buffer_decoal
R12_PAS,coal_ppl_u,2015,564.29,sv_2c_buffer_decoal
R12_CHN,coal_adv,1995,566.82,sv_2c_buffer_decoal
R12_CHN,coal_ppl,2010,485.85,sv_2c_buffer_decoal
R12_CHN,coal_ppl,2005,485.85,sv_2c_buffer_decoal
R12_CHN,coal_ppl_u,2015,338.58,sv_2c_buffer_decoal
R12_RCPA,coal_ppl_u,2015,338.58,sv_2c_buffer_decoal
R12_NAM,coal_ppl,2080,1191.5700835682246,sv_2c_buffer_decoal
R12_NAM,coal_ppl,2090,1179.8422827954007,sv_2c_buffer_decoal
R12_NAM,coal_ppl,2100,1171.8485592044426,sv_2c_buffer_decoal
R12_NAM,coal_ppl,2110,1171.8485592044426,sv_2c_buffer_decoal
R12_PAO,coal_ppl,2080,1263.3533796989882,sv_2c_buffer_decoal
R12_PAO,coal_ppl,2090,1234.2020116885062,sv_2c_buffer_decoal
R12_PAO,coal_ppl,2100,1215.5966550436688,sv_2c_buffer_decoal
R12_PAO,coal_ppl,2110,1215.5966550436688,sv_2c_buffer_decoal
R12_WEU,coal_ppl,2080,1156.6890095881283,sv_2c_buffer_decoal
R12_WEU,coal_ppl,2090,1145.9674986455934,sv_2c_buffer_decoal
R12_WEU,coal_ppl,2100,1136.728986931574,sv_2c_buffer_decoal
R12_WEU,coal_ppl,2110,1136.728986931574,sv_2c_buffer_decoal
R12_AFR,coal_ppl_u,2055,747.0742676832825,sv_2c_buffer_decoal
R12_AFR,coal_ppl_u,2060,751.0375561882744,sv_2c_buffer_decoal
R12_AFR,coal_ppl_u,2070,760.6761358598911,sv_2c_buffer_decoal
R12_AFR,coal_ppl_u,2080,772.6723242807568,sv_2c_buffer_decoal
R12_AFR,coal_ppl_u,2090,786.7528270567536,sv_2c_buffer_decoal
R12_AFR,coal_ppl_u,2100,803.0906028296687,sv_2c_buffer_decoal
R12_AFR,coal_ppl_u,2110,803.0906028296687,sv_2c_buffer_decoal
R12_RCPA,coal_ppl_u,2055,513.565741636931,sv_2c_buffer_decoal
R12_RCPA,coal_ppl_u,2060,537.625916656709,sv_2c_buffer_decoal
R12_RCPA,coal_ppl_u,2070,587.1156280704553,sv_2c_buffer_decoal
R12_RCPA,coal_ppl_u,2080,634.0206591827482,sv_2c_buffer_decoal
R12_RCPA,coal_ppl_u,2090,676.1474262780533,sv_2c_buffer_decoal
R12_RCPA,coal_ppl_u,2100,718.1436235826596,sv_2c_buffer_decoal
R12_RCPA,coal_ppl_u,2110,718.1436235826596,sv_2c_buffer_decoal
R12_CHN,coal_ppl_u,2055,535.8714956769537,sv_2c_buffer_decoal
R12_CHN,coal_ppl_u,2060,567.0755587322473,sv_2c_buffer_decoal
R12_CHN,coal_ppl_u,2070,629.1023855489412,sv_2c_buffer_decoal
R12_CHN,coal_ppl_u,2080,677.3779266681518,sv_2c_buffer_decoal
R12_CHN,coal_ppl_u,2090,716.933366701558,sv_2c_buffer_decoal
R12_CHN,coal_ppl_u,2100,748.812305420161,sv_2c_buffer_decoal
R12_CHN,coal_ppl_u,2110,748.812305420161,sv_2c_buffer_decoal
R12_EEU,coal_ppl_u,2055,979.138235653768,sv_2c_buffer_decoal
R12_EEU,coal_ppl_u,2060,980.3270468810761,sv_2c_buffer_decoal
R12_EEU,coal_ppl_u,2070,982.6980628637807,sv_2c_buffer_decoal
R12_EEU,coal_ppl_u,2080,984.3009146058944,sv_2c_buffer_decoal
R12_EEU,coal_ppl_u,2090,984.690578469777,sv_2c_buffer_decoal
R12_EEU,coal_ppl_u,2100,984.6373944000718,sv_2c_buffer_decoal
R12_EEU,coal_ppl_u,2110,984.6373944000718,sv_2c_buffer_decoal
R12_FSU,coal_ppl_u,2055,967.4080619304642,sv_2c_buffer_decoal
R12_FSU,coal_ppl_u,2060,969.1558054610532,sv_2c_buffer_decoal
R12_FSU,coal_ppl_u,2070,973.1177742898407,sv_2c_buffer_decoal
R12_FSU,coal_ppl_u,2080,977.2116111043047,sv_2c_buffer_decoal
R12_FSU,coal_ppl_u,2090,981.4430065170019,sv_2c_buffer_decoal
R12_FSU,coal_ppl_u,2100,986.0776716209325,sv_2c_buffer_decoal
R12_FSU,coal_ppl_u,2110,986.0776716209325,sv_2c_buffer_decoal
R12_LAM,coal_ppl_u,2055,778.5083219323984,sv_2c_buffer_decoal
R12_LAM,coal_ppl_u,2060,789.6155466862419,sv_2c_buffer_decoal
R12_LAM,coal_ppl_u,2070,813.4928566747129,sv_2c_buffer_decoal
R12_LAM,coal_ppl_u,2080,838.5482400919363,sv_2c_buffer_decoal
R12_LAM,coal_ppl_u,2090,862.3717666343956,sv_2c_buffer_decoal
R12_LAM,coal_ppl_u,2100,884.7181746932569,sv_2c_buffer_decoal
R12_LAM,coal_ppl_u,2110,884.7181746932569,sv_2c_buffer_decoal
R12_MEA,coal_ppl_u,2050,769.8219173604523,sv_2c_buffer_decoal
R12_MEA,coal_ppl_u,2055,778.9343317806137,sv_2c_buffer_decoal
R12_MEA,coal_ppl_u,2060,788.9476463077192,sv_2c_buffer_decoal
R12_MEA,coal_ppl_u,2070,811.0442406988726,sv_2c_buffer_decoal
R12_MEA,coal_ppl_u,2080,834.5658639677208,sv_2c_buffer_decoal
R12_MEA,coal_ppl_u,2090,858.4729360359627,sv_2c_buffer_decoal
R12_MEA,coal_ppl_u,2100,883.8726306220301,sv_2c_buffer_decoal
R12_MEA,coal_ppl_u,2110,883.8726306220301,sv_2c_buffer_decoal
R12_NAM,coal_ppl_u,2055,1016.0,sv_2c_buffer_decoal
R12_NAM,coal_ppl_u,2060,1016.0,sv_2c_buffer_decoal
R12_NAM,coal_ppl_u,2070,1016.0,sv_2c_buffer_decoal
R12_NAM,coal_ppl_u,2080,1016.0,sv_2c_buffer_decoal
R12_NAM,coal_ppl_u,2090,1016.0,sv_2c_buffer_decoal
R12_NAM,coal_ppl_u,2100,1016.0,sv_2c_buffer_decoal
R12_NAM,coal_ppl_u,2110,1016.0,sv_2c_buffer_decoal
R12_PAO,coal_ppl_u,2055,1130.6290768153292,sv_2c_buffer_decoal
R12_PAO,coal_ppl_u,2060,1119.889584209167,sv_2c_buffer_decoal
R12_PAO,coal_ppl_u,2070,1097.9305439421132,sv_2c_buffer_decoal
R12_PAO,coal_ppl_u,2080,1077.2064954253108,sv_2c_buffer_decoal
R12_PAO,coal_ppl_u,2090,1062.8109046105212,sv_2c_buffer_decoal
R12_PAO,coal_ppl_u,2100,1053.9298715892344,sv_2c_buffer_decoal
R12_PAO,coal_ppl_u,2110,1053.9298715892344,sv_2c_buffer_decoal
R12_PAS,coal_ppl_u,2055,632.4952191349776,sv_2c_buffer_decoal
R12_PAS,coal_ppl_u,2060,642.0584273352091,sv_2c_buffer_decoal
R12_PAS,coal_ppl_u,2070,662.0178700605437,sv_2c_buffer_decoal
R12_PAS,coal_ppl_u,2080,682.3726831678389,sv_2c_buffer_decoal
R12_PAS,coal_ppl_u,2090,701.5693936468234,sv_2c_buffer_decoal
R12_PAS,coal_ppl_u,2100,720.1016909198786,sv_2c_buffer_decoal
R12_PAS,coal_ppl_u,2110,720.1016909198786,sv_2c_buffer_decoal
R12_SAS,coal_ppl_u,2055,633.0147296015606,sv_2c_buffer_decoal
R12_SAS,coal_ppl_u,2060,646.2003021690823,sv_2c_buffer_decoal
R12_SAS,coal_ppl_u,2070,674.1757041791531,sv_2c_buffer_decoal
R12_SAS,coal_ppl_u,2080,703.600855759588,sv_2c_buffer_decoal
R12_SAS,coal_ppl_u,2090,731.8174156668762,sv_2c_buffer_decoal
R12_SAS,coal_ppl_u,2100,758.8860577641482,sv_2c_buffer_decoal
R12_SAS,coal_ppl_u,2110,758.8860577641482,sv_2c_buffer_decoal
R12_WEU,coal_ppl_u,2055,973.7472498482438,sv_2c_buffer_decoal
R12_WEU,coal_ppl_u,2060,976.9492629907307,sv_2c_buffer_decoal
R12_WEU,coal_ppl_u,2070,982.8421286786282,sv_2c_buffer_decoal
R12_WEU,coal_ppl_u,2080,986.2584248694351,sv_2c_buffer_decoal
R12_WEU,coal_ppl_u,2090,986.8293377868605,sv_2c_buffer_decoal
R12_WEU,coal_ppl_u,2100,985.5511120878465,sv_2c_buffer_decoal
R12_WEU,coal_ppl_u,2110,985.5511120878465,sv_2c_buffer_decoal
R12_AFR,coal_adv_cfNH3,2020,213.9595564,sv_2c_buffer_decoal
R12_LAM,coal_adv_cfNH3,2020,213.9595564,sv_2c_buffer_decoal
R12_MEA,coal_adv_cfNH3,2020,213.9595564,sv_2c_buffer_decoal
R12_PAO,coal_adv_cfNH3,2020,213.9595564,sv_2c_buffer_decoal
R12_EEU,coal_adv_cfNH3,2020,213.9595564,sv_2c_buffer_decoal
R12_NAM,coal_adv_cfNH3,2020,213.9595564,sv_2c_buffer_decoal
R12_WEU,coal_adv_cfNH3,2020,213.9595564,sv_2c_buffer_decoal
R12_FSU,coal_adv_cfNH3,2020,213.9595564,sv_2c_buffer_decoal
R12_AFR,coal_ppl_u_cfNH3,2020,213.9595564,sv_2c_buffer_decoal
R12_LAM,coal_ppl_u_cfNH3,2020,213.9595564,sv_2c_buffer_decoal
R12_MEA,coal_ppl_u_cfNH3,2020,213.9595564,sv_2c_buffer_decoal
R12_PAO,coal_ppl_u_cfNH3,2020,213.9595564,sv_2c_buffer_decoal
R12_EEU,coal_ppl_u_cfNH3,2020,213.9595564,sv_2c_buffer_decoal
R12_NAM,coal_ppl_u_cfNH3,2020,213.9595564,sv_2c_buffer_decoal
R12_WEU,coal_ppl_u_cfNH3,2020,213.9595564,sv_2c_buffer_decoal
R12_FSU,coal_ppl_u_cfNH3,2020,213.9595564,sv_2c_buffer_decoal
R12_AFR,coal_ppl_cfNH3,2020,213.9595564,sv_2c_buffer_decoal
R12_LAM,coal_ppl_cfNH3,2020,213.9595564,sv_2c_buffer_decoal
R12_MEA,coal_ppl_cfNH3,2020,213.9595564,sv_2c_buffer_decoal
R12_PAO,coal_ppl_cfNH3,2020,213.9595564,sv_2c_buffer_decoal
R12_EEU,coal_ppl_cfNH3,2020,213.9595564,sv_2c_buffer_decoal
R12_NAM,coal_ppl_cfNH3,2020,213.9595564,sv_2c_buffer_decoal
R12_WEU,coal_ppl_cfNH3,2020,213.9595564,sv_2c_buffer_decoal
R12_FSU,coal_ppl_cfNH3,2020,213.9595564,sv_2c_buffer_decoal
R12_AFR,coal_adv_cfNH3,2025,213.9595564,sv_2c_buffer_decoal
R12_LAM,coal_adv_cfNH3,2025,213.9595564,sv_2c_buffer_decoal
R12_MEA,coal_adv_cfNH3,2025,213.9595564,sv_2c_buffer_decoal
R12_NAM,coal_adv_cfNH3,2025,213.9595564,sv_2c_buffer_decoal
R12_PAO,coal_adv_cfNH3,2025,213.9595564,sv_2c_buffer_decoal
R12_WEU,coal_adv_cfNH3,2025,213.9595564,sv_2c_buffer_decoal
R12_EEU,coal_adv_cfNH3,2025,213.9595564,sv_2c_buffer_decoal
R12_FSU,coal_adv_cfNH3,2025,213.9595564,sv_2c_buffer_decoal
R12_AFR,coal_ppl_u_cfNH3,2025,213.9595564,sv_2c_buffer_decoal
R12_LAM,coal_ppl_u_cfNH3,2025,213.9595564,sv_2c_buffer_decoal
R12_MEA,coal_ppl_u_cfNH3,2025,213.9595564,sv_2c_buffer_decoal
R12_NAM,coal_ppl_u_cfNH3,2025,213.9595564,sv_2c_buffer_decoal
R12_PAO,coal_ppl_u_cfNH3,2025,213.9595564,sv_2c_buffer_decoal
R12_WEU,coal_ppl_u_cfNH3,2025,213.9595564,sv_2c_buffer_decoal
R12_EEU,coal_ppl_u_cfNH3,2025,213.9595564,sv_2c_buffer_decoal
R12_FSU,coal_ppl_u_cfNH3,2025,213.9595564,sv_2c_buffer_decoal
R12_AFR,coal_ppl_cfNH3,2025,213.9595564,sv_2c_buffer_decoal
R12_LAM,coal_ppl_cfNH3,2025,213.9595564,sv_2c_buffer_decoal
R12_MEA,coal_ppl_cfNH3,2025,213.9595564,sv_2c_buffer_decoal
R12_NAM,coal_ppl_cfNH3,2025,213.9595564,sv_2c_buffer_decoal
R12_PAO,coal_ppl_cfNH3,2025,213.9595564,sv_2c_buffer_decoal
R12_WEU,coal_ppl_cfNH3,2025,213.9595564,sv_2c_buffer_decoal
R12_EEU,coal_ppl_cfNH3,2025,213.9595564,sv_2c_buffer_decoal
R12_FSU,coal_ppl_cfNH3,2025,213.9595564,sv_2c_buffer_decoal
R12_AFR,coal_adv_cfNH3,2030,213.9595564,sv_2c_buffer_decoal
R12_LAM,coal_adv_cfNH3,2030,213.9595564,sv_2c_buffer_decoal
R12_MEA,coal_adv_cfNH3,2030,213.9595564,sv_2c_buffer_decoal
R12_NAM,coal_adv_cfNH3,2030,213.9595564,sv_2c_buffer_decoal
R12_PAO,coal_adv_cfNH3,2030,213.9595564,sv_2c_buffer_decoal
R12_WEU,coal_adv_cfNH3,2030,213.9595564,sv_2c_buffer_decoal
R12_EEU,coal_adv_cfNH3,2030,213.9595564,sv_2c_buffer_decoal
R12_FSU,coal_adv_cfNH3,2030,213.9595564,sv_2c_buffer_decoal
R12_AFR,coal_ppl_u_cfNH3,2030,213.9595564,sv_2c_buffer_decoal
R12_LAM,coal_ppl_u_cfNH3,2030,213.9595564,sv_2c_buffer_decoal
R12_MEA,coal_ppl_u_cfNH3,2030,213.9595564,sv_2c_buffer_decoal
R12_NAM,coal_ppl_u_cfNH3,2030,213.9595564,sv_2c_buffer_decoal
R12_PAO,coal_ppl_u_cfNH3,2030,213.9595564,sv_2c_buffer_decoal
R12_WEU,coal_ppl_u_cfNH3,2030,213.9595564,sv_2c_buffer_decoal
R12_EEU,coal_ppl_u_cfNH3,2030,213.9595564,sv_2c_buffer_decoal
R12_FSU,coal_ppl_u_cfNH3,2030,213.9595564,sv_2c_buffer_decoal
R12_AFR,coal_ppl_cfNH3,2030,213.9595564,sv_2c_buffer_decoal
R12_LAM,coal_ppl_cfNH3,2030,213.9595564,sv_2c_buffer_decoal
R12_MEA,coal_ppl_cfNH3,2030,213.9595564,sv_2c_buffer_decoal
R12_NAM,coal_ppl_cfNH3,2030,213.9595564,sv_2c_buffer_decoal
R12_PAO,coal_ppl_cfNH3,2030,213.9595564,sv_2c_buffer_decoal
R12_WEU,coal_ppl_cfNH3,2030,213.9595564,sv_2c_buffer_decoal
R12_EEU,coal_ppl_cfNH3,2030,213.9595564,sv_2c_buffer_decoal
R12_FSU,coal_ppl_cfNH3,2030,213.9595564,sv_2c_buffer_decoal
R12_AFR,coal_adv_cfNH3,2035,213.9595564,sv_2c_buffer_decoal
R12_LAM,coal_adv_cfNH3,2035,213.9595564,sv_2c_buffer_decoal
R12_MEA,coal_adv_cfNH3,2035,213.9595564,sv_2c_buffer_decoal
R12_NAM,coal_adv_cfNH3,2035,213.9595564,sv_2c_buffer_decoal
R12_PAO,coal_adv_cfNH3,2035,213.9595564,sv_2c_buffer_decoal
R12_WEU,coal_adv_cfNH3,2035,213.9595564,sv_2c_buffer_decoal
R12_EEU,coal_adv_cfNH3,2035,213.9595564,sv_2c_buffer_decoal
R12_FSU,coal_adv_cfNH3,2035,213.9595564,sv_2c_buffer_decoal
R12_AFR,coal_ppl_u_cfNH3,2035,213.9595564,sv_2c_buffer_decoal
R12_LAM,coal_ppl_u_cfNH3,2035,213.9595564,sv_2c_buffer_decoal
R12_MEA,coal_ppl_u_cfNH3,2035,213.9595564,sv_2c_buffer_decoal
R12_NAM,coal_ppl_u_cfNH3,2035,213.9595564,sv_2c_buffer_decoal
R12_PAO,coal_ppl_u_cfNH3,2035,213.9595564,sv_2c_buffer_decoal
R12_WEU,coal_ppl_u_cfNH3,2035,213.9595564,sv_2c_buffer_decoal
R12_EEU,coal_ppl_u_cfNH3,2035,213.9595564,sv_2c_buffer_decoal
R12_FSU,coal_ppl_u_cfNH3,2035,213.9595564,sv_2c_buffer_decoal
R12_AFR,coal_ppl_cfNH3,2035,213.9595564,sv_2c_buffer_decoal
R12_LAM,coal_ppl_cfNH3,2035,213.9595564,sv_2c_buffer_decoal
R12_MEA,coal_ppl_cfNH3,2035,213.9595564,sv_2c_buffer_decoal
R12_NAM,coal_ppl_cfNH3,2035,213.9595564,sv_2c_buffer_decoal
R12_PAO,coal_ppl_cfNH3,2035,213.9595564,sv_2c_buffer_decoal
R12_WEU,coal_ppl_cfNH3,2035,213.9595564,sv_2c_buffer_decoal
R12_EEU,coal_ppl_cfNH3,2035,213.9595564,sv_2c_buffer_decoal
R12_FSU,coal_ppl_cfNH3,2035,213.9595564,sv_2c_buffer_decoal
R12_AFR,coal_adv_cfNH3,2040,213.9595564,sv_2c_buffer_decoal
R12_LAM,coal_adv_cfNH3,2040,213.9595564,sv_2c_buffer_decoal
R12_MEA,coal_adv_cfNH3,2040,213.9595564,sv_2c_buffer_decoal
R12_NAM,coal_adv_cfNH3,2040,213.9595564,sv_2c_buffer_decoal
R12_PAO,coal_adv_cfNH3,2040,213.9595564,sv_2c_buffer_decoal
R12_WEU,coal_adv_cfNH3,2040,213.9595564,sv_2c_buffer_decoal
R12_EEU,coal_adv_cfNH3,2040,213.9595564,sv_2c_buffer_decoal
R12_FSU,coal_adv_cfNH3,2040,213.9595564,sv_2c_buffer_decoal
R12_AFR,coal_ppl_u_cfNH3,2040,213.9595564,sv_2c_buffer_decoal
R12_LAM,coal_ppl_u_cfNH3,2040,213.9595564,sv_2c_buffer_decoal
R12_MEA,coal_ppl_u_cfNH3,2040,213.9595564,sv_2c_buffer_decoal
R12_NAM,coal_ppl_u_cfNH3,2040,213.9595564,sv_2c_buffer_decoal
R12_PAO,coal_ppl_u_cfNH3,2040,213.9595564,sv_2c_buffer_decoal
R12_WEU,coal_ppl_u_cfNH3,2040,213.9595564,sv_2c_buffer_decoal
R12_EEU,coal_ppl_u_cfNH3,2040,213.9595564,sv_2c_buffer_decoal
R12_FSU,coal_ppl_u_cfNH3,2040,213.9595564,sv_2c_buffer_decoal
R12_AFR,coal_ppl_cfNH3,2040,213.9595564,sv_2c_buffer_decoal
R12_LAM,coal_ppl_cfNH3,2040,213.9595564,sv_2c_buffer_decoal
R12_MEA,coal_ppl_cfNH3,2040,213.9595564,sv_2c_buffer_decoal
R12_NAM,coal_ppl_cfNH3,2040,213.9595564,sv_2c_buffer_decoal
R12_PAO,coal_ppl_cfNH3,2040,213.9595564,sv_2c_buffer_decoal
R12_WEU,coal_ppl_cfNH3,2040,213.9595564,sv_2c_buffer_decoal
R12_EEU,coal_ppl_cfNH3,2040,213.9595564,sv_2c_buffer_decoal
R12_FSU,coal_ppl_cfNH3,2040,213.9595564,sv_2c_buffer_decoal
R12_AFR,coal_adv_cfNH3,2045,213.9595564,sv_2c_buffer_decoal
R12_LAM,coal_adv_cfNH3,2045,213.9595564,sv_2c_buffer_decoal
R12_MEA,coal_adv_cfNH3,2045,213.9595564,sv_2c_buffer_decoal
R12_NAM,coal_adv_cfNH3,2045,213.9595564,sv_2c_buffer_decoal
R12_PAO,coal_adv_cfNH3,2045,213.9595564,sv_2c_buffer_decoal
R12_WEU,coal_adv_cfNH3,2045,213.9595564,sv_2c_buffer_decoal
R12_EEU,coal_adv_cfNH3,2045,213.9595564,sv_2c_buffer_decoal
R12_FSU,coal_adv_cfNH3,2045,213.9595564,sv_2c_buffer_decoal
R12_AFR,coal_ppl_u_cfNH3,2045,213.9595564,sv_2c_buffer_decoal
R12_LAM,coal_ppl_u_cfNH3,2045,213.9595564,sv_2c_buffer_decoal
R12_MEA,coal_ppl_u_cfNH3,2045,213.9595564,sv_2c_buffer_decoal
R12_NAM,coal_ppl_u_cfNH3,2045,213.9595564,sv_2c_buffer_decoal
R12_PAO,coal_ppl_u_cfNH3,2045,213.9595564,sv_2c_buffer_decoal
R12_WEU,coal_ppl_u_cfNH3,2045,213.9595564,sv_2c_buffer_decoal
R12_EEU,coal_ppl_u_cfNH3,2045,213.9595564,sv_2c_buffer_decoal
R12_FSU,coal_ppl_u_cfNH3,2045,213.9595564,sv_2c_buffer_decoal
R12_AFR,coal_ppl_cfNH3,2045,213.9595564,sv_2c_buffer_decoal
R12_LAM,coal_ppl_cfNH3,2045,213.9595564,sv_2c_buffer_decoal
R12_MEA,coal_ppl_cfNH3,2045,213.9595564,sv_2c_buffer_decoal
R12_NAM,coal_ppl_cfNH3,2045,213.9595564,sv_2c_buffer_decoal
R12_PAO,coal_ppl_cfNH3,2045,213.9595564,sv_2c_buffer_decoal
R12_WEU,coal_ppl_cfNH3,2045,213.9595564,sv_2c_buffer_decoal
R12_EEU,coal_ppl_cfNH3,2045,213.9595564,sv_2c_buffer_decoal
R12_FSU,coal_ppl_cfNH3,2045,213.9595564,sv_2c_buffer_decoal
R12_AFR,coal_adv_cfNH3,2050,213.9595564,sv_2c_buffer_decoal
R12_LAM,coal_adv_cfNH3,2050,213.9595564,sv_2c_buffer_decoal
R12_MEA,coal_adv_cfNH3,2050,213.9595564,sv_2c_buffer_decoal
R12_NAM,coal_adv_cfNH3,2050,213.9595564,sv_2c_buffer_decoal
R12_PAO,coal_adv_cfNH3,2050,213.9595564,sv_2c_buffer_decoal
R12_WEU,coal_adv_cfNH3,2050,213.9595564,sv_2c_buffer_decoal
R12_EEU,coal_adv_cfNH3,2050,213.9595564,sv_2c_buffer_decoal
R12_FSU,coal_adv_cfNH3,2050,213.9595564,sv_2c_buffer_decoal
R12_AFR,coal_ppl_u_cfNH3,2050,213.9595564,sv_2c_buffer_decoal
R12_LAM,coal_ppl_u_cfNH3,2050,213.9595564,sv_2c_buffer_decoal
R12_MEA,coal_ppl_u_cfNH3,2050,213.9595564,sv_2c_buffer_decoal
R12_NAM,coal_ppl_u_cfNH3,2050,213.9595564,sv_2c_buffer_decoal
R12_PAO,coal_ppl_u_cfNH3,2050,213.9595564,sv_2c_buffer_decoal
R12_WEU,coal_ppl_u_cfNH3,2050,213.9595564,sv_2c_buffer_decoal
R12_EEU,coal_ppl_u_cfNH3,2050,213.9595564,sv_2c_buffer_decoal
R12_FSU,coal_ppl_u_cfNH3,2050,213.9595564,sv_2c_buffer_decoal
R12_AFR,coal_ppl_cfNH3,2050,213.9595564,sv_2c_buffer_decoal
R12_LAM,coal_ppl_cfNH3,2050,213.9595564,sv_2c_buffer_decoal
R12_MEA,coal_ppl_cfNH3,2050,213.9595564,sv_2c_buffer_decoal
R12_NAM,coal_ppl_cfNH3,2050,213.9595564,sv_2c_buffer_decoal
R12_PAO,coal_ppl_cfNH3,2050,213.9595564,sv_2c_buffer_decoal
R12_WEU,coal_ppl_cfNH3,2050,213.9595564,sv_2c_buffer_decoal
R12_EEU,coal_ppl_cfNH3,2050,213.9595564,sv_2c_buffer_decoal
R12_FSU,coal_ppl_cfNH3,2050,213.9595564,sv_2c_buffer_decoal
R12_AFR,coal_adv_cfNH3,2055,213.9595564,sv_2c_buffer_decoal
R12_LAM,coal_adv_cfNH3,2055,213.9595564,sv_2c_buffer_decoal
R12_MEA,coal_adv_cfNH3,2055,213.9595564,sv_2c_buffer_decoal
R12_NAM,coal_adv_cfNH3,2055,213.9595564,sv_2c_buffer_decoal
R12_PAO,coal_adv_cfNH3,2055,213.9595564,sv_2c_buffer_decoal
R12_WEU,coal_adv_cfNH3,2055,213.9595564,sv_2c_buffer_decoal
R12_EEU,coal_adv_cfNH3,2055,213.9595564,sv_2c_buffer_decoal
R12_FSU,coal_adv_cfNH3,2055,213.9595564,sv_2c_buffer_decoal
R12_AFR,coal_ppl_u_cfNH3,2055,213.9595564,sv_2c_buffer_decoal
R12_LAM,coal_ppl_u_cfNH3,2055,213.9595564,sv_2c_buffer_decoal
R12_MEA,coal_ppl_u_cfNH3,2055,213.9595564,sv_2c_buffer_decoal
R12_NAM,coal_ppl_u_cfNH3,2055,213.9595564,sv_2c_buffer_decoal
R12_PAO,coal_ppl_u_cfNH3,2055,213.9595564,sv_2c_buffer_decoal
R12_WEU,coal_ppl_u_cfNH3,2055,213.9595564,sv_2c_buffer_decoal
R12_EEU,coal_ppl_u_cfNH3,2055,213.9595564,sv_2c_buffer_decoal
R12_FSU,coal_ppl_u_cfNH3,2055,213.9595564,sv_2c_buffer_decoal
R12_AFR,coal_ppl_cfNH3,2055,213.9595564,sv_2c_buffer_decoal
R12_LAM,coal_ppl_cfNH3,2055,213.9595564,sv_2c_buffer_decoal
R12_MEA,coal_ppl_cfNH3,2055,213.9595564,sv_2c_buffer_decoal
R12_NAM,coal_ppl_cfNH3,2055,213.9595564,sv_2c_buffer_decoal
R12_PAO,coal_ppl_cfNH3,2055,213.9595564,sv_2c_buffer_decoal
R12_WEU,coal_ppl_cfNH3,2055,213.9595564,sv_2c_buffer_decoal
R12_EEU,coal_ppl_cfNH3,2055,213.9595564,sv_2c_buffer_decoal
R12_FSU,coal_ppl_cfNH3,2055,213.9595564,sv_2c_buffer_decoal
R12_AFR,coal_adv_cfNH3,2060,213.9595564,sv_2c_buffer_decoal
R12_LAM,coal_adv_cfNH3,2060,213.9595564,sv_2c_buffer_decoal
R12_MEA,coal_adv_cfNH3,2060,213.9595564,sv_2c_buffer_decoal
R12_NAM,coal_adv_cfNH3,2060,213.9595564,sv_2c_buffer_decoal
R12_PAO,coal_adv_cfNH3,2060,213.9595564,sv_2c_buffer_decoal
R12_WEU,coal_adv_cfNH3,2060,213.9595564,sv_2c_buffer_decoal
R12_EEU,coal_adv_cfNH3,2060,213.9595564,sv_2c_buffer_decoal
R12_FSU,coal_adv_cfNH3,2060,213.9595564,sv_2c_buffer_decoal
R12_AFR,coal_ppl_u_cfNH3,2060,213.9595564,sv_2c_buffer_decoal
R12_LAM,coal_ppl_u_cfNH3,2060,213.9595564,sv_2c_buffer_decoal
R12_MEA,coal_ppl_u_cfNH3,2060,213.9595564,sv_2c_buffer_decoal
R12_NAM,coal_ppl_u_cfNH3,2060,213.9595564,sv_2c_buffer_decoal
R12_PAO,coal_ppl_u_cfNH3,2060,213.9595564,sv_2c_buffer_decoal
R12_WEU,coal_ppl_u_cfNH3,2060,213.9595564,sv_2c_buffer_decoal
R12_EEU,coal_ppl_u_cfNH3,2060,213.9595564,sv_2c_buffer_decoal
R12_FSU,coal_ppl_u_cfNH3,2060,213.9595564,sv_2c_buffer_decoal
R12_AFR,coal_ppl_cfNH3,2060,213.9595564,sv_2c_buffer_decoal
R12_LAM,coal_ppl_cfNH3,2060,213.9595564,sv_2c_buffer_decoal
R12_MEA,coal_ppl_cfNH3,2060,213.9595564,sv_2c_buffer_decoal
R12_NAM,coal_ppl_cfNH3,2060,213.9595564,sv_2c_buffer_decoal
R12_PAO,coal_ppl_cfNH3,2060,213.9595564,sv_2c_buffer_decoal
R12_WEU,coal_ppl_cfNH3,2060,213.9595564,sv_2c_buffer_decoal
R12_EEU,coal_ppl_cfNH3,2060,213.9595564,sv_2c_buffer_decoal
R12_FSU,coal_ppl_cfNH3,2060,213.9595564,sv_2c_buffer_decoal
R12_AFR,coal_adv_cfNH3,2070,213.9595564,sv_2c_buffer_decoal
R12_LAM,coal_adv_cfNH3,2070,213.9595564,sv_2c_buffer_decoal
R12_MEA,coal_adv_cfNH3,2070,213.9595564,sv_2c_buffer_decoal
R12_NAM,coal_adv_cfNH3,2070,213.9595564,sv_2c_buffer_decoal
R12_PAO,coal_adv_cfNH3,2070,213.9595564,sv_2c_buffer_decoal
R12_WEU,coal_adv_cfNH3,2070,213.9595564,sv_2c_buffer_decoal
R12_EEU,coal_adv_cfNH3,2070,213.9595564,sv_2c_buffer_decoal
R12_FSU,coal_adv_cfNH3,2070,213.9595564,sv_2c_buffer_decoal
R12_AFR,coal_ppl_u_cfNH3,2070,213.9595564,sv_2c_buffer_decoal
R12_LAM,coal_ppl_u_cfNH3,2070,213.9595564,sv_2c_buffer_decoal
R12_MEA,coal_ppl_u_cfNH3,2070,213.9595564,sv_2c_buffer_decoal
R12_NAM,coal_ppl_u_cfNH3,2070,213.9595564,sv_2c_buffer_decoal
R12_PAO,coal_ppl_u_cfNH3,2070,213.9595564,sv_2c_buffer_decoal
R12_WEU,coal_ppl_u_cfNH3,2070,213.9595564,sv_2c_buffer_decoal
R12_EEU,coal_ppl_u_cfNH3,2070,213.9595564,sv_2c_buffer_decoal
R12_FSU,coal_ppl_u_cfNH3,2070,213.9595564,sv_2c_buffer_decoal
R12_AFR,coal_ppl_cfNH3,2070,213.9595564,sv_2c_buffer_decoal
R12_LAM,coal_ppl_cfNH3,2070,213.9595564,sv_2c_buffer_decoal
R12_MEA,coal_ppl_cfNH3,2070,213.9595564,sv_2c_buffer_decoal
R12_NAM,coal_ppl_cfNH3,2070,213.9595564,sv_2c_buffer_decoal
R12_PAO,coal_ppl_cfNH3,2070,213.9595564,sv_2c_buffer_decoal
R12_WEU,coal_ppl_cfNH3,2070,213.9595564,sv_2c_buffer_decoal
R12_EEU,coal_ppl_cfNH3,2070,213.9595564,sv_2c_buffer_decoal
R12_FSU,coal_ppl_cfNH3,2070,213.9595564,sv_2c_buffer_decoal
R12_AFR,coal_adv_cfNH3,2080,213.9595564,sv_2c_buffer_decoal
R12_LAM,coal_adv_cfNH3,2080,213.9595564,sv_2c_buffer_decoal
R12_MEA,coal_adv_cfNH3,2080,213.9595564,sv_2c_buffer_decoal
R12_NAM,coal_adv_cfNH3,2080,213.9595564,sv_2c_buffer_decoal
R12_PAO,coal_adv_cfNH3,2080,213.9595564,sv_2c_buffer_decoal
R12_WEU,coal_adv_cfNH3,2080,213.9595564,sv_2c_buffer_decoal
R12_EEU,coal_adv_cfNH3,2080,213.9595564,sv_2c_buffer_decoal
R12_FSU,coal_adv_cfNH3,2080,213.9595564,sv_2c_buffer_decoal
R12_AFR,coal_ppl_u_cfNH3,2080,213.9595564,sv_2c_buffer_decoal
R12_LAM,coal_ppl_u_cfNH3,2080,213.9595564,sv_2c_buffer_decoal
R12_MEA,coal_ppl_u_cfNH3,2080,213.9595564,sv_2c_buffer_decoal
R12_NAM,coal_ppl_u_cfNH3,2080,213.9595564,sv_2c_buffer_decoal
R12_PAO,coal_ppl_u_cfNH3,2080,213.9595564,sv_2c_buffer_decoal
R12_WEU,coal_ppl_u_cfNH3,2080,213.9595564,sv_2c_buffer_decoal
R12_EEU,coal_ppl_u_cfNH3,2080,213.9595564,sv_2c_buffer_decoal
R12_FSU,coal_ppl_u_cfNH3,2080,213.9595564,sv_2c_buffer_decoal
R12_AFR,coal_ppl_cfNH3,2080,213.9595564,sv_2c_buffer_decoal
R12_LAM,coal_ppl_cfNH3,2080,213.9595564,sv_2c_buffer_decoal
R12_MEA,coal_ppl_cfNH3,2080,213.9595564,sv_2c_buffer_decoal
R12_NAM,coal_ppl_cfNH3,2080,213.9595564,sv_2c_buffer_decoal
R12_PAO,coal_ppl_cfNH3,2080,213.9595564,sv_2c_buffer_decoal
R12_WEU,coal_ppl_cfNH3,2080,213.9595564,sv_2c_buffer_decoal
R12_EEU,coal_ppl_cfNH3,2080,213.9595564,sv_2c_buffer_decoal
R12_FSU,coal_ppl_cfNH3,2080,213.9595564,sv_2c_buffer_decoal
R12_AFR,coal_adv_cfNH3,2090,213.9595564,sv_2c_buffer_decoal
R12_LAM,coal_adv_cfNH3,2090,213.9595564,sv_2c_buffer_decoal
R12_MEA,coal_adv_cfNH3,2090,213.9595564,sv_2c_buffer_decoal
R12_NAM,coal_adv_cfNH3,2090,213.9595564,sv_2c_buffer_decoal
R12_PAO,coal_adv_cfNH3,2090,213.9595564,sv_2c_buffer_decoal
R12_WEU,coal_adv_cfNH3,2090,213.9595564,sv_2c_buffer_decoal
R12_EEU,coal_adv_cfNH3,2090,213.9595564,sv_2c_buffer_decoal
R12_FSU,coal_adv_cfNH3,2090,213.9595564,sv_2c_buffer_decoal
R12_AFR,coal_ppl_u_cfNH3,2090,213.9595564,sv_2c_buffer_decoal
R12_LAM,coal_ppl_u_cfNH3,2090,213.9595564,sv_2c_buffer_decoal
R12_MEA,coal_ppl_u_cfNH3,2090,213.9595564,sv_2c_buffer_decoal
R12_NAM,coal_ppl_u_cfNH3,2090,213.9595564,sv_2c_buffer_decoal
R12_PAO,coal_ppl_u_cfNH3,2090,213.9595564,sv_2c_buffer_decoal
R12_WEU,coal_ppl_u_cfNH3,2090,213.9595564,sv_2c_buffer_decoal
R12_EEU,coal_ppl_u_cfNH3,2090,213.9595564,sv_2c_buffer_decoal
R12_FSU,coal_ppl_u_cfNH3,2090,213.9595564,sv_2c_buffer_decoal
R12_AFR,coal_ppl_cfNH3,2090,213.9595564,sv_2c_buffer_decoal
R12_LAM,coal_ppl_cfNH3,2090,213.9595564,sv_2c_buffer_decoal
R12_MEA,coal_ppl_cfNH3,2090,213.9595564,sv_2c_buffer_decoal
R12_NAM,coal_ppl_cfNH3,2090,213.9595564,sv_2c_buffer_decoal
R12_PAO,coal_ppl_cfNH3,2090,213.9595564,sv_2c_buffer_decoal
R12_WEU,coal_ppl_cfNH3,2090,213.9595564,sv_2c_buffer_decoal
R12_EEU,coal_ppl_cfNH3,2090,213.9595564,sv_2c_buffer_decoal
R12_FSU,coal_ppl_cfNH3,2090,213.9595564,sv_2c_buffer_decoal
R12_AFR,coal_adv_cfNH3,2100,213.9595564,sv_2c_buffer_decoal
R12_LAM,coal_adv_cfNH3,2100,213.9595564,sv_2c_buffer_decoal
R12_MEA,coal_adv_cfNH3,2100,213.9595564,sv_2c_buffer_decoal
R12_NAM,coal_adv_cfNH3,2100,213.9595564,sv_2c_buffer_decoal
R12_PAO,coal_adv_cfNH3,2100,213.9595564,sv_2c_buffer_decoal
R12_WEU,coal_adv_cfNH3,2100,213.9595564,sv_2c_buffer_decoal
R12_EEU,coal_adv_cfNH3,2100,213.9595564,sv_2c_buffer_decoal
R12_FSU,coal_adv_cfNH3,2100,213.9595564,sv_2c_buffer_decoal
R12_AFR,coal_ppl_u_cfNH3,2100,213.9595564,sv_2c_buffer_decoal
R12_LAM,coal_ppl_u_cfNH3,2100,213.9595564,sv_2c_buffer_decoal
R12_MEA,coal_ppl_u_cfNH3,2100,213.9595564,sv_2c_buffer_decoal
R12_NAM,coal_ppl_u_cfNH3,2100,213.9595564,sv_2c_buffer_decoal
R12_PAO,coal_ppl_u_cfNH3,2100,213.9595564,sv_2c_buffer_decoal
R12_WEU,coal_ppl_u_cfNH3,2100,213.9595564,sv_2c_buffer_decoal
R12_EEU,coal_ppl_u_cfNH3,2100,213.9595564,sv_2c_buffer_decoal
R12_FSU,coal_ppl_u_cfNH3,2100,213.9595564,sv_2c_buffer_decoal
R12_AFR,coal_ppl_cfNH3,2100,213.9595564,sv_2c_buffer_decoal
R12_LAM,coal_ppl_cfNH3,2100,213.9595564,sv_2c_buffer_decoal
R12_MEA,coal_ppl_cfNH3,2100,213.9595564,sv_2c_buffer_decoal
R12_NAM,coal_ppl_cfNH3,2100,213.9595564,sv_2c_buffer_decoal
R12_PAO,coal_ppl_cfNH3,2100,213.9595564,sv_2c_buffer_decoal
R12_WEU,coal_ppl_cfNH3,2100,213.9595564,sv_2c_buffer_decoal
R12_EEU,coal_ppl_cfNH3,2100,213.9595564,sv_2c_buffer_decoal
R12_FSU,coal_ppl_cfNH3,2100,213.9595564,sv_2c_buffer_decoal
R12_AFR,coal_adv_cfNH3,2110,213.9595564,sv_2c_buffer_decoal
R12_LAM,coal_adv_cfNH3,2110,213.9595564,sv_2c_buffer_decoal
R12_MEA,coal_adv_cfNH3,2110,213.9595564,sv_2c_buffer_decoal
R12_NAM,coal_adv_cfNH3,2110,213.9595564,sv_2c_buffer_decoal
R12_PAO,coal_adv_cfNH3,2110,213.9595564,sv_2c_buffer_decoal
R12_WEU,coal_adv_cfNH3,2110,213.9595564,sv_2c_buffer_decoal
R12_EEU,coal_adv_cfNH3,2110,213.9595564,sv_2c_buffer_decoal
R12_FSU,coal_adv_cfNH3,2110,213.9595564,sv_2c_buffer_decoal
R12_AFR,coal_ppl_u_cfNH3,2110,213.9595564,sv_2c_buffer_decoal
R12_LAM,coal_ppl_u_cfNH3,2110,213.9595564,sv_2c_buffer_decoal
R12_MEA,coal_ppl_u_cfNH3,2110,213.9595564,sv_2c_buffer_decoal
R12_NAM,coal_ppl_u_cfNH3,2110,213.9595564,sv_2c_buffer_decoal
R12_PAO,coal_ppl_u_cfNH3,2110,213.9595564,sv_2c_buffer_decoal
R12_WEU,coal_ppl_u_cfNH3,2110,213.9595564,sv_2c_buffer_decoal
R12_EEU,coal_ppl_u_cfNH3,2110,213.9595564,sv_2c_buffer_decoal
R12_FSU,coal_ppl_u_cfNH3,2110,213.9595564,sv_2c_buffer_decoal
R12_AFR,coal_ppl_cfNH3,2110,213.9595564,sv_2c_buffer_decoal
R12_LAM,coal_ppl_cfNH3,2110,213.9595564,sv_2c_buffer_decoal
R12_MEA,coal_ppl_cfNH3,2110,213.9595564,sv_2c_buffer_decoal
R12_NAM,coal_ppl_cfNH3,2110,213.9595564,sv_2c_buffer_decoal
R12_PAO,coal_ppl_cfNH3,2110,213.9595564,sv_2c_buffer_decoal
R12_WEU,coal_ppl_cfNH3,2110,213.9595564,sv_2c_buffer_decoal
R12_EEU,coal_ppl_cfNH3,2110,213.9595564,sv_2c_buffer_decoal
R12_FSU,coal_ppl_cfNH3,2110,213.9595564,sv_2c_buffer_decoal
R12_PAS,coal_adv_cfNH3,2020,213.9595564,sv_2c_buffer_decoal
R12_SAS,coal_adv_cfNH3,2020,213.9595564,sv_2c_buffer_decoal
R12_CHN,coal_adv_cfNH3,2020,213.9595564,sv_2c_buffer_decoal
R12_RCPA,coal_adv_cfNH3,2020,213.9595564,sv_2c_buffer_decoal
R12_PAS,coal_ppl_u_cfNH3,2020,213.9595564,sv_2c_buffer_decoal
R12_SAS,coal_ppl_u_cfNH3,2020,213.9595564,sv_2c_buffer_decoal
R12_CHN,coal_ppl_u_cfNH3,2020,213.9595564,sv_2c_buffer_decoal
R12_RCPA,coal_ppl_u_cfNH3,2020,213.9595564,sv_2c_buffer_decoal
R12_PAS,coal_ppl_cfNH3,2020,213.9595564,sv_2c_buffer_decoal
R12_SAS,coal_ppl_cfNH3,2020,213.9595564,sv_2c_buffer_decoal
R12_CHN,coal_ppl_cfNH3,2020,213.9595564,sv_2c_buffer_decoal
R12_RCPA,coal_ppl_cfNH3,2020,213.9595564,sv_2c_buffer_decoal
R12_PAS,coal_adv_cfNH3,2025,213.9595564,sv_2c_buffer_decoal
R12_SAS,coal_adv_cfNH3,2025,213.9595564,sv_2c_buffer_decoal
R12_CHN,coal_adv_cfNH3,2025,213.9595564,sv_2c_buffer_decoal
R12_RCPA,coal_adv_cfNH3,2025,213.9595564,sv_2c_buffer_decoal
R12_PAS,coal_ppl_u_cfNH3,2025,213.9595564,sv_2c_buffer_decoal
R12_SAS,coal_ppl_u_cfNH3,2025,213.9595564,sv_2c_buffer_decoal
R12_CHN,coal_ppl_u_cfNH3,2025,213.9595564,sv_2c_buffer_decoal
R12_RCPA,coal_ppl_u_cfNH3,2025,213.9595564,sv_2c_buffer_decoal
R12_PAS,coal_ppl_cfNH3,2025,213.9595564,sv_2c_buffer_decoal
R12_SAS,coal_ppl_cfNH3,2025,213.9595564,sv_2c_buffer_decoal
R12_CHN,coal_ppl_cfNH3,2025,213.9595564,sv_2c_buffer_decoal
R12_RCPA,coal_ppl_cfNH3,2025,213.9595564,sv_2c_buffer_decoal
R12_PAS,coal_adv_cfNH3,2030,213.9595564,sv_2c_buffer_decoal
R12_SAS,coal_adv_cfNH3,2030,213.9595564,sv_2c_buffer_decoal
R12_CHN,coal_adv_cfNH3,2030,213.9595564,sv_2c_buffer_decoal
R12_RCPA,coal_adv_cfNH3,2030,213.9595564,sv_2c_buffer_decoal
R12_PAS,coal_ppl_u_cfNH3,2030,213.9595564,sv_2c_buffer_decoal
R12_SAS,coal_ppl_u_cfNH3,2030,213.9595564,sv_2c_buffer_decoal
R12_CHN,coal_ppl_u_cfNH3,2030,213.9595564,sv_2c_buffer_decoal
R12_RCPA,coal_ppl_u_cfNH3,2030,213.9595564,sv_2c_buffer_decoal
R12_PAS,coal_ppl_cfNH3,2030,213.9595564,sv_2c_buffer_decoal
R12_SAS,coal_ppl_cfNH3,2030,213.9595564,sv_2c_buffer_decoal
R12_CHN,coal_ppl_cfNH3,2030,213.9595564,sv_2c_buffer_decoal
R12_RCPA,coal_ppl_cfNH3,2030,213.9595564,sv_2c_buffer_decoal
R12_PAS,coal_adv_cfNH3,2035,205.3639908,sv_2c_buffer_decoal
R12_SAS,coal_adv_cfNH3,2035,204.8649748,sv_2c_buffer_decoal
R12_CHN,coal_adv_cfNH3,2035,209.9389712,sv_2c_buffer_decoal
R12_RCPA,coal_adv_cfNH3,2035,209.3671428,sv_2c_buffer_decoal
R12_PAS,coal_ppl_u_cfNH3,2035,205.3639908,sv_2c_buffer_decoal
R12_SAS,coal_ppl_u_cfNH3,2035,204.8649748,sv_2c_buffer_decoal
R12_CHN,coal_ppl_u_cfNH3,2035,209.9389712,sv_2c_buffer_decoal
R12_RCPA,coal_ppl_u_cfNH3,2035,209.3671428,sv_2c_buffer_decoal
R12_PAS,coal_ppl_cfNH3,2035,205.3639908,sv_2c_buffer_decoal
R12_SAS,coal_ppl_cfNH3,2035,204.8649748,sv_2c_buffer_decoal
R12_CHN,coal_ppl_cfNH3,2035,209.9389712,sv_2c_buffer_decoal
R12_RCPA,coal_ppl_cfNH3,2035,209.3671428,sv_2c_buffer_decoal
R12_PAS,coal_adv_cfNH3,2040,198.4025847,sv_2c_buffer_decoal
R12_SAS,coal_adv_cfNH3,2040,197.8593384,sv_2c_buffer_decoal
R12_CHN,coal_adv_cfNH3,2040,205.7767232,sv_2c_buffer_decoal
R12_RCPA,coal_adv_cfNH3,2040,205.6200012,sv_2c_buffer_decoal
R12_PAS,coal_ppl_u_cfNH3,2040,198.4025847,sv_2c_buffer_decoal
R12_SAS,coal_ppl_u_cfNH3,2040,197.8593384,sv_2c_buffer_decoal
R12_CHN,coal_ppl_u_cfNH3,2040,205.7767232,sv_2c_buffer_decoal
R12_RCPA,coal_ppl_u_cfNH3,2040,205.6200012,sv_2c_buffer_decoal
R12_PAS,coal_ppl_cfNH3,2040,198.4025847,sv_2c_buffer_decoal
R12_SAS,coal_ppl_cfNH3,2040,197.8593384,sv_2c_buffer_decoal
R12_CHN,coal_ppl_cfNH3,2040,205.7767232,sv_2c_buffer_decoal
R12_RCPA,coal_ppl_cfNH3,2040,205.6200012,sv_2c_buffer_decoal
R12_PAS,coal_adv_cfNH3,2045,192.8680568,sv_2c_buffer_decoal
R12_SAS,coal_adv_cfNH3,2045,192.5900058,sv_2c_buffer_decoal
R12_CHN,coal_adv_cfNH3,2045,203.1283495,sv_2c_buffer_decoal
R12_RCPA,coal_adv_cfNH3,2045,202.7480559,sv_2c_buffer_decoal
R12_PAS,coal_ppl_u_cfNH3,2045,192.8680568,sv_2c_buffer_decoal
R12_SAS,coal_ppl_u_cfNH3,2045,192.5900058,sv_2c_buffer_decoal
R12_CHN,coal_ppl_u_cfNH3,2045,203.1283495,sv_2c_buffer_decoal
R12_RCPA,coal_ppl_u_cfNH3,2045,202.7480559,sv_2c_buffer_decoal
R12_PAS,coal_ppl_cfNH3,2045,192.8680568,sv_2c_buffer_decoal
R12_SAS,coal_ppl_cfNH3,2045,192.5900058,sv_2c_buffer_decoal
R12_CHN,coal_ppl_cfNH3,2045,203.1283495,sv_2c_buffer_decoal
R12_RCPA,coal_ppl_cfNH3,2045,202.7480559,sv_2c_buffer_decoal
R12_PAS,coal_adv_cfNH3,2050,188.5846958,sv_2c_buffer_decoal
R12_SAS,coal_adv_cfNH3,2050,188.7732179,sv_2c_buffer_decoal
R12_CHN,coal_adv_cfNH3,2050,201.8536907,sv_2c_buffer_decoal
R12_RCPA,coal_adv_cfNH3,2050,200.7568482,sv_2c_buffer_decoal
R12_PAS,coal_ppl_u_cfNH3,2050,188.5846958,sv_2c_buffer_decoal
R12_SAS,coal_ppl_u_cfNH3,2050,188.7732179,sv_2c_buffer_decoal
R12_CHN,coal_ppl_u_cfNH3,2050,201.8536907,sv_2c_buffer_decoal
R12_RCPA,coal_ppl_u_cfNH3,2050,200.7568482,sv_2c_buffer_decoal
R12_PAS,coal_ppl_cfNH3,2050,188.5846958,sv_2c_buffer_decoal
R12_SAS,coal_ppl_cfNH3,2050,188.7732179,sv_2c_buffer_decoal
R12_CHN,coal_ppl_cfNH3,2050,201.8536907,sv_2c_buffer_decoal
R12_RCPA,coal_ppl_cfNH3,2050,200.7568482,sv_2c_buffer_decoal
R12_PAS,coal_adv_cfNH3,2055,185.3550732,sv_2c_buffer_decoal
R12_SAS,coal_adv_cfNH3,2055,186.1101649,sv_2c_buffer_decoal
R12_CHN,coal_adv_cfNH3,2055,201.3450704,sv_2c_buffer_decoal
R12_RCPA,coal_adv_cfNH3,2055,199.5943525,sv_2c_buffer_decoal
R12_PAS,coal_ppl_u_cfNH3,2055,185.3550732,sv_2c_buffer_decoal
R12_SAS,coal_ppl_u_cfNH3,2055,186.1101649,sv_2c_buffer_decoal
R12_CHN,coal_ppl_u_cfNH3,2055,201.3450704,sv_2c_buffer_decoal
R12_RCPA,coal_ppl_u_cfNH3,2055,199.5943525,sv_2c_buffer_decoal
R12_PAS,coal_ppl_cfNH3,2055,185.3550732,sv_2c_buffer_decoal
R12_SAS,coal_ppl_cfNH3,2055,186.1101649,sv_2c_buffer_decoal
R12_CHN,coal_ppl_cfNH3,2055,201.3450704,sv_2c_buffer_decoal
R12_RCPA,coal_ppl_cfNH3,2055,199.5943525,sv_2c_buffer_decoal
R12_PAS,coal_adv_cfNH3,2060,183.0662596,sv_2c_buffer_decoal
R12_SAS,coal_adv_cfNH3,2060,184.4089495,sv_2c_buffer_decoal
R12_CHN,coal_adv_cfNH3,2060,201.3450704,sv_2c_buffer_decoal
R12_RCPA,coal_adv_cfNH3,2060,199.2857039,sv_2c_buffer_decoal
R12_PAS,coal_ppl_u_cfNH3,2060,183.0662596,sv_2c_buffer_decoal
R12_SAS,coal_ppl_u_cfNH3,2060,184.4089495,sv_2c_buffer_decoal
R12_CHN,coal_ppl_u_cfNH3,2060,201.3450704,sv_2c_buffer_decoal
R12_RCPA,coal_ppl_u_cfNH3,2060,199.2857039,sv_2c_buffer_decoal
R12_PAS,coal_ppl_cfNH3,2060,183.0662596,sv_2c_buffer_decoal
R12_SAS,coal_ppl_cfNH3,2060,184.4089495,sv_2c_buffer_decoal
R12_CHN,coal_ppl_cfNH3,2060,201.3450704,sv_2c_buffer_decoal
R12_RCPA,coal_ppl_cfNH3,2060,199.2857039,sv_2c_buffer_decoal
R12_PAS,coal_adv_cfNH3,2070,180.6329995,sv_2c_buffer_decoal
R12_SAS,coal_adv_cfNH3,2070,183.2279877,sv_2c_buffer_decoal
R12_CHN,coal_adv_cfNH3,2070,201.3450704,sv_2c_buffer_decoal
R12_RCPA,coal_adv_cfNH3,2070,199.2857039,sv_2c_buffer_decoal
R12_PAS,coal_ppl_u_cfNH3,2070,180.6329995,sv_2c_buffer_decoal
R12_SAS,coal_ppl_u_cfNH3,2070,183.2279877,sv_2c_buffer_decoal
R12_CHN,coal_ppl_u_cfNH3,2070,201.3450704,sv_2c_buffer_decoal
R12_RCPA,coal_ppl_u_cfNH3,2070,199.2857039,sv_2c_buffer_decoal
R12_PAS,coal_ppl_cfNH3,2070,180.6329995,sv_2c_buffer_decoal
R12_SAS,coal_ppl_cfNH3,2070,183.2279877,sv_2c_buffer_decoal
R12_CHN,coal_ppl_cfNH3,2070,201.3450704,sv_2c_buffer_decoal
R12_RCPA,coal_ppl_cfNH3,2070,199.2857039,sv_2c_buffer_decoal
R12_PAS,coal_adv_cfNH3,2080,180.1482206,sv_2c_buffer_decoal
R12_SAS,coal_adv_cfNH3,2080,184.1232686,sv_2c_buffer_decoal
R12_CHN,coal_adv_cfNH3,2080,201.3450704,sv_2c_buffer_decoal
R12_RCPA,coal_adv_cfNH3,2080,199.2857039,sv_2c_buffer_decoal
R12_PAS,coal_ppl_u_cfNH3,2080,180.1482206,sv_2c_buffer_decoal
R12_SAS,coal_ppl_u_cfNH3,2080,184.1232686,sv_2c_buffer_decoal
R12_CHN,coal_ppl_u_cfNH3,2080,201.3450704,sv_2c_buffer_decoal
R12_RCPA,coal_ppl_u_cfNH3,2080,199.2857039,sv_2c_buffer_decoal
R12_PAS,coal_ppl_cfNH3,2080,180.1482206,sv_2c_buffer_decoal
R12_SAS,coal_ppl_cfNH3,2080,184.1232686,sv_2c_buffer_decoal
R12_CHN,coal_ppl_cfNH3,2080,201.3450704,sv_2c_buffer_decoal
R12_RCPA,coal_ppl_cfNH3,2080,199.2857039,sv_2c_buffer_decoal
R12_PAS,coal_adv_cfNH3,2090,180.7158475,sv_2c_buffer_decoal
R12_SAS,coal_adv_cfNH3,2090,186.0433895,sv_2c_buffer_decoal
R12_CHN,coal_adv_cfNH3,2090,201.3450704,sv_2c_buffer_decoal
R12_RCPA,coal_adv_cfNH3,2090,199.2857039,sv_2c_buffer_decoal
R12_PAS,coal_ppl_u_cfNH3,2090,180.7158475,sv_2c_buffer_decoal
R12_SAS,coal_ppl_u_cfNH3,2090,186.0433895,sv_2c_buffer_decoal
R12_CHN,coal_ppl_u_cfNH3,2090,201.3450704,sv_2c_buffer_decoal
R12_RCPA,coal_ppl_u_cfNH3,2090,199.2857039,sv_2c_buffer_decoal
R12_PAS,coal_ppl_cfNH3,2090,180.7158475,sv_2c_buffer_decoal
R12_SAS,coal_ppl_cfNH3,2090,186.0433895,sv_2c_buffer_decoal
R12_CHN,coal_ppl_cfNH3,2090,201.3450704,sv_2c_buffer_decoal
R12_RCPA,coal_ppl_cfNH3,2090,199.2857039,sv_2c_buffer_decoal
R12_PAS,coal_adv_cfNH3,2100,181.9890944,sv_2c_buffer_decoal
R12_SAS,coal_adv_cfNH3,2100,188.5893703,sv_2c_buffer_decoal
R12_CHN,coal_adv_cfNH3,2100,201.3450704,sv_2c_buffer_decoal
R12_RCPA,coal_adv_cfNH3,2100,199.2857039,sv_2c_buffer_decoal
R12_PAS,coal_ppl_u_cfNH3,2100,181.9890944,sv_2c_buffer_decoal
R12_SAS,coal_ppl_u_cfNH3,2100,188.5893703,sv_2c_buffer_decoal
R12_CHN,coal_ppl_u_cfNH3,2100,201.3450704,sv_2c_buffer_decoal
R12_RCPA,coal_ppl_u_cfNH3,2100,199.2857039,sv_2c_buffer_decoal
R12_PAS,coal_ppl_cfNH3,2100,181.9890944,sv_2c_buffer_decoal
R12_SAS,coal_ppl_cfNH3,2100,188.5893703,sv_2c_buffer_decoal
R12_CHN,coal_ppl_cfNH3,2100,201.3450704,sv_2c_buffer_decoal
R12_RCPA,coal_ppl_cfNH3,2100,199.2857039,sv_2c_buffer_decoal
R12_PAS,coal_adv_cfNH3,2110,181.9890944,sv_2c_buffer_decoal
R12_SAS,coal_adv_cfNH3,2110,188.5893703,sv_2c_buffer_decoal
R12_CHN,coal_adv_cfNH3,2110,201.3450704,sv_2c_buffer_decoal
R12_RCPA,coal_adv_cfNH3,2110,199.2857039,sv_2c_buffer_decoal
R12_PAS,coal_ppl_u_cfNH3,2110,181.9890944,sv_2c_buffer_decoal
R12_SAS,coal_ppl_u_cfNH3,2110,188.5893703,sv_2c_buffer_decoal
R12_CHN,coal_ppl_u_cfNH3,2110,201.3450704,sv_2c_buffer_decoal
R12_RCPA,coal_ppl_u_cfNH3,2110,199.2857039,sv_2c_buffer_decoal
R12_PAS,coal_ppl_cfNH3,2110,181.9890944,sv_2c_buffer_decoal
R12_SAS,coal_ppl_cfNH3,2110,188.5893703,sv_2c_buffer_decoal
R12_CHN,coal_ppl_cfNH3,2110,201.3450704,sv_2c_buffer_decoal
R12_RCPA,coal_ppl_cfNH3,2110,199.2857039,sv_2c_buffer_decoal
R12_AFR,coal_adv_cfbio,2020,4.5,sv_2c_buffer_decoal
R12_LAM,coal_adv_cfbio,2020,4.5,sv_2c_buffer_decoal
R12_MEA,coal_adv_cfbio,2020,4.5,sv_2c_buffer_decoal
R12_PAO,coal_adv_cfbio,2020,4.5,sv_2c_buffer_decoal
R12_PAS,coal_adv_cfbio,2020,4.5,sv_2c_buffer_decoal
R12_RCPA,coal_adv_cfbio,2020,4.5,sv_2c_buffer_decoal
R12_EEU,coal_adv_cfbio,2020,4.5,sv_2c_buffer_decoal
R12_NAM,coal_adv_cfbio,2020,4.5,sv_2c_buffer_decoal
R12_WEU,coal_adv_cfbio,2020,4.5,sv_2c_buffer_decoal
R12_FSU,coal_adv_cfbio,2020,4.5,sv_2c_buffer_decoal
R12_AFR,coal_ppl_u_cfbio,2020,4.5,sv_2c_buffer_decoal
R12_LAM,coal_ppl_u_cfbio,2020,4.5,sv_2c_buffer_decoal
R12_MEA,coal_ppl_u_cfbio,2020,4.5,sv_2c_buffer_decoal
R12_PAO,coal_ppl_u_cfbio,2020,4.5,sv_2c_buffer_decoal
R12_PAS,coal_ppl_u_cfbio,2020,4.5,sv_2c_buffer_decoal
R12_RCPA,coal_ppl_u_cfbio,2020,4.5,sv_2c_buffer_decoal
R12_EEU,coal_ppl_u_cfbio,2020,4.5,sv_2c_buffer_decoal
R12_NAM,coal_ppl_u_cfbio,2020,4.5,sv_2c_buffer_decoal
R12_WEU,coal_ppl_u_cfbio,2020,4.5,sv_2c_buffer_decoal
R12_FSU,coal_ppl_u_cfbio,2020,4.5,sv_2c_buffer_decoal
R12_AFR,coal_ppl_cfbio,2020,4.5,sv_2c_buffer_decoal
R12_LAM,coal_ppl_cfbio,2020,4.5,sv_2c_buffer_decoal
R12_MEA,coal_ppl_cfbio,2020,4.5,sv_2c_buffer_decoal
R12_PAO,coal_ppl_cfbio,2020,4.5,sv_2c_buffer_decoal
R12_PAS,coal_ppl_cfbio,2020,4.5,sv_2c_buffer_decoal
R12_RCPA,coal_ppl_cfbio,2020,4.5,sv_2c_buffer_decoal
R12_EEU,coal_ppl_cfbio,2020,4.5,sv_2c_buffer_decoal
R12_NAM,coal_ppl_cfbio,2020,4.5,sv_2c_buffer_decoal
R12_WEU,coal_ppl_cfbio,2020,4.5,sv_2c_buffer_decoal
R12_FSU,coal_ppl_cfbio,2020,4.5,sv_2c_buffer_decoal
R12_AFR,coal_adv_cfbio,2025,4.5,sv_2c_buffer_decoal
R12_LAM,coal_adv_cfbio,2025,4.5,sv_2c_buffer_decoal
R12_MEA,coal_adv_cfbio,2025,4.5,sv_2c_buffer_decoal
R12_NAM,coal_adv_cfbio,2025,4.5,sv_2c_buffer_decoal
R12_PAO,coal_adv_cfbio,2025,4.5,sv_2c_buffer_decoal
R12_PAS,coal_adv_cfbio,2025,4.5,sv_2c_buffer_decoal
R12_WEU,coal_adv_cfbio,2025,4.5,sv_2c_buffer_decoal
R12_RCPA,coal_adv_cfbio,2025,4.5,sv_2c_buffer_decoal
R12_EEU,coal_adv_cfbio,2025,4.5,sv_2c_buffer_decoal
R12_FSU,coal_adv_cfbio,2025,4.5,sv_2c_buffer_decoal
R12_AFR,coal_ppl_u_cfbio,2025,4.5,sv_2c_buffer_decoal
R12_LAM,coal_ppl_u_cfbio,2025,4.5,sv_2c_buffer_decoal
R12_MEA,coal_ppl_u_cfbio,2025,4.5,sv_2c_buffer_decoal
R12_NAM,coal_ppl_u_cfbio,2025,4.5,sv_2c_buffer_decoal
R12_PAO,coal_ppl_u_cfbio,2025,4.5,sv_2c_buffer_decoal
R12_PAS,coal_ppl_u_cfbio,2025,4.5,sv_2c_buffer_decoal
R12_WEU,coal_ppl_u_cfbio,2025,4.5,sv_2c_buffer_decoal
R12_RCPA,coal_ppl_u_cfbio,2025,4.5,sv_2c_buffer_decoal
R12_EEU,coal_ppl_u_cfbio,2025,4.5,sv_2c_buffer_decoal
R12_FSU,coal_ppl_u_cfbio,2025,4.5,sv_2c_buffer_decoal
R12_AFR,coal_ppl_cfbio,2025,4.5,sv_2c_buffer_decoal
R12_LAM,coal_ppl_cfbio,2025,4.5,sv_2c_buffer_decoal
R12_MEA,coal_ppl_cfbio,2025,4.5,sv_2c_buffer_decoal
R12_NAM,coal_ppl_cfbio,2025,4.5,sv_2c_buffer_decoal
R12_PAO,coal_ppl_cfbio,2025,4.5,sv_2c_buffer_decoal
R12_PAS,coal_ppl_cfbio,2025,4.5,sv_2c_buffer_decoal
R12_WEU,coal_ppl_cfbio,2025,4.5,sv_2c_buffer_decoal
R12_RCPA,coal_ppl_cfbio,2025,4.5,sv_2c_buffer_decoal
R12_EEU,coal_ppl_cfbio,2025,4.5,sv_2c_buffer_decoal
R12_FSU,coal_ppl_cfbio,2025,4.5,sv_2c_buffer_decoal
R12_AFR,coal_adv_cfbio,2030,4.5,sv_2c_buffer_decoal
R12_LAM,coal_adv_cfbio,2030,4.5,sv_2c_buffer_decoal
R12_MEA,coal_adv_cfbio,2030,4.5,sv_2c_buffer_decoal
R12_NAM,coal_adv_cfbio,2030,4.5,sv_2c_buffer_decoal
R12_PAO,coal_adv_cfbio,2030,4.5,sv_2c_buffer_decoal
R12_PAS,coal_adv_cfbio,2030,4.5,sv_2c_buffer_decoal
R12_WEU,coal_adv_cfbio,2030,4.5,sv_2c_buffer_decoal
R12_RCPA,coal_adv_cfbio,2030,4.5,sv_2c_buffer_decoal
R12_EEU,coal_adv_cfbio,2030,4.5,sv_2c_buffer_decoal
R12_FSU,coal_adv_cfbio,2030,4.5,sv_2c_buffer_decoal
R12_AFR,coal_ppl_u_cfbio,2030,4.5,sv_2c_buffer_decoal
R12_LAM,coal_ppl_u_cfbio,2030,4.5,sv_2c_buffer_decoal
R12_MEA,coal_ppl_u_cfbio,2030,4.5,sv_2c_buffer_decoal
R12_NAM,coal_ppl_u_cfbio,2030,4.5,sv_2c_buffer_decoal
R12_PAO,coal_ppl_u_cfbio,2030,4.5,sv_2c_buffer_decoal
R12_PAS,coal_ppl_u_cfbio,2030,4.5,sv_2c_buffer_decoal
R12_WEU,coal_ppl_u_cfbio,2030,4.5,sv_2c_buffer_decoal
R12_RCPA,coal_ppl_u_cfbio,2030,4.5,sv_2c_buffer_decoal
R12_EEU,coal_ppl_u_cfbio,2030,4.5,sv_2c_buffer_decoal
R12_FSU,coal_ppl_u_cfbio,2030,4.5,sv_2c_buffer_decoal
R12_AFR,coal_ppl_cfbio,2030,4.5,sv_2c_buffer_decoal
R12_LAM,coal_ppl_cfbio,2030,4.5,sv_2c_buffer_decoal
R12_MEA,coal_ppl_cfbio,2030,4.5,sv_2c_buffer_decoal
R12_NAM,coal_ppl_cfbio,2030,4.5,sv_2c_buffer_decoal
R12_PAO,coal_ppl_cfbio,2030,4.5,sv_2c_buffer_decoal
R12_PAS,coal_ppl_cfbio,2030,4.5,sv_2c_buffer_decoal
R12_WEU,coal_ppl_cfbio,2030,4.5,sv_2c_buffer_decoal
R12_RCPA,coal_ppl_cfbio,2030,4.5,sv_2c_buffer_decoal
R12_EEU,coal_ppl_cfbio,2030,4.5,sv_2c_buffer_decoal
R12_FSU,coal_ppl_cfbio,2030,4.5,sv_2c_buffer_decoal
R12_AFR,coal_adv_cfbio,2035,4.5,sv_2c_buffer_decoal
R12_LAM,coal_adv_cfbio,2035,4.5,sv_2c_buffer_decoal
R12_MEA,coal_adv_cfbio,2035,4.5,sv_2c_buffer_decoal
R12_NAM,coal_adv_cfbio,2035,4.5,sv_2c_buffer_decoal
R12_PAO,coal_adv_cfbio,2035,4.5,sv_2c_buffer_decoal
R12_PAS,coal_adv_cfbio,2035,4.5,sv_2c_buffer_decoal
R12_WEU,coal_adv_cfbio,2035,4.5,sv_2c_buffer_decoal
R12_RCPA,coal_adv_cfbio,2035,4.5,sv_2c_buffer_decoal
R12_EEU,coal_adv_cfbio,2035,4.5,sv_2c_buffer_decoal
R12_FSU,coal_adv_cfbio,2035,4.5,sv_2c_buffer_decoal
R12_AFR,coal_ppl_u_cfbio,2035,4.5,sv_2c_buffer_decoal
R12_LAM,coal_ppl_u_cfbio,2035,4.5,sv_2c_buffer_decoal
R12_MEA,coal_ppl_u_cfbio,2035,4.5,sv_2c_buffer_decoal
R12_NAM,coal_ppl_u_cfbio,2035,4.5,sv_2c_buffer_decoal
R12_PAO,coal_ppl_u_cfbio,2035,4.5,sv_2c_buffer_decoal
R12_PAS,coal_ppl_u_cfbio,2035,4.5,sv_2c_buffer_decoal
R12_WEU,coal_ppl_u_cfbio,2035,4.5,sv_2c_buffer_decoal
R12_RCPA,coal_ppl_u_cfbio,2035,4.5,sv_2c_buffer_decoal
R12_EEU,coal_ppl_u_cfbio,2035,4.5,sv_2c_buffer_decoal
R12_FSU,coal_ppl_u_cfbio,2035,4.5,sv_2c_buffer_decoal
R12_AFR,coal_ppl_cfbio,2035,4.5,sv_2c_buffer_decoal
R12_LAM,coal_ppl_cfbio,2035,4.5,sv_2c_buffer_decoal
R12_MEA,coal_ppl_cfbio,2035,4.5,sv_2c_buffer_decoal
R12_NAM,coal_ppl_cfbio,2035,4.5,sv_2c_buffer_decoal
R12_PAO,coal_ppl_cfbio,2035,4.5,sv_2c_buffer_decoal
R12_PAS,coal_ppl_cfbio,2035,4.5,sv_2c_buffer_decoal
R12_WEU,coal_ppl_cfbio,2035,4.5,sv_2c_buffer_decoal
R12_RCPA,coal_ppl_cfbio,2035,4.5,sv_2c_buffer_decoal
R12_EEU,coal_ppl_cfbio,2035,4.5,sv_2c_buffer_decoal
R12_FSU,coal_ppl_cfbio,2035,4.5,sv_2c_buffer_decoal
R12_AFR,coal_adv_cfbio,2040,4.5,sv_2c_buffer_decoal
R12_LAM,coal_adv_cfbio,2040,4.5,sv_2c_buffer_decoal
R12_MEA,coal_adv_cfbio,2040,4.5,sv_2c_buffer_decoal
R12_NAM,coal_adv_cfbio,2040,4.5,sv_2c_buffer_decoal
R12_PAO,coal_adv_cfbio,2040,4.5,sv_2c_buffer_decoal
R12_PAS,coal_adv_cfbio,2040,4.5,sv_2c_buffer_decoal
R12_WEU,coal_adv_cfbio,2040,4.5,sv_2c_buffer_decoal
R12_RCPA,coal_adv_cfbio,2040,4.5,sv_2c_buffer_decoal
R12_EEU,coal_adv_cfbio,2040,4.5,sv_2c_buffer_decoal
R12_FSU,coal_adv_cfbio,2040,4.5,sv_2c_buffer_decoal
R12_AFR,coal_ppl_u_cfbio,2040,4.5,sv_2c_buffer_decoal
R12_LAM,coal_ppl_u_cfbio,2040,4.5,sv_2c_buffer_decoal
R12_MEA,coal_ppl_u_cfbio,2040,4.5,sv_2c_buffer_decoal
R12_NAM,coal_ppl_u_cfbio,2040,4.5,sv_2c_buffer_decoal
R12_PAO,coal_ppl_u_cfbio,2040,4.5,sv_2c_buffer_decoal
R12_PAS,coal_ppl_u_cfbio,2040,4.5,sv_2c_buffer_decoal
R12_WEU,coal_ppl_u_cfbio,2040,4.5,sv_2c_buffer_decoal
R12_RCPA,coal_ppl_u_cfbio,2040,4.5,sv_2c_buffer_decoal
R12_EEU,coal_ppl_u_cfbio,2040,4.5,sv_2c_buffer_decoal
R12_FSU,coal_ppl_u_cfbio,2040,4.5,sv_2c_buffer_decoal
R12_AFR,coal_ppl_cfbio,2040,4.5,sv_2c_buffer_decoal
R12_LAM,coal_ppl_cfbio,2040,4.5,sv_2c_buffer_decoal
R12_MEA,coal_ppl_cfbio,2040,4.5,sv_2c_buffer_decoal
R12_NAM,coal_ppl_cfbio,2040,4.5,sv_2c_buffer_decoal
R12_PAO,coal_ppl_cfbio,2040,4.5,sv_2c_buffer_decoal
R12_PAS,coal_ppl_cfbio,2040,4.5,sv_2c_buffer_decoal
R12_WEU,coal_ppl_cfbio,2040,4.5,sv_2c_buffer_decoal
R12_RCPA,coal_ppl_cfbio,2040,4.5,sv_2c_buffer_decoal
R12_EEU,coal_ppl_cfbio,2040,4.5,sv_2c_buffer_decoal
R12_FSU,coal_ppl_cfbio,2040,4.5,sv_2c_buffer_decoal
R12_AFR,coal_adv_cfbio,2045,4.5,sv_2c_buffer_decoal
R12_LAM,coal_adv_cfbio,2045,4.5,sv_2c_buffer_decoal
R12_MEA,coal_adv_cfbio,2045,4.5,sv_2c_buffer_decoal
R12_NAM,coal_adv_cfbio,2045,4.5,sv_2c_buffer_decoal
R12_PAO,coal_adv_cfbio,2045,4.5,sv_2c_buffer_decoal
R12_PAS,coal_adv_cfbio,2045,4.5,sv_2c_buffer_decoal
R12_WEU,coal_adv_cfbio,2045,4.5,sv_2c_buffer_decoal
R12_RCPA,coal_adv_cfbio,2045,4.5,sv_2c_buffer_decoal
R12_EEU,coal_adv_cfbio,2045,4.5,sv_2c_buffer_decoal
R12_FSU,coal_adv_cfbio,2045,4.5,sv_2c_buffer_decoal
R12_AFR,coal_ppl_u_cfbio,2045,4.5,sv_2c_buffer_decoal
R12_LAM,coal_ppl_u_cfbio,2045,4.5,sv_2c_buffer_decoal
R12_MEA,coal_ppl_u_cfbio,2045,4.5,sv_2c_buffer_decoal
R12_NAM,coal_ppl_u_cfbio,2045,4.5,sv_2c_buffer_decoal
R12_PAO,coal_ppl_u_cfbio,2045,4.5,sv_2c_buffer_decoal
R12_PAS,coal_ppl_u_cfbio,2045,4.5,sv_2c_buffer_decoal
R12_WEU,coal_ppl_u_cfbio,2045,4.5,sv_2c_buffer_decoal
R12_RCPA,coal_ppl_u_cfbio,2045,4.5,sv_2c_buffer_decoal
R12_EEU,coal_ppl_u_cfbio,2045,4.5,sv_2c_buffer_decoal
R12_FSU,coal_ppl_u_cfbio,2045,4.5,sv_2c_buffer_decoal
R12_AFR,coal_ppl_cfbio,2045,4.5,sv_2c_buffer_decoal
R12_LAM,coal_ppl_cfbio,2045,4.5,sv_2c_buffer_decoal
R12_MEA,coal_ppl_cfbio,2045,4.5,sv_2c_buffer_decoal
R12_NAM,coal_ppl_cfbio,2045,4.5,sv_2c_buffer_decoal
R12_PAO,coal_ppl_cfbio,2045,4.5,sv_2c_buffer_decoal
R12_PAS,coal_ppl_cfbio,2045,4.5,sv_2c_buffer_decoal
R12_WEU,coal_ppl_cfbio,2045,4.5,sv_2c_buffer_decoal
R12_RCPA,coal_ppl_cfbio,2045,4.5,sv_2c_buffer_decoal
R12_EEU,coal_ppl_cfbio,2045,4.5,sv_2c_buffer_decoal
R12_FSU,coal_ppl_cfbio,2045,4.5,sv_2c_buffer_decoal
R12_AFR,coal_adv_cfbio,2050,4.5,sv_2c_buffer_decoal
R12_LAM,coal_adv_cfbio,2050,4.5,sv_2c_buffer_decoal
R12_MEA,coal_adv_cfbio,2050,4.5,sv_2c_buffer_decoal
R12_NAM,coal_adv_cfbio,2050,4.5,sv_2c_buffer_decoal
R12_PAO,coal_adv_cfbio,2050,4.5,sv_2c_buffer_decoal
R12_PAS,coal_adv_cfbio,2050,4.5,sv_2c_buffer_decoal
R12_WEU,coal_adv_cfbio,2050,4.5,sv_2c_buffer_decoal
R12_RCPA,coal_adv_cfbio,2050,4.5,sv_2c_buffer_decoal
R12_EEU,coal_adv_cfbio,2050,4.5,sv_2c_buffer_decoal
R12_FSU,coal_adv_cfbio,2050,4.5,sv_2c_buffer_decoal
R12_AFR,coal_ppl_u_cfbio,2050,4.5,sv_2c_buffer_decoal
R12_LAM,coal_ppl_u_cfbio,2050,4.5,sv_2c_buffer_decoal
R12_MEA,coal_ppl_u_cfbio,2050,4.5,sv_2c_buffer_decoal
R12_NAM,coal_ppl_u_cfbio,2050,4.5,sv_2c_buffer_decoal
R12_PAO,coal_ppl_u_cfbio,2050,4.5,sv_2c_buffer_decoal
R12_PAS,coal_ppl_u_cfbio,2050,4.5,sv_2c_buffer_decoal
R12_WEU,coal_ppl_u_cfbio,2050,4.5,sv_2c_buffer_decoal
R12_RCPA,coal_ppl_u_cfbio,2050,4.5,sv_2c_buffer_decoal
R12_EEU,coal_ppl_u_cfbio,2050,4.5,sv_2c_buffer_decoal
R12_FSU,coal_ppl_u_cfbio,2050,4.5,sv_2c_buffer_decoal
R12_AFR,coal_ppl_cfbio,2050,4.5,sv_2c_buffer_decoal
R12_LAM,coal_ppl_cfbio,2050,4.5,sv_2c_buffer_decoal
R12_MEA,coal_ppl_cfbio,2050,4.5,sv_2c_buffer_decoal
R12_NAM,coal_ppl_cfbio,2050,4.5,sv_2c_buffer_decoal
R12_PAO,coal_ppl_cfbio,2050,4.5,sv_2c_buffer_decoal
R12_PAS,coal_ppl_cfbio,2050,4.5,sv_2c_buffer_decoal
R12_WEU,coal_ppl_cfbio,2050,4.5,sv_2c_buffer_decoal
R12_RCPA,coal_ppl_cfbio,2050,4.5,sv_2c_buffer_decoal
R12_EEU,coal_ppl_cfbio,2050,4.5,sv_2c_buffer_decoal
R12_FSU,coal_ppl_cfbio,2050,4.5,sv_2c_buffer_decoal
R12_AFR,coal_adv_cfbio,2055,4.5,sv_2c_buffer_decoal
R12_LAM,coal_adv_cfbio,2055,4.5,sv_2c_buffer_decoal
R12_MEA,coal_adv_cfbio,2055,4.5,sv_2c_buffer_decoal
R12_NAM,coal_adv_cfbio,2055,4.5,sv_2c_buffer_decoal
R12_PAO,coal_adv_cfbio,2055,4.5,sv_2c_buffer_decoal
R12_PAS,coal_adv_cfbio,2055,4.5,sv_2c_buffer_decoal
R12_WEU,coal_adv_cfbio,2055,4.5,sv_2c_buffer_decoal
R12_RCPA,coal_adv_cfbio,2055,4.5,sv_2c_buffer_decoal
R12_EEU,coal_adv_cfbio,2055,4.5,sv_2c_buffer_decoal
R12_FSU,coal_adv_cfbio,2055,4.5,sv_2c_buffer_decoal
R12_AFR,coal_ppl_u_cfbio,2055,4.5,sv_2c_buffer_decoal
R12_LAM,coal_ppl_u_cfbio,2055,4.5,sv_2c_buffer_decoal
R12_MEA,coal_ppl_u_cfbio,2055,4.5,sv_2c_buffer_decoal
R12_NAM,coal_ppl_u_cfbio,2055,4.5,sv_2c_buffer_decoal
R12_PAO,coal_ppl_u_cfbio,2055,4.5,sv_2c_buffer_decoal
R12_PAS,coal_ppl_u_cfbio,2055,4.5,sv_2c_buffer_decoal
R12_WEU,coal_ppl_u_cfbio,2055,4.5,sv_2c_buffer_decoal
R12_RCPA,coal_ppl_u_cfbio,2055,4.5,sv_2c_buffer_decoal
R12_EEU,coal_ppl_u_cfbio,2055,4.5,sv_2c_buffer_decoal
R12_FSU,coal_ppl_u_cfbio,2055,4.5,sv_2c_buffer_decoal
R12_AFR,coal_ppl_cfbio,2055,4.5,sv_2c_buffer_decoal
R12_LAM,coal_ppl_cfbio,2055,4.5,sv_2c_buffer_decoal
R12_MEA,coal_ppl_cfbio,2055,4.5,sv_2c_buffer_decoal
R12_NAM,coal_ppl_cfbio,2055,4.5,sv_2c_buffer_decoal
R12_PAO,coal_ppl_cfbio,2055,4.5,sv_2c_buffer_decoal
R12_PAS,coal_ppl_cfbio,2055,4.5,sv_2c_buffer_decoal
R12_WEU,coal_ppl_cfbio,2055,4.5,sv_2c_buffer_decoal
R12_RCPA,coal_ppl_cfbio,2055,4.5,sv_2c_buffer_decoal
R12_EEU,coal_ppl_cfbio,2055,4.5,sv_2c_buffer_decoal
R12_FSU,coal_ppl_cfbio,2055,4.5,sv_2c_buffer_decoal
R12_AFR,coal_adv_cfbio,2060,4.5,sv_2c_buffer_decoal
R12_LAM,coal_adv_cfbio,2060,4.5,sv_2c_buffer_decoal
R12_MEA,coal_adv_cfbio,2060,4.5,sv_2c_buffer_decoal
R12_NAM,coal_adv_cfbio,2060,4.5,sv_2c_buffer_decoal
R12_PAO,coal_adv_cfbio,2060,4.5,sv_2c_buffer_decoal
R12_PAS,coal_adv_cfbio,2060,4.5,sv_2c_buffer_decoal
R12_WEU,coal_adv_cfbio,2060,4.5,sv_2c_buffer_decoal
R12_RCPA,coal_adv_cfbio,2060,4.5,sv_2c_buffer_decoal
R12_EEU,coal_adv_cfbio,2060,4.5,sv_2c_buffer_decoal
R12_FSU,coal_adv_cfbio,2060,4.5,sv_2c_buffer_decoal
R12_AFR,coal_ppl_u_cfbio,2060,4.5,sv_2c_buffer_decoal
R12_LAM,coal_ppl_u_cfbio,2060,4.5,sv_2c_buffer_decoal
R12_MEA,coal_ppl_u_cfbio,2060,4.5,sv_2c_buffer_decoal
R12_NAM,coal_ppl_u_cfbio,2060,4.5,sv_2c_buffer_decoal
R12_PAO,coal_ppl_u_cfbio,2060,4.5,sv_2c_buffer_decoal
R12_PAS,coal_ppl_u_cfbio,2060,4.5,sv_2c_buffer_decoal
R12_WEU,coal_ppl_u_cfbio,2060,4.5,sv_2c_buffer_decoal
R12_RCPA,coal_ppl_u_cfbio,2060,4.5,sv_2c_buffer_decoal
R12_EEU,coal_ppl_u_cfbio,2060,4.5,sv_2c_buffer_decoal
R12_FSU,coal_ppl_u_cfbio,2060,4.5,sv_2c_buffer_decoal
R12_AFR,coal_ppl_cfbio,2060,4.5,sv_2c_buffer_decoal
R12_LAM,coal_ppl_cfbio,2060,4.5,sv_2c_buffer_decoal
R12_MEA,coal_ppl_cfbio,2060,4.5,sv_2c_buffer_decoal
R12_NAM,coal_ppl_cfbio,2060,4.5,sv_2c_buffer_decoal
R12_PAO,coal_ppl_cfbio,2060,4.5,sv_2c_buffer_decoal
R12_PAS,coal_ppl_cfbio,2060,4.5,sv_2c_buffer_decoal
R12_WEU,coal_ppl_cfbio,2060,4.5,sv_2c_buffer_decoal
R12_RCPA,coal_ppl_cfbio,2060,4.5,sv_2c_buffer_decoal
R12_EEU,coal_ppl_cfbio,2060,4.5,sv_2c_buffer_decoal
R12_FSU,coal_ppl_cfbio,2060,4.5,sv_2c_buffer_decoal
R12_AFR,coal_adv_cfbio,2070,4.5,sv_2c_buffer_decoal
R12_LAM,coal_adv_cfbio,2070,4.5,sv_2c_buffer_decoal
R12_MEA,coal_adv_cfbio,2070,4.5,sv_2c_buffer_decoal
R12_NAM,coal_adv_cfbio,2070,4.5,sv_2c_buffer_decoal
R12_PAO,coal_adv_cfbio,2070,4.5,sv_2c_buffer_decoal
R12_PAS,coal_adv_cfbio,2070,4.5,sv_2c_buffer_decoal
R12_WEU,coal_adv_cfbio,2070,4.5,sv_2c_buffer_decoal
R12_RCPA,coal_adv_cfbio,2070,4.5,sv_2c_buffer_decoal
R12_EEU,coal_adv_cfbio,2070,4.5,sv_2c_buffer_decoal
R12_FSU,coal_adv_cfbio,2070,4.5,sv_2c_buffer_decoal
R12_AFR,coal_ppl_u_cfbio,2070,4.5,sv_2c_buffer_decoal
R12_LAM,coal_ppl_u_cfbio,2070,4.5,sv_2c_buffer_decoal
R12_MEA,coal_ppl_u_cfbio,2070,4.5,sv_2c_buffer_decoal
R12_NAM,coal_ppl_u_cfbio,2070,4.5,sv_2c_buffer_decoal
R12_PAO,coal_ppl_u_cfbio,2070,4.5,sv_2c_buffer_decoal
R12_PAS,coal_ppl_u_cfbio,2070,4.5,sv_2c_buffer_decoal
R12_WEU,coal_ppl_u_cfbio,2070,4.5,sv_2c_buffer_decoal
R12_RCPA,coal_ppl_u_cfbio,2070,4.5,sv_2c_buffer_decoal
R12_EEU,coal_ppl_u_cfbio,2070,4.5,sv_2c_buffer_decoal
R12_FSU,coal_ppl_u_cfbio,2070,4.5,sv_2c_buffer_decoal
R12_AFR,coal_ppl_cfbio,2070,4.5,sv_2c_buffer_decoal
R12_LAM,coal_ppl_cfbio,2070,4.5,sv_2c_buffer_decoal
R12_MEA,coal_ppl_cfbio,2070,4.5,sv_2c_buffer_decoal
R12_NAM,coal_ppl_cfbio,2070,4.5,sv_2c_buffer_decoal
R12_PAO,coal_ppl_cfbio,2070,4.5,sv_2c_buffer_decoal
R12_PAS,coal_ppl_cfbio,2070,4.5,sv_2c_buffer_decoal
R12_WEU,coal_ppl_cfbio,2070,4.5,sv_2c_buffer_decoal
R12_RCPA,coal_ppl_cfbio,2070,4.5,sv_2c_buffer_decoal
R12_EEU,coal_ppl_cfbio,2070,4.5,sv_2c_buffer_decoal
R12_FSU,coal_ppl_cfbio,2070,4.5,sv_2c_buffer_decoal
R12_AFR,coal_adv_cfbio,2080,4.5,sv_2c_buffer_decoal
R12_LAM,coal_adv_cfbio,2080,4.5,sv_2c_buffer_decoal
R12_MEA,coal_adv_cfbio,2080,4.5,sv_2c_buffer_decoal
R12_NAM,coal_adv_cfbio,2080,4.5,sv_2c_buffer_decoal
R12_PAO,coal_adv_cfbio,2080,4.5,sv_2c_buffer_decoal
R12_PAS,coal_adv_cfbio,2080,4.5,sv_2c_buffer_decoal
R12_WEU,coal_adv_cfbio,2080,4.5,sv_2c_buffer_decoal
R12_RCPA,coal_adv_cfbio,2080,4.5,sv_2c_buffer_decoal
R12_EEU,coal_adv_cfbio,2080,4.5,sv_2c_buffer_decoal
R12_FSU,coal_adv_cfbio,2080,4.5,sv_2c_buffer_decoal
R12_AFR,coal_ppl_u_cfbio,2080,4.5,sv_2c_buffer_decoal
R12_LAM,coal_ppl_u_cfbio,2080,4.5,sv_2c_buffer_decoal
R12_MEA,coal_ppl_u_cfbio,2080,4.5,sv_2c_buffer_decoal
R12_NAM,coal_ppl_u_cfbio,2080,4.5,sv_2c_buffer_decoal
R12_PAO,coal_ppl_u_cfbio,2080,4.5,sv_2c_buffer_decoal
R12_PAS,coal_ppl_u_cfbio,2080,4.5,sv_2c_buffer_decoal
R12_WEU,coal_ppl_u_cfbio,2080,4.5,sv_2c_buffer_decoal
R12_RCPA,coal_ppl_u_cfbio,2080,4.5,sv_2c_buffer_decoal
R12_EEU,coal_ppl_u_cfbio,2080,4.5,sv_2c_buffer_decoal
R12_FSU,coal_ppl_u_cfbio,2080,4.5,sv_2c_buffer_decoal
R12_AFR,coal_ppl_cfbio,2080,4.5,sv_2c_buffer_decoal
R12_LAM,coal_ppl_cfbio,2080,4.5,sv_2c_buffer_decoal
R12_MEA,coal_ppl_cfbio,2080,4.5,sv_2c_buffer_decoal
R12_NAM,coal_ppl_cfbio,2080,4.5,sv_2c_buffer_decoal
R12_PAO,coal_ppl_cfbio,2080,4.5,sv_2c_buffer_decoal
R12_PAS,coal_ppl_cfbio,2080,4.5,sv_2c_buffer_decoal
R12_WEU,coal_ppl_cfbio,2080,4.5,sv_2c_buffer_decoal
R12_RCPA,coal_ppl_cfbio,2080,4.5,sv_2c_buffer_decoal
R12_EEU,coal_ppl_cfbio,2080,4.5,sv_2c_buffer_decoal
R12_FSU,coal_ppl_cfbio,2080,4.5,sv_2c_buffer_decoal
R12_AFR,coal_adv_cfbio,2090,4.5,sv_2c_buffer_decoal
R12_LAM,coal_adv_cfbio,2090,4.5,sv_2c_buffer_decoal
R12_MEA,coal_adv_cfbio,2090,4.5,sv_2c_buffer_decoal
R12_NAM,coal_adv_cfbio,2090,4.5,sv_2c_buffer_decoal
R12_PAO,coal_adv_cfbio,2090,4.5,sv_2c_buffer_decoal
R12_PAS,coal_adv_cfbio,2090,4.5,sv_2c_buffer_decoal
R12_WEU,coal_adv_cfbio,2090,4.5,sv_2c_buffer_decoal
R12_RCPA,coal_adv_cfbio,2090,4.5,sv_2c_buffer_decoal
R12_EEU,coal_adv_cfbio,2090,4.5,sv_2c_buffer_decoal
R12_FSU,coal_adv_cfbio,2090,4.5,sv_2c_buffer_decoal
R12_AFR,coal_ppl_u_cfbio,2090,4.5,sv_2c_buffer_decoal
R12_LAM,coal_ppl_u_cfbio,2090,4.5,sv_2c_buffer_decoal
R12_MEA,coal_ppl_u_cfbio,2090,4.5,sv_2c_buffer_decoal
R12_NAM,coal_ppl_u_cfbio,2090,4.5,sv_2c_buffer_decoal
R12_PAO,coal_ppl_u_cfbio,2090,4.5,sv_2c_buffer_decoal
R12_PAS,coal_ppl_u_cfbio,2090,4.5,sv_2c_buffer_decoal
R12_WEU,coal_ppl_u_cfbio,2090,4.5,sv_2c_buffer_decoal
R12_RCPA,coal_ppl_u_cfbio,2090,4.5,sv_2c_buffer_decoal
R12_EEU,coal_ppl_u_cfbio,2090,4.5,sv_2c_buffer_decoal
R12_FSU,coal_ppl_u_cfbio,2090,4.5,sv_2c_buffer_decoal
R12_AFR,coal_ppl_cfbio,2090,4.5,sv_2c_buffer_decoal
R12_LAM,coal_ppl_cfbio,2090,4.5,sv_2c_buffer_decoal
R12_MEA,coal_ppl_cfbio,2090,4.5,sv_2c_buffer_decoal
R12_NAM,coal_ppl_cfbio,2090,4.5,sv_2c_buffer_decoal
R12_PAO,coal_ppl_cfbio,2090,4.5,sv_2c_buffer_decoal
R12_PAS,coal_ppl_cfbio,2090,4.5,sv_2c_buffer_decoal
R12_WEU,coal_ppl_cfbio,2090,4.5,sv_2c_buffer_decoal
R12_RCPA,coal_ppl_cfbio,2090,4.5,sv_2c_buffer_decoal
R12_EEU,coal_ppl_cfbio,2090,4.5,sv_2c_buffer_decoal
R12_FSU,coal_ppl_cfbio,2090,4.5,sv_2c_buffer_decoal
R12_AFR,coal_adv_cfbio,2100,4.5,sv_2c_buffer_decoal
R12_LAM,coal_adv_cfbio,2100,4.5,sv_2c_buffer_decoal
R12_MEA,coal_adv_cfbio,2100,4.5,sv_2c_buffer_decoal
R12_NAM,coal_adv_cfbio,2100,4.5,sv_2c_buffer_decoal
R12_PAO,coal_adv_cfbio,2100,4.5,sv_2c_buffer_decoal
R12_PAS,coal_adv_cfbio,2100,4.5,sv_2c_buffer_decoal
R12_WEU,coal_adv_cfbio,2100,4.5,sv_2c_buffer_decoal
R12_RCPA,coal_adv_cfbio,2100,4.5,sv_2c_buffer_decoal
R12_EEU,coal_adv_cfbio,2100,4.5,sv_2c_buffer_decoal
R12_FSU,coal_adv_cfbio,2100,4.5,sv_2c_buffer_decoal
R12_AFR,coal_ppl_u_cfbio,2100,4.5,sv_2c_buffer_decoal
R12_LAM,coal_ppl_u_cfbio,2100,4.5,sv_2c_buffer_decoal
R12_MEA,coal_ppl_u_cfbio,2100,4.5,sv_2c_buffer_decoal
R12_NAM,coal_ppl_u_cfbio,2100,4.5,sv_2c_buffer_decoal
R12_PAO,coal_ppl_u_cfbio,2100,4.5,sv_2c_buffer_decoal
R12_PAS,coal_ppl_u_cfbio,2100,4.5,sv_2c_buffer_decoal
R12_WEU,coal_ppl_u_cfbio,2100,4.5,sv_2c_buffer_decoal
R12_RCPA,coal_ppl_u_cfbio,2100,4.5,sv_2c_buffer_decoal
R12_EEU,coal_ppl_u_cfbio,2100,4.5,sv_2c_buffer_decoal
R12_FSU,coal_ppl_u_cfbio,2100,4.5,sv_2c_buffer_decoal
R12_AFR,coal_ppl_cfbio,2100,4.5,sv_2c_buffer_decoal
R12_LAM,coal_ppl_cfbio,2100,4.5,sv_2c_buffer_decoal
R12_MEA,coal_ppl_cfbio,2100,4.5,sv_2c_buffer_decoal
R12_NAM,coal_ppl_cfbio,2100,4.5,sv_2c_buffer_decoal
R12_PAO,coal_ppl_cfbio,2100,4.5,sv_2c_buffer_decoal
R12_PAS,coal_ppl_cfbio,2100,4.5,sv_2c_buffer_decoal
R12_WEU,coal_ppl_cfbio,2100,4.5,sv_2c_buffer_decoal
R12_RCPA,coal_ppl_cfbio,2100,4.5,sv_2c_buffer_decoal
R12_EEU,coal_ppl_cfbio,2100,4.5,sv_2c_buffer_decoal
R12_FSU,coal_ppl_cfbio,2100,4.5,sv_2c_buffer_decoal
R12_AFR,coal_adv_cfbio,2110,4.5,sv_2c_buffer_decoal
R12_LAM,coal_adv_cfbio,2110,4.5,sv_2c_buffer_decoal
R12_MEA,coal_adv_cfbio,2110,4.5,sv_2c_buffer_decoal
R12_NAM,coal_adv_cfbio,2110,4.5,sv_2c_buffer_decoal
R12_PAO,coal_adv_cfbio,2110,4.5,sv_2c_buffer_decoal
R12_PAS,coal_adv_cfbio,2110,4.5,sv_2c_buffer_decoal
R12_WEU,coal_adv_cfbio,2110,4.5,sv_2c_buffer_decoal
R12_RCPA,coal_adv_cfbio,2110,4.5,sv_2c_buffer_decoal
R12_EEU,coal_adv_cfbio,2110,4.5,sv_2c_buffer_decoal
R12_FSU,coal_adv_cfbio,2110,4.5,sv_2c_buffer_decoal
R12_AFR,coal_ppl_u_cfbio,2110,4.5,sv_2c_buffer_decoal
R12_LAM,coal_ppl_u_cfbio,2110,4.5,sv_2c_buffer_decoal
R12_MEA,coal_ppl_u_cfbio,2110,4.5,sv_2c_buffer_decoal
R12_NAM,coal_ppl_u_cfbio,2110,4.5,sv_2c_buffer_decoal
R12_PAO,coal_ppl_u_cfbio,2110,4.5,sv_2c_buffer_decoal
R12_PAS,coal_ppl_u_cfbio,2110,4.5,sv_2c_buffer_decoal
R12_WEU,coal_ppl_u_cfbio,2110,4.5,sv_2c_buffer_decoal
R12_RCPA,coal_ppl_u_cfbio,2110,4.5,sv_2c_buffer_decoal
R12_EEU,coal_ppl_u_cfbio,2110,4.5,sv_2c_buffer_decoal
R12_FSU,coal_ppl_u_cfbio,2110,4.5,sv_2c_buffer_decoal
R12_AFR,coal_ppl_cfbio,2110,4.5,sv_2c_buffer_decoal
R12_LAM,coal_ppl_cfbio,2110,4.5,sv_2c_buffer_decoal
R12_MEA,coal_ppl_cfbio,2110,4.5,sv_2c_buffer_decoal
R12_NAM,coal_ppl_cfbio,2110,4.5,sv_2c_buffer_decoal
R12_PAO,coal_ppl_cfbio,2110,4.5,sv_2c_buffer_decoal
R12_PAS,coal_ppl_cfbio,2110,4.5,sv_2c_buffer_decoal
R12_WEU,coal_ppl_cfbio,2110,4.5,sv_2c_buffer_decoal
R12_RCPA,coal_ppl_cfbio,2110,4.5,sv_2c_buffer_decoal
R12_EEU,coal_ppl_cfbio,2110,4.5,sv_2c_buffer_decoal
R12_FSU,coal_ppl_cfbio,2110,4.5,sv_2c_buffer_decoal
R12_SAS,coal_adv_cfbio,2020,1.9,sv_2c_buffer_decoal
R12_CHN,coal_adv_cfbio,2020,1.9,sv_2c_buffer_decoal
R12_SAS,coal_ppl_u_cfbio,2020,1.9,sv_2c_buffer_decoal
R12_CHN,coal_ppl_u_cfbio,2020,1.9,sv_2c_buffer_decoal
R12_SAS,coal_ppl_cfbio,2020,1.9,sv_2c_buffer_decoal
R12_CHN,coal_ppl_cfbio,2020,1.9,sv_2c_buffer_decoal
R12_SAS,coal_adv_cfbio,2025,1.9,sv_2c_buffer_decoal
R12_CHN,coal_adv_cfbio,2025,1.9,sv_2c_buffer_decoal
R12_SAS,coal_ppl_u_cfbio,2025,1.9,sv_2c_buffer_decoal
R12_CHN,coal_ppl_u_cfbio,2025,1.9,sv_2c_buffer_decoal
R12_SAS,coal_ppl_cfbio,2025,1.9,sv_2c_buffer_decoal
R12_CHN,coal_ppl_cfbio,2025,1.9,sv_2c_buffer_decoal
R12_SAS,coal_adv_cfbio,2030,1.9,sv_2c_buffer_decoal
R12_CHN,coal_adv_cfbio,2030,1.9,sv_2c_buffer_decoal
R12_SAS,coal_ppl_u_cfbio,2030,1.9,sv_2c_buffer_decoal
R12_CHN,coal_ppl_u_cfbio,2030,1.9,sv_2c_buffer_decoal
R12_SAS,coal_ppl_cfbio,2030,1.9,sv_2c_buffer_decoal
R12_CHN,coal_ppl_cfbio,2030,1.9,sv_2c_buffer_decoal
R12_SAS,coal_adv_cfbio,2035,1.9,sv_2c_buffer_decoal
R12_CHN,coal_adv_cfbio,2035,1.9,sv_2c_buffer_decoal
R12_SAS,coal_ppl_u_cfbio,2035,1.9,sv_2c_buffer_decoal
R12_CHN,coal_ppl_u_cfbio,2035,1.9,sv_2c_buffer_decoal
R12_SAS,coal_ppl_cfbio,2035,1.9,sv_2c_buffer_decoal
R12_CHN,coal_ppl_cfbio,2035,1.9,sv_2c_buffer_decoal
R12_SAS,coal_adv_cfbio,2040,1.9,sv_2c_buffer_decoal
R12_CHN,coal_adv_cfbio,2040,1.9,sv_2c_buffer_decoal
R12_SAS,coal_ppl_u_cfbio,2040,1.9,sv_2c_buffer_decoal
R12_CHN,coal_ppl_u_cfbio,2040,1.9,sv_2c_buffer_decoal
R12_SAS,coal_ppl_cfbio,2040,1.9,sv_2c_buffer_decoal
R12_CHN,coal_ppl_cfbio,2040,1.9,sv_2c_buffer_decoal
R12_SAS,coal_adv_cfbio,2045,1.9,sv_2c_buffer_decoal
R12_CHN,coal_adv_cfbio,2045,1.9,sv_2c_buffer_decoal
R12_SAS,coal_ppl_u_cfbio,2045,1.9,sv_2c_buffer_decoal
R12_CHN,coal_ppl_u_cfbio,2045,1.9,sv_2c_buffer_decoal
R12_SAS,coal_ppl_cfbio,2045,1.9,sv_2c_buffer_decoal
R12_CHN,coal_ppl_cfbio,2045,1.9,sv_2c_buffer_decoal
R12_SAS,coal_adv_cfbio,2050,1.9,sv_2c_buffer_decoal
R12_CHN,coal_adv_cfbio,2050,1.9,sv_2c_buffer_decoal
R12_SAS,coal_ppl_u_cfbio,2050,1.9,sv_2c_buffer_decoal
R12_CHN,coal_ppl_u_cfbio,2050,1.9,sv_2c_buffer_decoal
R12_SAS,coal_ppl_cfbio,2050,1.9,sv_2c_buffer_decoal
R12_CHN,coal_ppl_cfbio,2050,1.9,sv_2c_buffer_decoal
R12_SAS,coal_adv_cfbio,2055,1.9,sv_2c_buffer_decoal
R12_CHN,coal_adv_cfbio,2055,1.9,sv_2c_buffer_decoal
R12_SAS,coal_ppl_u_cfbio,2055,1.9,sv_2c_buffer_decoal
R12_CHN,coal_ppl_u_cfbio,2055,1.9,sv_2c_buffer_decoal
R12_SAS,coal_ppl_cfbio,2055,1.9,sv_2c_buffer_decoal
R12_CHN,coal_ppl_cfbio,2055,1.9,sv_2c_buffer_decoal
R12_SAS,coal_adv_cfbio,2060,1.9,sv_2c_buffer_decoal
R12_CHN,coal_adv_cfbio,2060,1.9,sv_2c_buffer_decoal
R12_SAS,coal_ppl_u_cfbio,2060,1.9,sv_2c_buffer_decoal
R12_CHN,coal_ppl_u_cfbio,2060,1.9,sv_2c_buffer_decoal
R12_SAS,coal_ppl_cfbio,2060,1.9,sv_2c_buffer_decoal
R12_CHN,coal_ppl_cfbio,2060,1.9,sv_2c_buffer_decoal
R12_SAS,coal_adv_cfbio,2070,1.9,sv_2c_buffer_decoal
R12_CHN,coal_adv_cfbio,2070,1.9,sv_2c_buffer_decoal
R12_SAS,coal_ppl_u_cfbio,2070,1.9,sv_2c_buffer_decoal
R12_CHN,coal_ppl_u_cfbio,2070,1.9,sv_2c_buffer_decoal
R12_SAS,coal_ppl_cfbio,2070,1.9,sv_2c_buffer_decoal
R12_CHN,coal_ppl_cfbio,2070,1.9,sv_2c_buffer_decoal
R12_SAS,coal_adv_cfbio,2080,1.9,sv_2c_buffer_decoal
R12_CHN,coal_adv_cfbio,2080,1.9,sv_2c_buffer_decoal
R12_SAS,coal_ppl_u_cfbio,2080,1.9,sv_2c_buffer_decoal
R12_CHN,coal_ppl_u_cfbio,2080,1.9,sv_2c_buffer_decoal
R12_SAS,coal_ppl_cfbio,2080,1.9,sv_2c_buffer_decoal
R12_CHN,coal_ppl_cfbio,2080,1.9,sv_2c_buffer_decoal
R12_SAS,coal_adv_cfbio,2090,1.9,sv_2c_buffer_decoal
R12_CHN,coal_adv_cfbio,2090,1.9,sv_2c_buffer_decoal
R12_SAS,coal_ppl_u_cfbio,2090,1.9,sv_2c_buffer_decoal
R12_CHN,coal_ppl_u_cfbio,2090,1.9,sv_2c_buffer_decoal
R12_SAS,coal_ppl_cfbio,2090,1.9,sv_2c_buffer_decoal
R12_CHN,coal_ppl_cfbio,2090,1.9,sv_2c_buffer_decoal
R12_SAS,coal_adv_cfbio,2100,1.9,sv_2c_buffer_decoal
R12_CHN,coal_adv_cfbio,2100,1.9,sv_2c_buffer_decoal
R12_SAS,coal_ppl_u_cfbio,2100,1.9,sv_2c_buffer_decoal
R12_CHN,coal_ppl_u_cfbio,2100,1.9,sv_2c_buffer_decoal
R12_SAS,coal_ppl_cfbio,2100,1.9,sv_2c_buffer_decoal
R12_CHN,coal_ppl_cfbio,2100,1.9,sv_2c_buffer_decoal
R12_SAS,coal_adv_cfbio,2110,1.9,sv_2c_buffer_decoal
R12_CHN,coal_adv_cfbio,2110,1.9,sv_2c_buffer_decoal
R12_SAS,coal_ppl_u_cfbio,2110,1.9,sv_2c_buffer_decoal
R12_CHN,coal_ppl_u_cfbio,2110,1.9,sv_2c_buffer_decoal
R12_SAS,coal_ppl_cfbio,2110,1.9,sv_2c_buffer_decoal
R12_CHN,coal_ppl_cfbio,2110,1.9,sv_2c_buffer_decoal
R12_AFR,coal_adv_rccs,2020,1316.0,sv_2c_buffer_decoal
R12_LAM,coal_adv_rccs,2020,1316.0,sv_2c_buffer_decoal
R12_MEA,coal_adv_rccs,2020,1316.0,sv_2c_buffer_decoal
R12_PAO,coal_adv_rccs,2020,1316.0,sv_2c_buffer_decoal
R12_EEU,coal_adv_rccs,2020,1316.0,sv_2c_buffer_decoal
R12_NAM,coal_adv_rccs,2020,1316.0,sv_2c_buffer_decoal
R12_WEU,coal_adv_rccs,2020,1316.0,sv_2c_buffer_decoal
R12_FSU,coal_adv_rccs,2020,1316.0,sv_2c_buffer_decoal
R12_AFR,coal_adv_rccs,2025,1316.0,sv_2c_buffer_decoal
R12_LAM,coal_adv_rccs,2025,1316.0,sv_2c_buffer_decoal
R12_MEA,coal_adv_rccs,2025,1316.0,sv_2c_buffer_decoal
R12_NAM,coal_adv_rccs,2025,1316.0,sv_2c_buffer_decoal
R12_PAO,coal_adv_rccs,2025,1316.0,sv_2c_buffer_decoal
R12_WEU,coal_adv_rccs,2025,1316.0,sv_2c_buffer_decoal
R12_EEU,coal_adv_rccs,2025,1316.0,sv_2c_buffer_decoal
R12_FSU,coal_adv_rccs,2025,1316.0,sv_2c_buffer_decoal
R12_AFR,coal_adv_rccs,2030,1316.0,sv_2c_buffer_decoal
R12_LAM,coal_adv_rccs,2030,1316.0,sv_2c_buffer_decoal
R12_MEA,coal_adv_rccs,2030,1316.0,sv_2c_buffer_decoal
R12_NAM,coal_adv_rccs,2030,1316.0,sv_2c_buffer_decoal
R12_PAO,coal_adv_rccs,2030,1316.0,sv_2c_buffer_decoal
R12_WEU,coal_adv_rccs,2030,1316.0,sv_2c_buffer_decoal
R12_EEU,coal_adv_rccs,2030,1316.0,sv_2c_buffer_decoal
R12_FSU,coal_adv_rccs,2030,1316.0,sv_2c_buffer_decoal
R12_AFR,coal_adv_rccs,2035,1316.0,sv_2c_buffer_decoal
R12_LAM,coal_adv_rccs,2035,1316.0,sv_2c_buffer_decoal
R12_MEA,coal_adv_rccs,2035,1316.0,sv_2c_buffer_decoal
R12_NAM,coal_adv_rccs,2035,1316.0,sv_2c_buffer_decoal
R12_PAO,coal_adv_rccs,2035,1316.0,sv_2c_buffer_decoal
R12_WEU,coal_adv_rccs,2035,1316.0,sv_2c_buffer_decoal
R12_EEU,coal_adv_rccs,2035,1316.0,sv_2c_buffer_decoal
R12_FSU,coal_adv_rccs,2035,1316.0,sv_2c_buffer_decoal
R12_AFR,coal_adv_rccs,2040,1316.0,sv_2c_buffer_decoal
R12_LAM,coal_adv_rccs,2040,1316.0,sv_2c_buffer_decoal
R12_MEA,coal_adv_rccs,2040,1316.0,sv_2c_buffer_decoal
R12_NAM,coal_adv_rccs,2040,1316.0,sv_2c_buffer_decoal
R12_PAO,coal_adv_rccs,2040,1316.0,sv_2c_buffer_decoal
R12_WEU,coal_adv_rccs,2040,1316.0,sv_2c_buffer_decoal
R12_EEU,coal_adv_rccs,2040,1316.0,sv_2c_buffer_decoal
R12_FSU,coal_adv_rccs,2040,1316.0,sv_2c_buffer_decoal
R12_AFR,coal_adv_rccs,2045,1316.0,sv_2c_buffer_decoal
R12_LAM,coal_adv_rccs,2045,1316.0,sv_2c_buffer_decoal
R12_MEA,coal_adv_rccs,2045,1316.0,sv_2c_buffer_decoal
R12_NAM,coal_adv_rccs,2045,1316.0,sv_2c_buffer_decoal
R12_PAO,coal_adv_rccs,2045,1316.0,sv_2c_buffer_decoal
R12_WEU,coal_adv_rccs,2045,1316.0,sv_2c_buffer_decoal
R12_EEU,coal_adv_rccs,2045,1316.0,sv_2c_buffer_decoal
R12_FSU,coal_adv_rccs,2045,1316.0,sv_2c_buffer_decoal
R12_AFR,coal_adv_rccs,2050,1316.0,sv_2c_buffer_decoal
R12_LAM,coal_adv_rccs,2050,1316.0,sv_2c_buffer_decoal
R12_MEA,coal_adv_rccs,2050,1316.0,sv_2c_buffer_decoal
R12_NAM,coal_adv_rccs,2050,1316.0,sv_2c_buffer_decoal
R12_PAO,coal_adv_rccs,2050,1316.0,sv_2c_buffer_decoal
R12_WEU,coal_adv_rccs,2050,1316.0,sv_2c_buffer_decoal
R12_EEU,coal_adv_rccs,2050,1316.0,sv_2c_buffer_decoal
R12_FSU,coal_adv_rccs,2050,1316.0,sv_2c_buffer_decoal
R12_AFR,coal_adv_rccs,2055,1316.0,sv_2c_buffer_decoal
R12_LAM,coal_adv_rccs,2055,1316.0,sv_2c_buffer_decoal
R12_MEA,coal_adv_rccs,2055,1316.0,sv_2c_buffer_decoal
R12_NAM,coal_adv_rccs,2055,1316.0,sv_2c_buffer_decoal
R12_PAO,coal_adv_rccs,2055,1316.0,sv_2c_buffer_decoal
R12_WEU,coal_adv_rccs,2055,1316.0,sv_2c_buffer_decoal
R12_EEU,coal_adv_rccs,2055,1316.0,sv_2c_buffer_decoal
R12_FSU,coal_adv_rccs,2055,1316.0,sv_2c_buffer_decoal
R12_AFR,coal_adv_rccs,2060,1316.0,sv_2c_buffer_decoal
R12_LAM,coal_adv_rccs,2060,1316.0,sv_2c_buffer_decoal
R12_MEA,coal_adv_rccs,2060,1316.0,sv_2c_buffer_decoal
R12_NAM,coal_adv_rccs,2060,1316.0,sv_2c_buffer_decoal
R12_PAO,coal_adv_rccs,2060,1316.0,sv_2c_buffer_decoal
R12_WEU,coal_adv_rccs,2060,1316.0,sv_2c_buffer_decoal
R12_EEU,coal_adv_rccs,2060,1316.0,sv_2c_buffer_decoal
R12_FSU,coal_adv_rccs,2060,1316.0,sv_2c_buffer_decoal
R12_AFR,coal_adv_rccs,2070,1316.0,sv_2c_buffer_decoal
R12_LAM,coal_adv_rccs,2070,1316.0,sv_2c_buffer_decoal
R12_MEA,coal_adv_rccs,2070,1316.0,sv_2c_buffer_decoal
R12_NAM,coal_adv_rccs,2070,1316.0,sv_2c_buffer_decoal
R12_PAO,coal_adv_rccs,2070,1316.0,sv_2c_buffer_decoal
R12_WEU,coal_adv_rccs,2070,1316.0,sv_2c_buffer_decoal
R12_EEU,coal_adv_rccs,2070,1316.0,sv_2c_buffer_decoal
R12_FSU,coal_adv_rccs,2070,1316.0,sv_2c_buffer_decoal
R12_AFR,coal_adv_rccs,2080,1316.0,sv_2c_buffer_decoal
R12_LAM,coal_adv_rccs,2080,1316.0,sv_2c_buffer_decoal
R12_MEA,coal_adv_rccs,2080,1316.0,sv_2c_buffer_decoal
R12_NAM,coal_adv_rccs,2080,1316.0,sv_2c_buffer_decoal
R12_PAO,coal_adv_rccs,2080,1316.0,sv_2c_buffer_decoal
R12_WEU,coal_adv_rccs,2080,1316.0,sv_2c_buffer_decoal
R12_EEU,coal_adv_rccs,2080,1316.0,sv_2c_buffer_decoal
R12_FSU,coal_adv_rccs,2080,1316.0,sv_2c_buffer_decoal
R12_AFR,coal_adv_rccs,2090,1316.0,sv_2c_buffer_decoal
R12_LAM,coal_adv_rccs,2090,1316.0,sv_2c_buffer_decoal
R12_MEA,coal_adv_rccs,2090,1316.0,sv_2c_buffer_decoal
R12_NAM,coal_adv_rccs,2090,1316.0,sv_2c_buffer_decoal
R12_PAO,coal_adv_rccs,2090,1316.0,sv_2c_buffer_decoal
R12_WEU,coal_adv_rccs,2090,1316.0,sv_2c_buffer_decoal
R12_EEU,coal_adv_rccs,2090,1316.0,sv_2c_buffer_decoal
R12_FSU,coal_adv_rccs,2090,1316.0,sv_2c_buffer_decoal
R12_AFR,coal_adv_rccs,2100,1316.0,sv_2c_buffer_decoal
R12_LAM,coal_adv_rccs,2100,1316.0,sv_2c_buffer_decoal
R12_MEA,coal_adv_rccs,2100,1316.0,sv_2c_buffer_decoal
R12_NAM,coal_adv_rccs,2100,1316.0,sv_2c_buffer_decoal
R12_PAO,coal_adv_rccs,2100,1316.0,sv_2c_buffer_decoal
R12_WEU,coal_adv_rccs,2100,1316.0,sv_2c_buffer_decoal
R12_EEU,coal_adv_rccs,2100,1316.0,sv_2c_buffer_decoal
R12_FSU,coal_adv_rccs,2100,1316.0,sv_2c_buffer_decoal
R12_AFR,coal_adv_rccs,2110,1316.0,sv_2c_buffer_decoal
R12_LAM,coal_adv_rccs,2110,1316.0,sv_2c_buffer_decoal
R12_MEA,coal_adv_rccs,2110,1316.0,sv_2c_buffer_decoal
R12_NAM,coal_adv_rccs,2110,1316.0,sv_2c_buffer_decoal
R12_PAO,coal_adv_rccs,2110,1316.0,sv_2c_buffer_decoal
R12_WEU,coal_adv_rccs,2110,1316.0,sv_2c_buffer_decoal
R12_EEU,coal_adv_rccs,2110,1316.0,sv_2c_buffer_decoal
R12_FSU,coal_adv_rccs,2110,1316.0,sv_2c_buffer_decoal
R12_PAS,coal_adv_rccs,2020,1316.0,sv_2c_buffer_decoal
R12_SAS,coal_adv_rccs,2020,1316.0,sv_2c_buffer_decoal
R12_CHN,coal_adv_rccs,2020,1316.0,sv_2c_buffer_decoal
R12_RCPA,coal_adv_rccs,2020,1316.0,sv_2c_buffer_decoal
R12_PAS,coal_adv_rccs,2025,1316.0,sv_2c_buffer_decoal
R12_SAS,coal_adv_rccs,2025,1316.0,sv_2c_buffer_decoal
R12_CHN,coal_adv_rccs,2025,1316.0,sv_2c_buffer_decoal
R12_RCPA,coal_adv_rccs,2025,1316.0,sv_2c_buffer_decoal
R12_PAS,coal_adv_rccs,2030,1316.0,sv_2c_buffer_decoal
R12_SAS,coal_adv_rccs,2030,1316.0,sv_2c_buffer_decoal
R12_CHN,coal_adv_rccs,2030,1316.0,sv_2c_buffer_decoal
R12_RCPA,coal_adv_rccs,2030,1316.0,sv_2c_buffer_decoal
R12_PAS,coal_adv_rccs,2035,1316.0,sv_2c_buffer_decoal
R12_SAS,coal_adv_rccs,2035,1316.0,sv_2c_buffer_decoal
R12_CHN,coal_adv_rccs,2035,1316.0,sv_2c_buffer_decoal
R12_RCPA,coal_adv_rccs,2035,1316.0,sv_2c_buffer_decoal
R12_PAS,coal_adv_rccs,2040,1316.0,sv_2c_buffer_decoal
R12_SAS,coal_adv_rccs,2040,1316.0,sv_2c_buffer_decoal
R12_CHN,coal_adv_rccs,2040,1316.0,sv_2c_buffer_decoal
R12_RCPA,coal_adv_rccs,2040,1316.0,sv_2c_buffer_decoal
R12_PAS,coal_adv_rccs,2045,1316.0,sv_2c_buffer_decoal
R12_SAS,coal_adv_rccs,2045,1316.0,sv_2c_buffer_decoal
R12_CHN,coal_adv_rccs,2045,1316.0,sv_2c_buffer_decoal
R12_RCPA,coal_adv_rccs,2045,1316.0,sv_2c_buffer_decoal
R12_PAS,coal_adv_rccs,2050,1316.0,sv_2c_buffer_decoal
R12_SAS,coal_adv_rccs,2050,1316.0,sv_2c_buffer_decoal
R12_CHN,coal_adv_rccs,2050,1316.0,sv_2c_buffer_decoal
R12_RCPA,coal_adv_rccs,2050,1316.0,sv_2c_buffer_decoal
R12_PAS,coal_adv_rccs,2055,1316.0,sv_2c_buffer_decoal
R12_SAS,coal_adv_rccs,2055,1316.0,sv_2c_buffer_decoal
R12_CHN,coal_adv_rccs,2055,1316.0,sv_2c_buffer_decoal
R12_RCPA,coal_adv_rccs,2055,1316.0,sv_2c_buffer_decoal
R12_PAS,coal_adv_rccs,2060,1316.0,sv_2c_buffer_decoal
R12_SAS,coal_adv_rccs,2060,1316.0,sv_2c_buffer_decoal
R12_CHN,coal_adv_rccs,2060,1316.0,sv_2c_buffer_decoal
R12_RCPA,coal_adv_rccs,2060,1316.0,sv_2c_buffer_decoal
R12_PAS,coal_adv_rccs,2070,1316.0,sv_2c_buffer_decoal
R12_SAS,coal_adv_rccs,2070,1316.0,sv_2c_buffer_decoal
R12_CHN,coal_adv_rccs,2070,1316.0,sv_2c_buffer_decoal
R12_RCPA,coal_adv_rccs,2070,1316.0,sv_2c_buffer_decoal
R12_PAS,coal_adv_rccs,2080,1316.0,sv_2c_buffer_decoal
R12_SAS,coal_adv_rccs,2080,1316.0,sv_2c_buffer_decoal
R12_CHN,coal_adv_rccs,2080,1316.0,sv_2c_buffer_decoal
R12_RCPA,coal_adv_rccs,2080,1316.0,sv_2c_buffer_decoal
R12_PAS,coal_adv_rccs,2090,1316.0,sv_2c_buffer_decoal
R12_SAS,coal_adv_rccs,2090,1316.0,sv_2c_buffer_decoal
R12_CHN,coal_adv_rccs,2090,1316.0,sv_2c_buffer_decoal
R12_RCPA,coal_adv_rccs,2090,1316.0,sv_2c_buffer_decoal
R12_PAS,coal_adv_rccs,2100,1316.0,sv_2c_buffer_decoal
R12_SAS,coal_adv_rccs,2100,1316.0,sv_2c_buffer_decoal
R12_CHN,coal_adv_rccs,2100,1316.0,sv_2c_buffer_decoal
R12_RCPA,coal_adv_rccs,2100,1316.0,sv_2c_buffer_decoal
R12_PAS,coal_adv_rccs,2110,1316.0,sv_2c_buffer_decoal
R12_SAS,coal_adv_rccs,2110,1316.0,sv_2c_buffer_decoal
R12_CHN,coal_adv_rccs,2110,1316.0,sv_2c_buffer_decoal
R12_RCPA,coal_adv_rccs,2110,1316.0,sv_2c_buffer_decoal
