nl,t,yv,ya,m,ACT,CAP,inv_cost,sc
R12_CHN,coal_adv,1995,1995.0,M1,0.0,0.0,566.82,sv_2c
R12_CHN,coal_adv,1995,2000.0,M1,0.0,,566.82,sv_2c
R12_CHN,coal_adv,1995,2005.0,M1,0.0,,566.82,sv_2c
R12_CHN,coal_adv,1995,2010.0,M1,0.0,,566.82,sv_2c
R12_CHN,coal_adv,1995,2015.0,M1,0.0,,566.82,sv_2c
R12_CHN,coal_adv,1995,2020.0,M1,0.0,,566.82,sv_2c
R12_CHN,coal_adv,1995,2025.0,M1,0.0,,566.82,sv_2c
R12_CHN,coal_adv,2000,2000.0,M1,0.0,0.0,566.82,sv_2c
R12_CHN,coal_adv,2000,2005.0,M1,0.0,,566.82,sv_2c
R12_CHN,coal_adv,2000,2010.0,M1,0.0,,566.82,sv_2c
R12_CHN,coal_adv,2000,2015.0,M1,0.0,,566.82,sv_2c
R12_CHN,coal_adv,2000,2020.0,M1,0.0,,566.82,sv_2c
R12_CHN,coal_adv,2000,2025.0,M1,0.0,,566.82,sv_2c
R12_CHN,coal_adv,2005,2005.0,M1,0.0,0.0,566.82,sv_2c
R12_CHN,coal_adv,2005,2010.0,M1,0.0,,566.82,sv_2c
R12_CHN,coal_adv,2005,2015.0,M1,0.0,,566.82,sv_2c
R12_CHN,coal_adv,2005,2020.0,M1,0.0,,566.82,sv_2c
R12_CHN,coal_adv,2005,2025.0,M1,0.0,,566.82,sv_2c
R12_CHN,coal_adv,2005,2030.0,M1,5.0344,9.92,566.82,sv_2c
R12_CHN,coal_adv,2010,2010.0,M1,0.0,0.0,566.82,sv_2c
R12_CHN,coal_adv,2010,2015.0,M1,0.0,,566.82,sv_2c
R12_CHN,coal_adv,2010,2020.0,M1,0.0,,566.82,sv_2c
R12_CHN,coal_adv,2010,2025.0,M1,0.0,,566.82,sv_2c
R12_CHN,coal_adv,2010,2030.0,M1,54.875975,108.13000000000001,566.82,sv_2c
R12_CHN,coal_adv,2010,2035.0,M1,51.091425,108.13000000000001,566.82,sv_2c
R12_CHN,coal_adv,2015,2015.0,M1,0.0,0.0,566.82,sv_2c
R12_CHN,coal_adv,2015,2020.0,M1,0.0,,566.82,sv_2c
R12_CHN,coal_adv,2015,2025.0,M1,0.0,,566.82,sv_2c
R12_CHN,coal_adv,2015,2030.0,M1,45.69733,90.04400000000001,566.82,sv_2c
R12_CHN,coal_adv,2015,2035.0,M1,42.545790000000004,90.04400000000001,566.82,sv_2c
R12_CHN,coal_adv,2015,2040.0,M1,0.0,0.0,566.82,sv_2c
R12_CHN,coal_adv,2020,2020.0,M1,0.0,0.0,567.0000000000001,sv_2c
R12_CHN,coal_adv,2020,2025.0,M1,0.0,,567.0000000000001,sv_2c
R12_CHN,coal_adv,2020,2030.0,M1,21.959524999999996,43.269999999999996,567.0000000000001,sv_2c
R12_CHN,coal_adv,2020,2035.0,M1,20.445074999999996,43.269999999999996,567.0000000000001,sv_2c
R12_CHN,coal_adv,2020,2040.0,M1,0.0,0.0,567.0000000000001,sv_2c
R12_CHN,coal_adv,2020,2045.0,M1,0.0,0.0,567.0000000000001,sv_2c
R12_CHN,coal_adv,2025,2025.0,M1,0.0,0.0,567.0000000000001,sv_2c
R12_CHN,coal_adv,2025,2030.0,M1,133.3319225,262.723,567.0000000000001,sv_2c
R12_CHN,coal_adv,2025,2035.0,M1,124.1366175,262.723,567.0000000000001,sv_2c
R12_CHN,coal_adv,2025,2040.0,M1,207.92746697319077,244.62054938022445,567.0000000000001,sv_2c
R12_CHN,coal_adv,2025,2045.0,M1,128.52780359859074,151.2091807042244,567.0000000000001,sv_2c
R12_CHN,coal_adv,2025,2050.0,M1,59.91234447602686,70.4851111482669,567.0000000000001,sv_2c
R12_CHN,coal_adv,2030,2030.0,M1,0.0,0.0,599.6764468462759,sv_2c
R12_CHN,coal_adv,2030,2035.0,M1,0.0,0.0,599.6764468462759,sv_2c
R12_CHN,coal_adv,2030,2040.0,M1,0.0,0.0,599.6764468462759,sv_2c
R12_CHN,coal_adv,2030,2045.0,M1,0.0,0.0,599.6764468462759,sv_2c
R12_CHN,coal_adv,2030,2050.0,M1,0.0,0.0,599.6764468462759,sv_2c
R12_CHN,coal_adv,2030,2055.0,M1,0.0,0.0,599.6764468462759,sv_2c
R12_CHN,coal_adv,2035,2035.0,M1,0.0,0.0,625.5989237464436,sv_2c
R12_CHN,coal_adv,2035,2040.0,M1,0.0,0.0,625.5989237464436,sv_2c
R12_CHN,coal_adv,2035,2045.0,M1,0.0,0.0,625.5989237464436,sv_2c
R12_CHN,coal_adv,2035,2050.0,M1,0.0,0.0,625.5989237464436,sv_2c
R12_CHN,coal_adv,2035,2055.0,M1,0.0,0.0,625.5989237464436,sv_2c
R12_CHN,coal_adv,2035,2060.0,M1,0.0,0.0,625.5989237464436,sv_2c
R12_CHN,coal_adv,2040,2040.0,M1,0.0,0.0,638.800591695254,sv_2c
R12_CHN,coal_adv,2040,2045.0,M1,0.0,0.0,638.800591695254,sv_2c
R12_CHN,coal_adv,2040,2050.0,M1,0.0,0.0,638.800591695254,sv_2c
R12_CHN,coal_adv,2040,2055.0,M1,0.0,0.0,638.800591695254,sv_2c
R12_CHN,coal_adv,2040,2060.0,M1,0.0,0.0,638.800591695254,sv_2c
R12_CHN,coal_adv,2040,2070.0,M1,0.0,0.0,638.800591695254,sv_2c
R12_CHN,coal_adv,2045,2045.0,M1,0.0,0.0,654.8437837161323,sv_2c
R12_CHN,coal_adv,2045,2050.0,M1,0.0,0.0,654.8437837161323,sv_2c
R12_CHN,coal_adv,2045,2055.0,M1,0.0,0.0,654.8437837161323,sv_2c
R12_CHN,coal_adv,2045,2060.0,M1,0.0,0.0,654.8437837161323,sv_2c
R12_CHN,coal_adv,2045,2070.0,M1,0.0,0.0,654.8437837161323,sv_2c
R12_CHN,coal_adv,2050,2050.0,M1,0.0,0.0,674.4563938287969,sv_2c
R12_CHN,coal_adv,2050,2055.0,M1,0.0,0.0,674.4563938287969,sv_2c
R12_CHN,coal_adv,2050,2060.0,M1,0.0,0.0,674.4563938287969,sv_2c
R12_CHN,coal_adv,2050,2070.0,M1,0.0,0.0,674.4563938287969,sv_2c
R12_CHN,coal_adv,2050,2080.0,M1,0.0,0.0,674.4563938287969,sv_2c
R12_CHN,coal_adv,2055,2055.0,M1,0.0,0.0,694.2551951130628,sv_2c
R12_CHN,coal_adv,2055,2060.0,M1,0.0,0.0,694.2551951130628,sv_2c
R12_CHN,coal_adv,2055,2070.0,M1,0.0,0.0,694.2551951130628,sv_2c
R12_CHN,coal_adv,2055,2080.0,M1,0.0,0.0,694.2551951130628,sv_2c
R12_CHN,coal_adv,2060,2060.0,M1,0.0,0.0,719.3783251919585,sv_2c
R12_CHN,coal_adv,2060,2070.0,M1,0.0,0.0,719.3783251919585,sv_2c
R12_CHN,coal_adv,2060,2080.0,M1,0.0,0.0,719.3783251919585,sv_2c
R12_CHN,coal_adv,2060,2090.0,M1,0.0,0.0,719.3783251919585,sv_2c
R12_CHN,coal_adv,2070,2070.0,M1,0.0,0.0,773.5903031724201,sv_2c
R12_CHN,coal_adv,2070,2080.0,M1,0.0,0.0,773.5903031724201,sv_2c
R12_CHN,coal_adv,2070,2090.0,M1,0.0,0.0,773.5903031724201,sv_2c
R12_CHN,coal_adv,2080,2080.0,M1,0.0,0.0,816.0634620154908,sv_2c
R12_CHN,coal_adv,2080,2090.0,M1,0.0,0.0,816.0634620154908,sv_2c
R12_CHN,coal_adv,2080,2100.0,M1,0.0,0.0,816.0634620154908,sv_2c
R12_CHN,coal_adv,2090,2090.0,M1,0.0,0.0,852.2597836036772,sv_2c
R12_CHN,coal_adv,2090,2100.0,M1,0.0,0.0,852.2597836036772,sv_2c
R12_CHN,coal_adv,2090,2110.0,M1,0.0,0.0,852.2597836036772,sv_2c
R12_CHN,coal_adv,2100,2100.0,M1,0.0,0.0,882.4858720651135,sv_2c
R12_CHN,coal_adv,2100,2110.0,M1,0.0,0.0,882.4858720651135,sv_2c
R12_CHN,coal_adv,2110,2110.0,M1,0.0,0.0,882.4858720651135,sv_2c
R12_CHN,coal_adv_ccs,2030,2030.0,M1,0.0,0.0,2691.2971365009917,sv_2c
R12_CHN,coal_adv_ccs,2030,2035.0,M1,0.0,0.0,2691.2971365009917,sv_2c
R12_CHN,coal_adv_ccs,2030,2040.0,M1,0.0,0.0,2691.2971365009917,sv_2c
R12_CHN,coal_adv_ccs,2030,2045.0,M1,0.0,0.0,2691.2971365009917,sv_2c
R12_CHN,coal_adv_ccs,2030,2050.0,M1,0.0,0.0,2691.2971365009917,sv_2c
R12_CHN,coal_adv_ccs,2030,2055.0,M1,0.0,0.0,2691.2971365009917,sv_2c
R12_CHN,coal_adv_ccs,2035,2035.0,M1,0.0,0.0,2640.7240760694826,sv_2c
R12_CHN,coal_adv_ccs,2035,2040.0,M1,0.0,0.0,2640.7240760694826,sv_2c
R12_CHN,coal_adv_ccs,2035,2045.0,M1,0.0,0.0,2640.7240760694826,sv_2c
R12_CHN,coal_adv_ccs,2035,2050.0,M1,0.0,0.0,2640.7240760694826,sv_2c
R12_CHN,coal_adv_ccs,2035,2055.0,M1,0.0,0.0,2640.7240760694826,sv_2c
R12_CHN,coal_adv_ccs,2035,2060.0,M1,0.0,0.0,2640.7240760694826,sv_2c
R12_CHN,coal_adv_ccs,2040,2040.0,M1,0.0,0.0,2588.369106763621,sv_2c
R12_CHN,coal_adv_ccs,2040,2045.0,M1,0.0,0.0,2588.369106763621,sv_2c
R12_CHN,coal_adv_ccs,2040,2050.0,M1,0.0,0.0,2588.369106763621,sv_2c
R12_CHN,coal_adv_ccs,2040,2055.0,M1,0.0,0.0,2588.369106763621,sv_2c
R12_CHN,coal_adv_ccs,2040,2060.0,M1,0.0,0.0,2588.369106763621,sv_2c
R12_CHN,coal_adv_ccs,2040,2070.0,M1,0.0,0.0,2588.369106763621,sv_2c
R12_CHN,coal_adv_ccs,2045,2045.0,M1,0.0,0.0,2555.0564534482146,sv_2c
R12_CHN,coal_adv_ccs,2045,2050.0,M1,0.0,0.0,2555.0564534482146,sv_2c
R12_CHN,coal_adv_ccs,2045,2055.0,M1,0.0,0.0,2555.0564534482146,sv_2c
R12_CHN,coal_adv_ccs,2045,2060.0,M1,0.0,0.0,2555.0564534482146,sv_2c
R12_CHN,coal_adv_ccs,2045,2070.0,M1,0.0,0.0,2555.0564534482146,sv_2c
R12_CHN,coal_adv_ccs,2050,2050.0,M1,0.0,0.0,2539.0231166082663,sv_2c
R12_CHN,coal_adv_ccs,2050,2055.0,M1,0.0,0.0,2539.0231166082663,sv_2c
R12_CHN,coal_adv_ccs,2050,2060.0,M1,0.0,0.0,2539.0231166082663,sv_2c
R12_CHN,coal_adv_ccs,2050,2070.0,M1,0.0,0.0,2539.0231166082663,sv_2c
R12_CHN,coal_adv_ccs,2050,2080.0,M1,0.0,0.0,2539.0231166082663,sv_2c
R12_CHN,coal_adv_ccs,2055,2055.0,M1,0.0,0.0,2532.6254195078677,sv_2c
R12_CHN,coal_adv_ccs,2055,2060.0,M1,0.0,0.0,2532.6254195078677,sv_2c
R12_CHN,coal_adv_ccs,2055,2070.0,M1,0.0,0.0,2532.6254195078677,sv_2c
R12_CHN,coal_adv_ccs,2055,2080.0,M1,0.0,0.0,2532.6254195078677,sv_2c
R12_CHN,coal_adv_ccs,2060,2060.0,M1,0.0,0.0,2542.0744668446355,sv_2c
R12_CHN,coal_adv_ccs,2060,2070.0,M1,0.0,0.0,2542.0744668446355,sv_2c
R12_CHN,coal_adv_ccs,2060,2080.0,M1,0.0,0.0,2542.0744668446355,sv_2c
R12_CHN,coal_adv_ccs,2060,2090.0,M1,0.0,0.0,2542.0744668446355,sv_2c
R12_CHN,coal_adv_ccs,2070,2070.0,M1,0.0,0.0,2583.975325804082,sv_2c
R12_CHN,coal_adv_ccs,2070,2080.0,M1,0.0,0.0,2583.975325804082,sv_2c
R12_CHN,coal_adv_ccs,2070,2090.0,M1,0.0,0.0,2583.975325804082,sv_2c
R12_CHN,coal_adv_ccs,2080,2080.0,M1,0.0,0.0,2622.9728681667425,sv_2c
R12_CHN,coal_adv_ccs,2080,2090.0,M1,0.0,0.0,2622.9728681667425,sv_2c
R12_CHN,coal_adv_ccs,2080,2100.0,M1,0.0,0.0,2622.9728681667425,sv_2c
R12_CHN,coal_adv_ccs,2090,2090.0,M1,0.0,0.0,2662.0692277054027,sv_2c
R12_CHN,coal_adv_ccs,2090,2100.0,M1,0.0,0.0,2662.0692277054027,sv_2c
R12_CHN,coal_adv_ccs,2090,2110.0,M1,0.0,0.0,2662.0692277054027,sv_2c
R12_CHN,coal_adv_ccs,2100,2100.0,M1,0.0,0.0,2698.169125595051,sv_2c
R12_CHN,coal_adv_ccs,2100,2110.0,M1,0.0,0.0,2698.169125595051,sv_2c
R12_CHN,coal_adv_ccs,2110,2110.0,M1,0.0,0.0,2698.169125595051,sv_2c
R12_CHN,coal_ppl,1980,1980.0,M1,0.0,0.0,485.85,sv_2c
R12_CHN,coal_ppl,1980,1985.0,M1,0.0,,485.85,sv_2c
R12_CHN,coal_ppl,1980,1990.0,M1,0.0,,485.85,sv_2c
R12_CHN,coal_ppl,1980,1995.0,M1,0.0,,485.85,sv_2c
R12_CHN,coal_ppl,1980,2000.0,M1,0.0,,485.85,sv_2c
R12_CHN,coal_ppl,1980,2005.0,M1,0.0,,485.85,sv_2c
R12_CHN,coal_ppl,1980,2010.0,M1,0.0,,485.85,sv_2c
R12_CHN,coal_ppl,1980,2015.0,M1,0.0,,485.85,sv_2c
R12_CHN,coal_ppl,1980,2020.0,M1,0.0,,485.85,sv_2c
R12_CHN,coal_ppl,1980,2025.0,M1,0.0,,485.85,sv_2c
R12_CHN,coal_ppl,1985,1985.0,M1,0.0,0.0,485.85,sv_2c
R12_CHN,coal_ppl,1985,1990.0,M1,0.0,,485.85,sv_2c
R12_CHN,coal_ppl,1985,1995.0,M1,0.0,,485.85,sv_2c
R12_CHN,coal_ppl,1985,2000.0,M1,0.0,,485.85,sv_2c
R12_CHN,coal_ppl,1985,2005.0,M1,0.0,,485.85,sv_2c
R12_CHN,coal_ppl,1985,2010.0,M1,0.0,,485.85,sv_2c
R12_CHN,coal_ppl,1985,2015.0,M1,0.0,,485.85,sv_2c
R12_CHN,coal_ppl,1985,2020.0,M1,0.0,,485.85,sv_2c
R12_CHN,coal_ppl,1985,2025.0,M1,0.0,,485.85,sv_2c
R12_CHN,coal_ppl,1990,1990.0,M1,0.0,0.0,485.85,sv_2c
R12_CHN,coal_ppl,1990,1995.0,M1,0.0,,485.85,sv_2c
R12_CHN,coal_ppl,1990,2000.0,M1,0.0,,485.85,sv_2c
R12_CHN,coal_ppl,1990,2005.0,M1,0.0,,485.85,sv_2c
R12_CHN,coal_ppl,1990,2010.0,M1,0.0,,485.85,sv_2c
R12_CHN,coal_ppl,1990,2015.0,M1,0.0,,485.85,sv_2c
R12_CHN,coal_ppl,1990,2020.0,M1,0.0,,485.85,sv_2c
R12_CHN,coal_ppl,1990,2025.0,M1,0.0,,485.85,sv_2c
R12_CHN,coal_ppl,1990,2030.0,M1,0.0,0.0,485.85,sv_2c
R12_CHN,coal_ppl,1995,1995.0,M1,0.0,0.0,485.85,sv_2c
R12_CHN,coal_ppl,1995,2000.0,M1,0.0,,485.85,sv_2c
R12_CHN,coal_ppl,1995,2005.0,M1,0.0,,485.85,sv_2c
R12_CHN,coal_ppl,1995,2010.0,M1,0.0,,485.85,sv_2c
R12_CHN,coal_ppl,1995,2015.0,M1,0.0,,485.85,sv_2c
R12_CHN,coal_ppl,1995,2020.0,M1,0.0,,485.85,sv_2c
R12_CHN,coal_ppl,1995,2025.0,M1,0.0,,485.85,sv_2c
R12_CHN,coal_ppl,1995,2030.0,M1,0.0,0.0,485.85,sv_2c
R12_CHN,coal_ppl,2000,2000.0,M1,0.0,0.0,485.85,sv_2c
R12_CHN,coal_ppl,2000,2005.0,M1,0.0,,485.85,sv_2c
R12_CHN,coal_ppl,2000,2010.0,M1,0.0,,485.85,sv_2c
R12_CHN,coal_ppl,2000,2015.0,M1,0.0,,485.85,sv_2c
R12_CHN,coal_ppl,2000,2020.0,M1,0.0,,485.85,sv_2c
R12_CHN,coal_ppl,2000,2025.0,M1,0.0,,485.85,sv_2c
R12_CHN,coal_ppl,2000,2030.0,M1,0.0,0.0,485.85,sv_2c
R12_CHN,coal_ppl,2000,2035.0,M1,0.0,0.0,485.85,sv_2c
R12_CHN,coal_ppl,2005,2005.0,M1,0.0,0.0,485.85,sv_2c
R12_CHN,coal_ppl,2005,2010.0,M1,0.0,,485.85,sv_2c
R12_CHN,coal_ppl,2005,2015.0,M1,0.0,,485.85,sv_2c
R12_CHN,coal_ppl,2005,2020.0,M1,0.0,,485.85,sv_2c
R12_CHN,coal_ppl,2005,2025.0,M1,0.0,,485.85,sv_2c
R12_CHN,coal_ppl,2005,2030.0,M1,0.0,0.0,485.85,sv_2c
R12_CHN,coal_ppl,2005,2035.0,M1,0.0,0.0,485.85,sv_2c
R12_CHN,coal_ppl,2010,2010.0,M1,0.0,0.0,485.85,sv_2c
R12_CHN,coal_ppl,2010,2015.0,M1,0.0,,485.85,sv_2c
R12_CHN,coal_ppl,2010,2020.0,M1,0.0,,485.85,sv_2c
R12_CHN,coal_ppl,2010,2025.0,M1,0.0,,485.85,sv_2c
R12_CHN,coal_ppl,2010,2030.0,M1,0.0,0.0,485.85,sv_2c
R12_CHN,coal_ppl,2010,2035.0,M1,0.0,0.0,485.85,sv_2c
R12_CHN,coal_ppl,2010,2040.0,M1,0.0,0.0,485.85,sv_2c
R12_CHN,coal_ppl,2015,2015.0,M1,0.0,0.0,485.85,sv_2c
R12_CHN,coal_ppl,2015,2020.0,M1,0.0,,485.85,sv_2c
R12_CHN,coal_ppl,2015,2025.0,M1,0.0,,485.85,sv_2c
R12_CHN,coal_ppl,2015,2030.0,M1,0.0,0.0,485.85,sv_2c
R12_CHN,coal_ppl,2015,2035.0,M1,0.0,0.0,485.85,sv_2c
R12_CHN,coal_ppl,2015,2040.0,M1,0.0,0.0,485.85,sv_2c
R12_CHN,coal_ppl,2020,2020.0,M1,0.0,0.0,486.00000000000006,sv_2c
R12_CHN,coal_ppl,2020,2025.0,M1,0.0,,486.00000000000006,sv_2c
R12_CHN,coal_ppl,2020,2030.0,M1,36.858520999999996,71.884,486.00000000000006,sv_2c
R12_CHN,coal_ppl,2020,2035.0,M1,34.126929000000004,71.884,486.00000000000006,sv_2c
R12_CHN,coal_ppl,2020,2040.0,M1,0.0,71.884,486.00000000000006,sv_2c
R12_CHN,coal_ppl,2020,2045.0,M1,0.0,0.0,486.00000000000006,sv_2c
R12_CHN,coal_ppl,2025,2025.0,M1,0.0,0.0,486.00000000000006,sv_2c
R12_CHN,coal_ppl,2025,2030.0,M1,35.576646,69.384,486.00000000000006,sv_2c
R12_CHN,coal_ppl,2025,2035.0,M1,0.0,7.424684038690101,486.00000000000006,sv_2c
R12_CHN,coal_ppl,2025,2040.0,M1,0.0,7.424684038690101,486.00000000000006,sv_2c
R12_CHN,coal_ppl,2025,2045.0,M1,0.3407314591208567,7.424684038690101,486.00000000000006,sv_2c
R12_CHN,coal_ppl,2025,2050.0,M1,0.0,0.0,486.00000000000006,sv_2c
R12_CHN,coal_ppl,2030,2030.0,M1,34.294771,66.884,527.6652318238936,sv_2c
R12_CHN,coal_ppl,2030,2035.0,M1,0.0,4.621572827875168,527.6652318238936,sv_2c
R12_CHN,coal_ppl,2030,2040.0,M1,0.0,4.621572827875168,527.6652318238936,sv_2c
R12_CHN,coal_ppl,2030,2045.0,M1,0.0,4.621572827875168,527.6652318238936,sv_2c
R12_CHN,coal_ppl,2030,2050.0,M1,3.9283369036938924,4.621572827875168,527.6652318238936,sv_2c
R12_CHN,coal_ppl,2030,2055.0,M1,3.9283369036938924,4.621572827875168,527.6652318238936,sv_2c
R12_CHN,coal_ppl,2035,2035.0,M1,7.012968320388545,64.384,562.7473980757577,sv_2c
R12_CHN,coal_ppl,2035,2040.0,M1,0.0,0.0,562.7473980757577,sv_2c
R12_CHN,coal_ppl,2035,2045.0,M1,0.0,0.0,562.7473980757577,sv_2c
R12_CHN,coal_ppl,2035,2050.0,M1,0.0,0.0,562.7473980757577,sv_2c
R12_CHN,coal_ppl,2035,2055.0,M1,0.0,0.0,562.7473980757577,sv_2c
R12_CHN,coal_ppl,2035,2060.0,M1,0.0,0.0,562.7473980757577,sv_2c
R12_CHN,coal_ppl,2040,2040.0,M1,0.0,61.884,585.2141988565324,sv_2c
R12_CHN,coal_ppl,2040,2045.0,M1,0.0,0.0,585.2141988565324,sv_2c
R12_CHN,coal_ppl,2040,2050.0,M1,0.0,0.0,585.2141988565324,sv_2c
R12_CHN,coal_ppl,2040,2055.0,M1,0.0,0.0,585.2141988565324,sv_2c
R12_CHN,coal_ppl,2040,2060.0,M1,0.0,0.0,585.2141988565324,sv_2c
R12_CHN,coal_ppl,2040,2070.0,M1,0.0,0.0,585.2141988565324,sv_2c
R12_CHN,coal_ppl,2045,2045.0,M1,0.0,0.0,608.9300182286962,sv_2c
R12_CHN,coal_ppl,2045,2050.0,M1,0.0,0.0,608.9300182286962,sv_2c
R12_CHN,coal_ppl,2045,2055.0,M1,0.0,0.0,608.9300182286962,sv_2c
R12_CHN,coal_ppl,2045,2060.0,M1,0.0,0.0,608.9300182286962,sv_2c
R12_CHN,coal_ppl,2045,2070.0,M1,0.0,0.0,608.9300182286962,sv_2c
R12_CHN,coal_ppl,2050,2050.0,M1,0.0,0.0,634.761896649998,sv_2c
R12_CHN,coal_ppl,2050,2055.0,M1,0.0,0.0,634.761896649998,sv_2c
R12_CHN,coal_ppl,2050,2060.0,M1,0.0,0.0,634.761896649998,sv_2c
R12_CHN,coal_ppl,2050,2070.0,M1,0.0,0.0,634.761896649998,sv_2c
R12_CHN,coal_ppl,2050,2080.0,M1,0.0,0.0,634.761896649998,sv_2c
R12_CHN,coal_ppl,2055,2055.0,M1,0.0,0.0,659.6960810514456,sv_2c
R12_CHN,coal_ppl,2055,2060.0,M1,0.0,0.0,659.6960810514456,sv_2c
R12_CHN,coal_ppl,2055,2070.0,M1,0.0,0.0,659.6960810514456,sv_2c
R12_CHN,coal_ppl,2055,2080.0,M1,0.0,0.0,659.6960810514456,sv_2c
R12_CHN,coal_ppl,2060,2060.0,M1,0.0,0.0,688.762303549878,sv_2c
R12_CHN,coal_ppl,2060,2070.0,M1,0.0,0.0,688.762303549878,sv_2c
R12_CHN,coal_ppl,2060,2080.0,M1,0.0,0.0,688.762303549878,sv_2c
R12_CHN,coal_ppl,2060,2090.0,M1,0.0,0.0,688.762303549878,sv_2c
R12_CHN,coal_ppl,2070,2070.0,M1,0.0,0.0,748.4685239191364,sv_2c
R12_CHN,coal_ppl,2070,2080.0,M1,0.0,0.0,748.4685239191364,sv_2c
R12_CHN,coal_ppl,2070,2090.0,M1,0.0,0.0,748.4685239191364,sv_2c
R12_CHN,coal_ppl,2080,2080.0,M1,0.0,0.0,794.4323550071263,sv_2c
R12_CHN,coal_ppl,2080,2090.0,M1,0.0,0.0,794.4323550071263,sv_2c
R12_CHN,coal_ppl,2080,2100.0,M1,0.0,0.0,794.4323550071263,sv_2c
R12_CHN,coal_ppl,2090,2090.0,M1,0.0,0.0,832.5475393517307,sv_2c
R12_CHN,coal_ppl,2090,2100.0,M1,0.0,0.0,832.5475393517307,sv_2c
R12_CHN,coal_ppl,2090,2110.0,M1,0.0,0.0,832.5475393517307,sv_2c
R12_CHN,coal_ppl,2100,2100.0,M1,0.0,0.0,863.6758082885558,sv_2c
R12_CHN,coal_ppl,2100,2110.0,M1,0.0,0.0,863.6758082885558,sv_2c
R12_CHN,coal_ppl,2110,2110.0,M1,0.0,0.0,863.6758082885558,sv_2c
R12_CHN,coal_ppl_u,1960,1960.0,M1,0.0,0.0,338.58,sv_2c
R12_CHN,coal_ppl_u,1960,1965.0,M1,0.0,,338.58,sv_2c
R12_CHN,coal_ppl_u,1960,1970.0,M1,0.0,,338.58,sv_2c
R12_CHN,coal_ppl_u,1960,1975.0,M1,0.0,,338.58,sv_2c
R12_CHN,coal_ppl_u,1960,1980.0,M1,0.0,,338.58,sv_2c
R12_CHN,coal_ppl_u,1960,1985.0,M1,0.0,,338.58,sv_2c
R12_CHN,coal_ppl_u,1960,1990.0,M1,0.0,,338.58,sv_2c
R12_CHN,coal_ppl_u,1960,1995.0,M1,0.0,,338.58,sv_2c
R12_CHN,coal_ppl_u,1960,2000.0,M1,0.0,,338.58,sv_2c
R12_CHN,coal_ppl_u,1960,2005.0,M1,0.0,,338.58,sv_2c
R12_CHN,coal_ppl_u,1960,2010.0,M1,0.0,,338.58,sv_2c
R12_CHN,coal_ppl_u,1960,2015.0,M1,0.0,,338.58,sv_2c
R12_CHN,coal_ppl_u,1960,2020.0,M1,0.0,,338.58,sv_2c
R12_CHN,coal_ppl_u,1960,2025.0,M1,0.0,,338.58,sv_2c
R12_CHN,coal_ppl_u,1965,1965.0,M1,0.0,0.0,338.58,sv_2c
R12_CHN,coal_ppl_u,1965,1970.0,M1,0.0,,338.58,sv_2c
R12_CHN,coal_ppl_u,1965,1975.0,M1,0.0,,338.58,sv_2c
R12_CHN,coal_ppl_u,1965,1980.0,M1,0.0,,338.58,sv_2c
R12_CHN,coal_ppl_u,1965,1985.0,M1,0.0,,338.58,sv_2c
R12_CHN,coal_ppl_u,1965,1990.0,M1,0.0,,338.58,sv_2c
R12_CHN,coal_ppl_u,1965,1995.0,M1,0.0,,338.58,sv_2c
R12_CHN,coal_ppl_u,1965,2000.0,M1,0.0,,338.58,sv_2c
R12_CHN,coal_ppl_u,1965,2005.0,M1,0.0,,338.58,sv_2c
R12_CHN,coal_ppl_u,1965,2010.0,M1,0.0,,338.58,sv_2c
R12_CHN,coal_ppl_u,1965,2015.0,M1,0.0,,338.58,sv_2c
R12_CHN,coal_ppl_u,1965,2020.0,M1,0.0,,338.58,sv_2c
R12_CHN,coal_ppl_u,1965,2025.0,M1,0.0,,338.58,sv_2c
R12_CHN,coal_ppl_u,1970,1970.0,M1,0.0,0.0,338.58,sv_2c
R12_CHN,coal_ppl_u,1970,1975.0,M1,0.0,,338.58,sv_2c
R12_CHN,coal_ppl_u,1970,1980.0,M1,0.0,,338.58,sv_2c
R12_CHN,coal_ppl_u,1970,1985.0,M1,0.0,,338.58,sv_2c
R12_CHN,coal_ppl_u,1970,1990.0,M1,0.0,,338.58,sv_2c
R12_CHN,coal_ppl_u,1970,1995.0,M1,0.0,,338.58,sv_2c
R12_CHN,coal_ppl_u,1970,2000.0,M1,0.0,,338.58,sv_2c
R12_CHN,coal_ppl_u,1970,2005.0,M1,0.0,,338.58,sv_2c
R12_CHN,coal_ppl_u,1970,2010.0,M1,0.0,,338.58,sv_2c
R12_CHN,coal_ppl_u,1970,2015.0,M1,0.0,,338.58,sv_2c
R12_CHN,coal_ppl_u,1970,2020.0,M1,0.0,,338.58,sv_2c
R12_CHN,coal_ppl_u,1970,2025.0,M1,0.0,,338.58,sv_2c
R12_CHN,coal_ppl_u,1970,2030.0,M1,0.0,0.0,338.58,sv_2c
R12_CHN,coal_ppl_u,1975,1975.0,M1,0.0,0.0,338.58,sv_2c
R12_CHN,coal_ppl_u,1975,1980.0,M1,0.0,,338.58,sv_2c
R12_CHN,coal_ppl_u,1975,1985.0,M1,0.0,,338.58,sv_2c
R12_CHN,coal_ppl_u,1975,1990.0,M1,0.0,,338.58,sv_2c
R12_CHN,coal_ppl_u,1975,1995.0,M1,0.0,,338.58,sv_2c
R12_CHN,coal_ppl_u,1975,2000.0,M1,0.0,,338.58,sv_2c
R12_CHN,coal_ppl_u,1975,2005.0,M1,0.0,,338.58,sv_2c
R12_CHN,coal_ppl_u,1975,2010.0,M1,0.0,,338.58,sv_2c
R12_CHN,coal_ppl_u,1975,2015.0,M1,0.0,,338.58,sv_2c
R12_CHN,coal_ppl_u,1975,2020.0,M1,0.0,,338.58,sv_2c
R12_CHN,coal_ppl_u,1975,2025.0,M1,0.0,,338.58,sv_2c
R12_CHN,coal_ppl_u,1975,2030.0,M1,0.0,0.0,338.58,sv_2c
R12_CHN,coal_ppl_u,1980,1980.0,M1,0.0,0.0,338.58,sv_2c
R12_CHN,coal_ppl_u,1980,1985.0,M1,0.0,,338.58,sv_2c
R12_CHN,coal_ppl_u,1980,1990.0,M1,0.0,,338.58,sv_2c
R12_CHN,coal_ppl_u,1980,1995.0,M1,0.0,,338.58,sv_2c
R12_CHN,coal_ppl_u,1980,2000.0,M1,0.0,,338.58,sv_2c
R12_CHN,coal_ppl_u,1980,2005.0,M1,0.0,,338.58,sv_2c
R12_CHN,coal_ppl_u,1980,2010.0,M1,0.0,,338.58,sv_2c
R12_CHN,coal_ppl_u,1980,2015.0,M1,0.0,,338.58,sv_2c
R12_CHN,coal_ppl_u,1980,2020.0,M1,0.0,,338.58,sv_2c
R12_CHN,coal_ppl_u,1980,2025.0,M1,0.0,,338.58,sv_2c
R12_CHN,coal_ppl_u,1980,2030.0,M1,0.0,0.0,338.58,sv_2c
R12_CHN,coal_ppl_u,1980,2035.0,M1,0.0,0.0,338.58,sv_2c
R12_CHN,coal_ppl_u,1985,1985.0,M1,0.0,0.0,338.58,sv_2c
R12_CHN,coal_ppl_u,1985,1990.0,M1,0.0,,338.58,sv_2c
R12_CHN,coal_ppl_u,1985,1995.0,M1,0.0,,338.58,sv_2c
R12_CHN,coal_ppl_u,1985,2000.0,M1,0.0,,338.58,sv_2c
R12_CHN,coal_ppl_u,1985,2005.0,M1,0.0,,338.58,sv_2c
R12_CHN,coal_ppl_u,1985,2010.0,M1,0.0,,338.58,sv_2c
R12_CHN,coal_ppl_u,1985,2015.0,M1,0.0,,338.58,sv_2c
R12_CHN,coal_ppl_u,1985,2020.0,M1,0.0,,338.58,sv_2c
R12_CHN,coal_ppl_u,1985,2025.0,M1,0.0,,338.58,sv_2c
R12_CHN,coal_ppl_u,1985,2030.0,M1,0.0,0.0,338.58,sv_2c
R12_CHN,coal_ppl_u,1985,2035.0,M1,0.0,0.0,338.58,sv_2c
R12_CHN,coal_ppl_u,1990,1990.0,M1,0.0,0.0,338.58,sv_2c
R12_CHN,coal_ppl_u,1990,1995.0,M1,0.0,,338.58,sv_2c
R12_CHN,coal_ppl_u,1990,2000.0,M1,0.0,,338.58,sv_2c
R12_CHN,coal_ppl_u,1990,2005.0,M1,0.0,,338.58,sv_2c
R12_CHN,coal_ppl_u,1990,2010.0,M1,0.0,,338.58,sv_2c
R12_CHN,coal_ppl_u,1990,2015.0,M1,0.0,,338.58,sv_2c
R12_CHN,coal_ppl_u,1990,2020.0,M1,0.0,,338.58,sv_2c
R12_CHN,coal_ppl_u,1990,2025.0,M1,0.0,,338.58,sv_2c
R12_CHN,coal_ppl_u,1990,2030.0,M1,0.0,0.0,338.58,sv_2c
R12_CHN,coal_ppl_u,1990,2035.0,M1,0.0,0.0,338.58,sv_2c
R12_CHN,coal_ppl_u,1990,2040.0,M1,0.0,0.0,338.58,sv_2c
R12_CHN,coal_ppl_u,1995,1995.0,M1,0.0,0.0,338.58,sv_2c
R12_CHN,coal_ppl_u,1995,2000.0,M1,0.0,,338.58,sv_2c
R12_CHN,coal_ppl_u,1995,2005.0,M1,0.0,,338.58,sv_2c
R12_CHN,coal_ppl_u,1995,2010.0,M1,0.0,,338.58,sv_2c
R12_CHN,coal_ppl_u,1995,2015.0,M1,0.0,,338.58,sv_2c
R12_CHN,coal_ppl_u,1995,2020.0,M1,0.0,,338.58,sv_2c
R12_CHN,coal_ppl_u,1995,2025.0,M1,0.0,,338.58,sv_2c
R12_CHN,coal_ppl_u,1995,2030.0,M1,12.5521288725,29.46855,338.58,sv_2c
R12_CHN,coal_ppl_u,1995,2035.0,M1,0.0,0.0,338.58,sv_2c
R12_CHN,coal_ppl_u,1995,2040.0,M1,0.0,0.0,338.58,sv_2c
R12_CHN,coal_ppl_u,2000,2000.0,M1,0.0,0.0,338.58,sv_2c
R12_CHN,coal_ppl_u,2000,2005.0,M1,0.0,,338.58,sv_2c
R12_CHN,coal_ppl_u,2000,2010.0,M1,0.0,,338.58,sv_2c
R12_CHN,coal_ppl_u,2000,2015.0,M1,0.0,,338.58,sv_2c
R12_CHN,coal_ppl_u,2000,2020.0,M1,0.0,,338.58,sv_2c
R12_CHN,coal_ppl_u,2000,2025.0,M1,0.0,,338.58,sv_2c
R12_CHN,coal_ppl_u,2000,2030.0,M1,0.0,0.0,338.58,sv_2c
R12_CHN,coal_ppl_u,2000,2035.0,M1,0.0,0.0,338.58,sv_2c
R12_CHN,coal_ppl_u,2000,2040.0,M1,0.0,0.0,338.58,sv_2c
R12_CHN,coal_ppl_u,2000,2045.0,M1,0.0,0.0,338.58,sv_2c
R12_CHN,coal_ppl_u,2005,2005.0,M1,0.0,0.0,338.58,sv_2c
R12_CHN,coal_ppl_u,2005,2010.0,M1,0.0,,338.58,sv_2c
R12_CHN,coal_ppl_u,2005,2015.0,M1,0.0,,338.58,sv_2c
R12_CHN,coal_ppl_u,2005,2020.0,M1,0.0,,338.58,sv_2c
R12_CHN,coal_ppl_u,2005,2025.0,M1,0.0,,338.58,sv_2c
R12_CHN,coal_ppl_u,2005,2030.0,M1,27.803204730000004,65.27340000000001,338.58,sv_2c
R12_CHN,coal_ppl_u,2005,2035.0,M1,0.0,0.0,338.58,sv_2c
R12_CHN,coal_ppl_u,2005,2040.0,M1,0.0,0.0,338.58,sv_2c
R12_CHN,coal_ppl_u,2005,2045.0,M1,0.0,0.0,338.58,sv_2c
R12_CHN,coal_ppl_u,2010,2010.0,M1,0.0,0.0,338.58,sv_2c
R12_CHN,coal_ppl_u,2010,2015.0,M1,0.0,,338.58,sv_2c
R12_CHN,coal_ppl_u,2010,2020.0,M1,0.0,,338.58,sv_2c
R12_CHN,coal_ppl_u,2010,2025.0,M1,0.0,,338.58,sv_2c
R12_CHN,coal_ppl_u,2010,2030.0,M1,9.461753546005397,22.213296269527874,338.58,sv_2c
R12_CHN,coal_ppl_u,2010,2035.0,M1,0.0,0.0,338.58,sv_2c
R12_CHN,coal_ppl_u,2010,2040.0,M1,0.0,0.0,338.58,sv_2c
R12_CHN,coal_ppl_u,2010,2045.0,M1,0.0,0.0,338.58,sv_2c
R12_CHN,coal_ppl_u,2010,2050.0,M1,0.0,0.0,338.58,sv_2c
R12_CHN,coal_ppl_u,2015,2015.0,M1,0.0,0.0,338.58,sv_2c
R12_CHN,coal_ppl_u,2015,2020.0,M1,0.0,,338.58,sv_2c
R12_CHN,coal_ppl_u,2015,2025.0,M1,0.0,,338.58,sv_2c
R12_CHN,coal_ppl_u,2015,2030.0,M1,0.0,0.0,338.58,sv_2c
R12_CHN,coal_ppl_u,2015,2035.0,M1,0.0,0.0,338.58,sv_2c
R12_CHN,coal_ppl_u,2015,2040.0,M1,0.0,0.0,338.58,sv_2c
R12_CHN,coal_ppl_u,2015,2045.0,M1,0.0,0.0,338.58,sv_2c
R12_CHN,coal_ppl_u,2020,2020.0,M1,0.0,0.0,338.6666666666667,sv_2c
R12_CHN,coal_ppl_u,2020,2025.0,M1,0.0,,338.6666666666667,sv_2c
R12_CHN,coal_ppl_u,2020,2030.0,M1,3.4582880499999997,8.119,338.6666666666667,sv_2c
R12_CHN,coal_ppl_u,2020,2035.0,M1,0.0,8.119,338.6666666666667,sv_2c
R12_CHN,coal_ppl_u,2020,2040.0,M1,0.0,8.119,338.6666666666667,sv_2c
R12_CHN,coal_ppl_u,2020,2045.0,M1,0.0,8.119,338.6666666666667,sv_2c
R12_CHN,gas_cc,1980,1980.0,M1,0.0,,,sv_2c
R12_CHN,gas_cc,1980,1985.0,M1,0.0,,,sv_2c
R12_CHN,gas_cc,1980,1990.0,M1,0.0,,,sv_2c
R12_CHN,gas_cc,1980,1995.0,M1,0.0,,,sv_2c
R12_CHN,gas_cc,1980,2000.0,M1,0.0,,,sv_2c
R12_CHN,gas_cc,1980,2005.0,M1,0.0,,,sv_2c
R12_CHN,gas_cc,1980,2010.0,M1,0.0,,,sv_2c
R12_CHN,gas_cc,1980,2015.0,M1,0.0,,,sv_2c
R12_CHN,gas_cc,1980,2020.0,M1,0.0,,,sv_2c
R12_CHN,gas_cc,1980,2025.0,M1,0.0,,,sv_2c
R12_CHN,gas_cc,1985,1985.0,M1,0.0,,,sv_2c
R12_CHN,gas_cc,1985,1990.0,M1,0.0,,,sv_2c
R12_CHN,gas_cc,1985,1995.0,M1,0.0,,,sv_2c
R12_CHN,gas_cc,1985,2000.0,M1,0.0,,,sv_2c
R12_CHN,gas_cc,1985,2005.0,M1,0.0,,,sv_2c
R12_CHN,gas_cc,1985,2010.0,M1,0.0,,,sv_2c
R12_CHN,gas_cc,1985,2015.0,M1,0.0,,,sv_2c
R12_CHN,gas_cc,1985,2020.0,M1,0.0,,,sv_2c
R12_CHN,gas_cc,1985,2025.0,M1,0.0,,,sv_2c
R12_CHN,gas_cc,1990,1990.0,M1,0.0,,,sv_2c
R12_CHN,gas_cc,1990,1995.0,M1,0.0,,,sv_2c
R12_CHN,gas_cc,1990,2000.0,M1,0.0,,,sv_2c
R12_CHN,gas_cc,1990,2005.0,M1,0.0,,,sv_2c
R12_CHN,gas_cc,1990,2010.0,M1,0.0,,,sv_2c
R12_CHN,gas_cc,1990,2015.0,M1,0.0,,,sv_2c
R12_CHN,gas_cc,1990,2020.0,M1,0.0,,,sv_2c
R12_CHN,gas_cc,1990,2025.0,M1,0.0,,,sv_2c
R12_CHN,gas_cc,1990,2030.0,M1,0.21856937499999998,,,sv_2c
R12_CHN,gas_cc,1995,1995.0,M1,0.0,,,sv_2c
R12_CHN,gas_cc,1995,2000.0,M1,0.0,,,sv_2c
R12_CHN,gas_cc,1995,2005.0,M1,0.0,,,sv_2c
R12_CHN,gas_cc,1995,2010.0,M1,0.0,,,sv_2c
R12_CHN,gas_cc,1995,2015.0,M1,0.0,,,sv_2c
R12_CHN,gas_cc,1995,2020.0,M1,0.0,,,sv_2c
R12_CHN,gas_cc,1995,2025.0,M1,0.0,,,sv_2c
R12_CHN,gas_cc,1995,2030.0,M1,0.5172875,,,sv_2c
R12_CHN,gas_cc,2000,2000.0,M1,0.0,,,sv_2c
R12_CHN,gas_cc,2000,2005.0,M1,0.0,,,sv_2c
R12_CHN,gas_cc,2000,2010.0,M1,0.0,,,sv_2c
R12_CHN,gas_cc,2000,2015.0,M1,0.0,,,sv_2c
R12_CHN,gas_cc,2000,2020.0,M1,0.0,,,sv_2c
R12_CHN,gas_cc,2000,2025.0,M1,0.0,,,sv_2c
R12_CHN,gas_cc,2000,2030.0,M1,2.2257499999999997,,,sv_2c
R12_CHN,gas_cc,2000,2035.0,M1,2.4176249999999997,,,sv_2c
R12_CHN,gas_cc,2005,2005.0,M1,0.0,,,sv_2c
R12_CHN,gas_cc,2005,2010.0,M1,0.0,,,sv_2c
R12_CHN,gas_cc,2005,2015.0,M1,0.0,,,sv_2c
R12_CHN,gas_cc,2005,2020.0,M1,0.0,,,sv_2c
R12_CHN,gas_cc,2005,2025.0,M1,0.0,,,sv_2c
R12_CHN,gas_cc,2005,2030.0,M1,4.3580475000000005,,,sv_2c
R12_CHN,gas_cc,2005,2035.0,M1,4.7337412500000005,,,sv_2c
R12_CHN,gas_cc,2010,2010.0,M1,0.0,,,sv_2c
R12_CHN,gas_cc,2010,2015.0,M1,0.0,,,sv_2c
R12_CHN,gas_cc,2010,2020.0,M1,0.0,,,sv_2c
R12_CHN,gas_cc,2010,2025.0,M1,0.0,,,sv_2c
R12_CHN,gas_cc,2010,2030.0,M1,17.574942500000002,,,sv_2c
R12_CHN,gas_cc,2010,2035.0,M1,19.09002375,,,sv_2c
R12_CHN,gas_cc,2010,2040.0,M1,20.605105000000002,,,sv_2c
R12_CHN,gas_cc,2015,2015.0,M1,0.0,,,sv_2c
R12_CHN,gas_cc,2015,2020.0,M1,0.0,,,sv_2c
R12_CHN,gas_cc,2015,2025.0,M1,0.0,,,sv_2c
R12_CHN,gas_cc,2015,2030.0,M1,23.629925,,,sv_2c
R12_CHN,gas_cc,2015,2035.0,M1,25.6669875,,,sv_2c
R12_CHN,gas_cc,2015,2040.0,M1,27.704050000000002,,,sv_2c
R12_CHN,gas_cc,2020,2020.0,M1,0.0,,,sv_2c
R12_CHN,gas_cc,2020,2025.0,M1,0.0,,,sv_2c
R12_CHN,gas_cc,2020,2030.0,M1,15.090875,,,sv_2c
R12_CHN,gas_cc,2020,2035.0,M1,16.3918125,,,sv_2c
R12_CHN,gas_cc,2020,2040.0,M1,17.69275,,,sv_2c
R12_CHN,gas_cc,2020,2045.0,M1,17.69275,,,sv_2c
R12_CHN,gas_cc,2025,2025.0,M1,0.0,,,sv_2c
R12_CHN,gas_cc,2025,2030.0,M1,17.833313184348874,,,sv_2c
R12_CHN,gas_cc,2025,2035.0,M1,19.370667769206538,,,sv_2c
R12_CHN,gas_cc,2025,2040.0,M1,20.908022354064197,,,sv_2c
R12_CHN,gas_cc,2025,2045.0,M1,20.908022354064197,,,sv_2c
R12_CHN,gas_cc,2025,2050.0,M1,0.0,,,sv_2c
R12_CHN,gas_cc,2030,2030.0,M1,28.371944557988016,,,sv_2c
R12_CHN,gas_cc,2030,2035.0,M1,30.817801847469738,,,sv_2c
R12_CHN,gas_cc,2030,2040.0,M1,33.26365913695147,,,sv_2c
R12_CHN,gas_cc,2030,2045.0,M1,33.26365913695147,,,sv_2c
R12_CHN,gas_cc,2030,2050.0,M1,8.955769337483881,,,sv_2c
R12_CHN,gas_cc,2030,2055.0,M1,33.26365913695147,,,sv_2c
R12_CHN,gas_cc,2035,2035.0,M1,44.0881676094363,,,sv_2c
R12_CHN,gas_cc,2035,2040.0,M1,47.587228530820134,,,sv_2c
R12_CHN,gas_cc,2035,2045.0,M1,47.587228530820134,,,sv_2c
R12_CHN,gas_cc,2035,2050.0,M1,47.587228530820134,,,sv_2c
R12_CHN,gas_cc,2035,2055.0,M1,47.587228530820134,,,sv_2c
R12_CHN,gas_cc,2035,2060.0,M1,0.0,,,sv_2c
R12_CHN,gas_cc,2040,2040.0,M1,53.975281427397135,,,sv_2c
R12_CHN,gas_cc,2040,2045.0,M1,53.975281427397135,,,sv_2c
R12_CHN,gas_cc,2040,2050.0,M1,53.975281427397135,,,sv_2c
R12_CHN,gas_cc,2040,2055.0,M1,53.975281427397135,,,sv_2c
R12_CHN,gas_cc,2040,2060.0,M1,0.0,,,sv_2c
R12_CHN,gas_cc,2040,2070.0,M1,0.0,,,sv_2c
R12_CHN,gas_cc,2045,2045.0,M1,0.0,,,sv_2c
R12_CHN,gas_cc,2045,2050.0,M1,0.0,,,sv_2c
R12_CHN,gas_cc,2045,2055.0,M1,0.0,,,sv_2c
R12_CHN,gas_cc,2045,2060.0,M1,0.0,,,sv_2c
R12_CHN,gas_cc,2045,2070.0,M1,0.0,,,sv_2c
R12_CHN,gas_cc,2050,2050.0,M1,0.0,,,sv_2c
R12_CHN,gas_cc,2050,2055.0,M1,0.0,,,sv_2c
R12_CHN,gas_cc,2050,2060.0,M1,0.0,,,sv_2c
R12_CHN,gas_cc,2050,2070.0,M1,0.0,,,sv_2c
R12_CHN,gas_cc,2050,2080.0,M1,0.0,,,sv_2c
R12_CHN,gas_cc,2055,2055.0,M1,0.0,,,sv_2c
R12_CHN,gas_cc,2055,2060.0,M1,0.0,,,sv_2c
R12_CHN,gas_cc,2055,2070.0,M1,0.0,,,sv_2c
R12_CHN,gas_cc,2055,2080.0,M1,0.0,,,sv_2c
R12_CHN,gas_cc,2060,2060.0,M1,0.0,,,sv_2c
R12_CHN,gas_cc,2060,2070.0,M1,0.0,,,sv_2c
R12_CHN,gas_cc,2060,2080.0,M1,0.0,,,sv_2c
R12_CHN,gas_cc,2060,2090.0,M1,0.0,,,sv_2c
R12_CHN,gas_cc,2070,2070.0,M1,0.0,,,sv_2c
R12_CHN,gas_cc,2070,2080.0,M1,0.0,,,sv_2c
R12_CHN,gas_cc,2070,2090.0,M1,0.0,,,sv_2c
R12_CHN,gas_cc,2080,2080.0,M1,0.0,,,sv_2c
R12_CHN,gas_cc,2080,2090.0,M1,0.0,,,sv_2c
R12_CHN,gas_cc,2080,2100.0,M1,0.0,,,sv_2c
R12_CHN,gas_cc,2090,2090.0,M1,0.0,,,sv_2c
R12_CHN,gas_cc,2090,2100.0,M1,0.0,,,sv_2c
R12_CHN,gas_cc,2090,2110.0,M1,0.0,,,sv_2c
R12_CHN,gas_cc,2100,2100.0,M1,0.0,,,sv_2c
R12_CHN,gas_cc,2100,2110.0,M1,0.0,,,sv_2c
R12_CHN,gas_cc,2110,2110.0,M1,0.0,,,sv_2c
R12_CHN,gas_cc_ccs,2030,2030.0,M1,0.0,,,sv_2c
R12_CHN,gas_cc_ccs,2030,2035.0,M1,0.0,,,sv_2c
R12_CHN,gas_cc_ccs,2030,2040.0,M1,0.0,,,sv_2c
R12_CHN,gas_cc_ccs,2030,2045.0,M1,0.0,,,sv_2c
R12_CHN,gas_cc_ccs,2030,2050.0,M1,0.0,,,sv_2c
R12_CHN,gas_cc_ccs,2030,2055.0,M1,0.0,,,sv_2c
R12_CHN,gas_cc_ccs,2035,2035.0,M1,0.0,,,sv_2c
R12_CHN,gas_cc_ccs,2035,2040.0,M1,0.0,,,sv_2c
R12_CHN,gas_cc_ccs,2035,2045.0,M1,0.0,,,sv_2c
R12_CHN,gas_cc_ccs,2035,2050.0,M1,0.0,,,sv_2c
R12_CHN,gas_cc_ccs,2035,2055.0,M1,0.0,,,sv_2c
R12_CHN,gas_cc_ccs,2035,2060.0,M1,0.0,,,sv_2c
R12_CHN,gas_cc_ccs,2040,2040.0,M1,0.0,,,sv_2c
R12_CHN,gas_cc_ccs,2040,2045.0,M1,0.0,,,sv_2c
R12_CHN,gas_cc_ccs,2040,2050.0,M1,0.0,,,sv_2c
R12_CHN,gas_cc_ccs,2040,2055.0,M1,0.0,,,sv_2c
R12_CHN,gas_cc_ccs,2040,2060.0,M1,0.0,,,sv_2c
R12_CHN,gas_cc_ccs,2040,2070.0,M1,0.0,,,sv_2c
R12_CHN,gas_cc_ccs,2045,2045.0,M1,0.0,,,sv_2c
R12_CHN,gas_cc_ccs,2045,2050.0,M1,0.0,,,sv_2c
R12_CHN,gas_cc_ccs,2045,2055.0,M1,0.0,,,sv_2c
R12_CHN,gas_cc_ccs,2045,2060.0,M1,0.0,,,sv_2c
R12_CHN,gas_cc_ccs,2045,2070.0,M1,0.0,,,sv_2c
R12_CHN,gas_cc_ccs,2050,2050.0,M1,0.0,,,sv_2c
R12_CHN,gas_cc_ccs,2050,2055.0,M1,0.0,,,sv_2c
R12_CHN,gas_cc_ccs,2050,2060.0,M1,0.0,,,sv_2c
R12_CHN,gas_cc_ccs,2050,2070.0,M1,0.0,,,sv_2c
R12_CHN,gas_cc_ccs,2050,2080.0,M1,0.0,,,sv_2c
R12_CHN,gas_cc_ccs,2055,2055.0,M1,0.0,,,sv_2c
R12_CHN,gas_cc_ccs,2055,2060.0,M1,0.0,,,sv_2c
R12_CHN,gas_cc_ccs,2055,2070.0,M1,0.0,,,sv_2c
R12_CHN,gas_cc_ccs,2055,2080.0,M1,0.0,,,sv_2c
R12_CHN,gas_cc_ccs,2060,2060.0,M1,0.0,,,sv_2c
R12_CHN,gas_cc_ccs,2060,2070.0,M1,0.0,,,sv_2c
R12_CHN,gas_cc_ccs,2060,2080.0,M1,0.0,,,sv_2c
R12_CHN,gas_cc_ccs,2060,2090.0,M1,0.0,,,sv_2c
R12_CHN,gas_cc_ccs,2070,2070.0,M1,0.0,,,sv_2c
R12_CHN,gas_cc_ccs,2070,2080.0,M1,0.0,,,sv_2c
R12_CHN,gas_cc_ccs,2070,2090.0,M1,0.0,,,sv_2c
R12_CHN,gas_cc_ccs,2080,2080.0,M1,0.0,,,sv_2c
R12_CHN,gas_cc_ccs,2080,2090.0,M1,0.0,,,sv_2c
R12_CHN,gas_cc_ccs,2080,2100.0,M1,0.0,,,sv_2c
R12_CHN,gas_cc_ccs,2090,2090.0,M1,0.0,,,sv_2c
R12_CHN,gas_cc_ccs,2090,2100.0,M1,0.0,,,sv_2c
R12_CHN,gas_cc_ccs,2090,2110.0,M1,0.0,,,sv_2c
R12_CHN,gas_cc_ccs,2100,2100.0,M1,0.0,,,sv_2c
R12_CHN,gas_cc_ccs,2100,2110.0,M1,0.0,,,sv_2c
R12_CHN,gas_cc_ccs,2110,2110.0,M1,0.0,,,sv_2c
R12_CHN,gas_ct,1970,1970.0,M1,0.0,,,sv_2c
R12_CHN,gas_ct,1970,1975.0,M1,0.0,,,sv_2c
R12_CHN,gas_ct,1970,1980.0,M1,0.0,,,sv_2c
R12_CHN,gas_ct,1970,1985.0,M1,0.0,,,sv_2c
R12_CHN,gas_ct,1970,1990.0,M1,0.0,,,sv_2c
R12_CHN,gas_ct,1970,1995.0,M1,0.0,,,sv_2c
R12_CHN,gas_ct,1970,2000.0,M1,0.0,,,sv_2c
R12_CHN,gas_ct,1970,2005.0,M1,0.0,,,sv_2c
R12_CHN,gas_ct,1970,2010.0,M1,0.0,,,sv_2c
R12_CHN,gas_ct,1970,2015.0,M1,0.0,,,sv_2c
R12_CHN,gas_ct,1970,2020.0,M1,0.0,,,sv_2c
R12_CHN,gas_ct,1970,2025.0,M1,0.0,,,sv_2c
R12_CHN,gas_ct,1975,1975.0,M1,0.0,,,sv_2c
R12_CHN,gas_ct,1975,1980.0,M1,0.0,,,sv_2c
R12_CHN,gas_ct,1975,1985.0,M1,0.0,,,sv_2c
R12_CHN,gas_ct,1975,1990.0,M1,0.0,,,sv_2c
R12_CHN,gas_ct,1975,1995.0,M1,0.0,,,sv_2c
R12_CHN,gas_ct,1975,2000.0,M1,0.0,,,sv_2c
R12_CHN,gas_ct,1975,2005.0,M1,0.0,,,sv_2c
R12_CHN,gas_ct,1975,2010.0,M1,0.0,,,sv_2c
R12_CHN,gas_ct,1975,2015.0,M1,0.0,,,sv_2c
R12_CHN,gas_ct,1975,2020.0,M1,0.0,,,sv_2c
R12_CHN,gas_ct,1975,2025.0,M1,0.0,,,sv_2c
R12_CHN,gas_ct,1980,1980.0,M1,0.0,,,sv_2c
R12_CHN,gas_ct,1980,1985.0,M1,0.0,,,sv_2c
R12_CHN,gas_ct,1980,1990.0,M1,0.0,,,sv_2c
R12_CHN,gas_ct,1980,1995.0,M1,0.0,,,sv_2c
R12_CHN,gas_ct,1980,2000.0,M1,0.0,,,sv_2c
R12_CHN,gas_ct,1980,2005.0,M1,0.0,,,sv_2c
R12_CHN,gas_ct,1980,2010.0,M1,0.0,,,sv_2c
R12_CHN,gas_ct,1980,2015.0,M1,0.0,,,sv_2c
R12_CHN,gas_ct,1980,2020.0,M1,0.0,,,sv_2c
R12_CHN,gas_ct,1980,2025.0,M1,0.0,,,sv_2c
R12_CHN,gas_ct,1980,2030.0,M1,0.0,,,sv_2c
R12_CHN,gas_ct,1985,1985.0,M1,0.0,,,sv_2c
R12_CHN,gas_ct,1985,1990.0,M1,0.0,,,sv_2c
R12_CHN,gas_ct,1985,1995.0,M1,0.0,,,sv_2c
R12_CHN,gas_ct,1985,2000.0,M1,0.0,,,sv_2c
R12_CHN,gas_ct,1985,2005.0,M1,0.0,,,sv_2c
R12_CHN,gas_ct,1985,2010.0,M1,0.0,,,sv_2c
R12_CHN,gas_ct,1985,2015.0,M1,0.0,,,sv_2c
R12_CHN,gas_ct,1985,2020.0,M1,0.0,,,sv_2c
R12_CHN,gas_ct,1985,2025.0,M1,0.0,,,sv_2c
R12_CHN,gas_ct,1985,2030.0,M1,0.0,,,sv_2c
R12_CHN,gas_ct,1990,1990.0,M1,0.0,,,sv_2c
R12_CHN,gas_ct,1990,1995.0,M1,0.0,,,sv_2c
R12_CHN,gas_ct,1990,2000.0,M1,0.0,,,sv_2c
R12_CHN,gas_ct,1990,2005.0,M1,0.0,,,sv_2c
R12_CHN,gas_ct,1990,2010.0,M1,0.0,,,sv_2c
R12_CHN,gas_ct,1990,2015.0,M1,0.0,,,sv_2c
R12_CHN,gas_ct,1990,2020.0,M1,0.0,,,sv_2c
R12_CHN,gas_ct,1990,2025.0,M1,0.0,,,sv_2c
R12_CHN,gas_ct,1990,2030.0,M1,0.07707000000000001,,,sv_2c
R12_CHN,gas_ct,1990,2035.0,M1,0.08624500000000002,,,sv_2c
R12_CHN,gas_ct,1995,1995.0,M1,0.0,,,sv_2c
R12_CHN,gas_ct,1995,2000.0,M1,0.0,,,sv_2c
R12_CHN,gas_ct,1995,2005.0,M1,0.0,,,sv_2c
R12_CHN,gas_ct,1995,2010.0,M1,0.0,,,sv_2c
R12_CHN,gas_ct,1995,2015.0,M1,0.0,,,sv_2c
R12_CHN,gas_ct,1995,2020.0,M1,0.0,,,sv_2c
R12_CHN,gas_ct,1995,2025.0,M1,0.0,,,sv_2c
R12_CHN,gas_ct,1995,2030.0,M1,0.0557025,,,sv_2c
R12_CHN,gas_ct,1995,2035.0,M1,0.06233375,,,sv_2c
R12_CHN,gas_ct,2000,2000.0,M1,0.0,,,sv_2c
R12_CHN,gas_ct,2000,2005.0,M1,0.0,,,sv_2c
R12_CHN,gas_ct,2000,2010.0,M1,0.0,,,sv_2c
R12_CHN,gas_ct,2000,2015.0,M1,0.0,,,sv_2c
R12_CHN,gas_ct,2000,2020.0,M1,0.0,,,sv_2c
R12_CHN,gas_ct,2000,2025.0,M1,0.0,,,sv_2c
R12_CHN,gas_ct,2000,2030.0,M1,0.026250000000000002,,,sv_2c
R12_CHN,gas_ct,2000,2035.0,M1,0.0,,,sv_2c
R12_CHN,gas_ct,2000,2040.0,M1,0.0,,,sv_2c
R12_CHN,gas_ct,2005,2005.0,M1,0.0,,,sv_2c
R12_CHN,gas_ct,2005,2010.0,M1,0.0,,,sv_2c
R12_CHN,gas_ct,2005,2015.0,M1,0.0,,,sv_2c
R12_CHN,gas_ct,2005,2020.0,M1,0.0,,,sv_2c
R12_CHN,gas_ct,2005,2025.0,M1,0.0,,,sv_2c
R12_CHN,gas_ct,2005,2030.0,M1,0.06304725,,,sv_2c
R12_CHN,gas_ct,2005,2035.0,M1,0.0,,,sv_2c
R12_CHN,gas_ct,2005,2040.0,M1,0.0,,,sv_2c
R12_CHN,gas_ct,2010,2010.0,M1,0.0,,,sv_2c
R12_CHN,gas_ct,2010,2015.0,M1,0.0,,,sv_2c
R12_CHN,gas_ct,2010,2020.0,M1,0.0,,,sv_2c
R12_CHN,gas_ct,2010,2025.0,M1,0.0,,,sv_2c
R12_CHN,gas_ct,2010,2030.0,M1,0.43396500000000005,,,sv_2c
R12_CHN,gas_ct,2010,2035.0,M1,0.48562750000000005,,,sv_2c
R12_CHN,gas_ct,2010,2040.0,M1,0.53729,,,sv_2c
R12_CHN,gas_ct,2010,2045.0,M1,0.0,,,sv_2c
R12_CHN,gas_ct,2015,2015.0,M1,0.0,,,sv_2c
R12_CHN,gas_ct,2015,2020.0,M1,0.0,,,sv_2c
R12_CHN,gas_ct,2015,2025.0,M1,0.0,,,sv_2c
R12_CHN,gas_ct,2015,2030.0,M1,0.10501574999999999,,,sv_2c
R12_CHN,gas_ct,2015,2035.0,M1,0.0,,,sv_2c
R12_CHN,gas_ct,2015,2040.0,M1,0.13001949999999998,,,sv_2c
R12_CHN,gas_ct,2015,2045.0,M1,0.0,,,sv_2c
R12_CHN,gas_ct,2020,2020.0,M1,0.0,,,sv_2c
R12_CHN,gas_ct,2020,2025.0,M1,0.0,,,sv_2c
R12_CHN,gas_ct,2020,2030.0,M1,0.07612500000000001,,,sv_2c
R12_CHN,gas_ct,2020,2035.0,M1,0.0,,,sv_2c
R12_CHN,gas_ct,2020,2040.0,M1,0.0,,,sv_2c
R12_CHN,gas_ct,2020,2045.0,M1,0.0,,,sv_2c
R12_CHN,gas_ct,2020,2050.0,M1,0.0,,,sv_2c
R12_CHN,gas_ct,2025,2025.0,M1,0.0,,,sv_2c
R12_CHN,gas_ct,2025,2030.0,M1,61.591992335945456,,,sv_2c
R12_CHN,gas_ct,2025,2035.0,M1,68.92437237593896,,,sv_2c
R12_CHN,gas_ct,2025,2040.0,M1,0.0,,,sv_2c
R12_CHN,gas_ct,2025,2045.0,M1,0.0,,,sv_2c
R12_CHN,gas_ct,2025,2050.0,M1,0.0,,,sv_2c
R12_CHN,gas_ct,2030,2030.0,M1,36.27371199075818,,,sv_2c
R12_CHN,gas_ct,2030,2035.0,M1,28.61647073608442,,,sv_2c
R12_CHN,gas_ct,2030,2040.0,M1,24.007448035393296,,,sv_2c
R12_CHN,gas_ct,2030,2045.0,M1,0.0,,,sv_2c
R12_CHN,gas_ct,2030,2050.0,M1,0.0,,,sv_2c
R12_CHN,gas_ct,2030,2055.0,M1,0.0,,,sv_2c
R12_CHN,gas_ct,2035,2035.0,M1,0.0,,,sv_2c
R12_CHN,gas_ct,2035,2040.0,M1,0.0,,,sv_2c
R12_CHN,gas_ct,2035,2045.0,M1,0.0,,,sv_2c
R12_CHN,gas_ct,2035,2050.0,M1,0.0,,,sv_2c
R12_CHN,gas_ct,2035,2055.0,M1,0.0,,,sv_2c
R12_CHN,gas_ct,2035,2060.0,M1,0.0,,,sv_2c
R12_CHN,gas_ct,2040,2040.0,M1,0.0,,,sv_2c
R12_CHN,gas_ct,2040,2045.0,M1,0.0,,,sv_2c
R12_CHN,gas_ct,2040,2050.0,M1,0.0,,,sv_2c
R12_CHN,gas_ct,2040,2055.0,M1,0.0,,,sv_2c
R12_CHN,gas_ct,2040,2060.0,M1,0.0,,,sv_2c
R12_CHN,gas_ct,2040,2070.0,M1,0.0,,,sv_2c
R12_CHN,gas_ct,2045,2045.0,M1,0.0,,,sv_2c
R12_CHN,gas_ct,2045,2050.0,M1,0.0,,,sv_2c
R12_CHN,gas_ct,2045,2055.0,M1,0.0,,,sv_2c
R12_CHN,gas_ct,2045,2060.0,M1,0.0,,,sv_2c
R12_CHN,gas_ct,2045,2070.0,M1,0.0,,,sv_2c
R12_CHN,gas_ct,2050,2050.0,M1,0.0,,,sv_2c
R12_CHN,gas_ct,2050,2055.0,M1,0.0,,,sv_2c
R12_CHN,gas_ct,2050,2060.0,M1,0.0,,,sv_2c
R12_CHN,gas_ct,2050,2070.0,M1,0.0,,,sv_2c
R12_CHN,gas_ct,2050,2080.0,M1,0.0,,,sv_2c
R12_CHN,gas_ct,2055,2055.0,M1,0.0,,,sv_2c
R12_CHN,gas_ct,2055,2060.0,M1,0.0,,,sv_2c
R12_CHN,gas_ct,2055,2070.0,M1,0.0,,,sv_2c
R12_CHN,gas_ct,2055,2080.0,M1,0.0,,,sv_2c
R12_CHN,gas_ct,2060,2060.0,M1,0.0,,,sv_2c
R12_CHN,gas_ct,2060,2070.0,M1,0.0,,,sv_2c
R12_CHN,gas_ct,2060,2080.0,M1,0.0,,,sv_2c
R12_CHN,gas_ct,2060,2090.0,M1,0.0,,,sv_2c
R12_CHN,gas_ct,2070,2070.0,M1,0.0,,,sv_2c
R12_CHN,gas_ct,2070,2080.0,M1,0.0,,,sv_2c
R12_CHN,gas_ct,2070,2090.0,M1,0.0,,,sv_2c
R12_CHN,gas_ct,2080,2080.0,M1,0.0,,,sv_2c
R12_CHN,gas_ct,2080,2090.0,M1,0.0,,,sv_2c
R12_CHN,gas_ct,2080,2100.0,M1,0.0,,,sv_2c
R12_CHN,gas_ct,2090,2090.0,M1,0.0,,,sv_2c
R12_CHN,gas_ct,2090,2100.0,M1,0.0,,,sv_2c
R12_CHN,gas_ct,2090,2110.0,M1,0.0,,,sv_2c
R12_CHN,gas_ct,2100,2100.0,M1,0.0,,,sv_2c
R12_CHN,gas_ct,2100,2110.0,M1,0.0,,,sv_2c
R12_CHN,gas_ct,2110,2110.0,M1,0.0,,,sv_2c
R12_CHN,gas_ppl,1970,1970.0,M1,0.0,,,sv_2c
R12_CHN,gas_ppl,1970,1975.0,M1,0.0,,,sv_2c
R12_CHN,gas_ppl,1970,1980.0,M1,0.0,,,sv_2c
R12_CHN,gas_ppl,1970,1985.0,M1,0.0,,,sv_2c
R12_CHN,gas_ppl,1970,1990.0,M1,0.0,,,sv_2c
R12_CHN,gas_ppl,1970,1995.0,M1,0.0,,,sv_2c
R12_CHN,gas_ppl,1970,2000.0,M1,0.0,,,sv_2c
R12_CHN,gas_ppl,1970,2005.0,M1,0.0,,,sv_2c
R12_CHN,gas_ppl,1970,2010.0,M1,0.0,,,sv_2c
R12_CHN,gas_ppl,1970,2015.0,M1,0.0,,,sv_2c
R12_CHN,gas_ppl,1970,2020.0,M1,0.0,,,sv_2c
R12_CHN,gas_ppl,1970,2025.0,M1,0.0,,,sv_2c
R12_CHN,gas_ppl,1975,1975.0,M1,0.0,,,sv_2c
R12_CHN,gas_ppl,1975,1980.0,M1,0.0,,,sv_2c
R12_CHN,gas_ppl,1975,1985.0,M1,0.0,,,sv_2c
R12_CHN,gas_ppl,1975,1990.0,M1,0.0,,,sv_2c
R12_CHN,gas_ppl,1975,1995.0,M1,0.0,,,sv_2c
R12_CHN,gas_ppl,1975,2000.0,M1,0.0,,,sv_2c
R12_CHN,gas_ppl,1975,2005.0,M1,0.0,,,sv_2c
R12_CHN,gas_ppl,1975,2010.0,M1,0.0,,,sv_2c
R12_CHN,gas_ppl,1975,2015.0,M1,0.0,,,sv_2c
R12_CHN,gas_ppl,1975,2020.0,M1,0.0,,,sv_2c
R12_CHN,gas_ppl,1975,2025.0,M1,0.0,,,sv_2c
R12_CHN,gas_ppl,1980,1980.0,M1,0.0,,,sv_2c
R12_CHN,gas_ppl,1980,1985.0,M1,0.0,,,sv_2c
R12_CHN,gas_ppl,1980,1990.0,M1,0.0,,,sv_2c
R12_CHN,gas_ppl,1980,1995.0,M1,0.0,,,sv_2c
R12_CHN,gas_ppl,1980,2000.0,M1,0.0,,,sv_2c
R12_CHN,gas_ppl,1980,2005.0,M1,0.0,,,sv_2c
R12_CHN,gas_ppl,1980,2010.0,M1,0.0,,,sv_2c
R12_CHN,gas_ppl,1980,2015.0,M1,0.0,,,sv_2c
R12_CHN,gas_ppl,1980,2020.0,M1,0.0,,,sv_2c
R12_CHN,gas_ppl,1980,2025.0,M1,0.0,,,sv_2c
R12_CHN,gas_ppl,1980,2030.0,M1,0.0,,,sv_2c
R12_CHN,gas_ppl,1985,1985.0,M1,0.0,,,sv_2c
R12_CHN,gas_ppl,1985,1990.0,M1,0.0,,,sv_2c
R12_CHN,gas_ppl,1985,1995.0,M1,0.0,,,sv_2c
R12_CHN,gas_ppl,1985,2000.0,M1,0.0,,,sv_2c
R12_CHN,gas_ppl,1985,2005.0,M1,0.0,,,sv_2c
R12_CHN,gas_ppl,1985,2010.0,M1,0.0,,,sv_2c
R12_CHN,gas_ppl,1985,2015.0,M1,0.0,,,sv_2c
R12_CHN,gas_ppl,1985,2020.0,M1,0.0,,,sv_2c
R12_CHN,gas_ppl,1985,2025.0,M1,0.0,,,sv_2c
R12_CHN,gas_ppl,1985,2030.0,M1,0.0,,,sv_2c
R12_CHN,gas_ppl,1990,1990.0,M1,0.0,,,sv_2c
R12_CHN,gas_ppl,1990,1995.0,M1,0.0,,,sv_2c
R12_CHN,gas_ppl,1990,2000.0,M1,0.0,,,sv_2c
R12_CHN,gas_ppl,1990,2005.0,M1,0.0,,,sv_2c
R12_CHN,gas_ppl,1990,2010.0,M1,0.0,,,sv_2c
R12_CHN,gas_ppl,1990,2015.0,M1,0.0,,,sv_2c
R12_CHN,gas_ppl,1990,2020.0,M1,0.0,,,sv_2c
R12_CHN,gas_ppl,1990,2025.0,M1,0.0,,,sv_2c
R12_CHN,gas_ppl,1990,2030.0,M1,0.0,,,sv_2c
R12_CHN,gas_ppl,1990,2035.0,M1,0.0,,,sv_2c
R12_CHN,gas_ppl,1995,1995.0,M1,0.0,,,sv_2c
R12_CHN,gas_ppl,1995,2000.0,M1,0.0,,,sv_2c
R12_CHN,gas_ppl,1995,2005.0,M1,0.0,,,sv_2c
R12_CHN,gas_ppl,1995,2010.0,M1,0.0,,,sv_2c
R12_CHN,gas_ppl,1995,2015.0,M1,0.0,,,sv_2c
R12_CHN,gas_ppl,1995,2020.0,M1,0.0,,,sv_2c
R12_CHN,gas_ppl,1995,2025.0,M1,0.0,,,sv_2c
R12_CHN,gas_ppl,1995,2030.0,M1,0.0,,,sv_2c
R12_CHN,gas_ppl,1995,2035.0,M1,0.0,,,sv_2c
R12_CHN,gas_ppl,2000,2000.0,M1,0.0,,,sv_2c
R12_CHN,gas_ppl,2000,2005.0,M1,0.0,,,sv_2c
R12_CHN,gas_ppl,2000,2010.0,M1,0.0,,,sv_2c
R12_CHN,gas_ppl,2000,2015.0,M1,0.0,,,sv_2c
R12_CHN,gas_ppl,2000,2020.0,M1,0.0,,,sv_2c
R12_CHN,gas_ppl,2000,2025.0,M1,0.0,,,sv_2c
R12_CHN,gas_ppl,2000,2030.0,M1,0.0,,,sv_2c
R12_CHN,gas_ppl,2000,2035.0,M1,0.0,,,sv_2c
R12_CHN,gas_ppl,2000,2040.0,M1,0.0,,,sv_2c
R12_CHN,gas_ppl,2005,2005.0,M1,0.0,,,sv_2c
R12_CHN,gas_ppl,2005,2010.0,M1,0.0,,,sv_2c
R12_CHN,gas_ppl,2005,2015.0,M1,0.0,,,sv_2c
R12_CHN,gas_ppl,2005,2020.0,M1,0.0,,,sv_2c
R12_CHN,gas_ppl,2005,2025.0,M1,0.0,,,sv_2c
R12_CHN,gas_ppl,2005,2030.0,M1,0.0,,,sv_2c
R12_CHN,gas_ppl,2005,2035.0,M1,0.0,,,sv_2c
R12_CHN,gas_ppl,2005,2040.0,M1,0.0,,,sv_2c
R12_CHN,gas_ppl,2010,2010.0,M1,0.0,,,sv_2c
R12_CHN,gas_ppl,2010,2015.0,M1,0.0,,,sv_2c
R12_CHN,gas_ppl,2010,2020.0,M1,0.0,,,sv_2c
R12_CHN,gas_ppl,2010,2025.0,M1,0.0,,,sv_2c
R12_CHN,gas_ppl,2010,2030.0,M1,0.0,,,sv_2c
R12_CHN,gas_ppl,2010,2035.0,M1,0.0,,,sv_2c
R12_CHN,gas_ppl,2010,2040.0,M1,0.0,,,sv_2c
R12_CHN,gas_ppl,2010,2045.0,M1,0.0,,,sv_2c
R12_CHN,gas_ppl,2015,2015.0,M1,0.0,,,sv_2c
R12_CHN,gas_ppl,2015,2020.0,M1,0.0,,,sv_2c
R12_CHN,gas_ppl,2015,2025.0,M1,0.0,,,sv_2c
R12_CHN,gas_ppl,2015,2030.0,M1,0.0,,,sv_2c
R12_CHN,gas_ppl,2015,2035.0,M1,0.0,,,sv_2c
R12_CHN,gas_ppl,2015,2040.0,M1,0.0,,,sv_2c
R12_CHN,gas_ppl,2015,2045.0,M1,0.0,,,sv_2c
R12_CHN,gas_ppl,2020,2020.0,M1,0.0,,,sv_2c
R12_CHN,gas_ppl,2020,2025.0,M1,0.0,,,sv_2c
R12_CHN,gas_ppl,2020,2030.0,M1,0.0,,,sv_2c
R12_CHN,gas_ppl,2020,2035.0,M1,0.0,,,sv_2c
R12_CHN,gas_ppl,2020,2040.0,M1,0.0,,,sv_2c
R12_CHN,gas_ppl,2020,2045.0,M1,0.0,,,sv_2c
R12_CHN,gas_ppl,2020,2050.0,M1,0.0,,,sv_2c
R12_CHN,gas_ppl,2025,2025.0,M1,0.0,,,sv_2c
R12_CHN,gas_ppl,2025,2030.0,M1,0.0,,,sv_2c
R12_CHN,gas_ppl,2025,2035.0,M1,0.0,,,sv_2c
R12_CHN,gas_ppl,2025,2040.0,M1,0.0,,,sv_2c
R12_CHN,gas_ppl,2025,2045.0,M1,0.0,,,sv_2c
R12_CHN,gas_ppl,2025,2050.0,M1,0.0,,,sv_2c
R12_CHN,gas_ppl,2030,2030.0,M1,0.0,,,sv_2c
R12_CHN,gas_ppl,2030,2035.0,M1,0.0,,,sv_2c
R12_CHN,gas_ppl,2030,2040.0,M1,0.0,,,sv_2c
R12_CHN,gas_ppl,2030,2045.0,M1,0.0,,,sv_2c
R12_CHN,gas_ppl,2030,2050.0,M1,0.0,,,sv_2c
R12_CHN,gas_ppl,2030,2055.0,M1,0.0,,,sv_2c
R12_CHN,gas_ppl,2035,2035.0,M1,0.0,,,sv_2c
R12_CHN,gas_ppl,2035,2040.0,M1,0.0,,,sv_2c
R12_CHN,gas_ppl,2035,2045.0,M1,0.0,,,sv_2c
R12_CHN,gas_ppl,2035,2050.0,M1,0.0,,,sv_2c
R12_CHN,gas_ppl,2035,2055.0,M1,0.0,,,sv_2c
R12_CHN,gas_ppl,2035,2060.0,M1,0.0,,,sv_2c
R12_CHN,gas_ppl,2040,2040.0,M1,0.0,,,sv_2c
R12_CHN,gas_ppl,2040,2045.0,M1,0.0,,,sv_2c
R12_CHN,gas_ppl,2040,2050.0,M1,0.0,,,sv_2c
R12_CHN,gas_ppl,2040,2055.0,M1,0.0,,,sv_2c
R12_CHN,gas_ppl,2040,2060.0,M1,0.0,,,sv_2c
R12_CHN,gas_ppl,2040,2070.0,M1,0.0,,,sv_2c
R12_CHN,gas_ppl,2045,2045.0,M1,0.0,,,sv_2c
R12_CHN,gas_ppl,2045,2050.0,M1,0.0,,,sv_2c
R12_CHN,gas_ppl,2045,2055.0,M1,0.0,,,sv_2c
R12_CHN,gas_ppl,2045,2060.0,M1,0.0,,,sv_2c
R12_CHN,gas_ppl,2045,2070.0,M1,0.0,,,sv_2c
R12_CHN,gas_ppl,2050,2050.0,M1,0.0,,,sv_2c
R12_CHN,gas_ppl,2050,2055.0,M1,0.0,,,sv_2c
R12_CHN,gas_ppl,2050,2060.0,M1,0.0,,,sv_2c
R12_CHN,gas_ppl,2050,2070.0,M1,0.0,,,sv_2c
R12_CHN,gas_ppl,2050,2080.0,M1,0.0,,,sv_2c
R12_CHN,gas_ppl,2055,2055.0,M1,0.0,,,sv_2c
R12_CHN,gas_ppl,2055,2060.0,M1,0.0,,,sv_2c
R12_CHN,gas_ppl,2055,2070.0,M1,0.0,,,sv_2c
R12_CHN,gas_ppl,2055,2080.0,M1,0.0,,,sv_2c
R12_CHN,gas_ppl,2060,2060.0,M1,0.0,,,sv_2c
R12_CHN,gas_ppl,2060,2070.0,M1,0.0,,,sv_2c
R12_CHN,gas_ppl,2060,2080.0,M1,0.0,,,sv_2c
R12_CHN,gas_ppl,2060,2090.0,M1,0.0,,,sv_2c
R12_CHN,gas_ppl,2070,2070.0,M1,0.0,,,sv_2c
R12_CHN,gas_ppl,2070,2080.0,M1,0.0,,,sv_2c
R12_CHN,gas_ppl,2070,2090.0,M1,0.0,,,sv_2c
R12_CHN,gas_ppl,2080,2080.0,M1,0.0,,,sv_2c
R12_CHN,gas_ppl,2080,2090.0,M1,0.0,,,sv_2c
R12_CHN,gas_ppl,2080,2100.0,M1,0.0,,,sv_2c
R12_CHN,gas_ppl,2090,2090.0,M1,0.0,,,sv_2c
R12_CHN,gas_ppl,2090,2100.0,M1,0.0,,,sv_2c
R12_CHN,gas_ppl,2090,2110.0,M1,0.0,,,sv_2c
R12_CHN,gas_ppl,2100,2100.0,M1,0.0,,,sv_2c
R12_CHN,gas_ppl,2100,2110.0,M1,0.0,,,sv_2c
R12_CHN,gas_ppl,2110,2110.0,M1,0.0,,,sv_2c
R12_CHN,igcc,2010,2010.0,M1,0.0,0.0,890.72,sv_2c
R12_CHN,igcc,2010,2015.0,M1,0.0,,890.72,sv_2c
R12_CHN,igcc,2010,2020.0,M1,0.0,,890.72,sv_2c
R12_CHN,igcc,2010,2025.0,M1,0.0,,890.72,sv_2c
R12_CHN,igcc,2010,2030.0,M1,0.0,0.0,890.72,sv_2c
R12_CHN,igcc,2010,2035.0,M1,0.0,0.0,890.72,sv_2c
R12_CHN,igcc,2015,2015.0,M1,0.0,0.0,890.72,sv_2c
R12_CHN,igcc,2015,2020.0,M1,0.0,,890.72,sv_2c
R12_CHN,igcc,2015,2025.0,M1,0.0,,890.72,sv_2c
R12_CHN,igcc,2015,2030.0,M1,0.0,0.0,890.72,sv_2c
R12_CHN,igcc,2015,2035.0,M1,0.0,0.0,890.72,sv_2c
R12_CHN,igcc,2015,2040.0,M1,0.0,0.0,890.72,sv_2c
R12_CHN,igcc,2020,2020.0,M1,0.0,0.0,891.0,sv_2c
R12_CHN,igcc,2020,2025.0,M1,0.0,,891.0,sv_2c
R12_CHN,igcc,2020,2030.0,M1,0.0,0.0,891.0,sv_2c
R12_CHN,igcc,2020,2035.0,M1,0.0,0.0,891.0,sv_2c
R12_CHN,igcc,2020,2040.0,M1,0.0,0.0,891.0,sv_2c
R12_CHN,igcc,2020,2045.0,M1,0.0,0.0,891.0,sv_2c
R12_CHN,igcc,2025,2025.0,M1,0.0,0.0,891.0,sv_2c
R12_CHN,igcc,2025,2030.0,M1,0.0,0.0,891.0,sv_2c
R12_CHN,igcc,2025,2035.0,M1,0.0,0.0,891.0,sv_2c
R12_CHN,igcc,2025,2040.0,M1,0.0,0.0,891.0,sv_2c
R12_CHN,igcc,2025,2045.0,M1,0.0,0.0,891.0,sv_2c
R12_CHN,igcc,2025,2050.0,M1,0.0,0.0,891.0,sv_2c
R12_CHN,igcc,2030,2030.0,M1,0.0,0.0,908.6548057246912,sv_2c
R12_CHN,igcc,2030,2035.0,M1,0.0,0.0,908.6548057246912,sv_2c
R12_CHN,igcc,2030,2040.0,M1,0.0,0.0,908.6548057246912,sv_2c
R12_CHN,igcc,2030,2045.0,M1,0.0,0.0,908.6548057246912,sv_2c
R12_CHN,igcc,2030,2050.0,M1,0.0,0.0,908.6548057246912,sv_2c
R12_CHN,igcc,2030,2055.0,M1,0.0,0.0,908.6548057246912,sv_2c
R12_CHN,igcc,2035,2035.0,M1,0.0,0.0,922.5341344455016,sv_2c
R12_CHN,igcc,2035,2040.0,M1,0.0,0.0,922.5341344455016,sv_2c
R12_CHN,igcc,2035,2045.0,M1,0.0,0.0,922.5341344455016,sv_2c
R12_CHN,igcc,2035,2050.0,M1,0.0,0.0,922.5341344455016,sv_2c
R12_CHN,igcc,2035,2055.0,M1,0.0,0.0,922.5341344455016,sv_2c
R12_CHN,igcc,2035,2060.0,M1,0.0,0.0,922.5341344455016,sv_2c
R12_CHN,igcc,2040,2040.0,M1,0.0,0.0,925.554797533371,sv_2c
R12_CHN,igcc,2040,2045.0,M1,0.0,0.0,925.554797533371,sv_2c
R12_CHN,igcc,2040,2050.0,M1,0.0,0.0,925.554797533371,sv_2c
R12_CHN,igcc,2040,2055.0,M1,0.0,0.0,925.554797533371,sv_2c
R12_CHN,igcc,2040,2060.0,M1,0.0,0.0,925.554797533371,sv_2c
R12_CHN,igcc,2040,2070.0,M1,0.0,0.0,925.554797533371,sv_2c
R12_CHN,igcc,2045,2045.0,M1,0.0,0.0,933.8381995493356,sv_2c
R12_CHN,igcc,2045,2050.0,M1,0.0,0.0,933.8381995493356,sv_2c
R12_CHN,igcc,2045,2055.0,M1,0.0,0.0,933.8381995493356,sv_2c
R12_CHN,igcc,2045,2060.0,M1,0.0,0.0,933.8381995493356,sv_2c
R12_CHN,igcc,2045,2070.0,M1,0.0,0.0,933.8381995493356,sv_2c
R12_CHN,igcc,2050,2050.0,M1,0.0,0.0,947.7218827947911,sv_2c
R12_CHN,igcc,2050,2055.0,M1,0.0,0.0,947.7218827947911,sv_2c
R12_CHN,igcc,2050,2060.0,M1,0.0,0.0,947.7218827947911,sv_2c
R12_CHN,igcc,2050,2070.0,M1,0.0,0.0,947.7218827947911,sv_2c
R12_CHN,igcc,2050,2080.0,M1,0.0,0.0,947.7218827947911,sv_2c
R12_CHN,igcc,2055,2055.0,M1,0.0,0.0,963.2268256092744,sv_2c
R12_CHN,igcc,2055,2060.0,M1,0.0,0.0,963.2268256092744,sv_2c
R12_CHN,igcc,2055,2070.0,M1,0.0,0.0,963.2268256092744,sv_2c
R12_CHN,igcc,2055,2080.0,M1,0.0,0.0,963.2268256092744,sv_2c
R12_CHN,igcc,2060,2060.0,M1,0.0,0.0,985.5746584684226,sv_2c
R12_CHN,igcc,2060,2070.0,M1,0.0,0.0,985.5746584684226,sv_2c
R12_CHN,igcc,2060,2080.0,M1,0.0,0.0,985.5746584684226,sv_2c
R12_CHN,igcc,2060,2090.0,M1,0.0,0.0,985.5746584684226,sv_2c
R12_CHN,igcc,2070,2070.0,M1,0.0,0.0,1037.0714043931946,sv_2c
R12_CHN,igcc,2070,2080.0,M1,0.0,0.0,1037.0714043931946,sv_2c
R12_CHN,igcc,2070,2090.0,M1,0.0,0.0,1037.0714043931946,sv_2c
R12_CHN,igcc,2080,2080.0,M1,0.0,0.0,1078.356143976155,sv_2c
R12_CHN,igcc,2080,2090.0,M1,0.0,0.0,1078.356143976155,sv_2c
R12_CHN,igcc,2080,2100.0,M1,0.0,0.0,1078.356143976155,sv_2c
R12_CHN,igcc,2090,2090.0,M1,0.0,0.0,1114.4317210041932,sv_2c
R12_CHN,igcc,2090,2100.0,M1,0.0,0.0,1114.4317210041932,sv_2c
R12_CHN,igcc,2090,2110.0,M1,0.0,0.0,1114.4317210041932,sv_2c
R12_CHN,igcc,2100,2100.0,M1,0.0,0.0,1145.0823008310808,sv_2c
R12_CHN,igcc,2100,2110.0,M1,0.0,0.0,1145.0823008310808,sv_2c
R12_CHN,igcc,2110,2110.0,M1,0.0,0.0,1145.0823008310808,sv_2c
R12_CHN,igcc_ccs,2030,2030.0,M1,0.0,0.0,2843.5503319311647,sv_2c
R12_CHN,igcc_ccs,2030,2035.0,M1,0.0,0.0,2843.5503319311647,sv_2c
R12_CHN,igcc_ccs,2030,2040.0,M1,0.0,0.0,2843.5503319311647,sv_2c
R12_CHN,igcc_ccs,2030,2045.0,M1,0.0,0.0,2843.5503319311647,sv_2c
R12_CHN,igcc_ccs,2030,2050.0,M1,0.0,0.0,2843.5503319311647,sv_2c
R12_CHN,igcc_ccs,2030,2055.0,M1,0.0,0.0,2843.5503319311647,sv_2c
R12_CHN,igcc_ccs,2035,2035.0,M1,0.0,0.0,2791.5379358540617,sv_2c
R12_CHN,igcc_ccs,2035,2040.0,M1,0.0,0.0,2791.5379358540617,sv_2c
R12_CHN,igcc_ccs,2035,2045.0,M1,0.0,0.0,2791.5379358540617,sv_2c
R12_CHN,igcc_ccs,2035,2050.0,M1,0.0,0.0,2791.5379358540617,sv_2c
R12_CHN,igcc_ccs,2035,2055.0,M1,0.0,0.0,2791.5379358540617,sv_2c
R12_CHN,igcc_ccs,2035,2060.0,M1,0.0,0.0,2791.5379358540617,sv_2c
R12_CHN,igcc_ccs,2040,2040.0,M1,0.0,0.0,2737.17172452401,sv_2c
R12_CHN,igcc_ccs,2040,2045.0,M1,0.0,0.0,2737.17172452401,sv_2c
R12_CHN,igcc_ccs,2040,2050.0,M1,0.0,0.0,2737.17172452401,sv_2c
R12_CHN,igcc_ccs,2040,2055.0,M1,0.0,0.0,2737.17172452401,sv_2c
R12_CHN,igcc_ccs,2040,2060.0,M1,0.0,0.0,2737.17172452401,sv_2c
R12_CHN,igcc_ccs,2040,2070.0,M1,0.0,0.0,2737.17172452401,sv_2c
R12_CHN,igcc_ccs,2045,2045.0,M1,0.0,0.0,2702.871524225099,sv_2c
R12_CHN,igcc_ccs,2045,2050.0,M1,0.0,0.0,2702.871524225099,sv_2c
R12_CHN,igcc_ccs,2045,2055.0,M1,0.0,0.0,2702.871524225099,sv_2c
R12_CHN,igcc_ccs,2045,2060.0,M1,0.0,0.0,2702.871524225099,sv_2c
R12_CHN,igcc_ccs,2045,2070.0,M1,0.0,0.0,2702.871524225099,sv_2c
R12_CHN,igcc_ccs,2050,2050.0,M1,0.0,0.0,2686.817440216417,sv_2c
R12_CHN,igcc_ccs,2050,2055.0,M1,0.0,0.0,2686.817440216417,sv_2c
R12_CHN,igcc_ccs,2050,2060.0,M1,0.0,0.0,2686.817440216417,sv_2c
R12_CHN,igcc_ccs,2050,2070.0,M1,0.0,0.0,2686.817440216417,sv_2c
R12_CHN,igcc_ccs,2050,2080.0,M1,0.0,0.0,2686.817440216417,sv_2c
R12_CHN,igcc_ccs,2055,2055.0,M1,0.0,0.0,2680.869151011246,sv_2c
R12_CHN,igcc_ccs,2055,2060.0,M1,0.0,0.0,2680.869151011246,sv_2c
R12_CHN,igcc_ccs,2055,2070.0,M1,0.0,0.0,2680.869151011246,sv_2c
R12_CHN,igcc_ccs,2055,2080.0,M1,0.0,0.0,2680.869151011246,sv_2c
R12_CHN,igcc_ccs,2060,2060.0,M1,0.0,0.0,2691.7326491003814,sv_2c
R12_CHN,igcc_ccs,2060,2070.0,M1,0.0,0.0,2691.7326491003814,sv_2c
R12_CHN,igcc_ccs,2060,2080.0,M1,0.0,0.0,2691.7326491003814,sv_2c
R12_CHN,igcc_ccs,2060,2090.0,M1,0.0,0.0,2691.7326491003814,sv_2c
R12_CHN,igcc_ccs,2070,2070.0,M1,0.0,0.0,2737.7193971289903,sv_2c
R12_CHN,igcc_ccs,2070,2080.0,M1,0.0,0.0,2737.7193971289903,sv_2c
R12_CHN,igcc_ccs,2070,2090.0,M1,0.0,0.0,2737.7193971289903,sv_2c
R12_CHN,igcc_ccs,2080,2080.0,M1,0.0,0.0,2780.214571741419,sv_2c
R12_CHN,igcc_ccs,2080,2090.0,M1,0.0,0.0,2780.214571741419,sv_2c
R12_CHN,igcc_ccs,2080,2100.0,M1,0.0,0.0,2780.214571741419,sv_2c
R12_CHN,igcc_ccs,2090,2090.0,M1,0.0,0.0,2822.5733680124176,sv_2c
R12_CHN,igcc_ccs,2090,2100.0,M1,0.0,0.0,2822.5733680124176,sv_2c
R12_CHN,igcc_ccs,2090,2110.0,M1,0.0,0.0,2822.5733680124176,sv_2c
R12_CHN,igcc_ccs,2100,2100.0,M1,0.0,0.0,2861.563485025729,sv_2c
R12_CHN,igcc_ccs,2100,2110.0,M1,0.0,0.0,2861.563485025729,sv_2c
R12_CHN,igcc_ccs,2110,2110.0,M1,0.0,0.0,2861.563485025729,sv_2c
R12_PAS,coal_adv,1995,1995.0,M1,0.0,0.0,971.7,sv_2c
R12_PAS,coal_adv,1995,2000.0,M1,0.0,,971.7,sv_2c
R12_PAS,coal_adv,1995,2005.0,M1,0.0,,971.7,sv_2c
R12_PAS,coal_adv,1995,2010.0,M1,0.0,,971.7,sv_2c
R12_PAS,coal_adv,1995,2015.0,M1,0.0,,971.7,sv_2c
R12_PAS,coal_adv,1995,2020.0,M1,0.0,,971.7,sv_2c
R12_PAS,coal_adv,1995,2025.0,M1,0.0,,971.7,sv_2c
R12_PAS,coal_adv,2000,2000.0,M1,0.0,0.0,971.7,sv_2c
R12_PAS,coal_adv,2000,2005.0,M1,0.0,,971.7,sv_2c
R12_PAS,coal_adv,2000,2010.0,M1,0.0,,971.7,sv_2c
R12_PAS,coal_adv,2000,2015.0,M1,0.0,,971.7,sv_2c
R12_PAS,coal_adv,2000,2020.0,M1,0.0,,971.7,sv_2c
R12_PAS,coal_adv,2000,2025.0,M1,0.0,,971.7,sv_2c
R12_PAS,coal_adv,2005,2005.0,M1,0.0,0.0,971.7,sv_2c
R12_PAS,coal_adv,2005,2010.0,M1,0.0,,971.7,sv_2c
R12_PAS,coal_adv,2005,2015.0,M1,0.0,,971.7,sv_2c
R12_PAS,coal_adv,2005,2020.0,M1,0.0,,971.7,sv_2c
R12_PAS,coal_adv,2005,2025.0,M1,0.0,,971.7,sv_2c
R12_PAS,coal_adv,2005,2030.0,M1,4.430700000000001,5.4,971.7,sv_2c
R12_PAS,coal_adv,2010,2010.0,M1,0.0,0.0,971.7,sv_2c
R12_PAS,coal_adv,2010,2015.0,M1,0.0,,971.7,sv_2c
R12_PAS,coal_adv,2010,2020.0,M1,0.0,,971.7,sv_2c
R12_PAS,coal_adv,2010,2025.0,M1,0.0,,971.7,sv_2c
R12_PAS,coal_adv,2010,2030.0,M1,0.0,0.0,971.7,sv_2c
R12_PAS,coal_adv,2010,2035.0,M1,0.0,0.0,971.7,sv_2c
R12_PAS,coal_adv,2015,2015.0,M1,0.0,0.0,971.7,sv_2c
R12_PAS,coal_adv,2015,2020.0,M1,0.0,,971.7,sv_2c
R12_PAS,coal_adv,2015,2025.0,M1,0.0,,971.7,sv_2c
R12_PAS,coal_adv,2015,2030.0,M1,3.848145,4.69,971.7,sv_2c
R12_PAS,coal_adv,2015,2035.0,M1,3.9173225000000005,4.69,971.7,sv_2c
R12_PAS,coal_adv,2015,2040.0,M1,3.9865000000000004,4.69,971.7,sv_2c
R12_PAS,coal_adv,2020,2020.0,M1,0.0,0.0,972.0,sv_2c
R12_PAS,coal_adv,2020,2025.0,M1,0.0,,972.0,sv_2c
R12_PAS,coal_adv,2020,2030.0,M1,1.49331,1.8199999999999998,972.0,sv_2c
R12_PAS,coal_adv,2020,2035.0,M1,1.520155,1.8199999999999998,972.0,sv_2c
R12_PAS,coal_adv,2020,2040.0,M1,1.547,1.8199999999999998,972.0,sv_2c
R12_PAS,coal_adv,2020,2045.0,M1,1.547,1.8199999999999998,972.0,sv_2c
R12_PAS,coal_adv,2025,2025.0,M1,0.0,0.0,972.0,sv_2c
R12_PAS,coal_adv,2025,2030.0,M1,0.0,0.0,972.0,sv_2c
R12_PAS,coal_adv,2025,2035.0,M1,0.0,0.0,972.0,sv_2c
R12_PAS,coal_adv,2025,2040.0,M1,0.0,0.0,972.0,sv_2c
R12_PAS,coal_adv,2025,2045.0,M1,0.0,0.0,972.0,sv_2c
R12_PAS,coal_adv,2025,2050.0,M1,0.0,0.0,972.0,sv_2c
R12_PAS,coal_adv,2030,2030.0,M1,0.0,0.0,934.4909907853679,sv_2c
R12_PAS,coal_adv,2030,2035.0,M1,0.0,0.0,934.4909907853679,sv_2c
R12_PAS,coal_adv,2030,2040.0,M1,0.0,0.0,934.4909907853679,sv_2c
R12_PAS,coal_adv,2030,2045.0,M1,0.0,0.0,934.4909907853679,sv_2c
R12_PAS,coal_adv,2030,2050.0,M1,0.0,0.0,934.4909907853679,sv_2c
R12_PAS,coal_adv,2030,2055.0,M1,0.0,0.0,934.4909907853679,sv_2c
R12_PAS,coal_adv,2035,2035.0,M1,0.0,0.0,904.8615713800205,sv_2c
R12_PAS,coal_adv,2035,2040.0,M1,0.0,0.0,904.8615713800205,sv_2c
R12_PAS,coal_adv,2035,2045.0,M1,0.0,0.0,904.8615713800205,sv_2c
R12_PAS,coal_adv,2035,2050.0,M1,0.0,0.0,904.8615713800205,sv_2c
R12_PAS,coal_adv,2035,2055.0,M1,0.0,0.0,904.8615713800205,sv_2c
R12_PAS,coal_adv,2035,2060.0,M1,0.0,0.0,904.8615713800205,sv_2c
R12_PAS,coal_adv,2040,2040.0,M1,0.0,0.0,880.5461209258247,sv_2c
R12_PAS,coal_adv,2040,2045.0,M1,0.0,0.0,880.5461209258247,sv_2c
R12_PAS,coal_adv,2040,2050.0,M1,0.0,0.0,880.5461209258247,sv_2c
R12_PAS,coal_adv,2040,2055.0,M1,0.0,0.0,880.5461209258247,sv_2c
R12_PAS,coal_adv,2040,2060.0,M1,0.0,0.0,880.5461209258247,sv_2c
R12_PAS,coal_adv,2040,2070.0,M1,0.0,0.0,880.5461209258247,sv_2c
R12_PAS,coal_adv,2045,2045.0,M1,0.0,0.0,861.367364497406,sv_2c
R12_PAS,coal_adv,2045,2050.0,M1,0.0,0.0,861.367364497406,sv_2c
R12_PAS,coal_adv,2045,2055.0,M1,0.0,0.0,861.367364497406,sv_2c
R12_PAS,coal_adv,2045,2060.0,M1,0.0,0.0,861.367364497406,sv_2c
R12_PAS,coal_adv,2045,2070.0,M1,0.0,0.0,861.367364497406,sv_2c
R12_PAS,coal_adv,2050,2050.0,M1,0.0,0.0,847.1107246493111,sv_2c
R12_PAS,coal_adv,2050,2055.0,M1,0.0,0.0,847.1107246493111,sv_2c
R12_PAS,coal_adv,2050,2060.0,M1,0.0,0.0,847.1107246493111,sv_2c
R12_PAS,coal_adv,2050,2070.0,M1,0.0,0.0,847.1107246493111,sv_2c
R12_PAS,coal_adv,2050,2080.0,M1,0.0,0.0,847.1107246493111,sv_2c
R12_PAS,coal_adv,2055,2055.0,M1,0.0,0.0,837.1821054464501,sv_2c
R12_PAS,coal_adv,2055,2060.0,M1,0.0,0.0,837.1821054464501,sv_2c
R12_PAS,coal_adv,2055,2070.0,M1,0.0,0.0,837.1821054464501,sv_2c
R12_PAS,coal_adv,2055,2080.0,M1,0.0,0.0,837.1821054464501,sv_2c
R12_PAS,coal_adv,2060,2060.0,M1,0.0,0.0,831.4416779376297,sv_2c
R12_PAS,coal_adv,2060,2070.0,M1,0.0,0.0,831.4416779376297,sv_2c
R12_PAS,coal_adv,2060,2080.0,M1,0.0,0.0,831.4416779376297,sv_2c
R12_PAS,coal_adv,2060,2090.0,M1,0.0,0.0,831.4416779376297,sv_2c
R12_PAS,coal_adv,2070,2070.0,M1,0.0,0.0,829.6113872185383,sv_2c
R12_PAS,coal_adv,2070,2080.0,M1,0.0,0.0,829.6113872185383,sv_2c
R12_PAS,coal_adv,2070,2090.0,M1,0.0,0.0,829.6113872185383,sv_2c
R12_PAS,coal_adv,2080,2080.0,M1,0.0,0.0,836.4356163737359,sv_2c
R12_PAS,coal_adv,2080,2090.0,M1,0.0,0.0,836.4356163737359,sv_2c
R12_PAS,coal_adv,2080,2100.0,M1,0.0,0.0,836.4356163737359,sv_2c
R12_PAS,coal_adv,2090,2090.0,M1,0.0,0.0,847.3450940842453,sv_2c
R12_PAS,coal_adv,2090,2100.0,M1,0.0,0.0,847.3450940842453,sv_2c
R12_PAS,coal_adv,2090,2110.0,M1,0.0,0.0,847.3450940842453,sv_2c
R12_PAS,coal_adv,2100,2100.0,M1,0.0,0.0,861.1043052483562,sv_2c
R12_PAS,coal_adv,2100,2110.0,M1,0.0,0.0,861.1043052483562,sv_2c
R12_PAS,coal_adv,2110,2110.0,M1,0.0,0.0,861.1043052483562,sv_2c
R12_PAS,coal_adv_ccs,2030,2030.0,M1,0.0,0.0,3007.156508411763,sv_2c
R12_PAS,coal_adv_ccs,2030,2035.0,M1,0.0,0.0,3007.156508411763,sv_2c
R12_PAS,coal_adv_ccs,2030,2040.0,M1,0.0,0.0,3007.156508411763,sv_2c
R12_PAS,coal_adv_ccs,2030,2045.0,M1,0.0,0.0,3007.156508411763,sv_2c
R12_PAS,coal_adv_ccs,2030,2050.0,M1,0.0,0.0,3007.156508411763,sv_2c
R12_PAS,coal_adv_ccs,2030,2055.0,M1,0.0,0.0,3007.156508411763,sv_2c
R12_PAS,coal_adv_ccs,2035,2035.0,M1,0.0,0.0,2886.3476435090506,sv_2c
R12_PAS,coal_adv_ccs,2035,2040.0,M1,0.0,0.0,2886.3476435090506,sv_2c
R12_PAS,coal_adv_ccs,2035,2045.0,M1,0.0,0.0,2886.3476435090506,sv_2c
R12_PAS,coal_adv_ccs,2035,2050.0,M1,0.0,0.0,2886.3476435090506,sv_2c
R12_PAS,coal_adv_ccs,2035,2055.0,M1,0.0,0.0,2886.3476435090506,sv_2c
R12_PAS,coal_adv_ccs,2035,2060.0,M1,0.0,0.0,2886.3476435090506,sv_2c
R12_PAS,coal_adv_ccs,2040,2040.0,M1,0.0,0.0,2788.5065473171308,sv_2c
R12_PAS,coal_adv_ccs,2040,2045.0,M1,0.0,0.0,2788.5065473171308,sv_2c
R12_PAS,coal_adv_ccs,2040,2050.0,M1,0.0,0.0,2788.5065473171308,sv_2c
R12_PAS,coal_adv_ccs,2040,2055.0,M1,0.0,0.0,2788.5065473171308,sv_2c
R12_PAS,coal_adv_ccs,2040,2060.0,M1,0.0,0.0,2788.5065473171308,sv_2c
R12_PAS,coal_adv_ccs,2040,2070.0,M1,0.0,0.0,2788.5065473171308,sv_2c
R12_PAS,coal_adv_ccs,2045,2045.0,M1,0.0,0.0,2710.7199233668925,sv_2c
R12_PAS,coal_adv_ccs,2045,2050.0,M1,0.0,0.0,2710.7199233668925,sv_2c
R12_PAS,coal_adv_ccs,2045,2055.0,M1,0.0,0.0,2710.7199233668925,sv_2c
R12_PAS,coal_adv_ccs,2045,2060.0,M1,0.0,0.0,2710.7199233668925,sv_2c
R12_PAS,coal_adv_ccs,2045,2070.0,M1,0.0,0.0,2710.7199233668925,sv_2c
R12_PAS,coal_adv_ccs,2050,2050.0,M1,0.0,0.0,2650.5181860137377,sv_2c
R12_PAS,coal_adv_ccs,2050,2055.0,M1,0.0,0.0,2650.5181860137377,sv_2c
R12_PAS,coal_adv_ccs,2050,2060.0,M1,0.0,0.0,2650.5181860137377,sv_2c
R12_PAS,coal_adv_ccs,2050,2070.0,M1,0.0,0.0,2650.5181860137377,sv_2c
R12_PAS,coal_adv_ccs,2050,2080.0,M1,0.0,0.0,2650.5181860137377,sv_2c
R12_PAS,coal_adv_ccs,2055,2055.0,M1,0.0,0.0,2605.1265208990385,sv_2c
R12_PAS,coal_adv_ccs,2055,2060.0,M1,0.0,0.0,2605.1265208990385,sv_2c
R12_PAS,coal_adv_ccs,2055,2070.0,M1,0.0,0.0,2605.1265208990385,sv_2c
R12_PAS,coal_adv_ccs,2055,2080.0,M1,0.0,0.0,2605.1265208990385,sv_2c
R12_PAS,coal_adv_ccs,2060,2060.0,M1,0.0,0.0,2572.9577274417015,sv_2c
R12_PAS,coal_adv_ccs,2060,2070.0,M1,0.0,0.0,2572.9577274417015,sv_2c
R12_PAS,coal_adv_ccs,2060,2080.0,M1,0.0,0.0,2572.9577274417015,sv_2c
R12_PAS,coal_adv_ccs,2060,2090.0,M1,0.0,0.0,2572.9577274417015,sv_2c
R12_PAS,coal_adv_ccs,2070,2070.0,M1,0.0,0.0,2538.758769385601,sv_2c
R12_PAS,coal_adv_ccs,2070,2080.0,M1,0.0,0.0,2538.758769385601,sv_2c
R12_PAS,coal_adv_ccs,2070,2090.0,M1,0.0,0.0,2538.758769385601,sv_2c
R12_PAS,coal_adv_ccs,2080,2080.0,M1,0.0,0.0,2531.945303850548,sv_2c
R12_PAS,coal_adv_ccs,2080,2090.0,M1,0.0,0.0,2531.945303850548,sv_2c
R12_PAS,coal_adv_ccs,2080,2100.0,M1,0.0,0.0,2531.945303850548,sv_2c
R12_PAS,coal_adv_ccs,2090,2090.0,M1,0.0,0.0,2539.92317993809,sv_2c
R12_PAS,coal_adv_ccs,2090,2100.0,M1,0.0,0.0,2539.92317993809,sv_2c
R12_PAS,coal_adv_ccs,2090,2110.0,M1,0.0,0.0,2539.92317993809,sv_2c
R12_PAS,coal_adv_ccs,2100,2100.0,M1,0.0,0.0,2557.8183979108144,sv_2c
R12_PAS,coal_adv_ccs,2100,2110.0,M1,0.0,0.0,2557.8183979108144,sv_2c
R12_PAS,coal_adv_ccs,2110,2110.0,M1,0.0,0.0,2557.8183979108144,sv_2c
R12_PAS,coal_ppl,1970,1970.0,M1,0.0,0.0,809.75,sv_2c
R12_PAS,coal_ppl,1970,1975.0,M1,0.0,,809.75,sv_2c
R12_PAS,coal_ppl,1970,1980.0,M1,0.0,,809.75,sv_2c
R12_PAS,coal_ppl,1970,1985.0,M1,0.0,,809.75,sv_2c
R12_PAS,coal_ppl,1970,1990.0,M1,0.0,,809.75,sv_2c
R12_PAS,coal_ppl,1970,1995.0,M1,0.0,,809.75,sv_2c
R12_PAS,coal_ppl,1970,2000.0,M1,0.0,,809.75,sv_2c
R12_PAS,coal_ppl,1970,2005.0,M1,0.0,,809.75,sv_2c
R12_PAS,coal_ppl,1970,2010.0,M1,0.0,,809.75,sv_2c
R12_PAS,coal_ppl,1970,2015.0,M1,0.0,,809.75,sv_2c
R12_PAS,coal_ppl,1970,2020.0,M1,0.0,,809.75,sv_2c
R12_PAS,coal_ppl,1970,2025.0,M1,0.0,,809.75,sv_2c
R12_PAS,coal_ppl,1975,1975.0,M1,0.0,0.0,809.75,sv_2c
R12_PAS,coal_ppl,1975,1980.0,M1,0.0,,809.75,sv_2c
R12_PAS,coal_ppl,1975,1985.0,M1,0.0,,809.75,sv_2c
R12_PAS,coal_ppl,1975,1990.0,M1,0.0,,809.75,sv_2c
R12_PAS,coal_ppl,1975,1995.0,M1,0.0,,809.75,sv_2c
R12_PAS,coal_ppl,1975,2000.0,M1,0.0,,809.75,sv_2c
R12_PAS,coal_ppl,1975,2005.0,M1,0.0,,809.75,sv_2c
R12_PAS,coal_ppl,1975,2010.0,M1,0.0,,809.75,sv_2c
R12_PAS,coal_ppl,1975,2015.0,M1,0.0,,809.75,sv_2c
R12_PAS,coal_ppl,1975,2020.0,M1,0.0,,809.75,sv_2c
R12_PAS,coal_ppl,1975,2025.0,M1,0.0,,809.75,sv_2c
R12_PAS,coal_ppl,1980,1980.0,M1,0.0,0.0,809.75,sv_2c
R12_PAS,coal_ppl,1980,1985.0,M1,0.0,,809.75,sv_2c
R12_PAS,coal_ppl,1980,1990.0,M1,0.0,,809.75,sv_2c
R12_PAS,coal_ppl,1980,1995.0,M1,0.0,,809.75,sv_2c
R12_PAS,coal_ppl,1980,2000.0,M1,0.0,,809.75,sv_2c
R12_PAS,coal_ppl,1980,2005.0,M1,0.0,,809.75,sv_2c
R12_PAS,coal_ppl,1980,2010.0,M1,0.0,,809.75,sv_2c
R12_PAS,coal_ppl,1980,2015.0,M1,0.0,,809.75,sv_2c
R12_PAS,coal_ppl,1980,2020.0,M1,0.0,,809.75,sv_2c
R12_PAS,coal_ppl,1980,2025.0,M1,0.0,,809.75,sv_2c
R12_PAS,coal_ppl,1980,2030.0,M1,0.0,0.0,809.75,sv_2c
R12_PAS,coal_ppl,1985,1985.0,M1,0.0,0.0,809.75,sv_2c
R12_PAS,coal_ppl,1985,1990.0,M1,0.0,,809.75,sv_2c
R12_PAS,coal_ppl,1985,1995.0,M1,0.0,,809.75,sv_2c
R12_PAS,coal_ppl,1985,2000.0,M1,0.0,,809.75,sv_2c
R12_PAS,coal_ppl,1985,2005.0,M1,0.0,,809.75,sv_2c
R12_PAS,coal_ppl,1985,2010.0,M1,0.0,,809.75,sv_2c
R12_PAS,coal_ppl,1985,2015.0,M1,0.0,,809.75,sv_2c
R12_PAS,coal_ppl,1985,2020.0,M1,0.0,,809.75,sv_2c
R12_PAS,coal_ppl,1985,2025.0,M1,0.0,,809.75,sv_2c
R12_PAS,coal_ppl,1985,2030.0,M1,0.0,0.0,809.75,sv_2c
R12_PAS,coal_ppl,1990,1990.0,M1,0.0,0.0,809.75,sv_2c
R12_PAS,coal_ppl,1990,1995.0,M1,0.0,,809.75,sv_2c
R12_PAS,coal_ppl,1990,2000.0,M1,0.0,,809.75,sv_2c
R12_PAS,coal_ppl,1990,2005.0,M1,0.0,,809.75,sv_2c
R12_PAS,coal_ppl,1990,2010.0,M1,0.0,,809.75,sv_2c
R12_PAS,coal_ppl,1990,2015.0,M1,0.0,,809.75,sv_2c
R12_PAS,coal_ppl,1990,2020.0,M1,0.0,,809.75,sv_2c
R12_PAS,coal_ppl,1990,2025.0,M1,0.0,,809.75,sv_2c
R12_PAS,coal_ppl,1990,2030.0,M1,0.0,0.0,809.75,sv_2c
R12_PAS,coal_ppl,1990,2035.0,M1,0.0,0.0,809.75,sv_2c
R12_PAS,coal_ppl,1995,1995.0,M1,0.0,0.0,809.75,sv_2c
R12_PAS,coal_ppl,1995,2000.0,M1,0.0,,809.75,sv_2c
R12_PAS,coal_ppl,1995,2005.0,M1,0.0,,809.75,sv_2c
R12_PAS,coal_ppl,1995,2010.0,M1,0.0,,809.75,sv_2c
R12_PAS,coal_ppl,1995,2015.0,M1,0.0,,809.75,sv_2c
R12_PAS,coal_ppl,1995,2020.0,M1,0.0,,809.75,sv_2c
R12_PAS,coal_ppl,1995,2025.0,M1,0.0,,809.75,sv_2c
R12_PAS,coal_ppl,1995,2030.0,M1,0.0,0.0,809.75,sv_2c
R12_PAS,coal_ppl,1995,2035.0,M1,0.0,0.0,809.75,sv_2c
R12_PAS,coal_ppl,2000,2000.0,M1,0.0,0.0,809.75,sv_2c
R12_PAS,coal_ppl,2000,2005.0,M1,0.0,,809.75,sv_2c
R12_PAS,coal_ppl,2000,2010.0,M1,0.0,,809.75,sv_2c
R12_PAS,coal_ppl,2000,2015.0,M1,0.0,,809.75,sv_2c
R12_PAS,coal_ppl,2000,2020.0,M1,0.0,,809.75,sv_2c
R12_PAS,coal_ppl,2000,2025.0,M1,0.0,,809.75,sv_2c
R12_PAS,coal_ppl,2000,2030.0,M1,0.0,0.0,809.75,sv_2c
R12_PAS,coal_ppl,2000,2035.0,M1,0.0,0.0,809.75,sv_2c
R12_PAS,coal_ppl,2000,2040.0,M1,0.0,0.0,809.75,sv_2c
R12_PAS,coal_ppl,2005,2005.0,M1,0.0,0.0,809.75,sv_2c
R12_PAS,coal_ppl,2005,2010.0,M1,0.0,,809.75,sv_2c
R12_PAS,coal_ppl,2005,2015.0,M1,0.0,,809.75,sv_2c
R12_PAS,coal_ppl,2005,2020.0,M1,0.0,,809.75,sv_2c
R12_PAS,coal_ppl,2005,2025.0,M1,0.0,,809.75,sv_2c
R12_PAS,coal_ppl,2005,2030.0,M1,0.0,0.0,809.75,sv_2c
R12_PAS,coal_ppl,2005,2035.0,M1,0.0,0.0,809.75,sv_2c
R12_PAS,coal_ppl,2005,2040.0,M1,0.0,0.0,809.75,sv_2c
R12_PAS,coal_ppl,2010,2010.0,M1,0.0,0.0,809.75,sv_2c
R12_PAS,coal_ppl,2010,2015.0,M1,0.0,,809.75,sv_2c
R12_PAS,coal_ppl,2010,2020.0,M1,0.0,,809.75,sv_2c
R12_PAS,coal_ppl,2010,2025.0,M1,0.0,,809.75,sv_2c
R12_PAS,coal_ppl,2010,2030.0,M1,0.0,0.0,809.75,sv_2c
R12_PAS,coal_ppl,2010,2035.0,M1,0.0,0.0,809.75,sv_2c
R12_PAS,coal_ppl,2010,2040.0,M1,0.0,0.0,809.75,sv_2c
R12_PAS,coal_ppl,2010,2045.0,M1,0.0,0.0,809.75,sv_2c
R12_PAS,coal_ppl,2015,2015.0,M1,0.0,0.0,809.75,sv_2c
R12_PAS,coal_ppl,2015,2020.0,M1,0.0,,809.75,sv_2c
R12_PAS,coal_ppl,2015,2025.0,M1,0.0,,809.75,sv_2c
R12_PAS,coal_ppl,2015,2030.0,M1,0.0,0.0,809.75,sv_2c
R12_PAS,coal_ppl,2015,2035.0,M1,0.0,0.0,809.75,sv_2c
R12_PAS,coal_ppl,2015,2040.0,M1,0.0,0.0,809.75,sv_2c
R12_PAS,coal_ppl,2015,2045.0,M1,0.0,0.0,809.75,sv_2c
R12_PAS,coal_ppl,2020,2020.0,M1,0.0,0.0,810.0,sv_2c
R12_PAS,coal_ppl,2020,2025.0,M1,0.0,,810.0,sv_2c
R12_PAS,coal_ppl,2020,2030.0,M1,15.471749999999998,20.628999999999998,810.0,sv_2c
R12_PAS,coal_ppl,2020,2035.0,M1,13.827014809882286,20.628999999999998,810.0,sv_2c
R12_PAS,coal_ppl,2020,2040.0,M1,0.0,15.281927979121242,810.0,sv_2c
R12_PAS,coal_ppl,2020,2045.0,M1,5.6819067202724645,15.281927979121242,810.0,sv_2c
R12_PAS,coal_ppl,2020,2050.0,M1,0.0,15.281927979121242,810.0,sv_2c
R12_PAS,coal_ppl,2025,2025.0,M1,0.0,0.0,810.0,sv_2c
R12_PAS,coal_ppl,2025,2030.0,M1,14.534249999999998,19.378999999999998,810.0,sv_2c
R12_PAS,coal_ppl,2025,2035.0,M1,0.0,19.378999999999998,810.0,sv_2c
R12_PAS,coal_ppl,2025,2040.0,M1,13.923781351702209,19.378999999999998,810.0,sv_2c
R12_PAS,coal_ppl,2025,2045.0,M1,0.0,19.378999999999998,810.0,sv_2c
R12_PAS,coal_ppl,2025,2050.0,M1,0.0,19.378999999999998,810.0,sv_2c
R12_PAS,coal_ppl,2030,2030.0,M1,13.596749999999998,18.128999999999998,800.6876207004158,sv_2c
R12_PAS,coal_ppl,2030,2035.0,M1,14.5032,18.128999999999998,800.6876207004158,sv_2c
R12_PAS,coal_ppl,2030,2040.0,M1,0.0,18.128999999999998,800.6876207004158,sv_2c
R12_PAS,coal_ppl,2030,2045.0,M1,0.0,18.128999999999998,800.6876207004158,sv_2c
R12_PAS,coal_ppl,2030,2050.0,M1,0.0,18.128999999999998,800.6876207004158,sv_2c
R12_PAS,coal_ppl,2030,2055.0,M1,0.0,18.128999999999998,800.6876207004158,sv_2c
R12_PAS,coal_ppl,2035,2035.0,M1,0.0,16.878999999999998,793.6762441195559,sv_2c
R12_PAS,coal_ppl,2035,2040.0,M1,0.0,16.878999999999998,793.6762441195559,sv_2c
R12_PAS,coal_ppl,2035,2045.0,M1,0.0,16.878999999999998,793.6762441195559,sv_2c
R12_PAS,coal_ppl,2035,2050.0,M1,0.0,16.878999999999998,793.6762441195559,sv_2c
R12_PAS,coal_ppl,2035,2055.0,M1,0.0,16.878999999999998,793.6762441195559,sv_2c
R12_PAS,coal_ppl,2035,2060.0,M1,0.0,0.0,793.6762441195559,sv_2c
R12_PAS,coal_ppl,2040,2040.0,M1,0.0,15.629,787.4691721846372,sv_2c
R12_PAS,coal_ppl,2040,2045.0,M1,0.0,15.629,787.4691721846372,sv_2c
R12_PAS,coal_ppl,2040,2050.0,M1,0.0,15.629,787.4691721846372,sv_2c
R12_PAS,coal_ppl,2040,2055.0,M1,0.0,15.629,787.4691721846372,sv_2c
R12_PAS,coal_ppl,2040,2060.0,M1,0.0,0.0,787.4691721846372,sv_2c
R12_PAS,coal_ppl,2040,2070.0,M1,0.0,0.0,787.4691721846372,sv_2c
R12_PAS,coal_ppl,2045,2045.0,M1,0.0,14.379,782.6528528303388,sv_2c
R12_PAS,coal_ppl,2045,2050.0,M1,0.0,14.379,782.6528528303388,sv_2c
R12_PAS,coal_ppl,2045,2055.0,M1,0.0,14.379,782.6528528303388,sv_2c
R12_PAS,coal_ppl,2045,2060.0,M1,0.0,12.542535819266568,782.6528528303388,sv_2c
R12_PAS,coal_ppl,2045,2070.0,M1,0.0,0.0,782.6528528303388,sv_2c
R12_PAS,coal_ppl,2050,2050.0,M1,0.0,0.0,779.7066487015863,sv_2c
R12_PAS,coal_ppl,2050,2055.0,M1,0.0,0.0,779.7066487015863,sv_2c
R12_PAS,coal_ppl,2050,2060.0,M1,0.0,0.0,779.7066487015863,sv_2c
R12_PAS,coal_ppl,2050,2070.0,M1,0.0,0.0,779.7066487015863,sv_2c
R12_PAS,coal_ppl,2050,2080.0,M1,0.0,0.0,779.7066487015863,sv_2c
R12_PAS,coal_ppl,2055,2055.0,M1,0.0,0.0,778.6467851215191,sv_2c
R12_PAS,coal_ppl,2055,2060.0,M1,0.0,0.0,778.6467851215191,sv_2c
R12_PAS,coal_ppl,2055,2070.0,M1,0.0,0.0,778.6467851215191,sv_2c
R12_PAS,coal_ppl,2055,2080.0,M1,0.0,0.0,778.6467851215191,sv_2c
R12_PAS,coal_ppl,2060,2060.0,M1,0.0,0.0,779.8354815602511,sv_2c
R12_PAS,coal_ppl,2060,2070.0,M1,0.0,0.0,779.8354815602511,sv_2c
R12_PAS,coal_ppl,2060,2080.0,M1,0.0,0.0,779.8354815602511,sv_2c
R12_PAS,coal_ppl,2060,2090.0,M1,0.0,0.0,779.8354815602511,sv_2c
R12_PAS,coal_ppl,2070,2070.0,M1,0.0,0.0,787.6294056331444,sv_2c
R12_PAS,coal_ppl,2070,2080.0,M1,0.0,0.0,787.6294056331444,sv_2c
R12_PAS,coal_ppl,2070,2090.0,M1,0.0,0.0,787.6294056331444,sv_2c
R12_PAS,coal_ppl,2080,2080.0,M1,0.0,0.0,800.2902314045034,sv_2c
R12_PAS,coal_ppl,2080,2090.0,M1,0.0,0.0,800.2902314045034,sv_2c
R12_PAS,coal_ppl,2080,2100.0,M1,0.0,0.0,800.2902314045034,sv_2c
R12_PAS,coal_ppl,2090,2090.0,M1,0.0,0.0,814.7059399012335,sv_2c
R12_PAS,coal_ppl,2090,2100.0,M1,0.0,0.0,814.7059399012335,sv_2c
R12_PAS,coal_ppl,2090,2110.0,M1,0.0,0.0,814.7059399012335,sv_2c
R12_PAS,coal_ppl,2100,2100.0,M1,0.0,0.0,830.5611505759277,sv_2c
R12_PAS,coal_ppl,2100,2110.0,M1,0.0,0.0,830.5611505759277,sv_2c
R12_PAS,coal_ppl,2110,2110.0,M1,0.0,0.0,830.5611505759277,sv_2c
R12_PAS,coal_ppl_u,1965,1965.0,M1,0.0,0.0,564.29,sv_2c
R12_PAS,coal_ppl_u,1965,1970.0,M1,0.0,,564.29,sv_2c
R12_PAS,coal_ppl_u,1965,1975.0,M1,0.0,,564.29,sv_2c
R12_PAS,coal_ppl_u,1965,1980.0,M1,0.0,,564.29,sv_2c
R12_PAS,coal_ppl_u,1965,1985.0,M1,0.0,,564.29,sv_2c
R12_PAS,coal_ppl_u,1965,1990.0,M1,0.0,,564.29,sv_2c
R12_PAS,coal_ppl_u,1965,1995.0,M1,0.0,,564.29,sv_2c
R12_PAS,coal_ppl_u,1965,2000.0,M1,0.0,,564.29,sv_2c
R12_PAS,coal_ppl_u,1965,2005.0,M1,0.0,,564.29,sv_2c
R12_PAS,coal_ppl_u,1965,2010.0,M1,0.0,,564.29,sv_2c
R12_PAS,coal_ppl_u,1965,2015.0,M1,0.0,,564.29,sv_2c
R12_PAS,coal_ppl_u,1965,2020.0,M1,0.0,,564.29,sv_2c
R12_PAS,coal_ppl_u,1965,2025.0,M1,0.0,,564.29,sv_2c
R12_PAS,coal_ppl_u,1970,1970.0,M1,0.0,0.0,564.29,sv_2c
R12_PAS,coal_ppl_u,1970,1975.0,M1,0.0,,564.29,sv_2c
R12_PAS,coal_ppl_u,1970,1980.0,M1,0.0,,564.29,sv_2c
R12_PAS,coal_ppl_u,1970,1985.0,M1,0.0,,564.29,sv_2c
R12_PAS,coal_ppl_u,1970,1990.0,M1,0.0,,564.29,sv_2c
R12_PAS,coal_ppl_u,1970,1995.0,M1,0.0,,564.29,sv_2c
R12_PAS,coal_ppl_u,1970,2000.0,M1,0.0,,564.29,sv_2c
R12_PAS,coal_ppl_u,1970,2005.0,M1,0.0,,564.29,sv_2c
R12_PAS,coal_ppl_u,1970,2010.0,M1,0.0,,564.29,sv_2c
R12_PAS,coal_ppl_u,1970,2015.0,M1,0.0,,564.29,sv_2c
R12_PAS,coal_ppl_u,1970,2020.0,M1,0.0,,564.29,sv_2c
R12_PAS,coal_ppl_u,1970,2025.0,M1,0.0,,564.29,sv_2c
R12_PAS,coal_ppl_u,1975,1975.0,M1,0.0,0.0,564.29,sv_2c
R12_PAS,coal_ppl_u,1975,1980.0,M1,0.0,,564.29,sv_2c
R12_PAS,coal_ppl_u,1975,1985.0,M1,0.0,,564.29,sv_2c
R12_PAS,coal_ppl_u,1975,1990.0,M1,0.0,,564.29,sv_2c
R12_PAS,coal_ppl_u,1975,1995.0,M1,0.0,,564.29,sv_2c
R12_PAS,coal_ppl_u,1975,2000.0,M1,0.0,,564.29,sv_2c
R12_PAS,coal_ppl_u,1975,2005.0,M1,0.0,,564.29,sv_2c
R12_PAS,coal_ppl_u,1975,2010.0,M1,0.0,,564.29,sv_2c
R12_PAS,coal_ppl_u,1975,2015.0,M1,0.0,,564.29,sv_2c
R12_PAS,coal_ppl_u,1975,2020.0,M1,0.0,,564.29,sv_2c
R12_PAS,coal_ppl_u,1975,2025.0,M1,0.0,,564.29,sv_2c
R12_PAS,coal_ppl_u,1975,2030.0,M1,0.0,0.0,564.29,sv_2c
R12_PAS,coal_ppl_u,1980,1980.0,M1,0.0,0.0,564.29,sv_2c
R12_PAS,coal_ppl_u,1980,1985.0,M1,0.0,,564.29,sv_2c
R12_PAS,coal_ppl_u,1980,1990.0,M1,0.0,,564.29,sv_2c
R12_PAS,coal_ppl_u,1980,1995.0,M1,0.0,,564.29,sv_2c
R12_PAS,coal_ppl_u,1980,2000.0,M1,0.0,,564.29,sv_2c
R12_PAS,coal_ppl_u,1980,2005.0,M1,0.0,,564.29,sv_2c
R12_PAS,coal_ppl_u,1980,2010.0,M1,0.0,,564.29,sv_2c
R12_PAS,coal_ppl_u,1980,2015.0,M1,0.0,,564.29,sv_2c
R12_PAS,coal_ppl_u,1980,2020.0,M1,0.0,,564.29,sv_2c
R12_PAS,coal_ppl_u,1980,2025.0,M1,0.0,,564.29,sv_2c
R12_PAS,coal_ppl_u,1980,2030.0,M1,0.0,0.0,564.29,sv_2c
R12_PAS,coal_ppl_u,1985,1985.0,M1,0.0,0.0,564.29,sv_2c
R12_PAS,coal_ppl_u,1985,1990.0,M1,0.0,,564.29,sv_2c
R12_PAS,coal_ppl_u,1985,1995.0,M1,0.0,,564.29,sv_2c
R12_PAS,coal_ppl_u,1985,2000.0,M1,0.0,,564.29,sv_2c
R12_PAS,coal_ppl_u,1985,2005.0,M1,0.0,,564.29,sv_2c
R12_PAS,coal_ppl_u,1985,2010.0,M1,0.0,,564.29,sv_2c
R12_PAS,coal_ppl_u,1985,2015.0,M1,0.0,,564.29,sv_2c
R12_PAS,coal_ppl_u,1985,2020.0,M1,0.0,,564.29,sv_2c
R12_PAS,coal_ppl_u,1985,2025.0,M1,0.0,,564.29,sv_2c
R12_PAS,coal_ppl_u,1985,2030.0,M1,0.0,1.299101,564.29,sv_2c
R12_PAS,coal_ppl_u,1985,2035.0,M1,0.0,1.299101,564.29,sv_2c
R12_PAS,coal_ppl_u,1990,1990.0,M1,0.0,0.0,564.29,sv_2c
R12_PAS,coal_ppl_u,1990,1995.0,M1,0.0,,564.29,sv_2c
R12_PAS,coal_ppl_u,1990,2000.0,M1,0.0,,564.29,sv_2c
R12_PAS,coal_ppl_u,1990,2005.0,M1,0.0,,564.29,sv_2c
R12_PAS,coal_ppl_u,1990,2010.0,M1,0.0,,564.29,sv_2c
R12_PAS,coal_ppl_u,1990,2015.0,M1,0.0,,564.29,sv_2c
R12_PAS,coal_ppl_u,1990,2020.0,M1,0.0,,564.29,sv_2c
R12_PAS,coal_ppl_u,1990,2025.0,M1,0.0,,564.29,sv_2c
R12_PAS,coal_ppl_u,1990,2030.0,M1,0.0,2.132959,564.29,sv_2c
R12_PAS,coal_ppl_u,1990,2035.0,M1,0.0,2.132959,564.29,sv_2c
R12_PAS,coal_ppl_u,1995,1995.0,M1,0.0,0.0,564.29,sv_2c
R12_PAS,coal_ppl_u,1995,2000.0,M1,0.0,,564.29,sv_2c
R12_PAS,coal_ppl_u,1995,2005.0,M1,0.0,,564.29,sv_2c
R12_PAS,coal_ppl_u,1995,2010.0,M1,0.0,,564.29,sv_2c
R12_PAS,coal_ppl_u,1995,2015.0,M1,0.0,,564.29,sv_2c
R12_PAS,coal_ppl_u,1995,2020.0,M1,0.0,,564.29,sv_2c
R12_PAS,coal_ppl_u,1995,2025.0,M1,0.0,,564.29,sv_2c
R12_PAS,coal_ppl_u,1995,2030.0,M1,0.0,2.50953,564.29,sv_2c
R12_PAS,coal_ppl_u,1995,2035.0,M1,0.0,2.50953,564.29,sv_2c
R12_PAS,coal_ppl_u,1995,2040.0,M1,0.0,2.50953,564.29,sv_2c
R12_PAS,coal_ppl_u,2000,2000.0,M1,0.0,0.0,564.29,sv_2c
R12_PAS,coal_ppl_u,2000,2005.0,M1,0.0,,564.29,sv_2c
R12_PAS,coal_ppl_u,2000,2010.0,M1,0.0,,564.29,sv_2c
R12_PAS,coal_ppl_u,2000,2015.0,M1,0.0,,564.29,sv_2c
R12_PAS,coal_ppl_u,2000,2020.0,M1,0.0,,564.29,sv_2c
R12_PAS,coal_ppl_u,2000,2025.0,M1,0.0,,564.29,sv_2c
R12_PAS,coal_ppl_u,2000,2030.0,M1,0.0,8.363315,564.29,sv_2c
R12_PAS,coal_ppl_u,2000,2035.0,M1,0.0,8.363315,564.29,sv_2c
R12_PAS,coal_ppl_u,2000,2040.0,M1,0.0,8.363315,564.29,sv_2c
R12_PAS,coal_ppl_u,2005,2005.0,M1,0.0,0.0,564.29,sv_2c
R12_PAS,coal_ppl_u,2005,2010.0,M1,0.0,,564.29,sv_2c
R12_PAS,coal_ppl_u,2005,2015.0,M1,0.0,,564.29,sv_2c
R12_PAS,coal_ppl_u,2005,2020.0,M1,0.0,,564.29,sv_2c
R12_PAS,coal_ppl_u,2005,2025.0,M1,0.0,,564.29,sv_2c
R12_PAS,coal_ppl_u,2005,2030.0,M1,0.0,0.84334,564.29,sv_2c
R12_PAS,coal_ppl_u,2005,2035.0,M1,0.0,0.84334,564.29,sv_2c
R12_PAS,coal_ppl_u,2005,2040.0,M1,0.0,0.0,564.29,sv_2c
R12_PAS,coal_ppl_u,2005,2045.0,M1,0.0,0.0,564.29,sv_2c
R12_PAS,coal_ppl_u,2010,2010.0,M1,0.0,0.0,564.29,sv_2c
R12_PAS,coal_ppl_u,2010,2015.0,M1,0.0,,564.29,sv_2c
R12_PAS,coal_ppl_u,2010,2020.0,M1,0.0,,564.29,sv_2c
R12_PAS,coal_ppl_u,2010,2025.0,M1,0.0,,564.29,sv_2c
R12_PAS,coal_ppl_u,2010,2030.0,M1,0.0,3.979759,564.29,sv_2c
R12_PAS,coal_ppl_u,2010,2035.0,M1,0.0,3.979759,564.29,sv_2c
R12_PAS,coal_ppl_u,2010,2040.0,M1,0.0,1.5224005833624403,564.29,sv_2c
R12_PAS,coal_ppl_u,2010,2045.0,M1,0.0,0.0,564.29,sv_2c
R12_PAS,coal_ppl_u,2015,2015.0,M1,0.0,0.0,564.29,sv_2c
R12_PAS,coal_ppl_u,2015,2020.0,M1,0.0,,564.29,sv_2c
R12_PAS,coal_ppl_u,2015,2025.0,M1,0.0,,564.29,sv_2c
R12_PAS,coal_ppl_u,2015,2030.0,M1,2.55948493110331,12.077099999999998,564.29,sv_2c
R12_PAS,coal_ppl_u,2015,2035.0,M1,0.0,12.077099999999998,564.29,sv_2c
R12_PAS,coal_ppl_u,2015,2040.0,M1,0.0,12.077099999999998,564.29,sv_2c
R12_PAS,coal_ppl_u,2015,2045.0,M1,0.0,5.2550398902262945,564.29,sv_2c
R12_PAS,coal_ppl_u,2020,2020.0,M1,0.0,0.0,564.4444444444445,sv_2c
R12_PAS,coal_ppl_u,2020,2025.0,M1,0.0,,564.4444444444445,sv_2c
R12_PAS,coal_ppl_u,2020,2030.0,M1,0.0,7.70387,564.4444444444445,sv_2c
R12_PAS,coal_ppl_u,2020,2035.0,M1,0.0,7.70387,564.4444444444445,sv_2c
R12_PAS,coal_ppl_u,2020,2040.0,M1,0.0,7.70387,564.4444444444445,sv_2c
R12_PAS,coal_ppl_u,2020,2045.0,M1,0.0,7.70387,564.4444444444445,sv_2c
R12_PAS,gas_cc,1985,1985.0,M1,0.0,,,sv_2c
R12_PAS,gas_cc,1985,1990.0,M1,0.0,,,sv_2c
R12_PAS,gas_cc,1985,1995.0,M1,0.0,,,sv_2c
R12_PAS,gas_cc,1985,2000.0,M1,0.0,,,sv_2c
R12_PAS,gas_cc,1985,2005.0,M1,0.0,,,sv_2c
R12_PAS,gas_cc,1985,2010.0,M1,0.0,,,sv_2c
R12_PAS,gas_cc,1985,2015.0,M1,0.0,,,sv_2c
R12_PAS,gas_cc,1985,2020.0,M1,0.0,,,sv_2c
R12_PAS,gas_cc,1985,2025.0,M1,0.0,,,sv_2c
R12_PAS,gas_cc,1990,1990.0,M1,0.0,,,sv_2c
R12_PAS,gas_cc,1990,1995.0,M1,0.0,,,sv_2c
R12_PAS,gas_cc,1990,2000.0,M1,0.0,,,sv_2c
R12_PAS,gas_cc,1990,2005.0,M1,0.0,,,sv_2c
R12_PAS,gas_cc,1990,2010.0,M1,0.0,,,sv_2c
R12_PAS,gas_cc,1990,2015.0,M1,0.0,,,sv_2c
R12_PAS,gas_cc,1990,2020.0,M1,0.0,,,sv_2c
R12_PAS,gas_cc,1990,2025.0,M1,0.0,,,sv_2c
R12_PAS,gas_cc,1995,1995.0,M1,0.0,,,sv_2c
R12_PAS,gas_cc,1995,2000.0,M1,0.0,,,sv_2c
R12_PAS,gas_cc,1995,2005.0,M1,0.0,,,sv_2c
R12_PAS,gas_cc,1995,2010.0,M1,0.0,,,sv_2c
R12_PAS,gas_cc,1995,2015.0,M1,0.0,,,sv_2c
R12_PAS,gas_cc,1995,2020.0,M1,0.0,,,sv_2c
R12_PAS,gas_cc,1995,2025.0,M1,0.0,,,sv_2c
R12_PAS,gas_cc,1995,2030.0,M1,9.24280025,,,sv_2c
R12_PAS,gas_cc,2000,2000.0,M1,0.0,,,sv_2c
R12_PAS,gas_cc,2000,2005.0,M1,0.0,,,sv_2c
R12_PAS,gas_cc,2000,2010.0,M1,0.0,,,sv_2c
R12_PAS,gas_cc,2000,2015.0,M1,0.0,,,sv_2c
R12_PAS,gas_cc,2000,2020.0,M1,0.0,,,sv_2c
R12_PAS,gas_cc,2000,2025.0,M1,0.0,,,sv_2c
R12_PAS,gas_cc,2000,2030.0,M1,16.04393825,,,sv_2c
R12_PAS,gas_cc,2005,2005.0,M1,0.0,,,sv_2c
R12_PAS,gas_cc,2005,2010.0,M1,0.0,,,sv_2c
R12_PAS,gas_cc,2005,2015.0,M1,0.0,,,sv_2c
R12_PAS,gas_cc,2005,2020.0,M1,0.0,,,sv_2c
R12_PAS,gas_cc,2005,2025.0,M1,0.0,,,sv_2c
R12_PAS,gas_cc,2005,2030.0,M1,14.3044762,,,sv_2c
R12_PAS,gas_cc,2005,2035.0,M1,15.537620700000002,,,sv_2c
R12_PAS,gas_cc,2010,2010.0,M1,0.0,,,sv_2c
R12_PAS,gas_cc,2010,2015.0,M1,0.0,,,sv_2c
R12_PAS,gas_cc,2010,2020.0,M1,0.0,,,sv_2c
R12_PAS,gas_cc,2010,2025.0,M1,0.0,,,sv_2c
R12_PAS,gas_cc,2010,2030.0,M1,14.459700150000002,,,sv_2c
R12_PAS,gas_cc,2010,2035.0,M1,15.706226025000001,,,sv_2c
R12_PAS,gas_cc,2015,2015.0,M1,0.0,,,sv_2c
R12_PAS,gas_cc,2015,2020.0,M1,0.0,,,sv_2c
R12_PAS,gas_cc,2015,2025.0,M1,0.0,,,sv_2c
R12_PAS,gas_cc,2015,2030.0,M1,20.546966174999998,,,sv_2c
R12_PAS,gas_cc,2015,2035.0,M1,22.318256362499998,,,sv_2c
R12_PAS,gas_cc,2015,2040.0,M1,24.089546549999998,,,sv_2c
R12_PAS,gas_cc,2020,2020.0,M1,0.0,,,sv_2c
R12_PAS,gas_cc,2020,2025.0,M1,0.0,,,sv_2c
R12_PAS,gas_cc,2020,2030.0,M1,14.83516895,,,sv_2c
R12_PAS,gas_cc,2020,2035.0,M1,16.114062825,,,sv_2c
R12_PAS,gas_cc,2020,2040.0,M1,17.3929567,,,sv_2c
R12_PAS,gas_cc,2020,2045.0,M1,17.3929567,,,sv_2c
R12_PAS,gas_cc,2025,2025.0,M1,0.0,,,sv_2c
R12_PAS,gas_cc,2025,2030.0,M1,0.0,,,sv_2c
R12_PAS,gas_cc,2025,2035.0,M1,0.0,,,sv_2c
R12_PAS,gas_cc,2025,2040.0,M1,0.0,,,sv_2c
R12_PAS,gas_cc,2025,2045.0,M1,0.0,,,sv_2c
R12_PAS,gas_cc,2025,2050.0,M1,0.0,,,sv_2c
R12_PAS,gas_cc,2030,2030.0,M1,0.0,,,sv_2c
R12_PAS,gas_cc,2030,2035.0,M1,0.0,,,sv_2c
R12_PAS,gas_cc,2030,2040.0,M1,0.0,,,sv_2c
R12_PAS,gas_cc,2030,2045.0,M1,0.0,,,sv_2c
R12_PAS,gas_cc,2030,2050.0,M1,0.0,,,sv_2c
R12_PAS,gas_cc,2030,2055.0,M1,0.0,,,sv_2c
R12_PAS,gas_cc,2035,2035.0,M1,17.0377671281975,,,sv_2c
R12_PAS,gas_cc,2035,2040.0,M1,18.389970868530636,,,sv_2c
R12_PAS,gas_cc,2035,2045.0,M1,18.389970868530636,,,sv_2c
R12_PAS,gas_cc,2035,2050.0,M1,18.389970868530636,,,sv_2c
R12_PAS,gas_cc,2035,2055.0,M1,16.516589099683728,,,sv_2c
R12_PAS,gas_cc,2035,2060.0,M1,0.0,,,sv_2c
R12_PAS,gas_cc,2040,2040.0,M1,14.183485730095608,,,sv_2c
R12_PAS,gas_cc,2040,2045.0,M1,14.183485730095608,,,sv_2c
R12_PAS,gas_cc,2040,2050.0,M1,14.183485730095608,,,sv_2c
R12_PAS,gas_cc,2040,2055.0,M1,0.0,,,sv_2c
R12_PAS,gas_cc,2040,2060.0,M1,0.0,,,sv_2c
R12_PAS,gas_cc,2040,2070.0,M1,0.0,,,sv_2c
R12_PAS,gas_cc,2045,2045.0,M1,3.290170933187161,,,sv_2c
R12_PAS,gas_cc,2045,2050.0,M1,3.290170933187161,,,sv_2c
R12_PAS,gas_cc,2045,2055.0,M1,3.290170933187161,,,sv_2c
R12_PAS,gas_cc,2045,2060.0,M1,0.0,,,sv_2c
R12_PAS,gas_cc,2045,2070.0,M1,0.0,,,sv_2c
R12_PAS,gas_cc,2050,2050.0,M1,0.0,,,sv_2c
R12_PAS,gas_cc,2050,2055.0,M1,0.0,,,sv_2c
R12_PAS,gas_cc,2050,2060.0,M1,0.0,,,sv_2c
R12_PAS,gas_cc,2050,2070.0,M1,0.0,,,sv_2c
R12_PAS,gas_cc,2050,2080.0,M1,0.0,,,sv_2c
R12_PAS,gas_cc,2055,2055.0,M1,0.0,,,sv_2c
R12_PAS,gas_cc,2055,2060.0,M1,0.0,,,sv_2c
R12_PAS,gas_cc,2055,2070.0,M1,0.0,,,sv_2c
R12_PAS,gas_cc,2055,2080.0,M1,0.0,,,sv_2c
R12_PAS,gas_cc,2060,2060.0,M1,0.0,,,sv_2c
R12_PAS,gas_cc,2060,2070.0,M1,0.0,,,sv_2c
R12_PAS,gas_cc,2060,2080.0,M1,0.0,,,sv_2c
R12_PAS,gas_cc,2060,2090.0,M1,0.0,,,sv_2c
R12_PAS,gas_cc,2070,2070.0,M1,0.0,,,sv_2c
R12_PAS,gas_cc,2070,2080.0,M1,0.0,,,sv_2c
R12_PAS,gas_cc,2070,2090.0,M1,0.0,,,sv_2c
R12_PAS,gas_cc,2080,2080.0,M1,0.0,,,sv_2c
R12_PAS,gas_cc,2080,2090.0,M1,0.0,,,sv_2c
R12_PAS,gas_cc,2080,2100.0,M1,0.0,,,sv_2c
R12_PAS,gas_cc,2090,2090.0,M1,0.0,,,sv_2c
R12_PAS,gas_cc,2090,2100.0,M1,0.0,,,sv_2c
R12_PAS,gas_cc,2090,2110.0,M1,0.0,,,sv_2c
R12_PAS,gas_cc,2100,2100.0,M1,0.0,,,sv_2c
R12_PAS,gas_cc,2100,2110.0,M1,0.0,,,sv_2c
R12_PAS,gas_cc,2110,2110.0,M1,0.0,,,sv_2c
R12_PAS,gas_cc_ccs,2030,2030.0,M1,0.0,,,sv_2c
R12_PAS,gas_cc_ccs,2030,2035.0,M1,0.0,,,sv_2c
R12_PAS,gas_cc_ccs,2030,2040.0,M1,0.0,,,sv_2c
R12_PAS,gas_cc_ccs,2030,2045.0,M1,0.0,,,sv_2c
R12_PAS,gas_cc_ccs,2030,2050.0,M1,0.0,,,sv_2c
R12_PAS,gas_cc_ccs,2030,2055.0,M1,0.0,,,sv_2c
R12_PAS,gas_cc_ccs,2035,2035.0,M1,0.0,,,sv_2c
R12_PAS,gas_cc_ccs,2035,2040.0,M1,0.0,,,sv_2c
R12_PAS,gas_cc_ccs,2035,2045.0,M1,0.0,,,sv_2c
R12_PAS,gas_cc_ccs,2035,2050.0,M1,0.0,,,sv_2c
R12_PAS,gas_cc_ccs,2035,2055.0,M1,0.0,,,sv_2c
R12_PAS,gas_cc_ccs,2035,2060.0,M1,0.0,,,sv_2c
R12_PAS,gas_cc_ccs,2040,2040.0,M1,0.0,,,sv_2c
R12_PAS,gas_cc_ccs,2040,2045.0,M1,0.0,,,sv_2c
R12_PAS,gas_cc_ccs,2040,2050.0,M1,0.0,,,sv_2c
R12_PAS,gas_cc_ccs,2040,2055.0,M1,0.0,,,sv_2c
R12_PAS,gas_cc_ccs,2040,2060.0,M1,0.0,,,sv_2c
R12_PAS,gas_cc_ccs,2040,2070.0,M1,0.0,,,sv_2c
R12_PAS,gas_cc_ccs,2045,2045.0,M1,0.0,,,sv_2c
R12_PAS,gas_cc_ccs,2045,2050.0,M1,0.0,,,sv_2c
R12_PAS,gas_cc_ccs,2045,2055.0,M1,0.0,,,sv_2c
R12_PAS,gas_cc_ccs,2045,2060.0,M1,0.0,,,sv_2c
R12_PAS,gas_cc_ccs,2045,2070.0,M1,0.0,,,sv_2c
R12_PAS,gas_cc_ccs,2050,2050.0,M1,0.0,,,sv_2c
R12_PAS,gas_cc_ccs,2050,2055.0,M1,0.0,,,sv_2c
R12_PAS,gas_cc_ccs,2050,2060.0,M1,0.0,,,sv_2c
R12_PAS,gas_cc_ccs,2050,2070.0,M1,0.0,,,sv_2c
R12_PAS,gas_cc_ccs,2050,2080.0,M1,0.0,,,sv_2c
R12_PAS,gas_cc_ccs,2055,2055.0,M1,0.0,,,sv_2c
R12_PAS,gas_cc_ccs,2055,2060.0,M1,0.0,,,sv_2c
R12_PAS,gas_cc_ccs,2055,2070.0,M1,0.0,,,sv_2c
R12_PAS,gas_cc_ccs,2055,2080.0,M1,0.0,,,sv_2c
R12_PAS,gas_cc_ccs,2060,2060.0,M1,0.0,,,sv_2c
R12_PAS,gas_cc_ccs,2060,2070.0,M1,0.0,,,sv_2c
R12_PAS,gas_cc_ccs,2060,2080.0,M1,0.0,,,sv_2c
R12_PAS,gas_cc_ccs,2060,2090.0,M1,0.0,,,sv_2c
R12_PAS,gas_cc_ccs,2070,2070.0,M1,0.0,,,sv_2c
R12_PAS,gas_cc_ccs,2070,2080.0,M1,0.0,,,sv_2c
R12_PAS,gas_cc_ccs,2070,2090.0,M1,0.0,,,sv_2c
R12_PAS,gas_cc_ccs,2080,2080.0,M1,0.0,,,sv_2c
R12_PAS,gas_cc_ccs,2080,2090.0,M1,0.0,,,sv_2c
R12_PAS,gas_cc_ccs,2080,2100.0,M1,0.0,,,sv_2c
R12_PAS,gas_cc_ccs,2090,2090.0,M1,0.0,,,sv_2c
R12_PAS,gas_cc_ccs,2090,2100.0,M1,0.0,,,sv_2c
R12_PAS,gas_cc_ccs,2090,2110.0,M1,0.0,,,sv_2c
R12_PAS,gas_cc_ccs,2100,2100.0,M1,0.0,,,sv_2c
R12_PAS,gas_cc_ccs,2100,2110.0,M1,0.0,,,sv_2c
R12_PAS,gas_cc_ccs,2110,2110.0,M1,0.0,,,sv_2c
R12_PAS,gas_ct,1970,1970.0,M1,0.0,,,sv_2c
R12_PAS,gas_ct,1970,1975.0,M1,0.0,,,sv_2c
R12_PAS,gas_ct,1970,1980.0,M1,0.0,,,sv_2c
R12_PAS,gas_ct,1970,1985.0,M1,0.0,,,sv_2c
R12_PAS,gas_ct,1970,1990.0,M1,0.0,,,sv_2c
R12_PAS,gas_ct,1970,1995.0,M1,0.0,,,sv_2c
R12_PAS,gas_ct,1970,2000.0,M1,0.0,,,sv_2c
R12_PAS,gas_ct,1970,2005.0,M1,0.0,,,sv_2c
R12_PAS,gas_ct,1970,2010.0,M1,0.0,,,sv_2c
R12_PAS,gas_ct,1970,2015.0,M1,0.0,,,sv_2c
R12_PAS,gas_ct,1970,2020.0,M1,0.0,,,sv_2c
R12_PAS,gas_ct,1970,2025.0,M1,0.0,,,sv_2c
R12_PAS,gas_ct,1975,1975.0,M1,0.0,,,sv_2c
R12_PAS,gas_ct,1975,1980.0,M1,0.0,,,sv_2c
R12_PAS,gas_ct,1975,1985.0,M1,0.0,,,sv_2c
R12_PAS,gas_ct,1975,1990.0,M1,0.0,,,sv_2c
R12_PAS,gas_ct,1975,1995.0,M1,0.0,,,sv_2c
R12_PAS,gas_ct,1975,2000.0,M1,0.0,,,sv_2c
R12_PAS,gas_ct,1975,2005.0,M1,0.0,,,sv_2c
R12_PAS,gas_ct,1975,2010.0,M1,0.0,,,sv_2c
R12_PAS,gas_ct,1975,2015.0,M1,0.0,,,sv_2c
R12_PAS,gas_ct,1975,2020.0,M1,0.0,,,sv_2c
R12_PAS,gas_ct,1975,2025.0,M1,0.0,,,sv_2c
R12_PAS,gas_ct,1980,1980.0,M1,0.0,,,sv_2c
R12_PAS,gas_ct,1980,1985.0,M1,0.0,,,sv_2c
R12_PAS,gas_ct,1980,1990.0,M1,0.0,,,sv_2c
R12_PAS,gas_ct,1980,1995.0,M1,0.0,,,sv_2c
R12_PAS,gas_ct,1980,2000.0,M1,0.0,,,sv_2c
R12_PAS,gas_ct,1980,2005.0,M1,0.0,,,sv_2c
R12_PAS,gas_ct,1980,2010.0,M1,0.0,,,sv_2c
R12_PAS,gas_ct,1980,2015.0,M1,0.0,,,sv_2c
R12_PAS,gas_ct,1980,2020.0,M1,0.0,,,sv_2c
R12_PAS,gas_ct,1980,2025.0,M1,0.0,,,sv_2c
R12_PAS,gas_ct,1980,2030.0,M1,0.0,,,sv_2c
R12_PAS,gas_ct,1985,1985.0,M1,0.0,,,sv_2c
R12_PAS,gas_ct,1985,1990.0,M1,0.0,,,sv_2c
R12_PAS,gas_ct,1985,1995.0,M1,0.0,,,sv_2c
R12_PAS,gas_ct,1985,2000.0,M1,0.0,,,sv_2c
R12_PAS,gas_ct,1985,2005.0,M1,0.0,,,sv_2c
R12_PAS,gas_ct,1985,2010.0,M1,0.0,,,sv_2c
R12_PAS,gas_ct,1985,2015.0,M1,0.0,,,sv_2c
R12_PAS,gas_ct,1985,2020.0,M1,0.0,,,sv_2c
R12_PAS,gas_ct,1985,2025.0,M1,0.0,,,sv_2c
R12_PAS,gas_ct,1985,2030.0,M1,0.0,,,sv_2c
R12_PAS,gas_ct,1990,1990.0,M1,0.0,,,sv_2c
R12_PAS,gas_ct,1990,1995.0,M1,0.0,,,sv_2c
R12_PAS,gas_ct,1990,2000.0,M1,0.0,,,sv_2c
R12_PAS,gas_ct,1990,2005.0,M1,0.0,,,sv_2c
R12_PAS,gas_ct,1990,2010.0,M1,0.0,,,sv_2c
R12_PAS,gas_ct,1990,2015.0,M1,0.0,,,sv_2c
R12_PAS,gas_ct,1990,2020.0,M1,0.0,,,sv_2c
R12_PAS,gas_ct,1990,2025.0,M1,0.0,,,sv_2c
R12_PAS,gas_ct,1990,2030.0,M1,0.0,,,sv_2c
R12_PAS,gas_ct,1990,2035.0,M1,0.0,,,sv_2c
R12_PAS,gas_ct,1995,1995.0,M1,0.0,,,sv_2c
R12_PAS,gas_ct,1995,2000.0,M1,0.0,,,sv_2c
R12_PAS,gas_ct,1995,2005.0,M1,0.0,,,sv_2c
R12_PAS,gas_ct,1995,2010.0,M1,0.0,,,sv_2c
R12_PAS,gas_ct,1995,2015.0,M1,0.0,,,sv_2c
R12_PAS,gas_ct,1995,2020.0,M1,0.0,,,sv_2c
R12_PAS,gas_ct,1995,2025.0,M1,0.0,,,sv_2c
R12_PAS,gas_ct,1995,2030.0,M1,0.0,,,sv_2c
R12_PAS,gas_ct,1995,2035.0,M1,0.0,,,sv_2c
R12_PAS,gas_ct,2000,2000.0,M1,0.0,,,sv_2c
R12_PAS,gas_ct,2000,2005.0,M1,0.0,,,sv_2c
R12_PAS,gas_ct,2000,2010.0,M1,0.0,,,sv_2c
R12_PAS,gas_ct,2000,2015.0,M1,0.0,,,sv_2c
R12_PAS,gas_ct,2000,2020.0,M1,0.0,,,sv_2c
R12_PAS,gas_ct,2000,2025.0,M1,0.0,,,sv_2c
R12_PAS,gas_ct,2000,2030.0,M1,0.0,,,sv_2c
R12_PAS,gas_ct,2000,2035.0,M1,0.0,,,sv_2c
R12_PAS,gas_ct,2000,2040.0,M1,0.0,,,sv_2c
R12_PAS,gas_ct,2005,2005.0,M1,0.0,,,sv_2c
R12_PAS,gas_ct,2005,2010.0,M1,0.0,,,sv_2c
R12_PAS,gas_ct,2005,2015.0,M1,0.0,,,sv_2c
R12_PAS,gas_ct,2005,2020.0,M1,0.0,,,sv_2c
R12_PAS,gas_ct,2005,2025.0,M1,0.0,,,sv_2c
R12_PAS,gas_ct,2005,2030.0,M1,0.0,,,sv_2c
R12_PAS,gas_ct,2005,2035.0,M1,0.0,,,sv_2c
R12_PAS,gas_ct,2005,2040.0,M1,0.0,,,sv_2c
R12_PAS,gas_ct,2010,2010.0,M1,0.0,,,sv_2c
R12_PAS,gas_ct,2010,2015.0,M1,0.0,,,sv_2c
R12_PAS,gas_ct,2010,2020.0,M1,0.0,,,sv_2c
R12_PAS,gas_ct,2010,2025.0,M1,0.0,,,sv_2c
R12_PAS,gas_ct,2010,2030.0,M1,0.0,,,sv_2c
R12_PAS,gas_ct,2010,2035.0,M1,0.0,,,sv_2c
R12_PAS,gas_ct,2010,2040.0,M1,0.0,,,sv_2c
R12_PAS,gas_ct,2010,2045.0,M1,0.0,,,sv_2c
R12_PAS,gas_ct,2015,2015.0,M1,0.0,,,sv_2c
R12_PAS,gas_ct,2015,2020.0,M1,0.0,,,sv_2c
R12_PAS,gas_ct,2015,2025.0,M1,0.0,,,sv_2c
R12_PAS,gas_ct,2015,2030.0,M1,0.0,,,sv_2c
R12_PAS,gas_ct,2015,2035.0,M1,0.0,,,sv_2c
R12_PAS,gas_ct,2015,2040.0,M1,0.0,,,sv_2c
R12_PAS,gas_ct,2015,2045.0,M1,0.0,,,sv_2c
R12_PAS,gas_ct,2020,2020.0,M1,0.0,,,sv_2c
R12_PAS,gas_ct,2020,2025.0,M1,0.0,,,sv_2c
R12_PAS,gas_ct,2020,2030.0,M1,0.0,,,sv_2c
R12_PAS,gas_ct,2020,2035.0,M1,0.0,,,sv_2c
R12_PAS,gas_ct,2020,2040.0,M1,0.0,,,sv_2c
R12_PAS,gas_ct,2020,2045.0,M1,0.0,,,sv_2c
R12_PAS,gas_ct,2020,2050.0,M1,0.0,,,sv_2c
R12_PAS,gas_ct,2025,2025.0,M1,0.0,,,sv_2c
R12_PAS,gas_ct,2025,2030.0,M1,0.0,,,sv_2c
R12_PAS,gas_ct,2025,2035.0,M1,0.0,,,sv_2c
R12_PAS,gas_ct,2025,2040.0,M1,0.0,,,sv_2c
R12_PAS,gas_ct,2025,2045.0,M1,0.0,,,sv_2c
R12_PAS,gas_ct,2025,2050.0,M1,0.0,,,sv_2c
R12_PAS,gas_ct,2030,2030.0,M1,0.0,,,sv_2c
R12_PAS,gas_ct,2030,2035.0,M1,0.0,,,sv_2c
R12_PAS,gas_ct,2030,2040.0,M1,0.0,,,sv_2c
R12_PAS,gas_ct,2030,2045.0,M1,0.0,,,sv_2c
R12_PAS,gas_ct,2030,2050.0,M1,0.0,,,sv_2c
R12_PAS,gas_ct,2030,2055.0,M1,0.0,,,sv_2c
R12_PAS,gas_ct,2035,2035.0,M1,0.0,,,sv_2c
R12_PAS,gas_ct,2035,2040.0,M1,0.0,,,sv_2c
R12_PAS,gas_ct,2035,2045.0,M1,0.0,,,sv_2c
R12_PAS,gas_ct,2035,2050.0,M1,0.0,,,sv_2c
R12_PAS,gas_ct,2035,2055.0,M1,0.0,,,sv_2c
R12_PAS,gas_ct,2035,2060.0,M1,0.0,,,sv_2c
R12_PAS,gas_ct,2040,2040.0,M1,0.0,,,sv_2c
R12_PAS,gas_ct,2040,2045.0,M1,0.0,,,sv_2c
R12_PAS,gas_ct,2040,2050.0,M1,0.0,,,sv_2c
R12_PAS,gas_ct,2040,2055.0,M1,0.0,,,sv_2c
R12_PAS,gas_ct,2040,2060.0,M1,0.0,,,sv_2c
R12_PAS,gas_ct,2040,2070.0,M1,0.0,,,sv_2c
R12_PAS,gas_ct,2045,2045.0,M1,0.0,,,sv_2c
R12_PAS,gas_ct,2045,2050.0,M1,0.0,,,sv_2c
R12_PAS,gas_ct,2045,2055.0,M1,0.0,,,sv_2c
R12_PAS,gas_ct,2045,2060.0,M1,0.0,,,sv_2c
R12_PAS,gas_ct,2045,2070.0,M1,0.0,,,sv_2c
R12_PAS,gas_ct,2050,2050.0,M1,0.0,,,sv_2c
R12_PAS,gas_ct,2050,2055.0,M1,0.0,,,sv_2c
R12_PAS,gas_ct,2050,2060.0,M1,0.0,,,sv_2c
R12_PAS,gas_ct,2050,2070.0,M1,0.0,,,sv_2c
R12_PAS,gas_ct,2050,2080.0,M1,0.0,,,sv_2c
R12_PAS,gas_ct,2055,2055.0,M1,0.0,,,sv_2c
R12_PAS,gas_ct,2055,2060.0,M1,0.0,,,sv_2c
R12_PAS,gas_ct,2055,2070.0,M1,0.0,,,sv_2c
R12_PAS,gas_ct,2055,2080.0,M1,0.0,,,sv_2c
R12_PAS,gas_ct,2060,2060.0,M1,0.0,,,sv_2c
R12_PAS,gas_ct,2060,2070.0,M1,0.0,,,sv_2c
R12_PAS,gas_ct,2060,2080.0,M1,0.0,,,sv_2c
R12_PAS,gas_ct,2060,2090.0,M1,0.0,,,sv_2c
R12_PAS,gas_ct,2070,2070.0,M1,0.0,,,sv_2c
R12_PAS,gas_ct,2070,2080.0,M1,0.0,,,sv_2c
R12_PAS,gas_ct,2070,2090.0,M1,0.0,,,sv_2c
R12_PAS,gas_ct,2080,2080.0,M1,0.0,,,sv_2c
R12_PAS,gas_ct,2080,2090.0,M1,0.0,,,sv_2c
R12_PAS,gas_ct,2080,2100.0,M1,0.0,,,sv_2c
R12_PAS,gas_ct,2090,2090.0,M1,0.0,,,sv_2c
R12_PAS,gas_ct,2090,2100.0,M1,0.0,,,sv_2c
R12_PAS,gas_ct,2090,2110.0,M1,0.0,,,sv_2c
R12_PAS,gas_ct,2100,2100.0,M1,0.0,,,sv_2c
R12_PAS,gas_ct,2100,2110.0,M1,0.0,,,sv_2c
R12_PAS,gas_ct,2110,2110.0,M1,0.0,,,sv_2c
R12_PAS,gas_ppl,1970,1970.0,M1,0.0,,,sv_2c
R12_PAS,gas_ppl,1970,1975.0,M1,0.0,,,sv_2c
R12_PAS,gas_ppl,1970,1980.0,M1,0.0,,,sv_2c
R12_PAS,gas_ppl,1970,1985.0,M1,0.0,,,sv_2c
R12_PAS,gas_ppl,1970,1990.0,M1,0.0,,,sv_2c
R12_PAS,gas_ppl,1970,1995.0,M1,0.0,,,sv_2c
R12_PAS,gas_ppl,1970,2000.0,M1,0.0,,,sv_2c
R12_PAS,gas_ppl,1970,2005.0,M1,0.0,,,sv_2c
R12_PAS,gas_ppl,1970,2010.0,M1,0.0,,,sv_2c
R12_PAS,gas_ppl,1970,2015.0,M1,0.0,,,sv_2c
R12_PAS,gas_ppl,1970,2020.0,M1,0.0,,,sv_2c
R12_PAS,gas_ppl,1970,2025.0,M1,0.0,,,sv_2c
R12_PAS,gas_ppl,1975,1975.0,M1,0.0,,,sv_2c
R12_PAS,gas_ppl,1975,1980.0,M1,0.0,,,sv_2c
R12_PAS,gas_ppl,1975,1985.0,M1,0.0,,,sv_2c
R12_PAS,gas_ppl,1975,1990.0,M1,0.0,,,sv_2c
R12_PAS,gas_ppl,1975,1995.0,M1,0.0,,,sv_2c
R12_PAS,gas_ppl,1975,2000.0,M1,0.0,,,sv_2c
R12_PAS,gas_ppl,1975,2005.0,M1,0.0,,,sv_2c
R12_PAS,gas_ppl,1975,2010.0,M1,0.0,,,sv_2c
R12_PAS,gas_ppl,1975,2015.0,M1,0.0,,,sv_2c
R12_PAS,gas_ppl,1975,2020.0,M1,0.0,,,sv_2c
R12_PAS,gas_ppl,1975,2025.0,M1,0.0,,,sv_2c
R12_PAS,gas_ppl,1980,1980.0,M1,0.0,,,sv_2c
R12_PAS,gas_ppl,1980,1985.0,M1,0.0,,,sv_2c
R12_PAS,gas_ppl,1980,1990.0,M1,0.0,,,sv_2c
R12_PAS,gas_ppl,1980,1995.0,M1,0.0,,,sv_2c
R12_PAS,gas_ppl,1980,2000.0,M1,0.0,,,sv_2c
R12_PAS,gas_ppl,1980,2005.0,M1,0.0,,,sv_2c
R12_PAS,gas_ppl,1980,2010.0,M1,0.0,,,sv_2c
R12_PAS,gas_ppl,1980,2015.0,M1,0.0,,,sv_2c
R12_PAS,gas_ppl,1980,2020.0,M1,0.0,,,sv_2c
R12_PAS,gas_ppl,1980,2025.0,M1,0.0,,,sv_2c
R12_PAS,gas_ppl,1980,2030.0,M1,0.0,,,sv_2c
R12_PAS,gas_ppl,1985,1985.0,M1,0.0,,,sv_2c
R12_PAS,gas_ppl,1985,1990.0,M1,0.0,,,sv_2c
R12_PAS,gas_ppl,1985,1995.0,M1,0.0,,,sv_2c
R12_PAS,gas_ppl,1985,2000.0,M1,0.0,,,sv_2c
R12_PAS,gas_ppl,1985,2005.0,M1,0.0,,,sv_2c
R12_PAS,gas_ppl,1985,2010.0,M1,0.0,,,sv_2c
R12_PAS,gas_ppl,1985,2015.0,M1,0.0,,,sv_2c
R12_PAS,gas_ppl,1985,2020.0,M1,0.0,,,sv_2c
R12_PAS,gas_ppl,1985,2025.0,M1,0.0,,,sv_2c
R12_PAS,gas_ppl,1985,2030.0,M1,0.0,,,sv_2c
R12_PAS,gas_ppl,1990,1990.0,M1,0.0,,,sv_2c
R12_PAS,gas_ppl,1990,1995.0,M1,0.0,,,sv_2c
R12_PAS,gas_ppl,1990,2000.0,M1,0.0,,,sv_2c
R12_PAS,gas_ppl,1990,2005.0,M1,0.0,,,sv_2c
R12_PAS,gas_ppl,1990,2010.0,M1,0.0,,,sv_2c
R12_PAS,gas_ppl,1990,2015.0,M1,0.0,,,sv_2c
R12_PAS,gas_ppl,1990,2020.0,M1,0.0,,,sv_2c
R12_PAS,gas_ppl,1990,2025.0,M1,0.0,,,sv_2c
R12_PAS,gas_ppl,1990,2030.0,M1,0.0,,,sv_2c
R12_PAS,gas_ppl,1990,2035.0,M1,0.0,,,sv_2c
R12_PAS,gas_ppl,1995,1995.0,M1,0.0,,,sv_2c
R12_PAS,gas_ppl,1995,2000.0,M1,0.0,,,sv_2c
R12_PAS,gas_ppl,1995,2005.0,M1,0.0,,,sv_2c
R12_PAS,gas_ppl,1995,2010.0,M1,0.0,,,sv_2c
R12_PAS,gas_ppl,1995,2015.0,M1,0.0,,,sv_2c
R12_PAS,gas_ppl,1995,2020.0,M1,0.0,,,sv_2c
R12_PAS,gas_ppl,1995,2025.0,M1,0.0,,,sv_2c
R12_PAS,gas_ppl,1995,2030.0,M1,0.0,,,sv_2c
R12_PAS,gas_ppl,1995,2035.0,M1,0.0,,,sv_2c
R12_PAS,gas_ppl,2000,2000.0,M1,0.0,,,sv_2c
R12_PAS,gas_ppl,2000,2005.0,M1,0.0,,,sv_2c
R12_PAS,gas_ppl,2000,2010.0,M1,0.0,,,sv_2c
R12_PAS,gas_ppl,2000,2015.0,M1,0.0,,,sv_2c
R12_PAS,gas_ppl,2000,2020.0,M1,0.0,,,sv_2c
R12_PAS,gas_ppl,2000,2025.0,M1,0.0,,,sv_2c
R12_PAS,gas_ppl,2000,2030.0,M1,0.0,,,sv_2c
R12_PAS,gas_ppl,2000,2035.0,M1,0.0,,,sv_2c
R12_PAS,gas_ppl,2000,2040.0,M1,0.0,,,sv_2c
R12_PAS,gas_ppl,2005,2005.0,M1,0.0,,,sv_2c
R12_PAS,gas_ppl,2005,2010.0,M1,0.0,,,sv_2c
R12_PAS,gas_ppl,2005,2015.0,M1,0.0,,,sv_2c
R12_PAS,gas_ppl,2005,2020.0,M1,0.0,,,sv_2c
R12_PAS,gas_ppl,2005,2025.0,M1,0.0,,,sv_2c
R12_PAS,gas_ppl,2005,2030.0,M1,0.0,,,sv_2c
R12_PAS,gas_ppl,2005,2035.0,M1,0.0,,,sv_2c
R12_PAS,gas_ppl,2005,2040.0,M1,0.0,,,sv_2c
R12_PAS,gas_ppl,2010,2010.0,M1,0.0,,,sv_2c
R12_PAS,gas_ppl,2010,2015.0,M1,0.0,,,sv_2c
R12_PAS,gas_ppl,2010,2020.0,M1,0.0,,,sv_2c
R12_PAS,gas_ppl,2010,2025.0,M1,0.0,,,sv_2c
R12_PAS,gas_ppl,2010,2030.0,M1,0.0,,,sv_2c
R12_PAS,gas_ppl,2010,2035.0,M1,0.0,,,sv_2c
R12_PAS,gas_ppl,2010,2040.0,M1,0.0,,,sv_2c
R12_PAS,gas_ppl,2010,2045.0,M1,0.0,,,sv_2c
R12_PAS,gas_ppl,2015,2015.0,M1,0.0,,,sv_2c
R12_PAS,gas_ppl,2015,2020.0,M1,0.0,,,sv_2c
R12_PAS,gas_ppl,2015,2025.0,M1,0.0,,,sv_2c
R12_PAS,gas_ppl,2015,2030.0,M1,0.0,,,sv_2c
R12_PAS,gas_ppl,2015,2035.0,M1,0.0,,,sv_2c
R12_PAS,gas_ppl,2015,2040.0,M1,0.0,,,sv_2c
R12_PAS,gas_ppl,2015,2045.0,M1,0.0,,,sv_2c
R12_PAS,gas_ppl,2020,2020.0,M1,0.0,,,sv_2c
R12_PAS,gas_ppl,2020,2025.0,M1,0.0,,,sv_2c
R12_PAS,gas_ppl,2020,2030.0,M1,0.0,,,sv_2c
R12_PAS,gas_ppl,2020,2035.0,M1,0.0,,,sv_2c
R12_PAS,gas_ppl,2020,2040.0,M1,0.0,,,sv_2c
R12_PAS,gas_ppl,2020,2045.0,M1,0.0,,,sv_2c
R12_PAS,gas_ppl,2020,2050.0,M1,0.0,,,sv_2c
R12_PAS,gas_ppl,2025,2025.0,M1,0.0,,,sv_2c
R12_PAS,gas_ppl,2025,2030.0,M1,0.0,,,sv_2c
R12_PAS,gas_ppl,2025,2035.0,M1,0.0,,,sv_2c
R12_PAS,gas_ppl,2025,2040.0,M1,0.0,,,sv_2c
R12_PAS,gas_ppl,2025,2045.0,M1,0.0,,,sv_2c
R12_PAS,gas_ppl,2025,2050.0,M1,0.0,,,sv_2c
R12_PAS,gas_ppl,2030,2030.0,M1,0.0,,,sv_2c
R12_PAS,gas_ppl,2030,2035.0,M1,0.0,,,sv_2c
R12_PAS,gas_ppl,2030,2040.0,M1,0.0,,,sv_2c
R12_PAS,gas_ppl,2030,2045.0,M1,0.0,,,sv_2c
R12_PAS,gas_ppl,2030,2050.0,M1,0.0,,,sv_2c
R12_PAS,gas_ppl,2030,2055.0,M1,0.0,,,sv_2c
R12_PAS,gas_ppl,2035,2035.0,M1,0.0,,,sv_2c
R12_PAS,gas_ppl,2035,2040.0,M1,0.0,,,sv_2c
R12_PAS,gas_ppl,2035,2045.0,M1,0.0,,,sv_2c
R12_PAS,gas_ppl,2035,2050.0,M1,0.0,,,sv_2c
R12_PAS,gas_ppl,2035,2055.0,M1,0.0,,,sv_2c
R12_PAS,gas_ppl,2035,2060.0,M1,0.0,,,sv_2c
R12_PAS,gas_ppl,2040,2040.0,M1,0.0,,,sv_2c
R12_PAS,gas_ppl,2040,2045.0,M1,0.0,,,sv_2c
R12_PAS,gas_ppl,2040,2050.0,M1,0.0,,,sv_2c
R12_PAS,gas_ppl,2040,2055.0,M1,0.0,,,sv_2c
R12_PAS,gas_ppl,2040,2060.0,M1,0.0,,,sv_2c
R12_PAS,gas_ppl,2040,2070.0,M1,0.0,,,sv_2c
R12_PAS,gas_ppl,2045,2045.0,M1,0.0,,,sv_2c
R12_PAS,gas_ppl,2045,2050.0,M1,0.0,,,sv_2c
R12_PAS,gas_ppl,2045,2055.0,M1,0.0,,,sv_2c
R12_PAS,gas_ppl,2045,2060.0,M1,0.0,,,sv_2c
R12_PAS,gas_ppl,2045,2070.0,M1,0.0,,,sv_2c
R12_PAS,gas_ppl,2050,2050.0,M1,0.0,,,sv_2c
R12_PAS,gas_ppl,2050,2055.0,M1,0.0,,,sv_2c
R12_PAS,gas_ppl,2050,2060.0,M1,0.0,,,sv_2c
R12_PAS,gas_ppl,2050,2070.0,M1,0.0,,,sv_2c
R12_PAS,gas_ppl,2050,2080.0,M1,0.0,,,sv_2c
R12_PAS,gas_ppl,2055,2055.0,M1,0.0,,,sv_2c
R12_PAS,gas_ppl,2055,2060.0,M1,0.0,,,sv_2c
R12_PAS,gas_ppl,2055,2070.0,M1,0.0,,,sv_2c
R12_PAS,gas_ppl,2055,2080.0,M1,0.0,,,sv_2c
R12_PAS,gas_ppl,2060,2060.0,M1,0.0,,,sv_2c
R12_PAS,gas_ppl,2060,2070.0,M1,0.0,,,sv_2c
R12_PAS,gas_ppl,2060,2080.0,M1,0.0,,,sv_2c
R12_PAS,gas_ppl,2060,2090.0,M1,0.0,,,sv_2c
R12_PAS,gas_ppl,2070,2070.0,M1,0.0,,,sv_2c
R12_PAS,gas_ppl,2070,2080.0,M1,0.0,,,sv_2c
R12_PAS,gas_ppl,2070,2090.0,M1,0.0,,,sv_2c
R12_PAS,gas_ppl,2080,2080.0,M1,0.0,,,sv_2c
R12_PAS,gas_ppl,2080,2090.0,M1,0.0,,,sv_2c
R12_PAS,gas_ppl,2080,2100.0,M1,0.0,,,sv_2c
R12_PAS,gas_ppl,2090,2090.0,M1,0.0,,,sv_2c
R12_PAS,gas_ppl,2090,2100.0,M1,0.0,,,sv_2c
R12_PAS,gas_ppl,2090,2110.0,M1,0.0,,,sv_2c
R12_PAS,gas_ppl,2100,2100.0,M1,0.0,,,sv_2c
R12_PAS,gas_ppl,2100,2110.0,M1,0.0,,,sv_2c
R12_PAS,gas_ppl,2110,2110.0,M1,0.0,,,sv_2c
R12_PAS,igcc,2010,2010.0,M1,0.0,0.0,1295.59,sv_2c
R12_PAS,igcc,2010,2015.0,M1,0.0,,1295.59,sv_2c
R12_PAS,igcc,2010,2020.0,M1,0.0,,1295.59,sv_2c
R12_PAS,igcc,2010,2025.0,M1,0.0,,1295.59,sv_2c
R12_PAS,igcc,2010,2030.0,M1,0.0,0.0,1295.59,sv_2c
R12_PAS,igcc,2010,2035.0,M1,0.0,0.0,1295.59,sv_2c
R12_PAS,igcc,2015,2015.0,M1,0.0,0.0,1295.59,sv_2c
R12_PAS,igcc,2015,2020.0,M1,0.0,,1295.59,sv_2c
R12_PAS,igcc,2015,2025.0,M1,0.0,,1295.59,sv_2c
R12_PAS,igcc,2015,2030.0,M1,0.0,0.0,1295.59,sv_2c
R12_PAS,igcc,2015,2035.0,M1,0.0,0.0,1295.59,sv_2c
R12_PAS,igcc,2015,2040.0,M1,0.0,0.0,1295.59,sv_2c
R12_PAS,igcc,2020,2020.0,M1,0.0,0.0,1296.0,sv_2c
R12_PAS,igcc,2020,2025.0,M1,0.0,,1296.0,sv_2c
R12_PAS,igcc,2020,2030.0,M1,0.0,0.0,1296.0,sv_2c
R12_PAS,igcc,2020,2035.0,M1,0.0,0.0,1296.0,sv_2c
R12_PAS,igcc,2020,2040.0,M1,0.0,0.0,1296.0,sv_2c
R12_PAS,igcc,2020,2045.0,M1,0.0,0.0,1296.0,sv_2c
R12_PAS,igcc,2025,2025.0,M1,0.0,0.0,1296.0,sv_2c
R12_PAS,igcc,2025,2030.0,M1,0.0,0.0,1296.0,sv_2c
R12_PAS,igcc,2025,2035.0,M1,0.0,0.0,1296.0,sv_2c
R12_PAS,igcc,2025,2040.0,M1,0.0,0.0,1296.0,sv_2c
R12_PAS,igcc,2025,2045.0,M1,0.0,0.0,1296.0,sv_2c
R12_PAS,igcc,2025,2050.0,M1,0.0,0.0,1296.0,sv_2c
R12_PAS,igcc,2030,2030.0,M1,0.0,0.0,1241.099953160243,sv_2c
R12_PAS,igcc,2030,2035.0,M1,0.0,0.0,1241.099953160243,sv_2c
R12_PAS,igcc,2030,2040.0,M1,0.0,0.0,1241.099953160243,sv_2c
R12_PAS,igcc,2030,2045.0,M1,0.0,0.0,1241.099953160243,sv_2c
R12_PAS,igcc,2030,2050.0,M1,0.0,0.0,1241.099953160243,sv_2c
R12_PAS,igcc,2030,2055.0,M1,0.0,0.0,1241.099953160243,sv_2c
R12_PAS,igcc,2035,2035.0,M1,0.0,0.0,1197.5918970548275,sv_2c
R12_PAS,igcc,2035,2040.0,M1,0.0,0.0,1197.5918970548275,sv_2c
R12_PAS,igcc,2035,2045.0,M1,0.0,0.0,1197.5918970548275,sv_2c
R12_PAS,igcc,2035,2050.0,M1,0.0,0.0,1197.5918970548275,sv_2c
R12_PAS,igcc,2035,2055.0,M1,0.0,0.0,1197.5918970548275,sv_2c
R12_PAS,igcc,2035,2060.0,M1,0.0,0.0,1197.5918970548275,sv_2c
R12_PAS,igcc,2040,2040.0,M1,0.0,0.0,1162.0993156793093,sv_2c
R12_PAS,igcc,2040,2045.0,M1,0.0,0.0,1162.0993156793093,sv_2c
R12_PAS,igcc,2040,2050.0,M1,0.0,0.0,1162.0993156793093,sv_2c
R12_PAS,igcc,2040,2055.0,M1,0.0,0.0,1162.0993156793093,sv_2c
R12_PAS,igcc,2040,2060.0,M1,0.0,0.0,1162.0993156793093,sv_2c
R12_PAS,igcc,2040,2070.0,M1,0.0,0.0,1162.0993156793093,sv_2c
R12_PAS,igcc,2045,2045.0,M1,0.0,0.0,1134.0042664727846,sv_2c
R12_PAS,igcc,2045,2050.0,M1,0.0,0.0,1134.0042664727846,sv_2c
R12_PAS,igcc,2045,2055.0,M1,0.0,0.0,1134.0042664727846,sv_2c
R12_PAS,igcc,2045,2060.0,M1,0.0,0.0,1134.0042664727846,sv_2c
R12_PAS,igcc,2045,2070.0,M1,0.0,0.0,1134.0042664727846,sv_2c
R12_PAS,igcc,2050,2050.0,M1,0.0,0.0,1112.7313059384248,sv_2c
R12_PAS,igcc,2050,2055.0,M1,0.0,0.0,1112.7313059384248,sv_2c
R12_PAS,igcc,2050,2060.0,M1,0.0,0.0,1112.7313059384248,sv_2c
R12_PAS,igcc,2050,2070.0,M1,0.0,0.0,1112.7313059384248,sv_2c
R12_PAS,igcc,2050,2080.0,M1,0.0,0.0,1112.7313059384248,sv_2c
R12_PAS,igcc,2055,2055.0,M1,0.0,0.0,1097.3505098248847,sv_2c
R12_PAS,igcc,2055,2060.0,M1,0.0,0.0,1097.3505098248847,sv_2c
R12_PAS,igcc,2055,2070.0,M1,0.0,0.0,1097.3505098248847,sv_2c
R12_PAS,igcc,2055,2080.0,M1,0.0,0.0,1097.3505098248847,sv_2c
R12_PAS,igcc,2060,2060.0,M1,0.0,0.0,1087.490499695518,sv_2c
R12_PAS,igcc,2060,2070.0,M1,0.0,0.0,1087.490499695518,sv_2c
R12_PAS,igcc,2060,2080.0,M1,0.0,0.0,1087.490499695518,sv_2c
R12_PAS,igcc,2060,2090.0,M1,0.0,0.0,1087.490499695518,sv_2c
R12_PAS,igcc,2070,2070.0,M1,0.0,0.0,1080.4377833812378,sv_2c
R12_PAS,igcc,2070,2080.0,M1,0.0,0.0,1080.4377833812378,sv_2c
R12_PAS,igcc,2070,2090.0,M1,0.0,0.0,1080.4377833812378,sv_2c
R12_PAS,igcc,2080,2080.0,M1,0.0,0.0,1084.8033335000953,sv_2c
R12_PAS,igcc,2080,2090.0,M1,0.0,0.0,1084.8033335000953,sv_2c
R12_PAS,igcc,2080,2100.0,M1,0.0,0.0,1084.8033335000953,sv_2c
R12_PAS,igcc,2090,2090.0,M1,0.0,0.0,1094.8631117037762,sv_2c
R12_PAS,igcc,2090,2100.0,M1,0.0,0.0,1094.8631117037762,sv_2c
R12_PAS,igcc,2090,2110.0,M1,0.0,0.0,1094.8631117037762,sv_2c
R12_PAS,igcc,2100,2100.0,M1,0.0,0.0,1108.8295889058886,sv_2c
R12_PAS,igcc,2100,2110.0,M1,0.0,0.0,1108.8295889058886,sv_2c
R12_PAS,igcc,2110,2110.0,M1,0.0,0.0,1108.8295889058886,sv_2c
R12_PAS,igcc_ccs,2030,2030.0,M1,0.0,0.0,3240.607205034082,sv_2c
R12_PAS,igcc_ccs,2030,2035.0,M1,0.0,0.0,3240.607205034082,sv_2c
R12_PAS,igcc_ccs,2030,2040.0,M1,0.0,0.0,3240.607205034082,sv_2c
R12_PAS,igcc_ccs,2030,2045.0,M1,0.0,0.0,3240.607205034082,sv_2c
R12_PAS,igcc_ccs,2030,2050.0,M1,0.0,0.0,3240.607205034082,sv_2c
R12_PAS,igcc_ccs,2030,2055.0,M1,0.0,0.0,3240.607205034082,sv_2c
R12_PAS,igcc_ccs,2035,2035.0,M1,0.0,0.0,3108.5424750106986,sv_2c
R12_PAS,igcc_ccs,2035,2040.0,M1,0.0,0.0,3108.5424750106986,sv_2c
R12_PAS,igcc_ccs,2035,2045.0,M1,0.0,0.0,3108.5424750106986,sv_2c
R12_PAS,igcc_ccs,2035,2050.0,M1,0.0,0.0,3108.5424750106986,sv_2c
R12_PAS,igcc_ccs,2035,2055.0,M1,0.0,0.0,3108.5424750106986,sv_2c
R12_PAS,igcc_ccs,2035,2060.0,M1,0.0,0.0,3108.5424750106986,sv_2c
R12_PAS,igcc_ccs,2040,2040.0,M1,0.0,0.0,3001.661140754344,sv_2c
R12_PAS,igcc_ccs,2040,2045.0,M1,0.0,0.0,3001.661140754344,sv_2c
R12_PAS,igcc_ccs,2040,2050.0,M1,0.0,0.0,3001.661140754344,sv_2c
R12_PAS,igcc_ccs,2040,2055.0,M1,0.0,0.0,3001.661140754344,sv_2c
R12_PAS,igcc_ccs,2040,2060.0,M1,0.0,0.0,3001.661140754344,sv_2c
R12_PAS,igcc_ccs,2040,2070.0,M1,0.0,0.0,3001.661140754344,sv_2c
R12_PAS,igcc_ccs,2045,2045.0,M1,0.0,0.0,2916.651012390412,sv_2c
R12_PAS,igcc_ccs,2045,2050.0,M1,0.0,0.0,2916.651012390412,sv_2c
R12_PAS,igcc_ccs,2045,2055.0,M1,0.0,0.0,2916.651012390412,sv_2c
R12_PAS,igcc_ccs,2045,2060.0,M1,0.0,0.0,2916.651012390412,sv_2c
R12_PAS,igcc_ccs,2045,2070.0,M1,0.0,0.0,2916.651012390412,sv_2c
R12_PAS,igcc_ccs,2050,2050.0,M1,0.0,0.0,2850.7196202250534,sv_2c
R12_PAS,igcc_ccs,2050,2055.0,M1,0.0,0.0,2850.7196202250534,sv_2c
R12_PAS,igcc_ccs,2050,2060.0,M1,0.0,0.0,2850.7196202250534,sv_2c
R12_PAS,igcc_ccs,2050,2070.0,M1,0.0,0.0,2850.7196202250534,sv_2c
R12_PAS,igcc_ccs,2050,2080.0,M1,0.0,0.0,2850.7196202250534,sv_2c
R12_PAS,igcc_ccs,2055,2055.0,M1,0.0,0.0,2800.8131075404485,sv_2c
R12_PAS,igcc_ccs,2055,2060.0,M1,0.0,0.0,2800.8131075404485,sv_2c
R12_PAS,igcc_ccs,2055,2070.0,M1,0.0,0.0,2800.8131075404485,sv_2c
R12_PAS,igcc_ccs,2055,2080.0,M1,0.0,0.0,2800.8131075404485,sv_2c
R12_PAS,igcc_ccs,2060,2060.0,M1,0.0,0.0,2765.1372120224687,sv_2c
R12_PAS,igcc_ccs,2060,2070.0,M1,0.0,0.0,2765.1372120224687,sv_2c
R12_PAS,igcc_ccs,2060,2080.0,M1,0.0,0.0,2765.1372120224687,sv_2c
R12_PAS,igcc_ccs,2060,2090.0,M1,0.0,0.0,2765.1372120224687,sv_2c
R12_PAS,igcc_ccs,2070,2070.0,M1,0.0,0.0,2726.1961910918985,sv_2c
R12_PAS,igcc_ccs,2070,2080.0,M1,0.0,0.0,2726.1961910918985,sv_2c
R12_PAS,igcc_ccs,2070,2090.0,M1,0.0,0.0,2726.1961910918985,sv_2c
R12_PAS,igcc_ccs,2080,2080.0,M1,0.0,0.0,2716.7324048398577,sv_2c
R12_PAS,igcc_ccs,2080,2090.0,M1,0.0,0.0,2716.7324048398577,sv_2c
R12_PAS,igcc_ccs,2080,2100.0,M1,0.0,0.0,2716.7324048398577,sv_2c
R12_PAS,igcc_ccs,2090,2090.0,M1,0.0,0.0,2723.329529999372,sv_2c
R12_PAS,igcc_ccs,2090,2100.0,M1,0.0,0.0,2723.329529999372,sv_2c
R12_PAS,igcc_ccs,2090,2110.0,M1,0.0,0.0,2723.329529999372,sv_2c
R12_PAS,igcc_ccs,2100,2100.0,M1,0.0,0.0,2740.668971635192,sv_2c
R12_PAS,igcc_ccs,2100,2110.0,M1,0.0,0.0,2740.668971635192,sv_2c
R12_PAS,igcc_ccs,2110,2110.0,M1,0.0,0.0,2740.668971635192,sv_2c
R12_RCPA,coal_adv,1995,1995.0,M1,0.0,0.0,566.82,sv_2c
R12_RCPA,coal_adv,1995,2000.0,M1,0.0,,566.82,sv_2c
R12_RCPA,coal_adv,1995,2005.0,M1,0.0,,566.82,sv_2c
R12_RCPA,coal_adv,1995,2010.0,M1,0.0,,566.82,sv_2c
R12_RCPA,coal_adv,1995,2015.0,M1,0.0,,566.82,sv_2c
R12_RCPA,coal_adv,1995,2020.0,M1,0.0,,566.82,sv_2c
R12_RCPA,coal_adv,2000,2000.0,M1,0.0,0.0,566.82,sv_2c
R12_RCPA,coal_adv,2000,2005.0,M1,0.0,,566.82,sv_2c
R12_RCPA,coal_adv,2000,2010.0,M1,0.0,,566.82,sv_2c
R12_RCPA,coal_adv,2000,2015.0,M1,0.0,,566.82,sv_2c
R12_RCPA,coal_adv,2000,2020.0,M1,0.0,,566.82,sv_2c
R12_RCPA,coal_adv,2000,2025.0,M1,0.0,,566.82,sv_2c
R12_RCPA,coal_adv,2005,2005.0,M1,0.0,0.0,566.82,sv_2c
R12_RCPA,coal_adv,2005,2010.0,M1,0.0,,566.82,sv_2c
R12_RCPA,coal_adv,2005,2015.0,M1,0.0,,566.82,sv_2c
R12_RCPA,coal_adv,2005,2020.0,M1,0.0,,566.82,sv_2c
R12_RCPA,coal_adv,2005,2025.0,M1,0.0,,566.82,sv_2c
R12_RCPA,coal_adv,2005,2030.0,M1,0.0,0.0,566.82,sv_2c
R12_RCPA,coal_adv,2010,2010.0,M1,0.0,0.0,566.82,sv_2c
R12_RCPA,coal_adv,2010,2015.0,M1,0.0,,566.82,sv_2c
R12_RCPA,coal_adv,2010,2020.0,M1,0.0,,566.82,sv_2c
R12_RCPA,coal_adv,2010,2025.0,M1,0.0,,566.82,sv_2c
R12_RCPA,coal_adv,2010,2030.0,M1,0.0,0.0,566.82,sv_2c
R12_RCPA,coal_adv,2010,2035.0,M1,0.0,0.0,566.82,sv_2c
R12_RCPA,coal_adv,2015,2015.0,M1,0.0,0.0,566.82,sv_2c
R12_RCPA,coal_adv,2015,2020.0,M1,0.0,,566.82,sv_2c
R12_RCPA,coal_adv,2015,2025.0,M1,0.0,,566.82,sv_2c
R12_RCPA,coal_adv,2015,2030.0,M1,1.0175920000000003,1.2440000000000002,566.82,sv_2c
R12_RCPA,coal_adv,2015,2035.0,M1,1.0374960000000002,1.2440000000000002,566.82,sv_2c
R12_RCPA,coal_adv,2015,2040.0,M1,1.0574000000000001,1.2440000000000002,566.82,sv_2c
R12_RCPA,coal_adv,2020,2020.0,M1,0.0,0.0,567.0000000000001,sv_2c
R12_RCPA,coal_adv,2020,2025.0,M1,0.0,,567.0000000000001,sv_2c
R12_RCPA,coal_adv,2020,2030.0,M1,0.562784,0.688,567.0000000000001,sv_2c
R12_RCPA,coal_adv,2020,2035.0,M1,0.573792,0.688,567.0000000000001,sv_2c
R12_RCPA,coal_adv,2020,2040.0,M1,0.5848,0.688,567.0000000000001,sv_2c
R12_RCPA,coal_adv,2020,2045.0,M1,0.11247264853722744,0.13232076298497347,567.0000000000001,sv_2c
R12_RCPA,coal_adv,2025,2025.0,M1,0.0,0.0,567.0000000000001,sv_2c
R12_RCPA,coal_adv,2025,2030.0,M1,4.115126970055167,5.030717567304604,567.0000000000001,sv_2c
R12_RCPA,coal_adv,2025,2035.0,M1,4.19561845113204,5.030717567304604,567.0000000000001,sv_2c
R12_RCPA,coal_adv,2025,2040.0,M1,4.2761099322089136,5.030717567304604,567.0000000000001,sv_2c
R12_RCPA,coal_adv,2025,2045.0,M1,0.0,0.0,567.0000000000001,sv_2c
R12_RCPA,coal_adv,2025,2050.0,M1,0.0,0.0,567.0000000000001,sv_2c
R12_RCPA,coal_adv,2030,2030.0,M1,0.07816845879272473,0.09556046307179061,583.7203052550369,sv_2c
R12_RCPA,coal_adv,2030,2035.0,M1,0.07969742620187337,0.09556046307179061,583.7203052550369,sv_2c
R12_RCPA,coal_adv,2030,2040.0,M1,0.08122639361102202,0.09556046307179061,583.7203052550369,sv_2c
R12_RCPA,coal_adv,2030,2045.0,M1,0.0,0.0,583.7203052550369,sv_2c
R12_RCPA,coal_adv,2030,2050.0,M1,0.0,0.0,583.7203052550369,sv_2c
R12_RCPA,coal_adv,2030,2055.0,M1,0.0,0.0,583.7203052550369,sv_2c
R12_RCPA,coal_adv,2035,2035.0,M1,0.0,0.0,605.4080522143967,sv_2c
R12_RCPA,coal_adv,2035,2040.0,M1,0.0,0.0,605.4080522143967,sv_2c
R12_RCPA,coal_adv,2035,2045.0,M1,0.0,0.0,605.4080522143967,sv_2c
R12_RCPA,coal_adv,2035,2050.0,M1,0.0,0.0,605.4080522143967,sv_2c
R12_RCPA,coal_adv,2035,2055.0,M1,0.0,0.0,605.4080522143967,sv_2c
R12_RCPA,coal_adv,2035,2060.0,M1,0.0,0.0,605.4080522143967,sv_2c
R12_RCPA,coal_adv,2040,2040.0,M1,0.0,0.0,622.2118919667147,sv_2c
R12_RCPA,coal_adv,2040,2045.0,M1,0.0,0.0,622.2118919667147,sv_2c
R12_RCPA,coal_adv,2040,2050.0,M1,0.0,0.0,622.2118919667147,sv_2c
R12_RCPA,coal_adv,2040,2055.0,M1,0.0,0.0,622.2118919667147,sv_2c
R12_RCPA,coal_adv,2040,2060.0,M1,0.0,0.0,622.2118919667147,sv_2c
R12_RCPA,coal_adv,2040,2070.0,M1,0.0,0.0,622.2118919667147,sv_2c
R12_RCPA,coal_adv,2045,2045.0,M1,0.0,0.0,636.6796775047613,sv_2c
R12_RCPA,coal_adv,2045,2050.0,M1,0.0,0.0,636.6796775047613,sv_2c
R12_RCPA,coal_adv,2045,2055.0,M1,0.0,0.0,636.6796775047613,sv_2c
R12_RCPA,coal_adv,2045,2060.0,M1,0.0,0.0,636.6796775047613,sv_2c
R12_RCPA,coal_adv,2045,2070.0,M1,0.0,0.0,636.6796775047613,sv_2c
R12_RCPA,coal_adv,2050,2050.0,M1,0.0,0.0,650.7051527258668,sv_2c
R12_RCPA,coal_adv,2050,2055.0,M1,0.0,0.0,650.7051527258668,sv_2c
R12_RCPA,coal_adv,2050,2060.0,M1,0.0,0.0,650.7051527258668,sv_2c
R12_RCPA,coal_adv,2050,2070.0,M1,0.0,0.0,650.7051527258668,sv_2c
R12_RCPA,coal_adv,2050,2080.0,M1,0.0,0.0,650.7051527258668,sv_2c
R12_RCPA,coal_adv,2055,2055.0,M1,0.0,0.0,665.356689131443,sv_2c
R12_RCPA,coal_adv,2055,2060.0,M1,0.0,0.0,665.356689131443,sv_2c
R12_RCPA,coal_adv,2055,2070.0,M1,0.0,0.0,665.356689131443,sv_2c
R12_RCPA,coal_adv,2055,2080.0,M1,0.0,0.0,665.356689131443,sv_2c
R12_RCPA,coal_adv,2060,2060.0,M1,0.0,0.0,682.0192222160421,sv_2c
R12_RCPA,coal_adv,2060,2070.0,M1,0.0,0.0,682.0192222160421,sv_2c
R12_RCPA,coal_adv,2060,2080.0,M1,0.0,0.0,682.0192222160421,sv_2c
R12_RCPA,coal_adv,2060,2090.0,M1,0.0,0.0,682.0192222160421,sv_2c
R12_RCPA,coal_adv,2070,2070.0,M1,0.0,0.0,721.9603154420971,sv_2c
R12_RCPA,coal_adv,2070,2080.0,M1,0.0,0.0,721.9603154420971,sv_2c
R12_RCPA,coal_adv,2070,2090.0,M1,0.0,0.0,721.9603154420971,sv_2c
R12_RCPA,coal_adv,2080,2080.0,M1,0.0,0.0,763.8292801582425,sv_2c
R12_RCPA,coal_adv,2080,2090.0,M1,0.0,0.0,763.8292801582425,sv_2c
R12_RCPA,coal_adv,2080,2100.0,M1,0.0,0.0,763.8292801582425,sv_2c
R12_RCPA,coal_adv,2090,2090.0,M1,0.0,0.0,803.7751986005655,sv_2c
R12_RCPA,coal_adv,2090,2100.0,M1,0.0,0.0,803.7751986005655,sv_2c
R12_RCPA,coal_adv,2090,2110.0,M1,0.0,0.0,803.7751986005655,sv_2c
R12_RCPA,coal_adv,2100,2100.0,M1,0.0,0.0,846.3423976048898,sv_2c
R12_RCPA,coal_adv,2100,2110.0,M1,0.0,0.0,846.3423976048898,sv_2c
R12_RCPA,coal_adv,2110,2110.0,M1,0.0,0.0,846.3423976048898,sv_2c
R12_RCPA,coal_adv_ccs,2030,2030.0,M1,0.0,0.0,2666.2231997147587,sv_2c
R12_RCPA,coal_adv_ccs,2030,2035.0,M1,0.0,0.0,2666.2231997147587,sv_2c
R12_RCPA,coal_adv_ccs,2030,2040.0,M1,0.0,0.0,2666.2231997147587,sv_2c
R12_RCPA,coal_adv_ccs,2030,2045.0,M1,0.0,0.0,2666.2231997147587,sv_2c
R12_RCPA,coal_adv_ccs,2030,2050.0,M1,0.0,0.0,2666.2231997147587,sv_2c
R12_RCPA,coal_adv_ccs,2030,2055.0,M1,0.0,0.0,2666.2231997147587,sv_2c
R12_RCPA,coal_adv_ccs,2035,2035.0,M1,0.0,0.0,2608.99556366198,sv_2c
R12_RCPA,coal_adv_ccs,2035,2040.0,M1,0.0,0.0,2608.99556366198,sv_2c
R12_RCPA,coal_adv_ccs,2035,2045.0,M1,0.0,0.0,2608.99556366198,sv_2c
R12_RCPA,coal_adv_ccs,2035,2050.0,M1,0.0,0.0,2608.99556366198,sv_2c
R12_RCPA,coal_adv_ccs,2035,2055.0,M1,0.0,0.0,2608.99556366198,sv_2c
R12_RCPA,coal_adv_ccs,2035,2060.0,M1,0.0,0.0,2608.99556366198,sv_2c
R12_RCPA,coal_adv_ccs,2040,2040.0,M1,0.0,0.0,2562.301150047345,sv_2c
R12_RCPA,coal_adv_ccs,2040,2045.0,M1,0.0,0.0,2562.301150047345,sv_2c
R12_RCPA,coal_adv_ccs,2040,2050.0,M1,0.0,0.0,2562.301150047345,sv_2c
R12_RCPA,coal_adv_ccs,2040,2055.0,M1,0.0,0.0,2562.301150047345,sv_2c
R12_RCPA,coal_adv_ccs,2040,2060.0,M1,0.0,0.0,2562.301150047345,sv_2c
R12_RCPA,coal_adv_ccs,2040,2070.0,M1,0.0,0.0,2562.301150047345,sv_2c
R12_RCPA,coal_adv_ccs,2045,2045.0,M1,0.0,0.0,2526.512857973203,sv_2c
R12_RCPA,coal_adv_ccs,2045,2050.0,M1,0.0,0.0,2526.512857973203,sv_2c
R12_RCPA,coal_adv_ccs,2045,2055.0,M1,0.0,0.0,2526.512857973203,sv_2c
R12_RCPA,coal_adv_ccs,2045,2060.0,M1,0.0,0.0,2526.512857973203,sv_2c
R12_RCPA,coal_adv_ccs,2045,2070.0,M1,0.0,0.0,2526.512857973203,sv_2c
R12_RCPA,coal_adv_ccs,2050,2050.0,M1,0.0,0.0,2501.6997377322336,sv_2c
R12_RCPA,coal_adv_ccs,2050,2055.0,M1,0.0,0.0,2501.6997377322336,sv_2c
R12_RCPA,coal_adv_ccs,2050,2060.0,M1,0.0,0.0,2501.6997377322336,sv_2c
R12_RCPA,coal_adv_ccs,2050,2070.0,M1,0.0,0.0,2501.6997377322336,sv_2c
R12_RCPA,coal_adv_ccs,2050,2080.0,M1,0.0,0.0,2501.6997377322336,sv_2c
R12_RCPA,coal_adv_ccs,2055,2055.0,M1,0.0,0.0,2487.2134815367504,sv_2c
R12_RCPA,coal_adv_ccs,2055,2060.0,M1,0.0,0.0,2487.2134815367504,sv_2c
R12_RCPA,coal_adv_ccs,2055,2070.0,M1,0.0,0.0,2487.2134815367504,sv_2c
R12_RCPA,coal_adv_ccs,2055,2080.0,M1,0.0,0.0,2487.2134815367504,sv_2c
R12_RCPA,coal_adv_ccs,2060,2060.0,M1,0.0,0.0,2483.3673050253383,sv_2c
R12_RCPA,coal_adv_ccs,2060,2070.0,M1,0.0,0.0,2483.3673050253383,sv_2c
R12_RCPA,coal_adv_ccs,2060,2080.0,M1,0.0,0.0,2483.3673050253383,sv_2c
R12_RCPA,coal_adv_ccs,2060,2090.0,M1,0.0,0.0,2483.3673050253383,sv_2c
R12_RCPA,coal_adv_ccs,2070,2070.0,M1,0.0,0.0,2502.8424879421455,sv_2c
R12_RCPA,coal_adv_ccs,2070,2080.0,M1,0.0,0.0,2502.8424879421455,sv_2c
R12_RCPA,coal_adv_ccs,2070,2090.0,M1,0.0,0.0,2502.8424879421455,sv_2c
R12_RCPA,coal_adv_ccs,2080,2080.0,M1,0.0,0.0,2540.8905823910663,sv_2c
R12_RCPA,coal_adv_ccs,2080,2090.0,M1,0.0,0.0,2540.8905823910663,sv_2c
R12_RCPA,coal_adv_ccs,2080,2100.0,M1,0.0,0.0,2540.8905823910663,sv_2c
R12_RCPA,coal_adv_ccs,2090,2090.0,M1,0.0,0.0,2585.8791655576556,sv_2c
R12_RCPA,coal_adv_ccs,2090,2100.0,M1,0.0,0.0,2585.8791655576556,sv_2c
R12_RCPA,coal_adv_ccs,2090,2110.0,M1,0.0,0.0,2585.8791655576556,sv_2c
R12_RCPA,coal_adv_ccs,2100,2100.0,M1,0.0,0.0,2641.3722371575564,sv_2c
R12_RCPA,coal_adv_ccs,2100,2110.0,M1,0.0,0.0,2641.3722371575564,sv_2c
R12_RCPA,coal_adv_ccs,2110,2110.0,M1,0.0,0.0,2641.3722371575564,sv_2c
R12_RCPA,coal_ppl,1980,1980.0,M1,0.0,0.0,485.85,sv_2c
R12_RCPA,coal_ppl,1980,1985.0,M1,0.0,,485.85,sv_2c
R12_RCPA,coal_ppl,1980,1990.0,M1,0.0,,485.85,sv_2c
R12_RCPA,coal_ppl,1980,1995.0,M1,0.0,,485.85,sv_2c
R12_RCPA,coal_ppl,1980,2000.0,M1,0.0,,485.85,sv_2c
R12_RCPA,coal_ppl,1980,2005.0,M1,0.0,,485.85,sv_2c
R12_RCPA,coal_ppl,1980,2010.0,M1,0.0,,485.85,sv_2c
R12_RCPA,coal_ppl,1980,2015.0,M1,0.0,,485.85,sv_2c
R12_RCPA,coal_ppl,1980,2020.0,M1,0.0,,485.85,sv_2c
R12_RCPA,coal_ppl,1980,2025.0,M1,0.0,,485.85,sv_2c
R12_RCPA,coal_ppl,1985,1985.0,M1,0.0,0.0,485.85,sv_2c
R12_RCPA,coal_ppl,1985,1990.0,M1,0.0,,485.85,sv_2c
R12_RCPA,coal_ppl,1985,1995.0,M1,0.0,,485.85,sv_2c
R12_RCPA,coal_ppl,1985,2000.0,M1,0.0,,485.85,sv_2c
R12_RCPA,coal_ppl,1985,2005.0,M1,0.0,,485.85,sv_2c
R12_RCPA,coal_ppl,1985,2010.0,M1,0.0,,485.85,sv_2c
R12_RCPA,coal_ppl,1985,2015.0,M1,0.0,,485.85,sv_2c
R12_RCPA,coal_ppl,1985,2020.0,M1,0.0,,485.85,sv_2c
R12_RCPA,coal_ppl,1985,2025.0,M1,0.0,,485.85,sv_2c
R12_RCPA,coal_ppl,1990,1990.0,M1,0.0,0.0,485.85,sv_2c
R12_RCPA,coal_ppl,1990,1995.0,M1,0.0,,485.85,sv_2c
R12_RCPA,coal_ppl,1990,2000.0,M1,0.0,,485.85,sv_2c
R12_RCPA,coal_ppl,1990,2005.0,M1,0.0,,485.85,sv_2c
R12_RCPA,coal_ppl,1990,2010.0,M1,0.0,,485.85,sv_2c
R12_RCPA,coal_ppl,1990,2015.0,M1,0.0,,485.85,sv_2c
R12_RCPA,coal_ppl,1990,2020.0,M1,0.0,,485.85,sv_2c
R12_RCPA,coal_ppl,1990,2025.0,M1,0.0,,485.85,sv_2c
R12_RCPA,coal_ppl,1990,2030.0,M1,0.0,0.0,485.85,sv_2c
R12_RCPA,coal_ppl,1995,1995.0,M1,0.0,0.0,485.85,sv_2c
R12_RCPA,coal_ppl,1995,2000.0,M1,0.0,,485.85,sv_2c
R12_RCPA,coal_ppl,1995,2005.0,M1,0.0,,485.85,sv_2c
R12_RCPA,coal_ppl,1995,2010.0,M1,0.0,,485.85,sv_2c
R12_RCPA,coal_ppl,1995,2015.0,M1,0.0,,485.85,sv_2c
R12_RCPA,coal_ppl,1995,2020.0,M1,0.0,,485.85,sv_2c
R12_RCPA,coal_ppl,1995,2025.0,M1,0.0,,485.85,sv_2c
R12_RCPA,coal_ppl,1995,2030.0,M1,0.0,0.0,485.85,sv_2c
R12_RCPA,coal_ppl,2000,2000.0,M1,0.0,0.0,485.85,sv_2c
R12_RCPA,coal_ppl,2000,2005.0,M1,0.0,,485.85,sv_2c
R12_RCPA,coal_ppl,2000,2010.0,M1,0.0,,485.85,sv_2c
R12_RCPA,coal_ppl,2000,2015.0,M1,0.0,,485.85,sv_2c
R12_RCPA,coal_ppl,2000,2020.0,M1,0.0,,485.85,sv_2c
R12_RCPA,coal_ppl,2000,2025.0,M1,0.0,,485.85,sv_2c
R12_RCPA,coal_ppl,2000,2030.0,M1,0.0,0.0,485.85,sv_2c
R12_RCPA,coal_ppl,2000,2035.0,M1,0.0,0.0,485.85,sv_2c
R12_RCPA,coal_ppl,2005,2005.0,M1,0.0,0.0,485.85,sv_2c
R12_RCPA,coal_ppl,2005,2010.0,M1,0.0,,485.85,sv_2c
R12_RCPA,coal_ppl,2005,2015.0,M1,0.0,,485.85,sv_2c
R12_RCPA,coal_ppl,2005,2020.0,M1,0.0,,485.85,sv_2c
R12_RCPA,coal_ppl,2005,2025.0,M1,0.0,,485.85,sv_2c
R12_RCPA,coal_ppl,2005,2030.0,M1,0.9802403469210754,1.1925065047701646,485.85,sv_2c
R12_RCPA,coal_ppl,2010,2010.0,M1,0.0,0.0,485.85,sv_2c
R12_RCPA,coal_ppl,2010,2015.0,M1,0.0,,485.85,sv_2c
R12_RCPA,coal_ppl,2010,2020.0,M1,0.0,,485.85,sv_2c
R12_RCPA,coal_ppl,2010,2025.0,M1,0.0,,485.85,sv_2c
R12_RCPA,coal_ppl,2010,2030.0,M1,0.0,0.3,485.85,sv_2c
R12_RCPA,coal_ppl,2010,2035.0,M1,0.0,0.0,485.85,sv_2c
R12_RCPA,coal_ppl,2015,2015.0,M1,0.0,0.0,485.85,sv_2c
R12_RCPA,coal_ppl,2015,2020.0,M1,0.0,,485.85,sv_2c
R12_RCPA,coal_ppl,2015,2025.0,M1,0.0,,485.85,sv_2c
R12_RCPA,coal_ppl,2015,2030.0,M1,0.0,0.66,485.85,sv_2c
R12_RCPA,coal_ppl,2015,2035.0,M1,0.0,0.0,485.85,sv_2c
R12_RCPA,coal_ppl,2015,2040.0,M1,0.0,0.0,485.85,sv_2c
R12_RCPA,coal_ppl,2020,2020.0,M1,0.0,0.0,486.00000000000006,sv_2c
R12_RCPA,coal_ppl,2020,2025.0,M1,0.0,,486.00000000000006,sv_2c
R12_RCPA,coal_ppl,2020,2030.0,M1,0.0,4.8904245473879895,486.00000000000006,sv_2c
R12_RCPA,coal_ppl,2020,2035.0,M1,4.088394921616359,4.8904245473879895,486.00000000000006,sv_2c
R12_RCPA,coal_ppl,2020,2040.0,M1,0.0,4.8904245473879895,486.00000000000006,sv_2c
R12_RCPA,coal_ppl,2020,2045.0,M1,0.0,4.613143219209691,486.00000000000006,sv_2c
R12_RCPA,coal_ppl,2025,2025.0,M1,0.0,0.0,486.00000000000006,sv_2c
R12_RCPA,coal_ppl,2025,2030.0,M1,4.476742749861378,7.260154574084807,486.00000000000006,sv_2c
R12_RCPA,coal_ppl,2025,2035.0,M1,5.1946572113533875,7.260154574084807,486.00000000000006,sv_2c
R12_RCPA,coal_ppl,2025,2040.0,M1,0.0,7.260154574084807,486.00000000000006,sv_2c
R12_RCPA,coal_ppl,2025,2045.0,M1,0.0,0.0,486.00000000000006,sv_2c
R12_RCPA,coal_ppl,2025,2050.0,M1,0.0,0.0,486.00000000000006,sv_2c
R12_RCPA,coal_ppl,2030,2030.0,M1,0.0,0.0,513.6251587210821,sv_2c
R12_RCPA,coal_ppl,2030,2035.0,M1,0.0,0.0,513.6251587210821,sv_2c
R12_RCPA,coal_ppl,2030,2040.0,M1,0.0,0.0,513.6251587210821,sv_2c
R12_RCPA,coal_ppl,2030,2045.0,M1,0.0,0.0,513.6251587210821,sv_2c
R12_RCPA,coal_ppl,2030,2050.0,M1,0.0,0.0,513.6251587210821,sv_2c
R12_RCPA,coal_ppl,2030,2055.0,M1,0.0,0.0,513.6251587210821,sv_2c
R12_RCPA,coal_ppl,2035,2035.0,M1,0.0,0.0,544.5850260059706,sv_2c
R12_RCPA,coal_ppl,2035,2040.0,M1,0.0,0.0,544.5850260059706,sv_2c
R12_RCPA,coal_ppl,2035,2045.0,M1,0.0,0.0,544.5850260059706,sv_2c
R12_RCPA,coal_ppl,2035,2050.0,M1,0.0,0.0,544.5850260059706,sv_2c
R12_RCPA,coal_ppl,2035,2055.0,M1,0.0,0.0,544.5850260059706,sv_2c
R12_RCPA,coal_ppl,2035,2060.0,M1,0.0,0.0,544.5850260059706,sv_2c
R12_RCPA,coal_ppl,2040,2040.0,M1,0.0,0.0,570.0170579209777,sv_2c
R12_RCPA,coal_ppl,2040,2045.0,M1,0.0,0.0,570.0170579209777,sv_2c
R12_RCPA,coal_ppl,2040,2050.0,M1,0.0,0.0,570.0170579209777,sv_2c
R12_RCPA,coal_ppl,2040,2055.0,M1,0.0,0.0,570.0170579209777,sv_2c
R12_RCPA,coal_ppl,2040,2060.0,M1,0.0,0.0,570.0170579209777,sv_2c
R12_RCPA,coal_ppl,2040,2070.0,M1,0.0,0.0,570.0170579209777,sv_2c
R12_RCPA,coal_ppl,2045,2045.0,M1,0.0,0.0,592.0394715037497,sv_2c
R12_RCPA,coal_ppl,2045,2050.0,M1,0.0,0.0,592.0394715037497,sv_2c
R12_RCPA,coal_ppl,2045,2055.0,M1,0.0,0.0,592.0394715037497,sv_2c
R12_RCPA,coal_ppl,2045,2060.0,M1,0.0,0.0,592.0394715037497,sv_2c
R12_RCPA,coal_ppl,2045,2070.0,M1,0.0,0.0,592.0394715037497,sv_2c
R12_RCPA,coal_ppl,2050,2050.0,M1,0.0,0.0,612.4085125198532,sv_2c
R12_RCPA,coal_ppl,2050,2055.0,M1,0.0,0.0,612.4085125198532,sv_2c
R12_RCPA,coal_ppl,2050,2060.0,M1,0.0,0.0,612.4085125198532,sv_2c
R12_RCPA,coal_ppl,2050,2070.0,M1,0.0,0.0,612.4085125198532,sv_2c
R12_RCPA,coal_ppl,2050,2080.0,M1,0.0,0.0,612.4085125198532,sv_2c
R12_RCPA,coal_ppl,2055,2055.0,M1,0.0,0.0,632.236104837351,sv_2c
R12_RCPA,coal_ppl,2055,2060.0,M1,0.0,0.0,632.236104837351,sv_2c
R12_RCPA,coal_ppl,2055,2070.0,M1,0.0,0.0,632.236104837351,sv_2c
R12_RCPA,coal_ppl,2055,2080.0,M1,0.0,0.0,632.236104837351,sv_2c
R12_RCPA,coal_ppl,2060,2060.0,M1,0.0,0.0,652.9931666115596,sv_2c
R12_RCPA,coal_ppl,2060,2070.0,M1,0.0,0.0,652.9931666115596,sv_2c
R12_RCPA,coal_ppl,2060,2080.0,M1,0.0,0.0,652.9931666115596,sv_2c
R12_RCPA,coal_ppl,2060,2090.0,M1,0.0,0.0,652.9931666115596,sv_2c
R12_RCPA,coal_ppl,2070,2070.0,M1,0.0,0.0,698.5151822756269,sv_2c
R12_RCPA,coal_ppl,2070,2080.0,M1,0.0,0.0,698.5151822756269,sv_2c
R12_RCPA,coal_ppl,2070,2090.0,M1,0.0,0.0,698.5151822756269,sv_2c
R12_RCPA,coal_ppl,2080,2080.0,M1,0.0,0.0,743.5827262267403,sv_2c
R12_RCPA,coal_ppl,2080,2090.0,M1,0.0,0.0,743.5827262267403,sv_2c
R12_RCPA,coal_ppl,2080,2100.0,M1,0.0,0.0,743.5827262267403,sv_2c
R12_RCPA,coal_ppl,2090,2090.0,M1,0.0,0.0,785.1843729587926,sv_2c
R12_RCPA,coal_ppl,2090,2100.0,M1,0.0,0.0,785.1843729587926,sv_2c
R12_RCPA,coal_ppl,2090,2110.0,M1,0.0,0.0,785.1843729587926,sv_2c
R12_RCPA,coal_ppl,2100,2100.0,M1,0.0,0.0,828.3027269657454,sv_2c
R12_RCPA,coal_ppl,2100,2110.0,M1,0.0,0.0,828.3027269657454,sv_2c
R12_RCPA,coal_ppl,2110,2110.0,M1,0.0,0.0,828.3027269657454,sv_2c
R12_RCPA,coal_ppl_u,1960,1960.0,M1,0.0,0.0,338.58,sv_2c
R12_RCPA,coal_ppl_u,1960,1965.0,M1,0.0,,338.58,sv_2c
R12_RCPA,coal_ppl_u,1960,1970.0,M1,0.0,,338.58,sv_2c
R12_RCPA,coal_ppl_u,1960,1975.0,M1,0.0,,338.58,sv_2c
R12_RCPA,coal_ppl_u,1960,1980.0,M1,0.0,,338.58,sv_2c
R12_RCPA,coal_ppl_u,1960,1985.0,M1,0.0,,338.58,sv_2c
R12_RCPA,coal_ppl_u,1960,1990.0,M1,0.0,,338.58,sv_2c
R12_RCPA,coal_ppl_u,1960,1995.0,M1,0.0,,338.58,sv_2c
R12_RCPA,coal_ppl_u,1960,2000.0,M1,0.0,,338.58,sv_2c
R12_RCPA,coal_ppl_u,1960,2005.0,M1,0.0,,338.58,sv_2c
R12_RCPA,coal_ppl_u,1960,2010.0,M1,0.0,,338.58,sv_2c
R12_RCPA,coal_ppl_u,1960,2015.0,M1,0.0,,338.58,sv_2c
R12_RCPA,coal_ppl_u,1960,2020.0,M1,0.0,,338.58,sv_2c
R12_RCPA,coal_ppl_u,1960,2025.0,M1,0.0,,338.58,sv_2c
R12_RCPA,coal_ppl_u,1965,1965.0,M1,0.0,0.0,338.58,sv_2c
R12_RCPA,coal_ppl_u,1965,1970.0,M1,0.0,,338.58,sv_2c
R12_RCPA,coal_ppl_u,1965,1975.0,M1,0.0,,338.58,sv_2c
R12_RCPA,coal_ppl_u,1965,1980.0,M1,0.0,,338.58,sv_2c
R12_RCPA,coal_ppl_u,1965,1985.0,M1,0.0,,338.58,sv_2c
R12_RCPA,coal_ppl_u,1965,1990.0,M1,0.0,,338.58,sv_2c
R12_RCPA,coal_ppl_u,1965,1995.0,M1,0.0,,338.58,sv_2c
R12_RCPA,coal_ppl_u,1965,2000.0,M1,0.0,,338.58,sv_2c
R12_RCPA,coal_ppl_u,1965,2005.0,M1,0.0,,338.58,sv_2c
R12_RCPA,coal_ppl_u,1965,2010.0,M1,0.0,,338.58,sv_2c
R12_RCPA,coal_ppl_u,1965,2015.0,M1,0.0,,338.58,sv_2c
R12_RCPA,coal_ppl_u,1965,2020.0,M1,0.0,,338.58,sv_2c
R12_RCPA,coal_ppl_u,1965,2025.0,M1,0.0,,338.58,sv_2c
R12_RCPA,coal_ppl_u,1970,1970.0,M1,0.0,0.0,338.58,sv_2c
R12_RCPA,coal_ppl_u,1970,1975.0,M1,0.0,,338.58,sv_2c
R12_RCPA,coal_ppl_u,1970,1980.0,M1,0.0,,338.58,sv_2c
R12_RCPA,coal_ppl_u,1970,1985.0,M1,0.0,,338.58,sv_2c
R12_RCPA,coal_ppl_u,1970,1990.0,M1,0.0,,338.58,sv_2c
R12_RCPA,coal_ppl_u,1970,1995.0,M1,0.0,,338.58,sv_2c
R12_RCPA,coal_ppl_u,1970,2000.0,M1,0.0,,338.58,sv_2c
R12_RCPA,coal_ppl_u,1970,2005.0,M1,0.0,,338.58,sv_2c
R12_RCPA,coal_ppl_u,1970,2010.0,M1,0.0,,338.58,sv_2c
R12_RCPA,coal_ppl_u,1970,2015.0,M1,0.0,,338.58,sv_2c
R12_RCPA,coal_ppl_u,1970,2020.0,M1,0.0,,338.58,sv_2c
R12_RCPA,coal_ppl_u,1970,2025.0,M1,0.0,,338.58,sv_2c
R12_RCPA,coal_ppl_u,1970,2030.0,M1,0.201375,0.358,338.58,sv_2c
R12_RCPA,coal_ppl_u,1975,1975.0,M1,0.0,0.0,338.58,sv_2c
R12_RCPA,coal_ppl_u,1975,1980.0,M1,0.0,,338.58,sv_2c
R12_RCPA,coal_ppl_u,1975,1985.0,M1,0.0,,338.58,sv_2c
R12_RCPA,coal_ppl_u,1975,1990.0,M1,0.0,,338.58,sv_2c
R12_RCPA,coal_ppl_u,1975,1995.0,M1,0.0,,338.58,sv_2c
R12_RCPA,coal_ppl_u,1975,2000.0,M1,0.0,,338.58,sv_2c
R12_RCPA,coal_ppl_u,1975,2005.0,M1,0.0,,338.58,sv_2c
R12_RCPA,coal_ppl_u,1975,2010.0,M1,0.0,,338.58,sv_2c
R12_RCPA,coal_ppl_u,1975,2015.0,M1,0.0,,338.58,sv_2c
R12_RCPA,coal_ppl_u,1975,2020.0,M1,0.0,,338.58,sv_2c
R12_RCPA,coal_ppl_u,1975,2025.0,M1,0.0,,338.58,sv_2c
R12_RCPA,coal_ppl_u,1975,2030.0,M1,0.7880625,1.401,338.58,sv_2c
R12_RCPA,coal_ppl_u,1980,1980.0,M1,0.0,0.0,338.58,sv_2c
R12_RCPA,coal_ppl_u,1980,1985.0,M1,0.0,,338.58,sv_2c
R12_RCPA,coal_ppl_u,1980,1990.0,M1,0.0,,338.58,sv_2c
R12_RCPA,coal_ppl_u,1980,1995.0,M1,0.0,,338.58,sv_2c
R12_RCPA,coal_ppl_u,1980,2000.0,M1,0.0,,338.58,sv_2c
R12_RCPA,coal_ppl_u,1980,2005.0,M1,0.0,,338.58,sv_2c
R12_RCPA,coal_ppl_u,1980,2010.0,M1,0.0,,338.58,sv_2c
R12_RCPA,coal_ppl_u,1980,2015.0,M1,0.0,,338.58,sv_2c
R12_RCPA,coal_ppl_u,1980,2020.0,M1,0.0,,338.58,sv_2c
R12_RCPA,coal_ppl_u,1980,2025.0,M1,0.0,,338.58,sv_2c
R12_RCPA,coal_ppl_u,1980,2030.0,M1,0.23062499999999997,0.4099999999999999,338.58,sv_2c
R12_RCPA,coal_ppl_u,1980,2035.0,M1,0.0,0.4099999999999999,338.58,sv_2c
R12_RCPA,coal_ppl_u,1985,1985.0,M1,0.0,0.0,338.58,sv_2c
R12_RCPA,coal_ppl_u,1985,1990.0,M1,0.0,,338.58,sv_2c
R12_RCPA,coal_ppl_u,1985,1995.0,M1,0.0,,338.58,sv_2c
R12_RCPA,coal_ppl_u,1985,2000.0,M1,0.0,,338.58,sv_2c
R12_RCPA,coal_ppl_u,1985,2005.0,M1,0.0,,338.58,sv_2c
R12_RCPA,coal_ppl_u,1985,2010.0,M1,0.0,,338.58,sv_2c
R12_RCPA,coal_ppl_u,1985,2015.0,M1,0.0,,338.58,sv_2c
R12_RCPA,coal_ppl_u,1985,2020.0,M1,0.0,,338.58,sv_2c
R12_RCPA,coal_ppl_u,1985,2025.0,M1,0.0,,338.58,sv_2c
R12_RCPA,coal_ppl_u,1985,2030.0,M1,0.78975,1.404,338.58,sv_2c
R12_RCPA,coal_ppl_u,1985,2035.0,M1,0.0,0.0,338.58,sv_2c
R12_RCPA,coal_ppl_u,1990,1990.0,M1,0.0,0.0,338.58,sv_2c
R12_RCPA,coal_ppl_u,1990,1995.0,M1,0.0,,338.58,sv_2c
R12_RCPA,coal_ppl_u,1990,2000.0,M1,0.0,,338.58,sv_2c
R12_RCPA,coal_ppl_u,1990,2005.0,M1,0.0,,338.58,sv_2c
R12_RCPA,coal_ppl_u,1990,2010.0,M1,0.0,,338.58,sv_2c
R12_RCPA,coal_ppl_u,1990,2015.0,M1,0.0,,338.58,sv_2c
R12_RCPA,coal_ppl_u,1990,2020.0,M1,0.0,,338.58,sv_2c
R12_RCPA,coal_ppl_u,1990,2025.0,M1,0.0,,338.58,sv_2c
R12_RCPA,coal_ppl_u,1990,2030.0,M1,0.26325000000000004,0.468,338.58,sv_2c
R12_RCPA,coal_ppl_u,1990,2035.0,M1,0.0,0.0,338.58,sv_2c
R12_RCPA,coal_ppl_u,1990,2040.0,M1,0.0,0.0,338.58,sv_2c
R12_RCPA,coal_ppl_u,1995,1995.0,M1,0.0,0.0,338.58,sv_2c
R12_RCPA,coal_ppl_u,1995,2000.0,M1,0.0,,338.58,sv_2c
R12_RCPA,coal_ppl_u,1995,2005.0,M1,0.0,,338.58,sv_2c
R12_RCPA,coal_ppl_u,1995,2010.0,M1,0.0,,338.58,sv_2c
R12_RCPA,coal_ppl_u,1995,2015.0,M1,0.0,,338.58,sv_2c
R12_RCPA,coal_ppl_u,1995,2020.0,M1,0.0,,338.58,sv_2c
R12_RCPA,coal_ppl_u,1995,2025.0,M1,0.0,,338.58,sv_2c
R12_RCPA,coal_ppl_u,1995,2030.0,M1,0.1125,0.2,338.58,sv_2c
R12_RCPA,coal_ppl_u,1995,2035.0,M1,0.0,0.0,338.58,sv_2c
R12_RCPA,coal_ppl_u,1995,2040.0,M1,0.0,0.0,338.58,sv_2c
R12_RCPA,coal_ppl_u,2000,2000.0,M1,0.0,0.0,338.58,sv_2c
R12_RCPA,coal_ppl_u,2000,2005.0,M1,0.0,,338.58,sv_2c
R12_RCPA,coal_ppl_u,2000,2010.0,M1,0.0,,338.58,sv_2c
R12_RCPA,coal_ppl_u,2000,2015.0,M1,0.0,,338.58,sv_2c
R12_RCPA,coal_ppl_u,2000,2020.0,M1,0.0,,338.58,sv_2c
R12_RCPA,coal_ppl_u,2000,2025.0,M1,0.0,,338.58,sv_2c
R12_RCPA,coal_ppl_u,2000,2030.0,M1,0.0315,0.056,338.58,sv_2c
R12_RCPA,coal_ppl_u,2000,2035.0,M1,0.0,0.0,338.58,sv_2c
R12_RCPA,coal_ppl_u,2000,2040.0,M1,0.0,0.0,338.58,sv_2c
R12_RCPA,coal_ppl_u,2000,2045.0,M1,0.0,0.0,338.58,sv_2c
R12_RCPA,coal_ppl_u,2005,2005.0,M1,0.0,0.0,338.58,sv_2c
R12_RCPA,coal_ppl_u,2005,2010.0,M1,0.0,,338.58,sv_2c
R12_RCPA,coal_ppl_u,2005,2015.0,M1,0.0,,338.58,sv_2c
R12_RCPA,coal_ppl_u,2005,2020.0,M1,0.0,,338.58,sv_2c
R12_RCPA,coal_ppl_u,2005,2025.0,M1,0.0,,338.58,sv_2c
R12_RCPA,coal_ppl_u,2005,2030.0,M1,0.05625,0.1,338.58,sv_2c
R12_RCPA,coal_ppl_u,2005,2035.0,M1,0.0,0.0,338.58,sv_2c
R12_RCPA,coal_ppl_u,2005,2040.0,M1,0.0,0.0,338.58,sv_2c
R12_RCPA,coal_ppl_u,2005,2045.0,M1,0.0,0.0,338.58,sv_2c
R12_RCPA,coal_ppl_u,2010,2010.0,M1,0.0,0.0,338.58,sv_2c
R12_RCPA,coal_ppl_u,2010,2015.0,M1,0.0,,338.58,sv_2c
R12_RCPA,coal_ppl_u,2010,2020.0,M1,0.0,,338.58,sv_2c
R12_RCPA,coal_ppl_u,2010,2025.0,M1,0.0,,338.58,sv_2c
R12_RCPA,coal_ppl_u,2010,2030.0,M1,0.8606812499999998,1.5300999999999998,338.58,sv_2c
R12_RCPA,coal_ppl_u,2010,2035.0,M1,0.0,0.0,338.58,sv_2c
R12_RCPA,coal_ppl_u,2010,2040.0,M1,0.0,0.0,338.58,sv_2c
R12_RCPA,coal_ppl_u,2010,2045.0,M1,0.0,0.0,338.58,sv_2c
R12_RCPA,coal_ppl_u,2010,2050.0,M1,0.0,0.0,338.58,sv_2c
R12_RCPA,coal_ppl_u,2015,2015.0,M1,0.0,0.0,338.58,sv_2c
R12_RCPA,coal_ppl_u,2015,2020.0,M1,0.0,,338.58,sv_2c
R12_RCPA,coal_ppl_u,2015,2025.0,M1,0.0,,338.58,sv_2c
R12_RCPA,coal_ppl_u,2015,2030.0,M1,5.665500000000001,10.072000000000001,338.58,sv_2c
R12_RCPA,coal_ppl_u,2015,2035.0,M1,0.0,9.647724370278198,338.58,sv_2c
R12_RCPA,coal_ppl_u,2015,2040.0,M1,0.0,4.7683306689248015,338.58,sv_2c
R12_RCPA,coal_ppl_u,2015,2045.0,M1,0.0,0.0,338.58,sv_2c
R12_RCPA,coal_ppl_u,2020,2020.0,M1,0.0,0.0,338.6666666666667,sv_2c
R12_RCPA,coal_ppl_u,2020,2025.0,M1,0.0,,338.6666666666667,sv_2c
R12_RCPA,coal_ppl_u,2020,2030.0,M1,1.8303750000000003,3.2540000000000004,338.6666666666667,sv_2c
R12_RCPA,coal_ppl_u,2020,2035.0,M1,0.0,3.2540000000000004,338.6666666666667,sv_2c
R12_RCPA,coal_ppl_u,2020,2040.0,M1,0.0,3.2540000000000004,338.6666666666667,sv_2c
R12_RCPA,coal_ppl_u,2020,2045.0,M1,0.0,3.2540000000000004,338.6666666666667,sv_2c
R12_RCPA,gas_cc,1980,1980.0,M1,0.0,,,sv_2c
R12_RCPA,gas_cc,1980,1985.0,M1,0.0,,,sv_2c
R12_RCPA,gas_cc,1980,1990.0,M1,0.0,,,sv_2c
R12_RCPA,gas_cc,1980,1995.0,M1,0.0,,,sv_2c
R12_RCPA,gas_cc,1980,2000.0,M1,0.0,,,sv_2c
R12_RCPA,gas_cc,1980,2005.0,M1,0.0,,,sv_2c
R12_RCPA,gas_cc,1980,2010.0,M1,0.0,,,sv_2c
R12_RCPA,gas_cc,1980,2015.0,M1,0.0,,,sv_2c
R12_RCPA,gas_cc,1980,2020.0,M1,0.0,,,sv_2c
R12_RCPA,gas_cc,1980,2025.0,M1,0.0,,,sv_2c
R12_RCPA,gas_cc,1985,1985.0,M1,0.0,,,sv_2c
R12_RCPA,gas_cc,1985,1990.0,M1,0.0,,,sv_2c
R12_RCPA,gas_cc,1985,1995.0,M1,0.0,,,sv_2c
R12_RCPA,gas_cc,1985,2000.0,M1,0.0,,,sv_2c
R12_RCPA,gas_cc,1985,2005.0,M1,0.0,,,sv_2c
R12_RCPA,gas_cc,1985,2010.0,M1,0.0,,,sv_2c
R12_RCPA,gas_cc,1985,2015.0,M1,0.0,,,sv_2c
R12_RCPA,gas_cc,1985,2020.0,M1,0.0,,,sv_2c
R12_RCPA,gas_cc,1985,2025.0,M1,0.0,,,sv_2c
R12_RCPA,gas_cc,1990,1990.0,M1,0.0,,,sv_2c
R12_RCPA,gas_cc,1990,1995.0,M1,0.0,,,sv_2c
R12_RCPA,gas_cc,1990,2000.0,M1,0.0,,,sv_2c
R12_RCPA,gas_cc,1990,2005.0,M1,0.0,,,sv_2c
R12_RCPA,gas_cc,1990,2010.0,M1,0.0,,,sv_2c
R12_RCPA,gas_cc,1990,2015.0,M1,0.0,,,sv_2c
R12_RCPA,gas_cc,1990,2020.0,M1,0.0,,,sv_2c
R12_RCPA,gas_cc,1990,2025.0,M1,0.0,,,sv_2c
R12_RCPA,gas_cc,1990,2030.0,M1,0.0,,,sv_2c
R12_RCPA,gas_cc,1995,1995.0,M1,0.0,,,sv_2c
R12_RCPA,gas_cc,1995,2000.0,M1,0.0,,,sv_2c
R12_RCPA,gas_cc,1995,2005.0,M1,0.0,,,sv_2c
R12_RCPA,gas_cc,1995,2010.0,M1,0.0,,,sv_2c
R12_RCPA,gas_cc,1995,2015.0,M1,0.0,,,sv_2c
R12_RCPA,gas_cc,1995,2020.0,M1,0.0,,,sv_2c
R12_RCPA,gas_cc,1995,2025.0,M1,0.0,,,sv_2c
R12_RCPA,gas_cc,1995,2030.0,M1,0.054375,,,sv_2c
R12_RCPA,gas_cc,2000,2000.0,M1,0.0,,,sv_2c
R12_RCPA,gas_cc,2000,2005.0,M1,0.0,,,sv_2c
R12_RCPA,gas_cc,2000,2010.0,M1,0.0,,,sv_2c
R12_RCPA,gas_cc,2000,2015.0,M1,0.0,,,sv_2c
R12_RCPA,gas_cc,2000,2020.0,M1,0.0,,,sv_2c
R12_RCPA,gas_cc,2000,2025.0,M1,0.0,,,sv_2c
R12_RCPA,gas_cc,2000,2030.0,M1,0.4375375,,,sv_2c
R12_RCPA,gas_cc,2000,2035.0,M1,0.47525625,,,sv_2c
R12_RCPA,gas_cc,2005,2005.0,M1,0.0,,,sv_2c
R12_RCPA,gas_cc,2005,2010.0,M1,0.0,,,sv_2c
R12_RCPA,gas_cc,2005,2015.0,M1,0.0,,,sv_2c
R12_RCPA,gas_cc,2005,2020.0,M1,0.0,,,sv_2c
R12_RCPA,gas_cc,2005,2025.0,M1,0.0,,,sv_2c
R12_RCPA,gas_cc,2005,2030.0,M1,2.480225,,,sv_2c
R12_RCPA,gas_cc,2005,2035.0,M1,2.6940375000000003,,,sv_2c
R12_RCPA,gas_cc,2010,2010.0,M1,0.0,,,sv_2c
R12_RCPA,gas_cc,2010,2015.0,M1,0.0,,,sv_2c
R12_RCPA,gas_cc,2010,2020.0,M1,0.0,,,sv_2c
R12_RCPA,gas_cc,2010,2025.0,M1,0.0,,,sv_2c
R12_RCPA,gas_cc,2010,2030.0,M1,1.595,,,sv_2c
R12_RCPA,gas_cc,2010,2035.0,M1,1.7325000000000002,,,sv_2c
R12_RCPA,gas_cc,2010,2040.0,M1,1.87,,,sv_2c
R12_RCPA,gas_cc,2015,2015.0,M1,0.0,,,sv_2c
R12_RCPA,gas_cc,2015,2020.0,M1,0.0,,,sv_2c
R12_RCPA,gas_cc,2015,2025.0,M1,0.0,,,sv_2c
R12_RCPA,gas_cc,2015,2030.0,M1,0.3625,,,sv_2c
R12_RCPA,gas_cc,2015,2035.0,M1,0.39375,,,sv_2c
R12_RCPA,gas_cc,2015,2040.0,M1,0.425,,,sv_2c
R12_RCPA,gas_cc,2020,2020.0,M1,0.0,,,sv_2c
R12_RCPA,gas_cc,2020,2025.0,M1,0.0,,,sv_2c
R12_RCPA,gas_cc,2020,2030.0,M1,0.0,,,sv_2c
R12_RCPA,gas_cc,2020,2035.0,M1,0.0,,,sv_2c
R12_RCPA,gas_cc,2020,2040.0,M1,0.0,,,sv_2c
R12_RCPA,gas_cc,2020,2045.0,M1,0.0,,,sv_2c
R12_RCPA,gas_cc,2025,2025.0,M1,0.0,,,sv_2c
R12_RCPA,gas_cc,2025,2030.0,M1,4.019186690179875,,,sv_2c
R12_RCPA,gas_cc,2025,2035.0,M1,4.365668301402279,,,sv_2c
R12_RCPA,gas_cc,2025,2040.0,M1,4.712149912624682,,,sv_2c
R12_RCPA,gas_cc,2025,2045.0,M1,4.712149912624682,,,sv_2c
R12_RCPA,gas_cc,2025,2050.0,M1,0.0,,,sv_2c
R12_RCPA,gas_cc,2030,2030.0,M1,12.357585854197142,,,sv_2c
R12_RCPA,gas_cc,2030,2035.0,M1,13.422894979558963,,,sv_2c
R12_RCPA,gas_cc,2030,2040.0,M1,14.488204104920786,,,sv_2c
R12_RCPA,gas_cc,2030,2045.0,M1,14.488204104920786,,,sv_2c
R12_RCPA,gas_cc,2030,2050.0,M1,8.317461157154865,,,sv_2c
R12_RCPA,gas_cc,2030,2055.0,M1,0.0,,,sv_2c
R12_RCPA,gas_cc,2035,2035.0,M1,13.16083349632754,,,sv_2c
R12_RCPA,gas_cc,2035,2040.0,M1,14.205344091274169,,,sv_2c
R12_RCPA,gas_cc,2035,2045.0,M1,14.205344091274169,,,sv_2c
R12_RCPA,gas_cc,2035,2050.0,M1,14.205344091274169,,,sv_2c
R12_RCPA,gas_cc,2035,2055.0,M1,0.5160156768228279,,,sv_2c
R12_RCPA,gas_cc,2035,2060.0,M1,0.0,,,sv_2c
R12_RCPA,gas_cc,2040,2040.0,M1,7.29071326611842,,,sv_2c
R12_RCPA,gas_cc,2040,2045.0,M1,7.29071326611842,,,sv_2c
R12_RCPA,gas_cc,2040,2050.0,M1,7.29071326611842,,,sv_2c
R12_RCPA,gas_cc,2040,2055.0,M1,7.29071326611842,,,sv_2c
R12_RCPA,gas_cc,2040,2060.0,M1,0.0,,,sv_2c
R12_RCPA,gas_cc,2040,2070.0,M1,0.0,,,sv_2c
R12_RCPA,gas_cc,2045,2045.0,M1,0.0,,,sv_2c
R12_RCPA,gas_cc,2045,2050.0,M1,0.0,,,sv_2c
R12_RCPA,gas_cc,2045,2055.0,M1,0.0,,,sv_2c
R12_RCPA,gas_cc,2045,2060.0,M1,0.0,,,sv_2c
R12_RCPA,gas_cc,2045,2070.0,M1,0.0,,,sv_2c
R12_RCPA,gas_cc,2050,2050.0,M1,0.0,,,sv_2c
R12_RCPA,gas_cc,2050,2055.0,M1,0.0,,,sv_2c
R12_RCPA,gas_cc,2050,2060.0,M1,0.0,,,sv_2c
R12_RCPA,gas_cc,2050,2070.0,M1,0.0,,,sv_2c
R12_RCPA,gas_cc,2050,2080.0,M1,0.0,,,sv_2c
R12_RCPA,gas_cc,2055,2055.0,M1,0.0,,,sv_2c
R12_RCPA,gas_cc,2055,2060.0,M1,0.0,,,sv_2c
R12_RCPA,gas_cc,2055,2070.0,M1,0.0,,,sv_2c
R12_RCPA,gas_cc,2055,2080.0,M1,0.0,,,sv_2c
R12_RCPA,gas_cc,2060,2060.0,M1,0.0,,,sv_2c
R12_RCPA,gas_cc,2060,2070.0,M1,0.0,,,sv_2c
R12_RCPA,gas_cc,2060,2080.0,M1,0.0,,,sv_2c
R12_RCPA,gas_cc,2060,2090.0,M1,0.0,,,sv_2c
R12_RCPA,gas_cc,2070,2070.0,M1,0.0,,,sv_2c
R12_RCPA,gas_cc,2070,2080.0,M1,0.0,,,sv_2c
R12_RCPA,gas_cc,2070,2090.0,M1,0.0,,,sv_2c
R12_RCPA,gas_cc,2080,2080.0,M1,0.0,,,sv_2c
R12_RCPA,gas_cc,2080,2090.0,M1,0.0,,,sv_2c
R12_RCPA,gas_cc,2080,2100.0,M1,0.0,,,sv_2c
R12_RCPA,gas_cc,2090,2090.0,M1,0.0,,,sv_2c
R12_RCPA,gas_cc,2090,2100.0,M1,0.0,,,sv_2c
R12_RCPA,gas_cc,2090,2110.0,M1,0.0,,,sv_2c
R12_RCPA,gas_cc,2100,2100.0,M1,0.0,,,sv_2c
R12_RCPA,gas_cc,2100,2110.0,M1,0.0,,,sv_2c
R12_RCPA,gas_cc,2110,2110.0,M1,0.0,,,sv_2c
R12_RCPA,gas_cc_ccs,2030,2030.0,M1,0.0,,,sv_2c
R12_RCPA,gas_cc_ccs,2030,2035.0,M1,0.0,,,sv_2c
R12_RCPA,gas_cc_ccs,2030,2040.0,M1,0.0,,,sv_2c
R12_RCPA,gas_cc_ccs,2030,2045.0,M1,0.0,,,sv_2c
R12_RCPA,gas_cc_ccs,2030,2050.0,M1,0.0,,,sv_2c
R12_RCPA,gas_cc_ccs,2030,2055.0,M1,0.0,,,sv_2c
R12_RCPA,gas_cc_ccs,2035,2035.0,M1,0.0,,,sv_2c
R12_RCPA,gas_cc_ccs,2035,2040.0,M1,0.0,,,sv_2c
R12_RCPA,gas_cc_ccs,2035,2045.0,M1,0.0,,,sv_2c
R12_RCPA,gas_cc_ccs,2035,2050.0,M1,0.0,,,sv_2c
R12_RCPA,gas_cc_ccs,2035,2055.0,M1,0.0,,,sv_2c
R12_RCPA,gas_cc_ccs,2035,2060.0,M1,0.0,,,sv_2c
R12_RCPA,gas_cc_ccs,2040,2040.0,M1,0.0,,,sv_2c
R12_RCPA,gas_cc_ccs,2040,2045.0,M1,0.0,,,sv_2c
R12_RCPA,gas_cc_ccs,2040,2050.0,M1,0.0,,,sv_2c
R12_RCPA,gas_cc_ccs,2040,2055.0,M1,0.0,,,sv_2c
R12_RCPA,gas_cc_ccs,2040,2060.0,M1,0.0,,,sv_2c
R12_RCPA,gas_cc_ccs,2040,2070.0,M1,0.0,,,sv_2c
R12_RCPA,gas_cc_ccs,2045,2045.0,M1,0.0,,,sv_2c
R12_RCPA,gas_cc_ccs,2045,2050.0,M1,0.0,,,sv_2c
R12_RCPA,gas_cc_ccs,2045,2055.0,M1,0.0,,,sv_2c
R12_RCPA,gas_cc_ccs,2045,2060.0,M1,0.0,,,sv_2c
R12_RCPA,gas_cc_ccs,2045,2070.0,M1,0.0,,,sv_2c
R12_RCPA,gas_cc_ccs,2050,2050.0,M1,0.0,,,sv_2c
R12_RCPA,gas_cc_ccs,2050,2055.0,M1,0.0,,,sv_2c
R12_RCPA,gas_cc_ccs,2050,2060.0,M1,0.0,,,sv_2c
R12_RCPA,gas_cc_ccs,2050,2070.0,M1,0.0,,,sv_2c
R12_RCPA,gas_cc_ccs,2050,2080.0,M1,0.0,,,sv_2c
R12_RCPA,gas_cc_ccs,2055,2055.0,M1,0.0,,,sv_2c
R12_RCPA,gas_cc_ccs,2055,2060.0,M1,0.0,,,sv_2c
R12_RCPA,gas_cc_ccs,2055,2070.0,M1,0.0,,,sv_2c
R12_RCPA,gas_cc_ccs,2055,2080.0,M1,0.0,,,sv_2c
R12_RCPA,gas_cc_ccs,2060,2060.0,M1,0.0,,,sv_2c
R12_RCPA,gas_cc_ccs,2060,2070.0,M1,0.0,,,sv_2c
R12_RCPA,gas_cc_ccs,2060,2080.0,M1,0.0,,,sv_2c
R12_RCPA,gas_cc_ccs,2060,2090.0,M1,0.0,,,sv_2c
R12_RCPA,gas_cc_ccs,2070,2070.0,M1,0.0,,,sv_2c
R12_RCPA,gas_cc_ccs,2070,2080.0,M1,0.0,,,sv_2c
R12_RCPA,gas_cc_ccs,2070,2090.0,M1,0.0,,,sv_2c
R12_RCPA,gas_cc_ccs,2080,2080.0,M1,0.0,,,sv_2c
R12_RCPA,gas_cc_ccs,2080,2090.0,M1,0.0,,,sv_2c
R12_RCPA,gas_cc_ccs,2080,2100.0,M1,0.0,,,sv_2c
R12_RCPA,gas_cc_ccs,2090,2090.0,M1,0.0,,,sv_2c
R12_RCPA,gas_cc_ccs,2090,2100.0,M1,0.0,,,sv_2c
R12_RCPA,gas_cc_ccs,2090,2110.0,M1,0.0,,,sv_2c
R12_RCPA,gas_cc_ccs,2100,2100.0,M1,0.0,,,sv_2c
R12_RCPA,gas_cc_ccs,2100,2110.0,M1,0.0,,,sv_2c
R12_RCPA,gas_cc_ccs,2110,2110.0,M1,0.0,,,sv_2c
R12_RCPA,gas_ct,1970,1970.0,M1,0.0,,,sv_2c
R12_RCPA,gas_ct,1970,1975.0,M1,0.0,,,sv_2c
R12_RCPA,gas_ct,1970,1980.0,M1,0.0,,,sv_2c
R12_RCPA,gas_ct,1970,1985.0,M1,0.0,,,sv_2c
R12_RCPA,gas_ct,1970,1990.0,M1,0.0,,,sv_2c
R12_RCPA,gas_ct,1970,1995.0,M1,0.0,,,sv_2c
R12_RCPA,gas_ct,1970,2000.0,M1,0.0,,,sv_2c
R12_RCPA,gas_ct,1970,2005.0,M1,0.0,,,sv_2c
R12_RCPA,gas_ct,1970,2010.0,M1,0.0,,,sv_2c
R12_RCPA,gas_ct,1970,2015.0,M1,0.0,,,sv_2c
R12_RCPA,gas_ct,1970,2020.0,M1,0.0,,,sv_2c
R12_RCPA,gas_ct,1970,2025.0,M1,0.0,,,sv_2c
R12_RCPA,gas_ct,1975,1975.0,M1,0.0,,,sv_2c
R12_RCPA,gas_ct,1975,1980.0,M1,0.0,,,sv_2c
R12_RCPA,gas_ct,1975,1985.0,M1,0.0,,,sv_2c
R12_RCPA,gas_ct,1975,1990.0,M1,0.0,,,sv_2c
R12_RCPA,gas_ct,1975,1995.0,M1,0.0,,,sv_2c
R12_RCPA,gas_ct,1975,2000.0,M1,0.0,,,sv_2c
R12_RCPA,gas_ct,1975,2005.0,M1,0.0,,,sv_2c
R12_RCPA,gas_ct,1975,2010.0,M1,0.0,,,sv_2c
R12_RCPA,gas_ct,1975,2015.0,M1,0.0,,,sv_2c
R12_RCPA,gas_ct,1975,2020.0,M1,0.0,,,sv_2c
R12_RCPA,gas_ct,1975,2025.0,M1,0.0,,,sv_2c
R12_RCPA,gas_ct,1980,1980.0,M1,0.0,,,sv_2c
R12_RCPA,gas_ct,1980,1985.0,M1,0.0,,,sv_2c
R12_RCPA,gas_ct,1980,1990.0,M1,0.0,,,sv_2c
R12_RCPA,gas_ct,1980,1995.0,M1,0.0,,,sv_2c
R12_RCPA,gas_ct,1980,2000.0,M1,0.0,,,sv_2c
R12_RCPA,gas_ct,1980,2005.0,M1,0.0,,,sv_2c
R12_RCPA,gas_ct,1980,2010.0,M1,0.0,,,sv_2c
R12_RCPA,gas_ct,1980,2015.0,M1,0.0,,,sv_2c
R12_RCPA,gas_ct,1980,2020.0,M1,0.0,,,sv_2c
R12_RCPA,gas_ct,1980,2025.0,M1,0.0,,,sv_2c
R12_RCPA,gas_ct,1980,2030.0,M1,0.0,,,sv_2c
R12_RCPA,gas_ct,1985,1985.0,M1,0.0,,,sv_2c
R12_RCPA,gas_ct,1985,1990.0,M1,0.0,,,sv_2c
R12_RCPA,gas_ct,1985,1995.0,M1,0.0,,,sv_2c
R12_RCPA,gas_ct,1985,2000.0,M1,0.0,,,sv_2c
R12_RCPA,gas_ct,1985,2005.0,M1,0.0,,,sv_2c
R12_RCPA,gas_ct,1985,2010.0,M1,0.0,,,sv_2c
R12_RCPA,gas_ct,1985,2015.0,M1,0.0,,,sv_2c
R12_RCPA,gas_ct,1985,2020.0,M1,0.0,,,sv_2c
R12_RCPA,gas_ct,1985,2025.0,M1,0.0,,,sv_2c
R12_RCPA,gas_ct,1985,2030.0,M1,0.0,,,sv_2c
R12_RCPA,gas_ct,1990,1990.0,M1,0.0,,,sv_2c
R12_RCPA,gas_ct,1990,1995.0,M1,0.0,,,sv_2c
R12_RCPA,gas_ct,1990,2000.0,M1,0.0,,,sv_2c
R12_RCPA,gas_ct,1990,2005.0,M1,0.0,,,sv_2c
R12_RCPA,gas_ct,1990,2010.0,M1,0.0,,,sv_2c
R12_RCPA,gas_ct,1990,2015.0,M1,0.0,,,sv_2c
R12_RCPA,gas_ct,1990,2020.0,M1,0.0,,,sv_2c
R12_RCPA,gas_ct,1990,2025.0,M1,0.0,,,sv_2c
R12_RCPA,gas_ct,1990,2030.0,M1,0.0,,,sv_2c
R12_RCPA,gas_ct,1990,2035.0,M1,0.0,,,sv_2c
R12_RCPA,gas_ct,1995,1995.0,M1,0.0,,,sv_2c
R12_RCPA,gas_ct,1995,2000.0,M1,0.0,,,sv_2c
R12_RCPA,gas_ct,1995,2005.0,M1,0.0,,,sv_2c
R12_RCPA,gas_ct,1995,2010.0,M1,0.0,,,sv_2c
R12_RCPA,gas_ct,1995,2015.0,M1,0.0,,,sv_2c
R12_RCPA,gas_ct,1995,2020.0,M1,0.0,,,sv_2c
R12_RCPA,gas_ct,1995,2025.0,M1,0.0,,,sv_2c
R12_RCPA,gas_ct,1995,2030.0,M1,0.0,,,sv_2c
R12_RCPA,gas_ct,1995,2035.0,M1,0.0,,,sv_2c
R12_RCPA,gas_ct,2000,2000.0,M1,0.0,,,sv_2c
R12_RCPA,gas_ct,2000,2005.0,M1,0.0,,,sv_2c
R12_RCPA,gas_ct,2000,2010.0,M1,0.0,,,sv_2c
R12_RCPA,gas_ct,2000,2015.0,M1,0.0,,,sv_2c
R12_RCPA,gas_ct,2000,2020.0,M1,0.0,,,sv_2c
R12_RCPA,gas_ct,2000,2025.0,M1,0.0,,,sv_2c
R12_RCPA,gas_ct,2000,2030.0,M1,0.0483098375006223,,,sv_2c
R12_RCPA,gas_ct,2000,2035.0,M1,0.0,,,sv_2c
R12_RCPA,gas_ct,2005,2005.0,M1,0.0,,,sv_2c
R12_RCPA,gas_ct,2005,2010.0,M1,0.0,,,sv_2c
R12_RCPA,gas_ct,2005,2015.0,M1,0.0,,,sv_2c
R12_RCPA,gas_ct,2005,2020.0,M1,0.0,,,sv_2c
R12_RCPA,gas_ct,2005,2025.0,M1,0.0,,,sv_2c
R12_RCPA,gas_ct,2005,2030.0,M1,0.0,,,sv_2c
R12_RCPA,gas_ct,2005,2035.0,M1,0.0,,,sv_2c
R12_RCPA,gas_ct,2010,2010.0,M1,0.0,,,sv_2c
R12_RCPA,gas_ct,2010,2015.0,M1,0.0,,,sv_2c
R12_RCPA,gas_ct,2010,2020.0,M1,0.0,,,sv_2c
R12_RCPA,gas_ct,2010,2025.0,M1,0.0,,,sv_2c
R12_RCPA,gas_ct,2010,2030.0,M1,0.0,,,sv_2c
R12_RCPA,gas_ct,2010,2035.0,M1,0.0,,,sv_2c
R12_RCPA,gas_ct,2010,2040.0,M1,0.0,,,sv_2c
R12_RCPA,gas_ct,2015,2015.0,M1,0.0,,,sv_2c
R12_RCPA,gas_ct,2015,2020.0,M1,0.0,,,sv_2c
R12_RCPA,gas_ct,2015,2025.0,M1,0.0,,,sv_2c
R12_RCPA,gas_ct,2015,2030.0,M1,0.0,,,sv_2c
R12_RCPA,gas_ct,2015,2035.0,M1,0.0,,,sv_2c
R12_RCPA,gas_ct,2015,2040.0,M1,0.0,,,sv_2c
R12_RCPA,gas_ct,2020,2020.0,M1,0.0,,,sv_2c
R12_RCPA,gas_ct,2020,2025.0,M1,0.0,,,sv_2c
R12_RCPA,gas_ct,2020,2030.0,M1,0.0,,,sv_2c
R12_RCPA,gas_ct,2020,2035.0,M1,0.0,,,sv_2c
R12_RCPA,gas_ct,2020,2040.0,M1,0.0,,,sv_2c
R12_RCPA,gas_ct,2020,2045.0,M1,0.0,,,sv_2c
R12_RCPA,gas_ct,2025,2025.0,M1,0.0,,,sv_2c
R12_RCPA,gas_ct,2025,2030.0,M1,0.0,,,sv_2c
R12_RCPA,gas_ct,2025,2035.0,M1,0.0,,,sv_2c
R12_RCPA,gas_ct,2025,2040.0,M1,0.0,,,sv_2c
R12_RCPA,gas_ct,2025,2045.0,M1,0.0,,,sv_2c
R12_RCPA,gas_ct,2025,2050.0,M1,0.0,,,sv_2c
R12_RCPA,gas_ct,2030,2030.0,M1,0.0,,,sv_2c
R12_RCPA,gas_ct,2030,2035.0,M1,0.0,,,sv_2c
R12_RCPA,gas_ct,2030,2040.0,M1,0.0,,,sv_2c
R12_RCPA,gas_ct,2030,2045.0,M1,0.0,,,sv_2c
R12_RCPA,gas_ct,2030,2050.0,M1,0.0,,,sv_2c
R12_RCPA,gas_ct,2030,2055.0,M1,0.0,,,sv_2c
R12_RCPA,gas_ct,2035,2035.0,M1,0.0,,,sv_2c
R12_RCPA,gas_ct,2035,2040.0,M1,0.0,,,sv_2c
R12_RCPA,gas_ct,2035,2045.0,M1,0.0,,,sv_2c
R12_RCPA,gas_ct,2035,2050.0,M1,0.0,,,sv_2c
R12_RCPA,gas_ct,2035,2055.0,M1,0.0,,,sv_2c
R12_RCPA,gas_ct,2035,2060.0,M1,0.0,,,sv_2c
R12_RCPA,gas_ct,2040,2040.0,M1,0.0,,,sv_2c
R12_RCPA,gas_ct,2040,2045.0,M1,0.0,,,sv_2c
R12_RCPA,gas_ct,2040,2050.0,M1,0.0,,,sv_2c
R12_RCPA,gas_ct,2040,2055.0,M1,0.0,,,sv_2c
R12_RCPA,gas_ct,2040,2060.0,M1,0.0,,,sv_2c
R12_RCPA,gas_ct,2040,2070.0,M1,0.0,,,sv_2c
R12_RCPA,gas_ct,2045,2045.0,M1,0.0,,,sv_2c
R12_RCPA,gas_ct,2045,2050.0,M1,0.0,,,sv_2c
R12_RCPA,gas_ct,2045,2055.0,M1,0.0,,,sv_2c
R12_RCPA,gas_ct,2045,2060.0,M1,0.0,,,sv_2c
R12_RCPA,gas_ct,2045,2070.0,M1,0.0,,,sv_2c
R12_RCPA,gas_ct,2050,2050.0,M1,0.0,,,sv_2c
R12_RCPA,gas_ct,2050,2055.0,M1,0.0,,,sv_2c
R12_RCPA,gas_ct,2050,2060.0,M1,0.0,,,sv_2c
R12_RCPA,gas_ct,2050,2070.0,M1,0.0,,,sv_2c
R12_RCPA,gas_ct,2050,2080.0,M1,0.0,,,sv_2c
R12_RCPA,gas_ct,2055,2055.0,M1,0.0,,,sv_2c
R12_RCPA,gas_ct,2055,2060.0,M1,0.0,,,sv_2c
R12_RCPA,gas_ct,2055,2070.0,M1,0.0,,,sv_2c
R12_RCPA,gas_ct,2055,2080.0,M1,0.0,,,sv_2c
R12_RCPA,gas_ct,2060,2060.0,M1,0.0,,,sv_2c
R12_RCPA,gas_ct,2060,2070.0,M1,0.0,,,sv_2c
R12_RCPA,gas_ct,2060,2080.0,M1,0.0,,,sv_2c
R12_RCPA,gas_ct,2060,2090.0,M1,0.0,,,sv_2c
R12_RCPA,gas_ct,2070,2070.0,M1,0.0,,,sv_2c
R12_RCPA,gas_ct,2070,2080.0,M1,0.0,,,sv_2c
R12_RCPA,gas_ct,2070,2090.0,M1,0.0,,,sv_2c
R12_RCPA,gas_ct,2080,2080.0,M1,0.0,,,sv_2c
R12_RCPA,gas_ct,2080,2090.0,M1,0.0,,,sv_2c
R12_RCPA,gas_ct,2080,2100.0,M1,0.0,,,sv_2c
R12_RCPA,gas_ct,2090,2090.0,M1,0.0,,,sv_2c
R12_RCPA,gas_ct,2090,2100.0,M1,0.0,,,sv_2c
R12_RCPA,gas_ct,2090,2110.0,M1,0.0,,,sv_2c
R12_RCPA,gas_ct,2100,2100.0,M1,0.0,,,sv_2c
R12_RCPA,gas_ct,2100,2110.0,M1,0.0,,,sv_2c
R12_RCPA,gas_ct,2110,2110.0,M1,0.0,,,sv_2c
R12_RCPA,gas_ppl,1970,1970.0,M1,0.0,,,sv_2c
R12_RCPA,gas_ppl,1970,1975.0,M1,0.0,,,sv_2c
R12_RCPA,gas_ppl,1970,1980.0,M1,0.0,,,sv_2c
R12_RCPA,gas_ppl,1970,1985.0,M1,0.0,,,sv_2c
R12_RCPA,gas_ppl,1970,1990.0,M1,0.0,,,sv_2c
R12_RCPA,gas_ppl,1970,1995.0,M1,0.0,,,sv_2c
R12_RCPA,gas_ppl,1970,2000.0,M1,0.0,,,sv_2c
R12_RCPA,gas_ppl,1970,2005.0,M1,0.0,,,sv_2c
R12_RCPA,gas_ppl,1970,2010.0,M1,0.0,,,sv_2c
R12_RCPA,gas_ppl,1970,2015.0,M1,0.0,,,sv_2c
R12_RCPA,gas_ppl,1970,2020.0,M1,0.0,,,sv_2c
R12_RCPA,gas_ppl,1970,2025.0,M1,0.0,,,sv_2c
R12_RCPA,gas_ppl,1975,1975.0,M1,0.0,,,sv_2c
R12_RCPA,gas_ppl,1975,1980.0,M1,0.0,,,sv_2c
R12_RCPA,gas_ppl,1975,1985.0,M1,0.0,,,sv_2c
R12_RCPA,gas_ppl,1975,1990.0,M1,0.0,,,sv_2c
R12_RCPA,gas_ppl,1975,1995.0,M1,0.0,,,sv_2c
R12_RCPA,gas_ppl,1975,2000.0,M1,0.0,,,sv_2c
R12_RCPA,gas_ppl,1975,2005.0,M1,0.0,,,sv_2c
R12_RCPA,gas_ppl,1975,2010.0,M1,0.0,,,sv_2c
R12_RCPA,gas_ppl,1975,2015.0,M1,0.0,,,sv_2c
R12_RCPA,gas_ppl,1975,2020.0,M1,0.0,,,sv_2c
R12_RCPA,gas_ppl,1975,2025.0,M1,0.0,,,sv_2c
R12_RCPA,gas_ppl,1980,1980.0,M1,0.0,,,sv_2c
R12_RCPA,gas_ppl,1980,1985.0,M1,0.0,,,sv_2c
R12_RCPA,gas_ppl,1980,1990.0,M1,0.0,,,sv_2c
R12_RCPA,gas_ppl,1980,1995.0,M1,0.0,,,sv_2c
R12_RCPA,gas_ppl,1980,2000.0,M1,0.0,,,sv_2c
R12_RCPA,gas_ppl,1980,2005.0,M1,0.0,,,sv_2c
R12_RCPA,gas_ppl,1980,2010.0,M1,0.0,,,sv_2c
R12_RCPA,gas_ppl,1980,2015.0,M1,0.0,,,sv_2c
R12_RCPA,gas_ppl,1980,2020.0,M1,0.0,,,sv_2c
R12_RCPA,gas_ppl,1980,2025.0,M1,0.0,,,sv_2c
R12_RCPA,gas_ppl,1980,2030.0,M1,0.0,,,sv_2c
R12_RCPA,gas_ppl,1985,1985.0,M1,0.0,,,sv_2c
R12_RCPA,gas_ppl,1985,1990.0,M1,0.0,,,sv_2c
R12_RCPA,gas_ppl,1985,1995.0,M1,0.0,,,sv_2c
R12_RCPA,gas_ppl,1985,2000.0,M1,0.0,,,sv_2c
R12_RCPA,gas_ppl,1985,2005.0,M1,0.0,,,sv_2c
R12_RCPA,gas_ppl,1985,2010.0,M1,0.0,,,sv_2c
R12_RCPA,gas_ppl,1985,2015.0,M1,0.0,,,sv_2c
R12_RCPA,gas_ppl,1985,2020.0,M1,0.0,,,sv_2c
R12_RCPA,gas_ppl,1985,2025.0,M1,0.0,,,sv_2c
R12_RCPA,gas_ppl,1985,2030.0,M1,0.0,,,sv_2c
R12_RCPA,gas_ppl,1990,1990.0,M1,0.0,,,sv_2c
R12_RCPA,gas_ppl,1990,1995.0,M1,0.0,,,sv_2c
R12_RCPA,gas_ppl,1990,2000.0,M1,0.0,,,sv_2c
R12_RCPA,gas_ppl,1990,2005.0,M1,0.0,,,sv_2c
R12_RCPA,gas_ppl,1990,2010.0,M1,0.0,,,sv_2c
R12_RCPA,gas_ppl,1990,2015.0,M1,0.0,,,sv_2c
R12_RCPA,gas_ppl,1990,2020.0,M1,0.0,,,sv_2c
R12_RCPA,gas_ppl,1990,2025.0,M1,0.0,,,sv_2c
R12_RCPA,gas_ppl,1990,2030.0,M1,0.0,,,sv_2c
R12_RCPA,gas_ppl,1990,2035.0,M1,0.0,,,sv_2c
R12_RCPA,gas_ppl,1995,1995.0,M1,0.0,,,sv_2c
R12_RCPA,gas_ppl,1995,2000.0,M1,0.0,,,sv_2c
R12_RCPA,gas_ppl,1995,2005.0,M1,0.0,,,sv_2c
R12_RCPA,gas_ppl,1995,2010.0,M1,0.0,,,sv_2c
R12_RCPA,gas_ppl,1995,2015.0,M1,0.0,,,sv_2c
R12_RCPA,gas_ppl,1995,2020.0,M1,0.0,,,sv_2c
R12_RCPA,gas_ppl,1995,2025.0,M1,0.0,,,sv_2c
R12_RCPA,gas_ppl,1995,2030.0,M1,0.0,,,sv_2c
R12_RCPA,gas_ppl,1995,2035.0,M1,0.0,,,sv_2c
R12_RCPA,gas_ppl,2000,2000.0,M1,0.0,,,sv_2c
R12_RCPA,gas_ppl,2000,2005.0,M1,0.0,,,sv_2c
R12_RCPA,gas_ppl,2000,2010.0,M1,0.0,,,sv_2c
R12_RCPA,gas_ppl,2000,2015.0,M1,0.0,,,sv_2c
R12_RCPA,gas_ppl,2000,2020.0,M1,0.0,,,sv_2c
R12_RCPA,gas_ppl,2000,2025.0,M1,0.0,,,sv_2c
R12_RCPA,gas_ppl,2000,2030.0,M1,0.0,,,sv_2c
R12_RCPA,gas_ppl,2000,2035.0,M1,0.0,,,sv_2c
R12_RCPA,gas_ppl,2005,2005.0,M1,0.0,,,sv_2c
R12_RCPA,gas_ppl,2005,2010.0,M1,0.0,,,sv_2c
R12_RCPA,gas_ppl,2005,2015.0,M1,0.0,,,sv_2c
R12_RCPA,gas_ppl,2005,2020.0,M1,0.0,,,sv_2c
R12_RCPA,gas_ppl,2005,2025.0,M1,0.0,,,sv_2c
R12_RCPA,gas_ppl,2005,2030.0,M1,0.0,,,sv_2c
R12_RCPA,gas_ppl,2005,2035.0,M1,0.0,,,sv_2c
R12_RCPA,gas_ppl,2010,2010.0,M1,0.0,,,sv_2c
R12_RCPA,gas_ppl,2010,2015.0,M1,0.0,,,sv_2c
R12_RCPA,gas_ppl,2010,2020.0,M1,0.0,,,sv_2c
R12_RCPA,gas_ppl,2010,2025.0,M1,0.0,,,sv_2c
R12_RCPA,gas_ppl,2010,2030.0,M1,0.0,,,sv_2c
R12_RCPA,gas_ppl,2010,2035.0,M1,0.0,,,sv_2c
R12_RCPA,gas_ppl,2010,2040.0,M1,0.0,,,sv_2c
R12_RCPA,gas_ppl,2015,2015.0,M1,0.0,,,sv_2c
R12_RCPA,gas_ppl,2015,2020.0,M1,0.0,,,sv_2c
R12_RCPA,gas_ppl,2015,2025.0,M1,0.0,,,sv_2c
R12_RCPA,gas_ppl,2015,2030.0,M1,0.0,,,sv_2c
R12_RCPA,gas_ppl,2015,2035.0,M1,0.0,,,sv_2c
R12_RCPA,gas_ppl,2015,2040.0,M1,0.0,,,sv_2c
R12_RCPA,gas_ppl,2020,2020.0,M1,0.0,,,sv_2c
R12_RCPA,gas_ppl,2020,2025.0,M1,0.0,,,sv_2c
R12_RCPA,gas_ppl,2020,2030.0,M1,0.0,,,sv_2c
R12_RCPA,gas_ppl,2020,2035.0,M1,0.0,,,sv_2c
R12_RCPA,gas_ppl,2020,2040.0,M1,0.0,,,sv_2c
R12_RCPA,gas_ppl,2020,2045.0,M1,0.0,,,sv_2c
R12_RCPA,gas_ppl,2025,2025.0,M1,0.0,,,sv_2c
R12_RCPA,gas_ppl,2025,2030.0,M1,0.0,,,sv_2c
R12_RCPA,gas_ppl,2025,2035.0,M1,0.0,,,sv_2c
R12_RCPA,gas_ppl,2025,2040.0,M1,0.0,,,sv_2c
R12_RCPA,gas_ppl,2025,2045.0,M1,0.0,,,sv_2c
R12_RCPA,gas_ppl,2025,2050.0,M1,0.0,,,sv_2c
R12_RCPA,gas_ppl,2030,2030.0,M1,0.0,,,sv_2c
R12_RCPA,gas_ppl,2030,2035.0,M1,0.0,,,sv_2c
R12_RCPA,gas_ppl,2030,2040.0,M1,0.0,,,sv_2c
R12_RCPA,gas_ppl,2030,2045.0,M1,0.0,,,sv_2c
R12_RCPA,gas_ppl,2030,2050.0,M1,0.0,,,sv_2c
R12_RCPA,gas_ppl,2030,2055.0,M1,0.0,,,sv_2c
R12_RCPA,gas_ppl,2035,2035.0,M1,0.0,,,sv_2c
R12_RCPA,gas_ppl,2035,2040.0,M1,0.0,,,sv_2c
R12_RCPA,gas_ppl,2035,2045.0,M1,0.0,,,sv_2c
R12_RCPA,gas_ppl,2035,2050.0,M1,0.0,,,sv_2c
R12_RCPA,gas_ppl,2035,2055.0,M1,0.0,,,sv_2c
R12_RCPA,gas_ppl,2035,2060.0,M1,0.0,,,sv_2c
R12_RCPA,gas_ppl,2040,2040.0,M1,0.0,,,sv_2c
R12_RCPA,gas_ppl,2040,2045.0,M1,0.0,,,sv_2c
R12_RCPA,gas_ppl,2040,2050.0,M1,0.0,,,sv_2c
R12_RCPA,gas_ppl,2040,2055.0,M1,0.0,,,sv_2c
R12_RCPA,gas_ppl,2040,2060.0,M1,0.0,,,sv_2c
R12_RCPA,gas_ppl,2040,2070.0,M1,0.0,,,sv_2c
R12_RCPA,gas_ppl,2045,2045.0,M1,0.0,,,sv_2c
R12_RCPA,gas_ppl,2045,2050.0,M1,0.0,,,sv_2c
R12_RCPA,gas_ppl,2045,2055.0,M1,0.0,,,sv_2c
R12_RCPA,gas_ppl,2045,2060.0,M1,0.0,,,sv_2c
R12_RCPA,gas_ppl,2045,2070.0,M1,0.0,,,sv_2c
R12_RCPA,gas_ppl,2050,2050.0,M1,0.0,,,sv_2c
R12_RCPA,gas_ppl,2050,2055.0,M1,0.0,,,sv_2c
R12_RCPA,gas_ppl,2050,2060.0,M1,0.0,,,sv_2c
R12_RCPA,gas_ppl,2050,2070.0,M1,0.0,,,sv_2c
R12_RCPA,gas_ppl,2050,2080.0,M1,0.0,,,sv_2c
R12_RCPA,gas_ppl,2055,2055.0,M1,0.0,,,sv_2c
R12_RCPA,gas_ppl,2055,2060.0,M1,0.0,,,sv_2c
R12_RCPA,gas_ppl,2055,2070.0,M1,0.0,,,sv_2c
R12_RCPA,gas_ppl,2055,2080.0,M1,0.0,,,sv_2c
R12_RCPA,gas_ppl,2060,2060.0,M1,0.0,,,sv_2c
R12_RCPA,gas_ppl,2060,2070.0,M1,0.0,,,sv_2c
R12_RCPA,gas_ppl,2060,2080.0,M1,0.0,,,sv_2c
R12_RCPA,gas_ppl,2060,2090.0,M1,0.0,,,sv_2c
R12_RCPA,gas_ppl,2070,2070.0,M1,0.0,,,sv_2c
R12_RCPA,gas_ppl,2070,2080.0,M1,0.0,,,sv_2c
R12_RCPA,gas_ppl,2070,2090.0,M1,0.0,,,sv_2c
R12_RCPA,gas_ppl,2080,2080.0,M1,0.0,,,sv_2c
R12_RCPA,gas_ppl,2080,2090.0,M1,0.0,,,sv_2c
R12_RCPA,gas_ppl,2080,2100.0,M1,0.0,,,sv_2c
R12_RCPA,gas_ppl,2090,2090.0,M1,0.0,,,sv_2c
R12_RCPA,gas_ppl,2090,2100.0,M1,0.0,,,sv_2c
R12_RCPA,gas_ppl,2090,2110.0,M1,0.0,,,sv_2c
R12_RCPA,gas_ppl,2100,2100.0,M1,0.0,,,sv_2c
R12_RCPA,gas_ppl,2100,2110.0,M1,0.0,,,sv_2c
R12_RCPA,gas_ppl,2110,2110.0,M1,0.0,,,sv_2c
R12_RCPA,igcc,2010,2010.0,M1,0.0,0.0,890.72,sv_2c
R12_RCPA,igcc,2010,2015.0,M1,0.0,,890.72,sv_2c
R12_RCPA,igcc,2010,2020.0,M1,0.0,,890.72,sv_2c
R12_RCPA,igcc,2010,2025.0,M1,0.0,,890.72,sv_2c
R12_RCPA,igcc,2010,2030.0,M1,0.0,0.0,890.72,sv_2c
R12_RCPA,igcc,2010,2035.0,M1,0.0,0.0,890.72,sv_2c
R12_RCPA,igcc,2015,2015.0,M1,0.0,0.0,890.72,sv_2c
R12_RCPA,igcc,2015,2020.0,M1,0.0,,890.72,sv_2c
R12_RCPA,igcc,2015,2025.0,M1,0.0,,890.72,sv_2c
R12_RCPA,igcc,2015,2030.0,M1,0.0,0.0,890.72,sv_2c
R12_RCPA,igcc,2015,2035.0,M1,0.0,0.0,890.72,sv_2c
R12_RCPA,igcc,2015,2040.0,M1,0.0,0.0,890.72,sv_2c
R12_RCPA,igcc,2020,2020.0,M1,0.0,0.0,891.0,sv_2c
R12_RCPA,igcc,2020,2025.0,M1,0.0,,891.0,sv_2c
R12_RCPA,igcc,2020,2030.0,M1,0.0,0.0,891.0,sv_2c
R12_RCPA,igcc,2020,2035.0,M1,0.0,0.0,891.0,sv_2c
R12_RCPA,igcc,2020,2040.0,M1,0.0,0.0,891.0,sv_2c
R12_RCPA,igcc,2020,2045.0,M1,0.0,0.0,891.0,sv_2c
R12_RCPA,igcc,2025,2025.0,M1,0.0,0.0,891.0,sv_2c
R12_RCPA,igcc,2025,2030.0,M1,0.0,0.0,891.0,sv_2c
R12_RCPA,igcc,2025,2035.0,M1,0.0,0.0,891.0,sv_2c
R12_RCPA,igcc,2025,2040.0,M1,0.0,0.0,891.0,sv_2c
R12_RCPA,igcc,2025,2045.0,M1,0.0,0.0,891.0,sv_2c
R12_RCPA,igcc,2025,2050.0,M1,0.0,0.0,891.0,sv_2c
R12_RCPA,igcc,2030,2030.0,M1,0.0,0.0,891.5589397340781,sv_2c
R12_RCPA,igcc,2030,2035.0,M1,0.0,0.0,891.5589397340781,sv_2c
R12_RCPA,igcc,2030,2040.0,M1,0.0,0.0,891.5589397340781,sv_2c
R12_RCPA,igcc,2030,2045.0,M1,0.0,0.0,891.5589397340781,sv_2c
R12_RCPA,igcc,2030,2050.0,M1,0.0,0.0,891.5589397340781,sv_2c
R12_RCPA,igcc,2030,2055.0,M1,0.0,0.0,891.5589397340781,sv_2c
R12_RCPA,igcc,2035,2035.0,M1,0.0,0.0,900.9010578040229,sv_2c
R12_RCPA,igcc,2035,2040.0,M1,0.0,0.0,900.9010578040229,sv_2c
R12_RCPA,igcc,2035,2045.0,M1,0.0,0.0,900.9010578040229,sv_2c
R12_RCPA,igcc,2035,2050.0,M1,0.0,0.0,900.9010578040229,sv_2c
R12_RCPA,igcc,2035,2055.0,M1,0.0,0.0,900.9010578040229,sv_2c
R12_RCPA,igcc,2035,2060.0,M1,0.0,0.0,900.9010578040229,sv_2c
R12_RCPA,igcc,2040,2040.0,M1,0.0,0.0,907.7811906813649,sv_2c
R12_RCPA,igcc,2040,2045.0,M1,0.0,0.0,907.7811906813649,sv_2c
R12_RCPA,igcc,2040,2050.0,M1,0.0,0.0,907.7811906813649,sv_2c
R12_RCPA,igcc,2040,2055.0,M1,0.0,0.0,907.7811906813649,sv_2c
R12_RCPA,igcc,2040,2060.0,M1,0.0,0.0,907.7811906813649,sv_2c
R12_RCPA,igcc,2040,2070.0,M1,0.0,0.0,907.7811906813649,sv_2c
R12_RCPA,igcc,2045,2045.0,M1,0.0,0.0,914.3766571800095,sv_2c
R12_RCPA,igcc,2045,2050.0,M1,0.0,0.0,914.3766571800095,sv_2c
R12_RCPA,igcc,2045,2055.0,M1,0.0,0.0,914.3766571800095,sv_2c
R12_RCPA,igcc,2045,2060.0,M1,0.0,0.0,914.3766571800095,sv_2c
R12_RCPA,igcc,2045,2070.0,M1,0.0,0.0,914.3766571800095,sv_2c
R12_RCPA,igcc,2050,2050.0,M1,0.0,0.0,922.2741244702231,sv_2c
R12_RCPA,igcc,2050,2055.0,M1,0.0,0.0,922.2741244702231,sv_2c
R12_RCPA,igcc,2050,2060.0,M1,0.0,0.0,922.2741244702231,sv_2c
R12_RCPA,igcc,2050,2070.0,M1,0.0,0.0,922.2741244702231,sv_2c
R12_RCPA,igcc,2050,2080.0,M1,0.0,0.0,922.2741244702231,sv_2c
R12_RCPA,igcc,2055,2055.0,M1,0.0,0.0,932.2641406289674,sv_2c
R12_RCPA,igcc,2055,2060.0,M1,0.0,0.0,932.2641406289674,sv_2c
R12_RCPA,igcc,2055,2070.0,M1,0.0,0.0,932.2641406289674,sv_2c
R12_RCPA,igcc,2055,2080.0,M1,0.0,0.0,932.2641406289674,sv_2c
R12_RCPA,igcc,2060,2060.0,M1,0.0,0.0,945.5470481370837,sv_2c
R12_RCPA,igcc,2060,2070.0,M1,0.0,0.0,945.5470481370837,sv_2c
R12_RCPA,igcc,2060,2080.0,M1,0.0,0.0,945.5470481370837,sv_2c
R12_RCPA,igcc,2060,2090.0,M1,0.0,0.0,945.5470481370837,sv_2c
R12_RCPA,igcc,2070,2070.0,M1,0.0,0.0,981.75356039642,sv_2c
R12_RCPA,igcc,2070,2080.0,M1,0.0,0.0,981.75356039642,sv_2c
R12_RCPA,igcc,2070,2090.0,M1,0.0,0.0,981.75356039642,sv_2c
R12_RCPA,igcc,2080,2080.0,M1,0.0,0.0,1022.3909491291032,sv_2c
R12_RCPA,igcc,2080,2090.0,M1,0.0,0.0,1022.3909491291032,sv_2c
R12_RCPA,igcc,2080,2100.0,M1,0.0,0.0,1022.3909491291032,sv_2c
R12_RCPA,igcc,2090,2090.0,M1,0.0,0.0,1062.4839513580023,sv_2c
R12_RCPA,igcc,2090,2100.0,M1,0.0,0.0,1062.4839513580023,sv_2c
R12_RCPA,igcc,2090,2110.0,M1,0.0,0.0,1062.4839513580023,sv_2c
R12_RCPA,igcc,2100,2100.0,M1,0.0,0.0,1106.357149623698,sv_2c
R12_RCPA,igcc,2100,2110.0,M1,0.0,0.0,1106.357149623698,sv_2c
R12_RCPA,igcc,2110,2110.0,M1,0.0,0.0,1106.357149623698,sv_2c
R12_RCPA,igcc_ccs,2030,2030.0,M1,0.0,0.0,2816.6615211066774,sv_2c
R12_RCPA,igcc_ccs,2030,2035.0,M1,0.0,0.0,2816.6615211066774,sv_2c
R12_RCPA,igcc_ccs,2030,2040.0,M1,0.0,0.0,2816.6615211066774,sv_2c
R12_RCPA,igcc_ccs,2030,2045.0,M1,0.0,0.0,2816.6615211066774,sv_2c
R12_RCPA,igcc_ccs,2030,2050.0,M1,0.0,0.0,2816.6615211066774,sv_2c
R12_RCPA,igcc_ccs,2030,2055.0,M1,0.0,0.0,2816.6615211066774,sv_2c
R12_RCPA,igcc_ccs,2035,2035.0,M1,0.0,0.0,2757.5128852550606,sv_2c
R12_RCPA,igcc_ccs,2035,2040.0,M1,0.0,0.0,2757.5128852550606,sv_2c
R12_RCPA,igcc_ccs,2035,2045.0,M1,0.0,0.0,2757.5128852550606,sv_2c
R12_RCPA,igcc_ccs,2035,2050.0,M1,0.0,0.0,2757.5128852550606,sv_2c
R12_RCPA,igcc_ccs,2035,2055.0,M1,0.0,0.0,2757.5128852550606,sv_2c
R12_RCPA,igcc_ccs,2035,2060.0,M1,0.0,0.0,2757.5128852550606,sv_2c
R12_RCPA,igcc_ccs,2040,2040.0,M1,0.0,0.0,2709.2169457152145,sv_2c
R12_RCPA,igcc_ccs,2040,2045.0,M1,0.0,0.0,2709.2169457152145,sv_2c
R12_RCPA,igcc_ccs,2040,2050.0,M1,0.0,0.0,2709.2169457152145,sv_2c
R12_RCPA,igcc_ccs,2040,2055.0,M1,0.0,0.0,2709.2169457152145,sv_2c
R12_RCPA,igcc_ccs,2040,2060.0,M1,0.0,0.0,2709.2169457152145,sv_2c
R12_RCPA,igcc_ccs,2040,2070.0,M1,0.0,0.0,2709.2169457152145,sv_2c
R12_RCPA,igcc_ccs,2045,2045.0,M1,0.0,0.0,2672.2619177033307,sv_2c
R12_RCPA,igcc_ccs,2045,2050.0,M1,0.0,0.0,2672.2619177033307,sv_2c
R12_RCPA,igcc_ccs,2045,2055.0,M1,0.0,0.0,2672.2619177033307,sv_2c
R12_RCPA,igcc_ccs,2045,2060.0,M1,0.0,0.0,2672.2619177033307,sv_2c
R12_RCPA,igcc_ccs,2045,2070.0,M1,0.0,0.0,2672.2619177033307,sv_2c
R12_RCPA,igcc_ccs,2050,2050.0,M1,0.0,0.0,2646.792561694774,sv_2c
R12_RCPA,igcc_ccs,2050,2055.0,M1,0.0,0.0,2646.792561694774,sv_2c
R12_RCPA,igcc_ccs,2050,2060.0,M1,0.0,0.0,2646.792561694774,sv_2c
R12_RCPA,igcc_ccs,2050,2070.0,M1,0.0,0.0,2646.792561694774,sv_2c
R12_RCPA,igcc_ccs,2050,2080.0,M1,0.0,0.0,2646.792561694774,sv_2c
R12_RCPA,igcc_ccs,2055,2055.0,M1,0.0,0.0,2632.1702562310224,sv_2c
R12_RCPA,igcc_ccs,2055,2060.0,M1,0.0,0.0,2632.1702562310224,sv_2c
R12_RCPA,igcc_ccs,2055,2070.0,M1,0.0,0.0,2632.1702562310224,sv_2c
R12_RCPA,igcc_ccs,2055,2080.0,M1,0.0,0.0,2632.1702562310224,sv_2c
R12_RCPA,igcc_ccs,2060,2060.0,M1,0.0,0.0,2628.776210242787,sv_2c
R12_RCPA,igcc_ccs,2060,2070.0,M1,0.0,0.0,2628.776210242787,sv_2c
R12_RCPA,igcc_ccs,2060,2080.0,M1,0.0,0.0,2628.776210242787,sv_2c
R12_RCPA,igcc_ccs,2060,2090.0,M1,0.0,0.0,2628.776210242787,sv_2c
R12_RCPA,igcc_ccs,2070,2070.0,M1,0.0,0.0,2650.714091678862,sv_2c
R12_RCPA,igcc_ccs,2070,2080.0,M1,0.0,0.0,2650.714091678862,sv_2c
R12_RCPA,igcc_ccs,2070,2090.0,M1,0.0,0.0,2650.714091678862,sv_2c
R12_RCPA,igcc_ccs,2080,2080.0,M1,0.0,0.0,2692.1910964858107,sv_2c
R12_RCPA,igcc_ccs,2080,2090.0,M1,0.0,0.0,2692.1910964858107,sv_2c
R12_RCPA,igcc_ccs,2080,2100.0,M1,0.0,0.0,2692.1910964858107,sv_2c
R12_RCPA,igcc_ccs,2090,2090.0,M1,0.0,0.0,2740.868600816804,sv_2c
R12_RCPA,igcc_ccs,2090,2100.0,M1,0.0,0.0,2740.868600816804,sv_2c
R12_RCPA,igcc_ccs,2090,2110.0,M1,0.0,0.0,2740.868600816804,sv_2c
R12_RCPA,igcc_ccs,2100,2100.0,M1,0.0,0.0,2800.655586851007,sv_2c
R12_RCPA,igcc_ccs,2100,2110.0,M1,0.0,0.0,2800.655586851007,sv_2c
R12_RCPA,igcc_ccs,2110,2110.0,M1,0.0,0.0,2800.655586851007,sv_2c
R12_SAS,coal_adv,2010,2010.0,M1,0.0,0.0,971.7,sv_2c
R12_SAS,coal_adv,2010,2015.0,M1,0.0,,971.7,sv_2c
R12_SAS,coal_adv,2010,2020.0,M1,0.0,,971.7,sv_2c
R12_SAS,coal_adv,2010,2025.0,M1,0.0,,971.7,sv_2c
R12_SAS,coal_adv,2010,2030.0,M1,0.0,0.0,971.7,sv_2c
R12_SAS,coal_adv,2010,2035.0,M1,0.0,0.0,971.7,sv_2c
R12_SAS,coal_adv,2015,2015.0,M1,0.0,0.0,971.7,sv_2c
R12_SAS,coal_adv,2015,2020.0,M1,0.0,,971.7,sv_2c
R12_SAS,coal_adv,2015,2025.0,M1,0.0,,971.7,sv_2c
R12_SAS,coal_adv,2015,2030.0,M1,22.253875,30.695,971.7,sv_2c
R12_SAS,coal_adv,2015,2035.0,M1,24.1723125,30.695,971.7,sv_2c
R12_SAS,coal_adv,2015,2040.0,M1,26.09075,30.695,971.7,sv_2c
R12_SAS,coal_adv,2020,2020.0,M1,0.0,0.0,972.0,sv_2c
R12_SAS,coal_adv,2020,2025.0,M1,0.0,,972.0,sv_2c
R12_SAS,coal_adv,2020,2030.0,M1,23.493625,32.405,972.0,sv_2c
R12_SAS,coal_adv,2020,2035.0,M1,25.5189375,32.405,972.0,sv_2c
R12_SAS,coal_adv,2020,2040.0,M1,27.54425,32.405,972.0,sv_2c
R12_SAS,coal_adv,2020,2045.0,M1,18.440040806498516,21.694165654704136,972.0,sv_2c
R12_SAS,coal_adv,2025,2025.0,M1,0.0,0.0,972.0,sv_2c
R12_SAS,coal_adv,2025,2030.0,M1,2.7860456029834606,3.8428215213564973,972.0,sv_2c
R12_SAS,coal_adv,2025,2035.0,M1,3.0262219480682417,3.8428215213564973,972.0,sv_2c
R12_SAS,coal_adv,2025,2040.0,M1,3.266398293153023,3.8428215213564973,972.0,sv_2c
R12_SAS,coal_adv,2025,2045.0,M1,3.266398293153023,3.8428215213564973,972.0,sv_2c
R12_SAS,coal_adv,2025,2050.0,M1,0.0,0.0,972.0,sv_2c
R12_SAS,coal_adv,2030,2030.0,M1,0.0,0.0,928.7779233066823,sv_2c
R12_SAS,coal_adv,2030,2035.0,M1,0.0,0.0,928.7779233066823,sv_2c
R12_SAS,coal_adv,2030,2040.0,M1,0.0,0.0,928.7779233066823,sv_2c
R12_SAS,coal_adv,2030,2045.0,M1,0.0,0.0,928.7779233066823,sv_2c
R12_SAS,coal_adv,2030,2050.0,M1,0.0,0.0,928.7779233066823,sv_2c
R12_SAS,coal_adv,2030,2055.0,M1,0.0,0.0,928.7779233066823,sv_2c
R12_SAS,coal_adv,2035,2035.0,M1,0.0,0.0,895.6782803484638,sv_2c
R12_SAS,coal_adv,2035,2040.0,M1,0.0,0.0,895.6782803484638,sv_2c
R12_SAS,coal_adv,2035,2045.0,M1,0.0,0.0,895.6782803484638,sv_2c
R12_SAS,coal_adv,2035,2050.0,M1,0.0,0.0,895.6782803484638,sv_2c
R12_SAS,coal_adv,2035,2055.0,M1,0.0,0.0,895.6782803484638,sv_2c
R12_SAS,coal_adv,2035,2060.0,M1,0.0,0.0,895.6782803484638,sv_2c
R12_SAS,coal_adv,2040,2040.0,M1,0.0,0.0,871.2207837031722,sv_2c
R12_SAS,coal_adv,2040,2045.0,M1,0.0,0.0,871.2207837031722,sv_2c
R12_SAS,coal_adv,2040,2050.0,M1,0.0,0.0,871.2207837031722,sv_2c
R12_SAS,coal_adv,2040,2055.0,M1,0.0,0.0,871.2207837031722,sv_2c
R12_SAS,coal_adv,2040,2060.0,M1,0.0,0.0,871.2207837031722,sv_2c
R12_SAS,coal_adv,2040,2070.0,M1,0.0,0.0,871.2207837031722,sv_2c
R12_SAS,coal_adv,2045,2045.0,M1,0.0,0.0,854.1559845156058,sv_2c
R12_SAS,coal_adv,2045,2050.0,M1,0.0,0.0,854.1559845156058,sv_2c
R12_SAS,coal_adv,2045,2055.0,M1,0.0,0.0,854.1559845156058,sv_2c
R12_SAS,coal_adv,2045,2060.0,M1,0.0,0.0,854.1559845156058,sv_2c
R12_SAS,coal_adv,2045,2070.0,M1,0.0,0.0,854.1559845156058,sv_2c
R12_SAS,coal_adv,2050,2050.0,M1,0.0,0.0,843.4729226743771,sv_2c
R12_SAS,coal_adv,2050,2055.0,M1,0.0,0.0,843.4729226743771,sv_2c
R12_SAS,coal_adv,2050,2060.0,M1,0.0,0.0,843.4729226743771,sv_2c
R12_SAS,coal_adv,2050,2070.0,M1,0.0,0.0,843.4729226743771,sv_2c
R12_SAS,coal_adv,2050,2080.0,M1,0.0,0.0,843.4729226743771,sv_2c
R12_SAS,coal_adv,2055,2055.0,M1,0.0,0.0,837.8311260983737,sv_2c
R12_SAS,coal_adv,2055,2060.0,M1,0.0,0.0,837.8311260983737,sv_2c
R12_SAS,coal_adv,2055,2070.0,M1,0.0,0.0,837.8311260983737,sv_2c
R12_SAS,coal_adv,2055,2080.0,M1,0.0,0.0,837.8311260983737,sv_2c
R12_SAS,coal_adv,2060,2060.0,M1,0.0,0.0,836.5083071455362,sv_2c
R12_SAS,coal_adv,2060,2070.0,M1,0.0,0.0,836.5083071455362,sv_2c
R12_SAS,coal_adv,2060,2080.0,M1,0.0,0.0,836.5083071455362,sv_2c
R12_SAS,coal_adv,2060,2090.0,M1,0.0,0.0,836.5083071455362,sv_2c
R12_SAS,coal_adv,2070,2070.0,M1,0.0,0.0,844.0276148662879,sv_2c
R12_SAS,coal_adv,2070,2080.0,M1,0.0,0.0,844.0276148662879,sv_2c
R12_SAS,coal_adv,2070,2090.0,M1,0.0,0.0,844.0276148662879,sv_2c
R12_SAS,coal_adv,2080,2080.0,M1,0.0,0.0,861.096647749148,sv_2c
R12_SAS,coal_adv,2080,2090.0,M1,0.0,0.0,861.096647749148,sv_2c
R12_SAS,coal_adv,2080,2100.0,M1,0.0,0.0,861.096647749148,sv_2c
R12_SAS,coal_adv,2090,2090.0,M1,0.0,0.0,882.0184530273325,sv_2c
R12_SAS,coal_adv,2090,2100.0,M1,0.0,0.0,882.0184530273325,sv_2c
R12_SAS,coal_adv,2090,2110.0,M1,0.0,0.0,882.0184530273325,sv_2c
R12_SAS,coal_adv,2100,2100.0,M1,0.0,0.0,905.1798031988864,sv_2c
R12_SAS,coal_adv,2100,2110.0,M1,0.0,0.0,905.1798031988864,sv_2c
R12_SAS,coal_adv,2110,2110.0,M1,0.0,0.0,905.1798031988864,sv_2c
R12_SAS,coal_adv_ccs,2030,2030.0,M1,0.0,0.0,2996.365158729801,sv_2c
R12_SAS,coal_adv_ccs,2030,2035.0,M1,0.0,0.0,2996.365158729801,sv_2c
R12_SAS,coal_adv_ccs,2030,2040.0,M1,0.0,0.0,2996.365158729801,sv_2c
R12_SAS,coal_adv_ccs,2030,2045.0,M1,0.0,0.0,2996.365158729801,sv_2c
R12_SAS,coal_adv_ccs,2030,2050.0,M1,0.0,0.0,2996.365158729801,sv_2c
R12_SAS,coal_adv_ccs,2030,2055.0,M1,0.0,0.0,2996.365158729801,sv_2c
R12_SAS,coal_adv_ccs,2035,2035.0,M1,0.0,0.0,2869.0014271161103,sv_2c
R12_SAS,coal_adv_ccs,2035,2040.0,M1,0.0,0.0,2869.0014271161103,sv_2c
R12_SAS,coal_adv_ccs,2035,2045.0,M1,0.0,0.0,2869.0014271161103,sv_2c
R12_SAS,coal_adv_ccs,2035,2050.0,M1,0.0,0.0,2869.0014271161103,sv_2c
R12_SAS,coal_adv_ccs,2035,2055.0,M1,0.0,0.0,2869.0014271161103,sv_2c
R12_SAS,coal_adv_ccs,2035,2060.0,M1,0.0,0.0,2869.0014271161103,sv_2c
R12_SAS,coal_adv_ccs,2040,2040.0,M1,0.0,0.0,2770.892021452121,sv_2c
R12_SAS,coal_adv_ccs,2040,2045.0,M1,0.0,0.0,2770.892021452121,sv_2c
R12_SAS,coal_adv_ccs,2040,2050.0,M1,0.0,0.0,2770.892021452121,sv_2c
R12_SAS,coal_adv_ccs,2040,2055.0,M1,0.0,0.0,2770.892021452121,sv_2c
R12_SAS,coal_adv_ccs,2040,2060.0,M1,0.0,0.0,2770.892021452121,sv_2c
R12_SAS,coal_adv_ccs,2040,2070.0,M1,0.0,0.0,2770.892021452121,sv_2c
R12_SAS,coal_adv_ccs,2045,2045.0,M1,0.0,0.0,2697.0984278457145,sv_2c
R12_SAS,coal_adv_ccs,2045,2050.0,M1,0.0,0.0,2697.0984278457145,sv_2c
R12_SAS,coal_adv_ccs,2045,2055.0,M1,0.0,0.0,2697.0984278457145,sv_2c
R12_SAS,coal_adv_ccs,2045,2060.0,M1,0.0,0.0,2697.0984278457145,sv_2c
R12_SAS,coal_adv_ccs,2045,2070.0,M1,0.0,0.0,2697.0984278457145,sv_2c
R12_SAS,coal_adv_ccs,2050,2050.0,M1,0.0,0.0,2643.646782283307,sv_2c
R12_SAS,coal_adv_ccs,2050,2055.0,M1,0.0,0.0,2643.646782283307,sv_2c
R12_SAS,coal_adv_ccs,2050,2060.0,M1,0.0,0.0,2643.646782283307,sv_2c
R12_SAS,coal_adv_ccs,2050,2070.0,M1,0.0,0.0,2643.646782283307,sv_2c
R12_SAS,coal_adv_ccs,2050,2080.0,M1,0.0,0.0,2643.646782283307,sv_2c
R12_SAS,coal_adv_ccs,2055,2055.0,M1,0.0,0.0,2606.3524487971167,sv_2c
R12_SAS,coal_adv_ccs,2055,2060.0,M1,0.0,0.0,2606.3524487971167,sv_2c
R12_SAS,coal_adv_ccs,2055,2070.0,M1,0.0,0.0,2606.3524487971167,sv_2c
R12_SAS,coal_adv_ccs,2055,2080.0,M1,0.0,0.0,2606.3524487971167,sv_2c
R12_SAS,coal_adv_ccs,2060,2060.0,M1,0.0,0.0,2582.528027056636,sv_2c
R12_SAS,coal_adv_ccs,2060,2070.0,M1,0.0,0.0,2582.528027056636,sv_2c
R12_SAS,coal_adv_ccs,2060,2080.0,M1,0.0,0.0,2582.528027056636,sv_2c
R12_SAS,coal_adv_ccs,2060,2090.0,M1,0.0,0.0,2582.528027056636,sv_2c
R12_SAS,coal_adv_ccs,2070,2070.0,M1,0.0,0.0,2565.989421609128,sv_2c
R12_SAS,coal_adv_ccs,2070,2080.0,M1,0.0,0.0,2565.989421609128,sv_2c
R12_SAS,coal_adv_ccs,2070,2090.0,M1,0.0,0.0,2565.989421609128,sv_2c
R12_SAS,coal_adv_ccs,2080,2080.0,M1,0.0,0.0,2578.5272520041044,sv_2c
R12_SAS,coal_adv_ccs,2080,2090.0,M1,0.0,0.0,2578.5272520041044,sv_2c
R12_SAS,coal_adv_ccs,2080,2100.0,M1,0.0,0.0,2578.5272520041044,sv_2c
R12_SAS,coal_adv_ccs,2090,2090.0,M1,0.0,0.0,2605.4173023861435,sv_2c
R12_SAS,coal_adv_ccs,2090,2100.0,M1,0.0,0.0,2605.4173023861435,sv_2c
R12_SAS,coal_adv_ccs,2090,2110.0,M1,0.0,0.0,2605.4173023861435,sv_2c
R12_SAS,coal_adv_ccs,2100,2100.0,M1,0.0,0.0,2641.0721162618156,sv_2c
R12_SAS,coal_adv_ccs,2100,2110.0,M1,0.0,0.0,2641.0721162618156,sv_2c
R12_SAS,coal_adv_ccs,2110,2110.0,M1,0.0,0.0,2641.0721162618156,sv_2c
R12_SAS,coal_ppl,1985,1985.0,M1,0.0,0.0,809.75,sv_2c
R12_SAS,coal_ppl,1985,1990.0,M1,0.0,,809.75,sv_2c
R12_SAS,coal_ppl,1985,1995.0,M1,0.0,,809.75,sv_2c
R12_SAS,coal_ppl,1985,2000.0,M1,0.0,,809.75,sv_2c
R12_SAS,coal_ppl,1985,2005.0,M1,0.0,,809.75,sv_2c
R12_SAS,coal_ppl,1985,2010.0,M1,0.0,,809.75,sv_2c
R12_SAS,coal_ppl,1985,2015.0,M1,0.0,,809.75,sv_2c
R12_SAS,coal_ppl,1985,2020.0,M1,0.0,,809.75,sv_2c
R12_SAS,coal_ppl,1985,2025.0,M1,0.0,,809.75,sv_2c
R12_SAS,coal_ppl,1990,1990.0,M1,0.0,0.0,809.75,sv_2c
R12_SAS,coal_ppl,1990,1995.0,M1,0.0,,809.75,sv_2c
R12_SAS,coal_ppl,1990,2000.0,M1,0.0,,809.75,sv_2c
R12_SAS,coal_ppl,1990,2005.0,M1,0.0,,809.75,sv_2c
R12_SAS,coal_ppl,1990,2010.0,M1,0.0,,809.75,sv_2c
R12_SAS,coal_ppl,1990,2015.0,M1,0.0,,809.75,sv_2c
R12_SAS,coal_ppl,1990,2020.0,M1,0.0,,809.75,sv_2c
R12_SAS,coal_ppl,1990,2025.0,M1,0.0,,809.75,sv_2c
R12_SAS,coal_ppl,1995,1995.0,M1,0.0,0.0,809.75,sv_2c
R12_SAS,coal_ppl,1995,2000.0,M1,0.0,,809.75,sv_2c
R12_SAS,coal_ppl,1995,2005.0,M1,0.0,,809.75,sv_2c
R12_SAS,coal_ppl,1995,2010.0,M1,0.0,,809.75,sv_2c
R12_SAS,coal_ppl,1995,2015.0,M1,0.0,,809.75,sv_2c
R12_SAS,coal_ppl,1995,2020.0,M1,0.0,,809.75,sv_2c
R12_SAS,coal_ppl,1995,2025.0,M1,0.0,,809.75,sv_2c
R12_SAS,coal_ppl,1995,2030.0,M1,0.0,0.0,809.75,sv_2c
R12_SAS,coal_ppl,2000,2000.0,M1,0.0,0.0,809.75,sv_2c
R12_SAS,coal_ppl,2000,2005.0,M1,0.0,,809.75,sv_2c
R12_SAS,coal_ppl,2000,2010.0,M1,0.0,,809.75,sv_2c
R12_SAS,coal_ppl,2000,2015.0,M1,0.0,,809.75,sv_2c
R12_SAS,coal_ppl,2000,2020.0,M1,0.0,,809.75,sv_2c
R12_SAS,coal_ppl,2000,2025.0,M1,0.0,,809.75,sv_2c
R12_SAS,coal_ppl,2000,2030.0,M1,0.3625,0.5,809.75,sv_2c
R12_SAS,coal_ppl,2005,2005.0,M1,0.0,0.0,809.75,sv_2c
R12_SAS,coal_ppl,2005,2010.0,M1,0.0,,809.75,sv_2c
R12_SAS,coal_ppl,2005,2015.0,M1,0.0,,809.75,sv_2c
R12_SAS,coal_ppl,2005,2020.0,M1,0.0,,809.75,sv_2c
R12_SAS,coal_ppl,2005,2025.0,M1,0.0,,809.75,sv_2c
R12_SAS,coal_ppl,2005,2030.0,M1,0.0,0.0,809.75,sv_2c
R12_SAS,coal_ppl,2005,2035.0,M1,0.0,0.0,809.75,sv_2c
R12_SAS,coal_ppl,2010,2010.0,M1,0.0,0.0,809.75,sv_2c
R12_SAS,coal_ppl,2010,2015.0,M1,0.0,,809.75,sv_2c
R12_SAS,coal_ppl,2010,2020.0,M1,0.0,,809.75,sv_2c
R12_SAS,coal_ppl,2010,2025.0,M1,0.0,,809.75,sv_2c
R12_SAS,coal_ppl,2010,2030.0,M1,1.0643,1.4680000000000002,809.75,sv_2c
R12_SAS,coal_ppl,2010,2035.0,M1,1.15605,1.4680000000000002,809.75,sv_2c
R12_SAS,coal_ppl,2015,2015.0,M1,0.0,0.0,809.75,sv_2c
R12_SAS,coal_ppl,2015,2020.0,M1,0.0,,809.75,sv_2c
R12_SAS,coal_ppl,2015,2025.0,M1,0.0,,809.75,sv_2c
R12_SAS,coal_ppl,2015,2030.0,M1,2.06625,2.8500000000000005,809.75,sv_2c
R12_SAS,coal_ppl,2015,2035.0,M1,2.2443750000000002,2.8500000000000005,809.75,sv_2c
R12_SAS,coal_ppl,2015,2040.0,M1,0.0,2.8500000000000005,809.75,sv_2c
R12_SAS,coal_ppl,2020,2020.0,M1,0.0,0.0,810.0,sv_2c
R12_SAS,coal_ppl,2020,2025.0,M1,0.0,,810.0,sv_2c
R12_SAS,coal_ppl,2020,2030.0,M1,2.42875,3.35,810.0,sv_2c
R12_SAS,coal_ppl,2020,2035.0,M1,2.638125,3.35,810.0,sv_2c
R12_SAS,coal_ppl,2020,2040.0,M1,0.0,3.35,810.0,sv_2c
R12_SAS,coal_ppl,2020,2045.0,M1,0.0,0.0,810.0,sv_2c
R12_SAS,coal_ppl,2025,2025.0,M1,0.0,0.0,810.0,sv_2c
R12_SAS,coal_ppl,2025,2030.0,M1,9.803409955432132,13.521944766113286,810.0,sv_2c
R12_SAS,coal_ppl,2025,2035.0,M1,10.648531503314212,13.521944766113286,810.0,sv_2c
R12_SAS,coal_ppl,2025,2040.0,M1,0.0,13.521944766113286,810.0,sv_2c
R12_SAS,coal_ppl,2025,2045.0,M1,0.0,7.479619013844552,810.0,sv_2c
R12_SAS,coal_ppl,2025,2050.0,M1,0.0,7.479619013844552,810.0,sv_2c
R12_SAS,coal_ppl,2030,2030.0,M1,7.990909955432132,11.021944766113286,795.4744120356828,sv_2c
R12_SAS,coal_ppl,2030,2035.0,M1,8.679781503314212,11.021944766113286,795.4744120356828,sv_2c
R12_SAS,coal_ppl,2030,2040.0,M1,0.0,11.021944766113286,795.4744120356828,sv_2c
R12_SAS,coal_ppl,2030,2045.0,M1,0.0,11.021944766113286,795.4744120356828,sv_2c
R12_SAS,coal_ppl,2030,2050.0,M1,0.0,11.021944766113286,795.4744120356828,sv_2c
R12_SAS,coal_ppl,2030,2055.0,M1,0.0,11.021944766113286,795.4744120356828,sv_2c
R12_SAS,coal_ppl,2035,2035.0,M1,6.711031503314213,8.521944766113286,785.1096119867111,sv_2c
R12_SAS,coal_ppl,2035,2040.0,M1,0.0,8.521944766113286,785.1096119867111,sv_2c
R12_SAS,coal_ppl,2035,2045.0,M1,0.0,8.521944766113286,785.1096119867111,sv_2c
R12_SAS,coal_ppl,2035,2050.0,M1,0.0,8.521944766113286,785.1096119867111,sv_2c
R12_SAS,coal_ppl,2035,2055.0,M1,0.0,8.521944766113286,785.1096119867111,sv_2c
R12_SAS,coal_ppl,2035,2060.0,M1,0.0,8.521944766113286,785.1096119867111,sv_2c
R12_SAS,coal_ppl,2040,2040.0,M1,0.0,0.0,778.6096896181391,sv_2c
R12_SAS,coal_ppl,2040,2045.0,M1,0.0,0.0,778.6096896181391,sv_2c
R12_SAS,coal_ppl,2040,2050.0,M1,0.0,0.0,778.6096896181391,sv_2c
R12_SAS,coal_ppl,2040,2055.0,M1,0.0,0.0,778.6096896181391,sv_2c
R12_SAS,coal_ppl,2040,2060.0,M1,0.0,0.0,778.6096896181391,sv_2c
R12_SAS,coal_ppl,2040,2070.0,M1,0.0,0.0,778.6096896181391,sv_2c
R12_SAS,coal_ppl,2045,2045.0,M1,0.0,0.0,775.6987305686305,sv_2c
R12_SAS,coal_ppl,2045,2050.0,M1,0.0,0.0,775.6987305686305,sv_2c
R12_SAS,coal_ppl,2045,2055.0,M1,0.0,0.0,775.6987305686305,sv_2c
R12_SAS,coal_ppl,2045,2060.0,M1,0.0,0.0,775.6987305686305,sv_2c
R12_SAS,coal_ppl,2045,2070.0,M1,0.0,0.0,775.6987305686305,sv_2c
R12_SAS,coal_ppl,2050,2050.0,M1,0.0,0.0,776.1561423444731,sv_2c
R12_SAS,coal_ppl,2050,2055.0,M1,0.0,0.0,776.1561423444731,sv_2c
R12_SAS,coal_ppl,2050,2060.0,M1,0.0,0.0,776.1561423444731,sv_2c
R12_SAS,coal_ppl,2050,2070.0,M1,0.0,0.0,776.1561423444731,sv_2c
R12_SAS,coal_ppl,2050,2080.0,M1,0.0,0.0,776.1561423444731,sv_2c
R12_SAS,coal_ppl,2055,2055.0,M1,0.0,0.0,779.2863396073143,sv_2c
R12_SAS,coal_ppl,2055,2060.0,M1,0.0,0.0,779.2863396073143,sv_2c
R12_SAS,coal_ppl,2055,2070.0,M1,0.0,0.0,779.2863396073143,sv_2c
R12_SAS,coal_ppl,2055,2080.0,M1,0.0,0.0,779.2863396073143,sv_2c
R12_SAS,coal_ppl,2060,2060.0,M1,0.0,0.0,784.8661467117724,sv_2c
R12_SAS,coal_ppl,2060,2070.0,M1,0.0,0.0,784.8661467117724,sv_2c
R12_SAS,coal_ppl,2060,2080.0,M1,0.0,0.0,784.8661467117724,sv_2c
R12_SAS,coal_ppl,2060,2090.0,M1,0.0,0.0,784.8661467117724,sv_2c
R12_SAS,coal_ppl,2070,2070.0,M1,0.0,0.0,802.0940720623918,sv_2c
R12_SAS,coal_ppl,2070,2080.0,M1,0.0,0.0,802.0940720623918,sv_2c
R12_SAS,coal_ppl,2070,2090.0,M1,0.0,0.0,802.0940720623918,sv_2c
R12_SAS,coal_ppl,2080,2080.0,M1,0.0,0.0,825.1867426142978,sv_2c
R12_SAS,coal_ppl,2080,2090.0,M1,0.0,0.0,825.1867426142978,sv_2c
R12_SAS,coal_ppl,2080,2100.0,M1,0.0,0.0,825.1867426142978,sv_2c
R12_SAS,coal_ppl,2090,2090.0,M1,0.0,0.0,849.8318211514152,sv_2c
R12_SAS,coal_ppl,2090,2100.0,M1,0.0,0.0,849.8318211514152,sv_2c
R12_SAS,coal_ppl,2090,2110.0,M1,0.0,0.0,849.8318211514152,sv_2c
R12_SAS,coal_ppl,2100,2100.0,M1,0.0,0.0,875.2948163299769,sv_2c
R12_SAS,coal_ppl,2100,2110.0,M1,0.0,0.0,875.2948163299769,sv_2c
R12_SAS,coal_ppl,2110,2110.0,M1,0.0,0.0,875.2948163299769,sv_2c
R12_SAS,coal_ppl_u,1960,1960.0,M1,0.0,0.0,564.29,sv_2c
R12_SAS,coal_ppl_u,1960,1965.0,M1,0.0,,564.29,sv_2c
R12_SAS,coal_ppl_u,1960,1970.0,M1,0.0,,564.29,sv_2c
R12_SAS,coal_ppl_u,1960,1975.0,M1,0.0,,564.29,sv_2c
R12_SAS,coal_ppl_u,1960,1980.0,M1,0.0,,564.29,sv_2c
R12_SAS,coal_ppl_u,1960,1985.0,M1,0.0,,564.29,sv_2c
R12_SAS,coal_ppl_u,1960,1990.0,M1,0.0,,564.29,sv_2c
R12_SAS,coal_ppl_u,1960,1995.0,M1,0.0,,564.29,sv_2c
R12_SAS,coal_ppl_u,1960,2000.0,M1,0.0,,564.29,sv_2c
R12_SAS,coal_ppl_u,1960,2005.0,M1,0.0,,564.29,sv_2c
R12_SAS,coal_ppl_u,1960,2010.0,M1,0.0,,564.29,sv_2c
R12_SAS,coal_ppl_u,1960,2015.0,M1,0.0,,564.29,sv_2c
R12_SAS,coal_ppl_u,1960,2020.0,M1,0.0,,564.29,sv_2c
R12_SAS,coal_ppl_u,1960,2025.0,M1,0.0,,564.29,sv_2c
R12_SAS,coal_ppl_u,1965,1965.0,M1,0.0,0.0,564.29,sv_2c
R12_SAS,coal_ppl_u,1965,1970.0,M1,0.0,,564.29,sv_2c
R12_SAS,coal_ppl_u,1965,1975.0,M1,0.0,,564.29,sv_2c
R12_SAS,coal_ppl_u,1965,1980.0,M1,0.0,,564.29,sv_2c
R12_SAS,coal_ppl_u,1965,1985.0,M1,0.0,,564.29,sv_2c
R12_SAS,coal_ppl_u,1965,1990.0,M1,0.0,,564.29,sv_2c
R12_SAS,coal_ppl_u,1965,1995.0,M1,0.0,,564.29,sv_2c
R12_SAS,coal_ppl_u,1965,2000.0,M1,0.0,,564.29,sv_2c
R12_SAS,coal_ppl_u,1965,2005.0,M1,0.0,,564.29,sv_2c
R12_SAS,coal_ppl_u,1965,2010.0,M1,0.0,,564.29,sv_2c
R12_SAS,coal_ppl_u,1965,2015.0,M1,0.0,,564.29,sv_2c
R12_SAS,coal_ppl_u,1965,2020.0,M1,0.0,,564.29,sv_2c
R12_SAS,coal_ppl_u,1965,2025.0,M1,0.0,,564.29,sv_2c
R12_SAS,coal_ppl_u,1970,1970.0,M1,0.0,0.0,564.29,sv_2c
R12_SAS,coal_ppl_u,1970,1975.0,M1,0.0,,564.29,sv_2c
R12_SAS,coal_ppl_u,1970,1980.0,M1,0.0,,564.29,sv_2c
R12_SAS,coal_ppl_u,1970,1985.0,M1,0.0,,564.29,sv_2c
R12_SAS,coal_ppl_u,1970,1990.0,M1,0.0,,564.29,sv_2c
R12_SAS,coal_ppl_u,1970,1995.0,M1,0.0,,564.29,sv_2c
R12_SAS,coal_ppl_u,1970,2000.0,M1,0.0,,564.29,sv_2c
R12_SAS,coal_ppl_u,1970,2005.0,M1,0.0,,564.29,sv_2c
R12_SAS,coal_ppl_u,1970,2010.0,M1,0.0,,564.29,sv_2c
R12_SAS,coal_ppl_u,1970,2015.0,M1,0.0,,564.29,sv_2c
R12_SAS,coal_ppl_u,1970,2020.0,M1,0.0,,564.29,sv_2c
R12_SAS,coal_ppl_u,1970,2025.0,M1,0.0,,564.29,sv_2c
R12_SAS,coal_ppl_u,1970,2030.0,M1,0.0,0.4025,564.29,sv_2c
R12_SAS,coal_ppl_u,1975,1975.0,M1,0.0,0.0,564.29,sv_2c
R12_SAS,coal_ppl_u,1975,1980.0,M1,0.0,,564.29,sv_2c
R12_SAS,coal_ppl_u,1975,1985.0,M1,0.0,,564.29,sv_2c
R12_SAS,coal_ppl_u,1975,1990.0,M1,0.0,,564.29,sv_2c
R12_SAS,coal_ppl_u,1975,1995.0,M1,0.0,,564.29,sv_2c
R12_SAS,coal_ppl_u,1975,2000.0,M1,0.0,,564.29,sv_2c
R12_SAS,coal_ppl_u,1975,2005.0,M1,0.0,,564.29,sv_2c
R12_SAS,coal_ppl_u,1975,2010.0,M1,0.0,,564.29,sv_2c
R12_SAS,coal_ppl_u,1975,2015.0,M1,0.0,,564.29,sv_2c
R12_SAS,coal_ppl_u,1975,2020.0,M1,0.0,,564.29,sv_2c
R12_SAS,coal_ppl_u,1975,2025.0,M1,0.0,,564.29,sv_2c
R12_SAS,coal_ppl_u,1975,2030.0,M1,0.0,0.7077000000000001,564.29,sv_2c
R12_SAS,coal_ppl_u,1980,1980.0,M1,0.0,0.0,564.29,sv_2c
R12_SAS,coal_ppl_u,1980,1985.0,M1,0.0,,564.29,sv_2c
R12_SAS,coal_ppl_u,1980,1990.0,M1,0.0,,564.29,sv_2c
R12_SAS,coal_ppl_u,1980,1995.0,M1,0.0,,564.29,sv_2c
R12_SAS,coal_ppl_u,1980,2000.0,M1,0.0,,564.29,sv_2c
R12_SAS,coal_ppl_u,1980,2005.0,M1,0.0,,564.29,sv_2c
R12_SAS,coal_ppl_u,1980,2010.0,M1,0.0,,564.29,sv_2c
R12_SAS,coal_ppl_u,1980,2015.0,M1,0.0,,564.29,sv_2c
R12_SAS,coal_ppl_u,1980,2020.0,M1,0.0,,564.29,sv_2c
R12_SAS,coal_ppl_u,1980,2025.0,M1,0.0,,564.29,sv_2c
R12_SAS,coal_ppl_u,1980,2030.0,M1,0.0,3.2240500000000005,564.29,sv_2c
R12_SAS,coal_ppl_u,1980,2035.0,M1,0.0,3.2240500000000005,564.29,sv_2c
R12_SAS,coal_ppl_u,1985,1985.0,M1,0.0,0.0,564.29,sv_2c
R12_SAS,coal_ppl_u,1985,1990.0,M1,0.0,,564.29,sv_2c
R12_SAS,coal_ppl_u,1985,1995.0,M1,0.0,,564.29,sv_2c
R12_SAS,coal_ppl_u,1985,2000.0,M1,0.0,,564.29,sv_2c
R12_SAS,coal_ppl_u,1985,2005.0,M1,0.0,,564.29,sv_2c
R12_SAS,coal_ppl_u,1985,2010.0,M1,0.0,,564.29,sv_2c
R12_SAS,coal_ppl_u,1985,2015.0,M1,0.0,,564.29,sv_2c
R12_SAS,coal_ppl_u,1985,2020.0,M1,0.0,,564.29,sv_2c
R12_SAS,coal_ppl_u,1985,2025.0,M1,0.0,,564.29,sv_2c
R12_SAS,coal_ppl_u,1985,2030.0,M1,0.0,9.243500000000001,564.29,sv_2c
R12_SAS,coal_ppl_u,1985,2035.0,M1,0.0,9.243500000000001,564.29,sv_2c
R12_SAS,coal_ppl_u,1990,1990.0,M1,0.0,0.0,564.29,sv_2c
R12_SAS,coal_ppl_u,1990,1995.0,M1,0.0,,564.29,sv_2c
R12_SAS,coal_ppl_u,1990,2000.0,M1,0.0,,564.29,sv_2c
R12_SAS,coal_ppl_u,1990,2005.0,M1,0.0,,564.29,sv_2c
R12_SAS,coal_ppl_u,1990,2010.0,M1,0.0,,564.29,sv_2c
R12_SAS,coal_ppl_u,1990,2015.0,M1,0.0,,564.29,sv_2c
R12_SAS,coal_ppl_u,1990,2020.0,M1,0.0,,564.29,sv_2c
R12_SAS,coal_ppl_u,1990,2025.0,M1,0.0,,564.29,sv_2c
R12_SAS,coal_ppl_u,1990,2030.0,M1,0.0,15.305599999999998,564.29,sv_2c
R12_SAS,coal_ppl_u,1990,2035.0,M1,0.0,15.305599999999998,564.29,sv_2c
R12_SAS,coal_ppl_u,1990,2040.0,M1,0.0,15.305599999999998,564.29,sv_2c
R12_SAS,coal_ppl_u,1995,1995.0,M1,0.0,0.0,564.29,sv_2c
R12_SAS,coal_ppl_u,1995,2000.0,M1,0.0,,564.29,sv_2c
R12_SAS,coal_ppl_u,1995,2005.0,M1,0.0,,564.29,sv_2c
R12_SAS,coal_ppl_u,1995,2010.0,M1,0.0,,564.29,sv_2c
R12_SAS,coal_ppl_u,1995,2015.0,M1,0.0,,564.29,sv_2c
R12_SAS,coal_ppl_u,1995,2020.0,M1,0.0,,564.29,sv_2c
R12_SAS,coal_ppl_u,1995,2025.0,M1,0.0,,564.29,sv_2c
R12_SAS,coal_ppl_u,1995,2030.0,M1,0.0,10.608799999999999,564.29,sv_2c
R12_SAS,coal_ppl_u,1995,2035.0,M1,0.0,10.608799999999999,564.29,sv_2c
R12_SAS,coal_ppl_u,1995,2040.0,M1,0.0,10.608799999999999,564.29,sv_2c
R12_SAS,coal_ppl_u,2000,2000.0,M1,0.0,0.0,564.29,sv_2c
R12_SAS,coal_ppl_u,2000,2005.0,M1,0.0,,564.29,sv_2c
R12_SAS,coal_ppl_u,2000,2010.0,M1,0.0,,564.29,sv_2c
R12_SAS,coal_ppl_u,2000,2015.0,M1,0.0,,564.29,sv_2c
R12_SAS,coal_ppl_u,2000,2020.0,M1,0.0,,564.29,sv_2c
R12_SAS,coal_ppl_u,2000,2025.0,M1,0.0,,564.29,sv_2c
R12_SAS,coal_ppl_u,2000,2030.0,M1,0.0,10.04888,564.29,sv_2c
R12_SAS,coal_ppl_u,2000,2035.0,M1,0.0,10.04888,564.29,sv_2c
R12_SAS,coal_ppl_u,2000,2040.0,M1,0.0,10.04888,564.29,sv_2c
R12_SAS,coal_ppl_u,2000,2045.0,M1,0.0,10.04888,564.29,sv_2c
R12_SAS,coal_ppl_u,2005,2005.0,M1,0.0,0.0,564.29,sv_2c
R12_SAS,coal_ppl_u,2005,2010.0,M1,0.0,,564.29,sv_2c
R12_SAS,coal_ppl_u,2005,2015.0,M1,0.0,,564.29,sv_2c
R12_SAS,coal_ppl_u,2005,2020.0,M1,0.0,,564.29,sv_2c
R12_SAS,coal_ppl_u,2005,2025.0,M1,0.0,,564.29,sv_2c
R12_SAS,coal_ppl_u,2005,2030.0,M1,0.0,9.352500000000001,564.29,sv_2c
R12_SAS,coal_ppl_u,2005,2035.0,M1,0.0,9.352500000000001,564.29,sv_2c
R12_SAS,coal_ppl_u,2005,2040.0,M1,0.0,9.352500000000001,564.29,sv_2c
R12_SAS,coal_ppl_u,2005,2045.0,M1,0.0,9.352500000000001,564.29,sv_2c
R12_SAS,coal_ppl_u,2010,2010.0,M1,0.0,0.0,564.29,sv_2c
R12_SAS,coal_ppl_u,2010,2015.0,M1,0.0,,564.29,sv_2c
R12_SAS,coal_ppl_u,2010,2020.0,M1,0.0,,564.29,sv_2c
R12_SAS,coal_ppl_u,2010,2025.0,M1,0.0,,564.29,sv_2c
R12_SAS,coal_ppl_u,2010,2030.0,M1,19.3654476,30.8367,564.29,sv_2c
R12_SAS,coal_ppl_u,2010,2035.0,M1,0.0,30.8367,564.29,sv_2c
R12_SAS,coal_ppl_u,2010,2040.0,M1,0.0,30.8367,564.29,sv_2c
R12_SAS,coal_ppl_u,2010,2045.0,M1,0.0,30.8367,564.29,sv_2c
R12_SAS,coal_ppl_u,2010,2050.0,M1,0.0,30.8367,564.29,sv_2c
R12_SAS,coal_ppl_u,2015,2015.0,M1,0.0,0.0,564.29,sv_2c
R12_SAS,coal_ppl_u,2015,2020.0,M1,0.0,,564.29,sv_2c
R12_SAS,coal_ppl_u,2015,2025.0,M1,0.0,,564.29,sv_2c
R12_SAS,coal_ppl_u,2015,2030.0,M1,10.599170915361963,55.26416999999999,564.29,sv_2c
R12_SAS,coal_ppl_u,2015,2035.0,M1,0.0,55.26416999999999,564.29,sv_2c
R12_SAS,coal_ppl_u,2015,2040.0,M1,0.0,55.26416999999999,564.29,sv_2c
R12_SAS,coal_ppl_u,2015,2045.0,M1,0.0,55.26416999999999,564.29,sv_2c
R12_SAS,coal_ppl_u,2020,2020.0,M1,0.0,0.0,564.4444444444445,sv_2c
R12_SAS,coal_ppl_u,2020,2025.0,M1,0.0,,564.4444444444445,sv_2c
R12_SAS,coal_ppl_u,2020,2030.0,M1,13.673883599999998,21.773699999999998,564.4444444444445,sv_2c
R12_SAS,coal_ppl_u,2020,2035.0,M1,0.0,21.773699999999998,564.4444444444445,sv_2c
R12_SAS,coal_ppl_u,2020,2040.0,M1,0.0,21.773699999999998,564.4444444444445,sv_2c
R12_SAS,coal_ppl_u,2020,2045.0,M1,0.0,21.773699999999998,564.4444444444445,sv_2c
R12_SAS,gas_cc,1965,1965.0,M1,0.0,,,sv_2c
R12_SAS,gas_cc,1965,1970.0,M1,0.0,,,sv_2c
R12_SAS,gas_cc,1965,1975.0,M1,0.0,,,sv_2c
R12_SAS,gas_cc,1965,1980.0,M1,0.0,,,sv_2c
R12_SAS,gas_cc,1965,1985.0,M1,0.0,,,sv_2c
R12_SAS,gas_cc,1965,1990.0,M1,0.0,,,sv_2c
R12_SAS,gas_cc,1965,1995.0,M1,0.0,,,sv_2c
R12_SAS,gas_cc,1965,2000.0,M1,0.0,,,sv_2c
R12_SAS,gas_cc,1965,2005.0,M1,0.0,,,sv_2c
R12_SAS,gas_cc,1965,2010.0,M1,0.0,,,sv_2c
R12_SAS,gas_cc,1965,2015.0,M1,0.0,,,sv_2c
R12_SAS,gas_cc,1965,2020.0,M1,0.0,,,sv_2c
R12_SAS,gas_cc,1965,2025.0,M1,0.0,,,sv_2c
R12_SAS,gas_cc,1970,1970.0,M1,0.0,,,sv_2c
R12_SAS,gas_cc,1970,1975.0,M1,0.0,,,sv_2c
R12_SAS,gas_cc,1970,1980.0,M1,0.0,,,sv_2c
R12_SAS,gas_cc,1970,1985.0,M1,0.0,,,sv_2c
R12_SAS,gas_cc,1970,1990.0,M1,0.0,,,sv_2c
R12_SAS,gas_cc,1970,1995.0,M1,0.0,,,sv_2c
R12_SAS,gas_cc,1970,2000.0,M1,0.0,,,sv_2c
R12_SAS,gas_cc,1970,2005.0,M1,0.0,,,sv_2c
R12_SAS,gas_cc,1970,2010.0,M1,0.0,,,sv_2c
R12_SAS,gas_cc,1970,2015.0,M1,0.0,,,sv_2c
R12_SAS,gas_cc,1970,2020.0,M1,0.0,,,sv_2c
R12_SAS,gas_cc,1970,2025.0,M1,0.0,,,sv_2c
R12_SAS,gas_cc,1975,1975.0,M1,0.0,,,sv_2c
R12_SAS,gas_cc,1975,1980.0,M1,0.0,,,sv_2c
R12_SAS,gas_cc,1975,1985.0,M1,0.0,,,sv_2c
R12_SAS,gas_cc,1975,1990.0,M1,0.0,,,sv_2c
R12_SAS,gas_cc,1975,1995.0,M1,0.0,,,sv_2c
R12_SAS,gas_cc,1975,2000.0,M1,0.0,,,sv_2c
R12_SAS,gas_cc,1975,2005.0,M1,0.0,,,sv_2c
R12_SAS,gas_cc,1975,2010.0,M1,0.0,,,sv_2c
R12_SAS,gas_cc,1975,2015.0,M1,0.0,,,sv_2c
R12_SAS,gas_cc,1975,2020.0,M1,0.0,,,sv_2c
R12_SAS,gas_cc,1975,2025.0,M1,0.0,,,sv_2c
R12_SAS,gas_cc,1975,2030.0,M1,0.0725,,,sv_2c
R12_SAS,gas_cc,1980,1980.0,M1,0.0,,,sv_2c
R12_SAS,gas_cc,1980,1985.0,M1,0.0,,,sv_2c
R12_SAS,gas_cc,1980,1990.0,M1,0.0,,,sv_2c
R12_SAS,gas_cc,1980,1995.0,M1,0.0,,,sv_2c
R12_SAS,gas_cc,1980,2000.0,M1,0.0,,,sv_2c
R12_SAS,gas_cc,1980,2005.0,M1,0.0,,,sv_2c
R12_SAS,gas_cc,1980,2010.0,M1,0.0,,,sv_2c
R12_SAS,gas_cc,1980,2015.0,M1,0.0,,,sv_2c
R12_SAS,gas_cc,1980,2020.0,M1,0.0,,,sv_2c
R12_SAS,gas_cc,1980,2025.0,M1,0.0,,,sv_2c
R12_SAS,gas_cc,1980,2030.0,M1,0.03625,,,sv_2c
R12_SAS,gas_cc,1985,1985.0,M1,0.0,,,sv_2c
R12_SAS,gas_cc,1985,1990.0,M1,0.0,,,sv_2c
R12_SAS,gas_cc,1985,1995.0,M1,0.0,,,sv_2c
R12_SAS,gas_cc,1985,2000.0,M1,0.0,,,sv_2c
R12_SAS,gas_cc,1985,2005.0,M1,0.0,,,sv_2c
R12_SAS,gas_cc,1985,2010.0,M1,0.0,,,sv_2c
R12_SAS,gas_cc,1985,2015.0,M1,0.0,,,sv_2c
R12_SAS,gas_cc,1985,2020.0,M1,0.0,,,sv_2c
R12_SAS,gas_cc,1985,2025.0,M1,0.0,,,sv_2c
R12_SAS,gas_cc,1985,2030.0,M1,0.28746249999999995,,,sv_2c
R12_SAS,gas_cc,1985,2035.0,M1,0.31224375,,,sv_2c
R12_SAS,gas_cc,1990,1990.0,M1,0.0,,,sv_2c
R12_SAS,gas_cc,1990,1995.0,M1,0.0,,,sv_2c
R12_SAS,gas_cc,1990,2000.0,M1,0.0,,,sv_2c
R12_SAS,gas_cc,1990,2005.0,M1,0.0,,,sv_2c
R12_SAS,gas_cc,1990,2010.0,M1,0.0,,,sv_2c
R12_SAS,gas_cc,1990,2015.0,M1,0.0,,,sv_2c
R12_SAS,gas_cc,1990,2020.0,M1,0.0,,,sv_2c
R12_SAS,gas_cc,1990,2025.0,M1,0.0,,,sv_2c
R12_SAS,gas_cc,1990,2030.0,M1,1.686730625,,,sv_2c
R12_SAS,gas_cc,1990,2035.0,M1,1.8321384375,,,sv_2c
R12_SAS,gas_cc,1995,1995.0,M1,0.0,,,sv_2c
R12_SAS,gas_cc,1995,2000.0,M1,0.0,,,sv_2c
R12_SAS,gas_cc,1995,2005.0,M1,0.0,,,sv_2c
R12_SAS,gas_cc,1995,2010.0,M1,0.0,,,sv_2c
R12_SAS,gas_cc,1995,2015.0,M1,0.0,,,sv_2c
R12_SAS,gas_cc,1995,2020.0,M1,0.0,,,sv_2c
R12_SAS,gas_cc,1995,2025.0,M1,0.0,,,sv_2c
R12_SAS,gas_cc,1995,2030.0,M1,2.95422275,,,sv_2c
R12_SAS,gas_cc,1995,2035.0,M1,3.208897125,,,sv_2c
R12_SAS,gas_cc,1995,2040.0,M1,3.4635715,,,sv_2c
R12_SAS,gas_cc,2000,2000.0,M1,0.0,,,sv_2c
R12_SAS,gas_cc,2000,2005.0,M1,0.0,,,sv_2c
R12_SAS,gas_cc,2000,2010.0,M1,0.0,,,sv_2c
R12_SAS,gas_cc,2000,2015.0,M1,0.0,,,sv_2c
R12_SAS,gas_cc,2000,2020.0,M1,0.0,,,sv_2c
R12_SAS,gas_cc,2000,2025.0,M1,0.0,,,sv_2c
R12_SAS,gas_cc,2000,2030.0,M1,3.5714515000000002,,,sv_2c
R12_SAS,gas_cc,2000,2035.0,M1,3.87933525,,,sv_2c
R12_SAS,gas_cc,2000,2040.0,M1,4.187219,,,sv_2c
R12_SAS,gas_cc,2005,2005.0,M1,0.0,,,sv_2c
R12_SAS,gas_cc,2005,2010.0,M1,0.0,,,sv_2c
R12_SAS,gas_cc,2005,2015.0,M1,0.0,,,sv_2c
R12_SAS,gas_cc,2005,2020.0,M1,0.0,,,sv_2c
R12_SAS,gas_cc,2005,2025.0,M1,0.0,,,sv_2c
R12_SAS,gas_cc,2005,2030.0,M1,1.9430579999999997,,,sv_2c
R12_SAS,gas_cc,2005,2035.0,M1,2.110563,,,sv_2c
R12_SAS,gas_cc,2005,2040.0,M1,2.2780679999999998,,,sv_2c
R12_SAS,gas_cc,2005,2045.0,M1,2.2780679999999998,,,sv_2c
R12_SAS,gas_cc,2010,2010.0,M1,0.0,,,sv_2c
R12_SAS,gas_cc,2010,2015.0,M1,0.0,,,sv_2c
R12_SAS,gas_cc,2010,2020.0,M1,0.0,,,sv_2c
R12_SAS,gas_cc,2010,2025.0,M1,0.0,,,sv_2c
R12_SAS,gas_cc,2010,2030.0,M1,5.037038275,,,sv_2c
R12_SAS,gas_cc,2010,2035.0,M1,5.471265712499999,,,sv_2c
R12_SAS,gas_cc,2010,2040.0,M1,5.90549315,,,sv_2c
R12_SAS,gas_cc,2010,2045.0,M1,5.90549315,,,sv_2c
R12_SAS,gas_cc,2015,2015.0,M1,0.0,,,sv_2c
R12_SAS,gas_cc,2015,2020.0,M1,0.0,,,sv_2c
R12_SAS,gas_cc,2015,2025.0,M1,0.0,,,sv_2c
R12_SAS,gas_cc,2015,2030.0,M1,6.698806425000001,,,sv_2c
R12_SAS,gas_cc,2015,2035.0,M1,7.276289737500001,,,sv_2c
R12_SAS,gas_cc,2015,2040.0,M1,7.853773050000001,,,sv_2c
R12_SAS,gas_cc,2015,2045.0,M1,7.853773050000001,,,sv_2c
R12_SAS,gas_cc,2015,2050.0,M1,0.0,,,sv_2c
R12_SAS,gas_cc,2020,2020.0,M1,0.0,,,sv_2c
R12_SAS,gas_cc,2020,2025.0,M1,0.0,,,sv_2c
R12_SAS,gas_cc,2020,2030.0,M1,7.518141249999999,,,sv_2c
R12_SAS,gas_cc,2020,2035.0,M1,8.166256875,,,sv_2c
R12_SAS,gas_cc,2020,2040.0,M1,8.8143725,,,sv_2c
R12_SAS,gas_cc,2020,2045.0,M1,8.8143725,,,sv_2c
R12_SAS,gas_cc,2020,2050.0,M1,0.0,,,sv_2c
R12_SAS,gas_cc,2025,2025.0,M1,0.0,,,sv_2c
R12_SAS,gas_cc,2025,2030.0,M1,0.0,,,sv_2c
R12_SAS,gas_cc,2025,2035.0,M1,0.0,,,sv_2c
R12_SAS,gas_cc,2025,2040.0,M1,0.0,,,sv_2c
R12_SAS,gas_cc,2025,2045.0,M1,0.0,,,sv_2c
R12_SAS,gas_cc,2025,2050.0,M1,0.0,,,sv_2c
R12_SAS,gas_cc,2030,2030.0,M1,14.165022533841146,,,sv_2c
R12_SAS,gas_cc,2030,2035.0,M1,15.386145166068832,,,sv_2c
R12_SAS,gas_cc,2030,2040.0,M1,16.60726779829652,,,sv_2c
R12_SAS,gas_cc,2030,2045.0,M1,16.60726779829652,,,sv_2c
R12_SAS,gas_cc,2030,2050.0,M1,6.825407348543706,,,sv_2c
R12_SAS,gas_cc,2030,2055.0,M1,0.0,,,sv_2c
R12_SAS,gas_cc,2035,2035.0,M1,22.83437978670064,,,sv_2c
R12_SAS,gas_cc,2035,2040.0,M1,24.6466321507245,,,sv_2c
R12_SAS,gas_cc,2035,2045.0,M1,24.6466321507245,,,sv_2c
R12_SAS,gas_cc,2035,2050.0,M1,24.6466321507245,,,sv_2c
R12_SAS,gas_cc,2035,2055.0,M1,24.6466321507245,,,sv_2c
R12_SAS,gas_cc,2035,2060.0,M1,0.0,,,sv_2c
R12_SAS,gas_cc,2040,2040.0,M1,18.403008112435053,,,sv_2c
R12_SAS,gas_cc,2040,2045.0,M1,18.403008112435053,,,sv_2c
R12_SAS,gas_cc,2040,2050.0,M1,18.403008112435053,,,sv_2c
R12_SAS,gas_cc,2040,2055.0,M1,0.0,,,sv_2c
R12_SAS,gas_cc,2040,2060.0,M1,0.0,,,sv_2c
R12_SAS,gas_cc,2040,2070.0,M1,0.0,,,sv_2c
R12_SAS,gas_cc,2045,2045.0,M1,24.284033591462343,,,sv_2c
R12_SAS,gas_cc,2045,2050.0,M1,24.284033591462343,,,sv_2c
R12_SAS,gas_cc,2045,2055.0,M1,21.38871607602224,,,sv_2c
R12_SAS,gas_cc,2045,2060.0,M1,0.0,,,sv_2c
R12_SAS,gas_cc,2045,2070.0,M1,0.0,,,sv_2c
R12_SAS,gas_cc,2050,2050.0,M1,0.0,,,sv_2c
R12_SAS,gas_cc,2050,2055.0,M1,0.0,,,sv_2c
R12_SAS,gas_cc,2050,2060.0,M1,0.0,,,sv_2c
R12_SAS,gas_cc,2050,2070.0,M1,0.0,,,sv_2c
R12_SAS,gas_cc,2050,2080.0,M1,0.0,,,sv_2c
R12_SAS,gas_cc,2055,2055.0,M1,0.0,,,sv_2c
R12_SAS,gas_cc,2055,2060.0,M1,0.0,,,sv_2c
R12_SAS,gas_cc,2055,2070.0,M1,0.0,,,sv_2c
R12_SAS,gas_cc,2055,2080.0,M1,0.0,,,sv_2c
R12_SAS,gas_cc,2060,2060.0,M1,0.0,,,sv_2c
R12_SAS,gas_cc,2060,2070.0,M1,0.0,,,sv_2c
R12_SAS,gas_cc,2060,2080.0,M1,0.0,,,sv_2c
R12_SAS,gas_cc,2060,2090.0,M1,0.0,,,sv_2c
R12_SAS,gas_cc,2070,2070.0,M1,0.0,,,sv_2c
R12_SAS,gas_cc,2070,2080.0,M1,0.0,,,sv_2c
R12_SAS,gas_cc,2070,2090.0,M1,0.0,,,sv_2c
R12_SAS,gas_cc,2080,2080.0,M1,0.0,,,sv_2c
R12_SAS,gas_cc,2080,2090.0,M1,0.0,,,sv_2c
R12_SAS,gas_cc,2080,2100.0,M1,0.0,,,sv_2c
R12_SAS,gas_cc,2090,2090.0,M1,0.0,,,sv_2c
R12_SAS,gas_cc,2090,2100.0,M1,0.0,,,sv_2c
R12_SAS,gas_cc,2090,2110.0,M1,0.0,,,sv_2c
R12_SAS,gas_cc,2100,2100.0,M1,0.0,,,sv_2c
R12_SAS,gas_cc,2100,2110.0,M1,0.0,,,sv_2c
R12_SAS,gas_cc,2110,2110.0,M1,0.0,,,sv_2c
R12_SAS,gas_cc_ccs,2030,2030.0,M1,0.0,,,sv_2c
R12_SAS,gas_cc_ccs,2030,2035.0,M1,0.0,,,sv_2c
R12_SAS,gas_cc_ccs,2030,2040.0,M1,0.0,,,sv_2c
R12_SAS,gas_cc_ccs,2030,2045.0,M1,0.0,,,sv_2c
R12_SAS,gas_cc_ccs,2030,2050.0,M1,0.0,,,sv_2c
R12_SAS,gas_cc_ccs,2030,2055.0,M1,0.0,,,sv_2c
R12_SAS,gas_cc_ccs,2035,2035.0,M1,0.0,,,sv_2c
R12_SAS,gas_cc_ccs,2035,2040.0,M1,0.0,,,sv_2c
R12_SAS,gas_cc_ccs,2035,2045.0,M1,0.0,,,sv_2c
R12_SAS,gas_cc_ccs,2035,2050.0,M1,0.0,,,sv_2c
R12_SAS,gas_cc_ccs,2035,2055.0,M1,0.0,,,sv_2c
R12_SAS,gas_cc_ccs,2035,2060.0,M1,0.0,,,sv_2c
R12_SAS,gas_cc_ccs,2040,2040.0,M1,0.0,,,sv_2c
R12_SAS,gas_cc_ccs,2040,2045.0,M1,0.0,,,sv_2c
R12_SAS,gas_cc_ccs,2040,2050.0,M1,0.0,,,sv_2c
R12_SAS,gas_cc_ccs,2040,2055.0,M1,0.0,,,sv_2c
R12_SAS,gas_cc_ccs,2040,2060.0,M1,0.0,,,sv_2c
R12_SAS,gas_cc_ccs,2040,2070.0,M1,0.0,,,sv_2c
R12_SAS,gas_cc_ccs,2045,2045.0,M1,0.0,,,sv_2c
R12_SAS,gas_cc_ccs,2045,2050.0,M1,0.0,,,sv_2c
R12_SAS,gas_cc_ccs,2045,2055.0,M1,0.0,,,sv_2c
R12_SAS,gas_cc_ccs,2045,2060.0,M1,0.0,,,sv_2c
R12_SAS,gas_cc_ccs,2045,2070.0,M1,0.0,,,sv_2c
R12_SAS,gas_cc_ccs,2050,2050.0,M1,0.0,,,sv_2c
R12_SAS,gas_cc_ccs,2050,2055.0,M1,0.0,,,sv_2c
R12_SAS,gas_cc_ccs,2050,2060.0,M1,0.0,,,sv_2c
R12_SAS,gas_cc_ccs,2050,2070.0,M1,0.0,,,sv_2c
R12_SAS,gas_cc_ccs,2050,2080.0,M1,0.0,,,sv_2c
R12_SAS,gas_cc_ccs,2055,2055.0,M1,0.0,,,sv_2c
R12_SAS,gas_cc_ccs,2055,2060.0,M1,0.0,,,sv_2c
R12_SAS,gas_cc_ccs,2055,2070.0,M1,0.0,,,sv_2c
R12_SAS,gas_cc_ccs,2055,2080.0,M1,0.0,,,sv_2c
R12_SAS,gas_cc_ccs,2060,2060.0,M1,0.0,,,sv_2c
R12_SAS,gas_cc_ccs,2060,2070.0,M1,0.0,,,sv_2c
R12_SAS,gas_cc_ccs,2060,2080.0,M1,0.0,,,sv_2c
R12_SAS,gas_cc_ccs,2060,2090.0,M1,0.0,,,sv_2c
R12_SAS,gas_cc_ccs,2070,2070.0,M1,0.0,,,sv_2c
R12_SAS,gas_cc_ccs,2070,2080.0,M1,0.0,,,sv_2c
R12_SAS,gas_cc_ccs,2070,2090.0,M1,0.0,,,sv_2c
R12_SAS,gas_cc_ccs,2080,2080.0,M1,0.0,,,sv_2c
R12_SAS,gas_cc_ccs,2080,2090.0,M1,0.0,,,sv_2c
R12_SAS,gas_cc_ccs,2080,2100.0,M1,0.0,,,sv_2c
R12_SAS,gas_cc_ccs,2090,2090.0,M1,0.0,,,sv_2c
R12_SAS,gas_cc_ccs,2090,2100.0,M1,0.0,,,sv_2c
R12_SAS,gas_cc_ccs,2090,2110.0,M1,0.0,,,sv_2c
R12_SAS,gas_cc_ccs,2100,2100.0,M1,0.0,,,sv_2c
R12_SAS,gas_cc_ccs,2100,2110.0,M1,0.0,,,sv_2c
R12_SAS,gas_cc_ccs,2110,2110.0,M1,0.0,,,sv_2c
R12_SAS,gas_ct,1970,1970.0,M1,0.0,,,sv_2c
R12_SAS,gas_ct,1970,1975.0,M1,0.0,,,sv_2c
R12_SAS,gas_ct,1970,1980.0,M1,0.0,,,sv_2c
R12_SAS,gas_ct,1970,1985.0,M1,0.0,,,sv_2c
R12_SAS,gas_ct,1970,1990.0,M1,0.0,,,sv_2c
R12_SAS,gas_ct,1970,1995.0,M1,0.0,,,sv_2c
R12_SAS,gas_ct,1970,2000.0,M1,0.0,,,sv_2c
R12_SAS,gas_ct,1970,2005.0,M1,0.0,,,sv_2c
R12_SAS,gas_ct,1970,2010.0,M1,0.0,,,sv_2c
R12_SAS,gas_ct,1970,2015.0,M1,0.0,,,sv_2c
R12_SAS,gas_ct,1970,2020.0,M1,0.0,,,sv_2c
R12_SAS,gas_ct,1970,2025.0,M1,0.0,,,sv_2c
R12_SAS,gas_ct,1975,1975.0,M1,0.0,,,sv_2c
R12_SAS,gas_ct,1975,1980.0,M1,0.0,,,sv_2c
R12_SAS,gas_ct,1975,1985.0,M1,0.0,,,sv_2c
R12_SAS,gas_ct,1975,1990.0,M1,0.0,,,sv_2c
R12_SAS,gas_ct,1975,1995.0,M1,0.0,,,sv_2c
R12_SAS,gas_ct,1975,2000.0,M1,0.0,,,sv_2c
R12_SAS,gas_ct,1975,2005.0,M1,0.0,,,sv_2c
R12_SAS,gas_ct,1975,2010.0,M1,0.0,,,sv_2c
R12_SAS,gas_ct,1975,2015.0,M1,0.0,,,sv_2c
R12_SAS,gas_ct,1975,2020.0,M1,0.0,,,sv_2c
R12_SAS,gas_ct,1975,2025.0,M1,0.0,,,sv_2c
R12_SAS,gas_ct,1980,1980.0,M1,0.0,,,sv_2c
R12_SAS,gas_ct,1980,1985.0,M1,0.0,,,sv_2c
R12_SAS,gas_ct,1980,1990.0,M1,0.0,,,sv_2c
R12_SAS,gas_ct,1980,1995.0,M1,0.0,,,sv_2c
R12_SAS,gas_ct,1980,2000.0,M1,0.0,,,sv_2c
R12_SAS,gas_ct,1980,2005.0,M1,0.0,,,sv_2c
R12_SAS,gas_ct,1980,2010.0,M1,0.0,,,sv_2c
R12_SAS,gas_ct,1980,2015.0,M1,0.0,,,sv_2c
R12_SAS,gas_ct,1980,2020.0,M1,0.0,,,sv_2c
R12_SAS,gas_ct,1980,2025.0,M1,0.0,,,sv_2c
R12_SAS,gas_ct,1980,2030.0,M1,0.009975,,,sv_2c
R12_SAS,gas_ct,1985,1985.0,M1,0.0,,,sv_2c
R12_SAS,gas_ct,1985,1990.0,M1,0.0,,,sv_2c
R12_SAS,gas_ct,1985,1995.0,M1,0.0,,,sv_2c
R12_SAS,gas_ct,1985,2000.0,M1,0.0,,,sv_2c
R12_SAS,gas_ct,1985,2005.0,M1,0.0,,,sv_2c
R12_SAS,gas_ct,1985,2010.0,M1,0.0,,,sv_2c
R12_SAS,gas_ct,1985,2015.0,M1,0.0,,,sv_2c
R12_SAS,gas_ct,1985,2020.0,M1,0.0,,,sv_2c
R12_SAS,gas_ct,1985,2025.0,M1,0.0,,,sv_2c
R12_SAS,gas_ct,1985,2030.0,M1,0.11713537500000001,,,sv_2c
R12_SAS,gas_ct,1990,1990.0,M1,0.0,,,sv_2c
R12_SAS,gas_ct,1990,1995.0,M1,0.0,,,sv_2c
R12_SAS,gas_ct,1990,2000.0,M1,0.0,,,sv_2c
R12_SAS,gas_ct,1990,2005.0,M1,0.0,,,sv_2c
R12_SAS,gas_ct,1990,2010.0,M1,0.0,,,sv_2c
R12_SAS,gas_ct,1990,2015.0,M1,0.0,,,sv_2c
R12_SAS,gas_ct,1990,2020.0,M1,0.0,,,sv_2c
R12_SAS,gas_ct,1990,2025.0,M1,0.0,,,sv_2c
R12_SAS,gas_ct,1990,2030.0,M1,0.0,,,sv_2c
R12_SAS,gas_ct,1990,2035.0,M1,0.20069,,,sv_2c
R12_SAS,gas_ct,1995,1995.0,M1,0.0,,,sv_2c
R12_SAS,gas_ct,1995,2000.0,M1,0.0,,,sv_2c
R12_SAS,gas_ct,1995,2005.0,M1,0.0,,,sv_2c
R12_SAS,gas_ct,1995,2010.0,M1,0.0,,,sv_2c
R12_SAS,gas_ct,1995,2015.0,M1,0.0,,,sv_2c
R12_SAS,gas_ct,1995,2020.0,M1,0.0,,,sv_2c
R12_SAS,gas_ct,1995,2025.0,M1,0.0,,,sv_2c
R12_SAS,gas_ct,1995,2030.0,M1,0.0,,,sv_2c
R12_SAS,gas_ct,1995,2035.0,M1,0.0,,,sv_2c
R12_SAS,gas_ct,2000,2000.0,M1,0.0,,,sv_2c
R12_SAS,gas_ct,2000,2005.0,M1,0.0,,,sv_2c
R12_SAS,gas_ct,2000,2010.0,M1,0.0,,,sv_2c
R12_SAS,gas_ct,2000,2015.0,M1,0.0,,,sv_2c
R12_SAS,gas_ct,2000,2020.0,M1,0.0,,,sv_2c
R12_SAS,gas_ct,2000,2025.0,M1,0.0,,,sv_2c
R12_SAS,gas_ct,2000,2030.0,M1,0.0,,,sv_2c
R12_SAS,gas_ct,2000,2035.0,M1,0.0,,,sv_2c
R12_SAS,gas_ct,2000,2040.0,M1,0.0,,,sv_2c
R12_SAS,gas_ct,2005,2005.0,M1,0.0,,,sv_2c
R12_SAS,gas_ct,2005,2010.0,M1,0.0,,,sv_2c
R12_SAS,gas_ct,2005,2015.0,M1,0.0,,,sv_2c
R12_SAS,gas_ct,2005,2020.0,M1,0.0,,,sv_2c
R12_SAS,gas_ct,2005,2025.0,M1,0.0,,,sv_2c
R12_SAS,gas_ct,2005,2030.0,M1,0.1471575,,,sv_2c
R12_SAS,gas_ct,2005,2035.0,M1,0.16467625,,,sv_2c
R12_SAS,gas_ct,2005,2040.0,M1,0.0,,,sv_2c
R12_SAS,gas_ct,2010,2010.0,M1,0.0,,,sv_2c
R12_SAS,gas_ct,2010,2015.0,M1,0.0,,,sv_2c
R12_SAS,gas_ct,2010,2020.0,M1,0.0,,,sv_2c
R12_SAS,gas_ct,2010,2025.0,M1,0.0,,,sv_2c
R12_SAS,gas_ct,2010,2030.0,M1,0.0,,,sv_2c
R12_SAS,gas_ct,2010,2035.0,M1,0.0,,,sv_2c
R12_SAS,gas_ct,2010,2040.0,M1,0.39160225000000004,,,sv_2c
R12_SAS,gas_ct,2010,2045.0,M1,0.0,,,sv_2c
R12_SAS,gas_ct,2015,2015.0,M1,0.0,,,sv_2c
R12_SAS,gas_ct,2015,2020.0,M1,0.0,,,sv_2c
R12_SAS,gas_ct,2015,2025.0,M1,0.0,,,sv_2c
R12_SAS,gas_ct,2015,2030.0,M1,0.0,,,sv_2c
R12_SAS,gas_ct,2015,2035.0,M1,0.30109375,,,sv_2c
R12_SAS,gas_ct,2015,2040.0,M1,0.333125,,,sv_2c
R12_SAS,gas_ct,2015,2045.0,M1,0.0,,,sv_2c
R12_SAS,gas_ct,2020,2020.0,M1,0.0,,,sv_2c
R12_SAS,gas_ct,2020,2025.0,M1,0.0,,,sv_2c
R12_SAS,gas_ct,2020,2030.0,M1,0.0,,,sv_2c
R12_SAS,gas_ct,2020,2035.0,M1,0.0,,,sv_2c
R12_SAS,gas_ct,2020,2040.0,M1,0.0,,,sv_2c
R12_SAS,gas_ct,2020,2045.0,M1,0.0,,,sv_2c
R12_SAS,gas_ct,2020,2050.0,M1,0.0,,,sv_2c
R12_SAS,gas_ct,2025,2025.0,M1,0.0,,,sv_2c
R12_SAS,gas_ct,2025,2030.0,M1,17.512579715592306,,,sv_2c
R12_SAS,gas_ct,2025,2035.0,M1,42.34277626481936,,,sv_2c
R12_SAS,gas_ct,2025,2040.0,M1,14.685729703532854,,,sv_2c
R12_SAS,gas_ct,2025,2045.0,M1,0.0,,,sv_2c
R12_SAS,gas_ct,2025,2050.0,M1,0.0,,,sv_2c
R12_SAS,gas_ct,2030,2030.0,M1,27.271672897263876,,,sv_2c
R12_SAS,gas_ct,2030,2035.0,M1,0.0,,,sv_2c
R12_SAS,gas_ct,2030,2040.0,M1,0.0,,,sv_2c
R12_SAS,gas_ct,2030,2045.0,M1,0.0,,,sv_2c
R12_SAS,gas_ct,2030,2050.0,M1,0.0,,,sv_2c
R12_SAS,gas_ct,2030,2055.0,M1,0.0,,,sv_2c
R12_SAS,gas_ct,2035,2035.0,M1,0.0,,,sv_2c
R12_SAS,gas_ct,2035,2040.0,M1,12.005555681415103,,,sv_2c
R12_SAS,gas_ct,2035,2045.0,M1,0.0,,,sv_2c
R12_SAS,gas_ct,2035,2050.0,M1,0.0,,,sv_2c
R12_SAS,gas_ct,2035,2055.0,M1,0.0,,,sv_2c
R12_SAS,gas_ct,2035,2060.0,M1,0.0,,,sv_2c
R12_SAS,gas_ct,2040,2040.0,M1,0.0,,,sv_2c
R12_SAS,gas_ct,2040,2045.0,M1,0.0,,,sv_2c
R12_SAS,gas_ct,2040,2050.0,M1,0.0,,,sv_2c
R12_SAS,gas_ct,2040,2055.0,M1,0.0,,,sv_2c
R12_SAS,gas_ct,2040,2060.0,M1,0.0,,,sv_2c
R12_SAS,gas_ct,2040,2070.0,M1,0.0,,,sv_2c
R12_SAS,gas_ct,2045,2045.0,M1,0.0,,,sv_2c
R12_SAS,gas_ct,2045,2050.0,M1,0.0,,,sv_2c
R12_SAS,gas_ct,2045,2055.0,M1,0.0,,,sv_2c
R12_SAS,gas_ct,2045,2060.0,M1,0.0,,,sv_2c
R12_SAS,gas_ct,2045,2070.0,M1,0.0,,,sv_2c
R12_SAS,gas_ct,2050,2050.0,M1,0.0,,,sv_2c
R12_SAS,gas_ct,2050,2055.0,M1,0.0,,,sv_2c
R12_SAS,gas_ct,2050,2060.0,M1,0.0,,,sv_2c
R12_SAS,gas_ct,2050,2070.0,M1,0.0,,,sv_2c
R12_SAS,gas_ct,2050,2080.0,M1,0.0,,,sv_2c
R12_SAS,gas_ct,2055,2055.0,M1,0.0,,,sv_2c
R12_SAS,gas_ct,2055,2060.0,M1,0.0,,,sv_2c
R12_SAS,gas_ct,2055,2070.0,M1,0.0,,,sv_2c
R12_SAS,gas_ct,2055,2080.0,M1,0.0,,,sv_2c
R12_SAS,gas_ct,2060,2060.0,M1,0.0,,,sv_2c
R12_SAS,gas_ct,2060,2070.0,M1,0.0,,,sv_2c
R12_SAS,gas_ct,2060,2080.0,M1,0.0,,,sv_2c
R12_SAS,gas_ct,2060,2090.0,M1,0.0,,,sv_2c
R12_SAS,gas_ct,2070,2070.0,M1,0.0,,,sv_2c
R12_SAS,gas_ct,2070,2080.0,M1,0.0,,,sv_2c
R12_SAS,gas_ct,2070,2090.0,M1,0.0,,,sv_2c
R12_SAS,gas_ct,2080,2080.0,M1,0.0,,,sv_2c
R12_SAS,gas_ct,2080,2090.0,M1,0.0,,,sv_2c
R12_SAS,gas_ct,2080,2100.0,M1,0.0,,,sv_2c
R12_SAS,gas_ct,2090,2090.0,M1,0.0,,,sv_2c
R12_SAS,gas_ct,2090,2100.0,M1,0.0,,,sv_2c
R12_SAS,gas_ct,2090,2110.0,M1,0.0,,,sv_2c
R12_SAS,gas_ct,2100,2100.0,M1,0.0,,,sv_2c
R12_SAS,gas_ct,2100,2110.0,M1,0.0,,,sv_2c
R12_SAS,gas_ct,2110,2110.0,M1,0.0,,,sv_2c
R12_SAS,gas_ppl,1960,1960.0,M1,0.0,,,sv_2c
R12_SAS,gas_ppl,1960,1965.0,M1,0.0,,,sv_2c
R12_SAS,gas_ppl,1960,1970.0,M1,0.0,,,sv_2c
R12_SAS,gas_ppl,1960,1975.0,M1,0.0,,,sv_2c
R12_SAS,gas_ppl,1960,1980.0,M1,0.0,,,sv_2c
R12_SAS,gas_ppl,1960,1985.0,M1,0.0,,,sv_2c
R12_SAS,gas_ppl,1960,1990.0,M1,0.0,,,sv_2c
R12_SAS,gas_ppl,1960,1995.0,M1,0.0,,,sv_2c
R12_SAS,gas_ppl,1960,2000.0,M1,0.0,,,sv_2c
R12_SAS,gas_ppl,1960,2005.0,M1,0.0,,,sv_2c
R12_SAS,gas_ppl,1960,2010.0,M1,0.0,,,sv_2c
R12_SAS,gas_ppl,1960,2015.0,M1,0.0,,,sv_2c
R12_SAS,gas_ppl,1960,2020.0,M1,0.0,,,sv_2c
R12_SAS,gas_ppl,1960,2025.0,M1,0.0,,,sv_2c
R12_SAS,gas_ppl,1965,1965.0,M1,0.0,,,sv_2c
R12_SAS,gas_ppl,1965,1970.0,M1,0.0,,,sv_2c
R12_SAS,gas_ppl,1965,1975.0,M1,0.0,,,sv_2c
R12_SAS,gas_ppl,1965,1980.0,M1,0.0,,,sv_2c
R12_SAS,gas_ppl,1965,1985.0,M1,0.0,,,sv_2c
R12_SAS,gas_ppl,1965,1990.0,M1,0.0,,,sv_2c
R12_SAS,gas_ppl,1965,1995.0,M1,0.0,,,sv_2c
R12_SAS,gas_ppl,1965,2000.0,M1,0.0,,,sv_2c
R12_SAS,gas_ppl,1965,2005.0,M1,0.0,,,sv_2c
R12_SAS,gas_ppl,1965,2010.0,M1,0.0,,,sv_2c
R12_SAS,gas_ppl,1965,2015.0,M1,0.0,,,sv_2c
R12_SAS,gas_ppl,1965,2020.0,M1,0.0,,,sv_2c
R12_SAS,gas_ppl,1965,2025.0,M1,0.0,,,sv_2c
R12_SAS,gas_ppl,1970,1970.0,M1,0.0,,,sv_2c
R12_SAS,gas_ppl,1970,1975.0,M1,0.0,,,sv_2c
R12_SAS,gas_ppl,1970,1980.0,M1,0.0,,,sv_2c
R12_SAS,gas_ppl,1970,1985.0,M1,0.0,,,sv_2c
R12_SAS,gas_ppl,1970,1990.0,M1,0.0,,,sv_2c
R12_SAS,gas_ppl,1970,1995.0,M1,0.0,,,sv_2c
R12_SAS,gas_ppl,1970,2000.0,M1,0.0,,,sv_2c
R12_SAS,gas_ppl,1970,2005.0,M1,0.0,,,sv_2c
R12_SAS,gas_ppl,1970,2010.0,M1,0.0,,,sv_2c
R12_SAS,gas_ppl,1970,2015.0,M1,0.0,,,sv_2c
R12_SAS,gas_ppl,1970,2020.0,M1,0.0,,,sv_2c
R12_SAS,gas_ppl,1970,2025.0,M1,0.0,,,sv_2c
R12_SAS,gas_ppl,1970,2030.0,M1,0.0,,,sv_2c
R12_SAS,gas_ppl,1975,1975.0,M1,0.0,,,sv_2c
R12_SAS,gas_ppl,1975,1980.0,M1,0.0,,,sv_2c
R12_SAS,gas_ppl,1975,1985.0,M1,0.0,,,sv_2c
R12_SAS,gas_ppl,1975,1990.0,M1,0.0,,,sv_2c
R12_SAS,gas_ppl,1975,1995.0,M1,0.0,,,sv_2c
R12_SAS,gas_ppl,1975,2000.0,M1,0.0,,,sv_2c
R12_SAS,gas_ppl,1975,2005.0,M1,0.0,,,sv_2c
R12_SAS,gas_ppl,1975,2010.0,M1,0.0,,,sv_2c
R12_SAS,gas_ppl,1975,2015.0,M1,0.0,,,sv_2c
R12_SAS,gas_ppl,1975,2020.0,M1,0.0,,,sv_2c
R12_SAS,gas_ppl,1975,2025.0,M1,0.0,,,sv_2c
R12_SAS,gas_ppl,1975,2030.0,M1,0.0,,,sv_2c
R12_SAS,gas_ppl,1980,1980.0,M1,0.0,,,sv_2c
R12_SAS,gas_ppl,1980,1985.0,M1,0.0,,,sv_2c
R12_SAS,gas_ppl,1980,1990.0,M1,0.0,,,sv_2c
R12_SAS,gas_ppl,1980,1995.0,M1,0.0,,,sv_2c
R12_SAS,gas_ppl,1980,2000.0,M1,0.0,,,sv_2c
R12_SAS,gas_ppl,1980,2005.0,M1,0.0,,,sv_2c
R12_SAS,gas_ppl,1980,2010.0,M1,0.0,,,sv_2c
R12_SAS,gas_ppl,1980,2015.0,M1,0.0,,,sv_2c
R12_SAS,gas_ppl,1980,2020.0,M1,0.0,,,sv_2c
R12_SAS,gas_ppl,1980,2025.0,M1,0.0,,,sv_2c
R12_SAS,gas_ppl,1980,2030.0,M1,0.0,,,sv_2c
R12_SAS,gas_ppl,1980,2035.0,M1,0.0,,,sv_2c
R12_SAS,gas_ppl,1985,1985.0,M1,0.0,,,sv_2c
R12_SAS,gas_ppl,1985,1990.0,M1,0.0,,,sv_2c
R12_SAS,gas_ppl,1985,1995.0,M1,0.0,,,sv_2c
R12_SAS,gas_ppl,1985,2000.0,M1,0.0,,,sv_2c
R12_SAS,gas_ppl,1985,2005.0,M1,0.0,,,sv_2c
R12_SAS,gas_ppl,1985,2010.0,M1,0.0,,,sv_2c
R12_SAS,gas_ppl,1985,2015.0,M1,0.0,,,sv_2c
R12_SAS,gas_ppl,1985,2020.0,M1,0.0,,,sv_2c
R12_SAS,gas_ppl,1985,2025.0,M1,0.0,,,sv_2c
R12_SAS,gas_ppl,1985,2030.0,M1,0.0,,,sv_2c
R12_SAS,gas_ppl,1985,2035.0,M1,0.0,,,sv_2c
R12_SAS,gas_ppl,1990,1990.0,M1,0.0,,,sv_2c
R12_SAS,gas_ppl,1990,1995.0,M1,0.0,,,sv_2c
R12_SAS,gas_ppl,1990,2000.0,M1,0.0,,,sv_2c
R12_SAS,gas_ppl,1990,2005.0,M1,0.0,,,sv_2c
R12_SAS,gas_ppl,1990,2010.0,M1,0.0,,,sv_2c
R12_SAS,gas_ppl,1990,2015.0,M1,0.0,,,sv_2c
R12_SAS,gas_ppl,1990,2020.0,M1,0.0,,,sv_2c
R12_SAS,gas_ppl,1990,2025.0,M1,0.0,,,sv_2c
R12_SAS,gas_ppl,1990,2030.0,M1,0.0,,,sv_2c
R12_SAS,gas_ppl,1990,2035.0,M1,0.0,,,sv_2c
R12_SAS,gas_ppl,1990,2040.0,M1,0.0,,,sv_2c
R12_SAS,gas_ppl,1995,1995.0,M1,0.0,,,sv_2c
R12_SAS,gas_ppl,1995,2000.0,M1,0.0,,,sv_2c
R12_SAS,gas_ppl,1995,2005.0,M1,0.0,,,sv_2c
R12_SAS,gas_ppl,1995,2010.0,M1,0.0,,,sv_2c
R12_SAS,gas_ppl,1995,2015.0,M1,0.0,,,sv_2c
R12_SAS,gas_ppl,1995,2020.0,M1,0.0,,,sv_2c
R12_SAS,gas_ppl,1995,2025.0,M1,0.0,,,sv_2c
R12_SAS,gas_ppl,1995,2030.0,M1,0.0,,,sv_2c
R12_SAS,gas_ppl,1995,2035.0,M1,0.0,,,sv_2c
R12_SAS,gas_ppl,1995,2040.0,M1,0.0,,,sv_2c
R12_SAS,gas_ppl,2000,2000.0,M1,0.0,,,sv_2c
R12_SAS,gas_ppl,2000,2005.0,M1,0.0,,,sv_2c
R12_SAS,gas_ppl,2000,2010.0,M1,0.0,,,sv_2c
R12_SAS,gas_ppl,2000,2015.0,M1,0.0,,,sv_2c
R12_SAS,gas_ppl,2000,2020.0,M1,0.0,,,sv_2c
R12_SAS,gas_ppl,2000,2025.0,M1,0.0,,,sv_2c
R12_SAS,gas_ppl,2000,2030.0,M1,0.0,,,sv_2c
R12_SAS,gas_ppl,2000,2035.0,M1,0.0,,,sv_2c
R12_SAS,gas_ppl,2000,2040.0,M1,0.0,,,sv_2c
R12_SAS,gas_ppl,2000,2045.0,M1,0.0,,,sv_2c
R12_SAS,gas_ppl,2005,2005.0,M1,0.0,,,sv_2c
R12_SAS,gas_ppl,2005,2010.0,M1,0.0,,,sv_2c
R12_SAS,gas_ppl,2005,2015.0,M1,0.0,,,sv_2c
R12_SAS,gas_ppl,2005,2020.0,M1,0.0,,,sv_2c
R12_SAS,gas_ppl,2005,2025.0,M1,0.0,,,sv_2c
R12_SAS,gas_ppl,2005,2030.0,M1,0.0,,,sv_2c
R12_SAS,gas_ppl,2005,2035.0,M1,0.0,,,sv_2c
R12_SAS,gas_ppl,2005,2040.0,M1,0.0,,,sv_2c
R12_SAS,gas_ppl,2005,2045.0,M1,0.0,,,sv_2c
R12_SAS,gas_ppl,2010,2010.0,M1,0.0,,,sv_2c
R12_SAS,gas_ppl,2010,2015.0,M1,0.0,,,sv_2c
R12_SAS,gas_ppl,2010,2020.0,M1,0.0,,,sv_2c
R12_SAS,gas_ppl,2010,2025.0,M1,0.0,,,sv_2c
R12_SAS,gas_ppl,2010,2030.0,M1,0.0,,,sv_2c
R12_SAS,gas_ppl,2010,2035.0,M1,0.0,,,sv_2c
R12_SAS,gas_ppl,2010,2040.0,M1,0.0,,,sv_2c
R12_SAS,gas_ppl,2010,2045.0,M1,0.0,,,sv_2c
R12_SAS,gas_ppl,2010,2050.0,M1,0.0,,,sv_2c
R12_SAS,gas_ppl,2015,2015.0,M1,0.0,,,sv_2c
R12_SAS,gas_ppl,2015,2020.0,M1,0.0,,,sv_2c
R12_SAS,gas_ppl,2015,2025.0,M1,0.0,,,sv_2c
R12_SAS,gas_ppl,2015,2030.0,M1,0.0,,,sv_2c
R12_SAS,gas_ppl,2015,2035.0,M1,0.0,,,sv_2c
R12_SAS,gas_ppl,2015,2040.0,M1,0.0,,,sv_2c
R12_SAS,gas_ppl,2015,2045.0,M1,0.0,,,sv_2c
R12_SAS,gas_ppl,2015,2050.0,M1,0.0,,,sv_2c
R12_SAS,gas_ppl,2020,2020.0,M1,0.0,,,sv_2c
R12_SAS,gas_ppl,2020,2025.0,M1,0.0,,,sv_2c
R12_SAS,gas_ppl,2020,2030.0,M1,0.0,,,sv_2c
R12_SAS,gas_ppl,2020,2035.0,M1,0.0,,,sv_2c
R12_SAS,gas_ppl,2020,2040.0,M1,0.0,,,sv_2c
R12_SAS,gas_ppl,2020,2045.0,M1,0.0,,,sv_2c
R12_SAS,gas_ppl,2020,2050.0,M1,0.0,,,sv_2c
R12_SAS,gas_ppl,2025,2025.0,M1,0.0,,,sv_2c
R12_SAS,gas_ppl,2025,2030.0,M1,0.0,,,sv_2c
R12_SAS,gas_ppl,2025,2035.0,M1,0.0,,,sv_2c
R12_SAS,gas_ppl,2025,2040.0,M1,0.0,,,sv_2c
R12_SAS,gas_ppl,2025,2045.0,M1,0.0,,,sv_2c
R12_SAS,gas_ppl,2025,2050.0,M1,0.0,,,sv_2c
R12_SAS,gas_ppl,2030,2030.0,M1,0.0,,,sv_2c
R12_SAS,gas_ppl,2030,2035.0,M1,0.0,,,sv_2c
R12_SAS,gas_ppl,2030,2040.0,M1,0.0,,,sv_2c
R12_SAS,gas_ppl,2030,2045.0,M1,0.0,,,sv_2c
R12_SAS,gas_ppl,2030,2050.0,M1,0.0,,,sv_2c
R12_SAS,gas_ppl,2030,2055.0,M1,0.0,,,sv_2c
R12_SAS,gas_ppl,2035,2035.0,M1,0.0,,,sv_2c
R12_SAS,gas_ppl,2035,2040.0,M1,0.0,,,sv_2c
R12_SAS,gas_ppl,2035,2045.0,M1,0.0,,,sv_2c
R12_SAS,gas_ppl,2035,2050.0,M1,0.0,,,sv_2c
R12_SAS,gas_ppl,2035,2055.0,M1,0.0,,,sv_2c
R12_SAS,gas_ppl,2035,2060.0,M1,0.0,,,sv_2c
R12_SAS,gas_ppl,2040,2040.0,M1,0.0,,,sv_2c
R12_SAS,gas_ppl,2040,2045.0,M1,0.0,,,sv_2c
R12_SAS,gas_ppl,2040,2050.0,M1,0.0,,,sv_2c
R12_SAS,gas_ppl,2040,2055.0,M1,0.0,,,sv_2c
R12_SAS,gas_ppl,2040,2060.0,M1,0.0,,,sv_2c
R12_SAS,gas_ppl,2040,2070.0,M1,0.0,,,sv_2c
R12_SAS,gas_ppl,2045,2045.0,M1,0.0,,,sv_2c
R12_SAS,gas_ppl,2045,2050.0,M1,0.0,,,sv_2c
R12_SAS,gas_ppl,2045,2055.0,M1,0.0,,,sv_2c
R12_SAS,gas_ppl,2045,2060.0,M1,0.0,,,sv_2c
R12_SAS,gas_ppl,2045,2070.0,M1,0.0,,,sv_2c
R12_SAS,gas_ppl,2050,2050.0,M1,0.0,,,sv_2c
R12_SAS,gas_ppl,2050,2055.0,M1,0.0,,,sv_2c
R12_SAS,gas_ppl,2050,2060.0,M1,0.0,,,sv_2c
R12_SAS,gas_ppl,2050,2070.0,M1,0.0,,,sv_2c
R12_SAS,gas_ppl,2050,2080.0,M1,0.0,,,sv_2c
R12_SAS,gas_ppl,2055,2055.0,M1,0.0,,,sv_2c
R12_SAS,gas_ppl,2055,2060.0,M1,0.0,,,sv_2c
R12_SAS,gas_ppl,2055,2070.0,M1,0.0,,,sv_2c
R12_SAS,gas_ppl,2055,2080.0,M1,0.0,,,sv_2c
R12_SAS,gas_ppl,2060,2060.0,M1,0.0,,,sv_2c
R12_SAS,gas_ppl,2060,2070.0,M1,0.0,,,sv_2c
R12_SAS,gas_ppl,2060,2080.0,M1,0.0,,,sv_2c
R12_SAS,gas_ppl,2060,2090.0,M1,0.0,,,sv_2c
R12_SAS,gas_ppl,2070,2070.0,M1,0.0,,,sv_2c
R12_SAS,gas_ppl,2070,2080.0,M1,0.0,,,sv_2c
R12_SAS,gas_ppl,2070,2090.0,M1,0.0,,,sv_2c
R12_SAS,gas_ppl,2080,2080.0,M1,0.0,,,sv_2c
R12_SAS,gas_ppl,2080,2090.0,M1,0.0,,,sv_2c
R12_SAS,gas_ppl,2080,2100.0,M1,0.0,,,sv_2c
R12_SAS,gas_ppl,2090,2090.0,M1,0.0,,,sv_2c
R12_SAS,gas_ppl,2090,2100.0,M1,0.0,,,sv_2c
R12_SAS,gas_ppl,2090,2110.0,M1,0.0,,,sv_2c
R12_SAS,gas_ppl,2100,2100.0,M1,0.0,,,sv_2c
R12_SAS,gas_ppl,2100,2110.0,M1,0.0,,,sv_2c
R12_SAS,gas_ppl,2110,2110.0,M1,0.0,,,sv_2c
R12_SAS,igcc,2010,2010.0,M1,0.0,0.0,1295.59,sv_2c
R12_SAS,igcc,2010,2015.0,M1,0.0,,1295.59,sv_2c
R12_SAS,igcc,2010,2020.0,M1,0.0,,1295.59,sv_2c
R12_SAS,igcc,2010,2025.0,M1,0.0,,1295.59,sv_2c
R12_SAS,igcc,2010,2030.0,M1,0.0,0.0,1295.59,sv_2c
R12_SAS,igcc,2010,2035.0,M1,0.0,0.0,1295.59,sv_2c
R12_SAS,igcc,2015,2015.0,M1,0.0,0.0,1295.59,sv_2c
R12_SAS,igcc,2015,2020.0,M1,0.0,,1295.59,sv_2c
R12_SAS,igcc,2015,2025.0,M1,0.0,,1295.59,sv_2c
R12_SAS,igcc,2015,2030.0,M1,0.0,0.0,1295.59,sv_2c
R12_SAS,igcc,2015,2035.0,M1,0.0,0.0,1295.59,sv_2c
R12_SAS,igcc,2015,2040.0,M1,0.0,0.0,1295.59,sv_2c
R12_SAS,igcc,2020,2020.0,M1,0.0,0.0,1296.0,sv_2c
R12_SAS,igcc,2020,2025.0,M1,0.0,,1296.0,sv_2c
R12_SAS,igcc,2020,2030.0,M1,0.0,0.0,1296.0,sv_2c
R12_SAS,igcc,2020,2035.0,M1,0.0,0.0,1296.0,sv_2c
R12_SAS,igcc,2020,2040.0,M1,0.0,0.0,1296.0,sv_2c
R12_SAS,igcc,2020,2045.0,M1,0.0,0.0,1296.0,sv_2c
R12_SAS,igcc,2025,2025.0,M1,0.0,0.0,1296.0,sv_2c
R12_SAS,igcc,2025,2030.0,M1,0.0,0.0,1296.0,sv_2c
R12_SAS,igcc,2025,2035.0,M1,0.0,0.0,1296.0,sv_2c
R12_SAS,igcc,2025,2040.0,M1,0.0,0.0,1296.0,sv_2c
R12_SAS,igcc,2025,2045.0,M1,0.0,0.0,1296.0,sv_2c
R12_SAS,igcc,2025,2050.0,M1,0.0,0.0,1296.0,sv_2c
R12_SAS,igcc,2030,2030.0,M1,0.0,0.0,1234.752100406148,sv_2c
R12_SAS,igcc,2030,2035.0,M1,0.0,0.0,1234.752100406148,sv_2c
R12_SAS,igcc,2030,2040.0,M1,0.0,0.0,1234.752100406148,sv_2c
R12_SAS,igcc,2030,2045.0,M1,0.0,0.0,1234.752100406148,sv_2c
R12_SAS,igcc,2030,2050.0,M1,0.0,0.0,1234.752100406148,sv_2c
R12_SAS,igcc,2030,2055.0,M1,0.0,0.0,1234.752100406148,sv_2c
R12_SAS,igcc,2035,2035.0,M1,0.0,0.0,1187.3882403530977,sv_2c
R12_SAS,igcc,2035,2040.0,M1,0.0,0.0,1187.3882403530977,sv_2c
R12_SAS,igcc,2035,2045.0,M1,0.0,0.0,1187.3882403530977,sv_2c
R12_SAS,igcc,2035,2050.0,M1,0.0,0.0,1187.3882403530977,sv_2c
R12_SAS,igcc,2035,2055.0,M1,0.0,0.0,1187.3882403530977,sv_2c
R12_SAS,igcc,2035,2060.0,M1,0.0,0.0,1187.3882403530977,sv_2c
R12_SAS,igcc,2040,2040.0,M1,0.0,0.0,1151.737829876362,sv_2c
R12_SAS,igcc,2040,2045.0,M1,0.0,0.0,1151.737829876362,sv_2c
R12_SAS,igcc,2040,2050.0,M1,0.0,0.0,1151.737829876362,sv_2c
R12_SAS,igcc,2040,2055.0,M1,0.0,0.0,1151.737829876362,sv_2c
R12_SAS,igcc,2040,2060.0,M1,0.0,0.0,1151.737829876362,sv_2c
R12_SAS,igcc,2040,2070.0,M1,0.0,0.0,1151.737829876362,sv_2c
R12_SAS,igcc,2045,2045.0,M1,0.0,0.0,1125.9916220485622,sv_2c
R12_SAS,igcc,2045,2050.0,M1,0.0,0.0,1125.9916220485622,sv_2c
R12_SAS,igcc,2045,2055.0,M1,0.0,0.0,1125.9916220485622,sv_2c
R12_SAS,igcc,2045,2060.0,M1,0.0,0.0,1125.9916220485622,sv_2c
R12_SAS,igcc,2045,2070.0,M1,0.0,0.0,1125.9916220485622,sv_2c
R12_SAS,igcc,2050,2050.0,M1,0.0,0.0,1108.6893037440536,sv_2c
R12_SAS,igcc,2050,2055.0,M1,0.0,0.0,1108.6893037440536,sv_2c
R12_SAS,igcc,2050,2060.0,M1,0.0,0.0,1108.6893037440536,sv_2c
R12_SAS,igcc,2050,2070.0,M1,0.0,0.0,1108.6893037440536,sv_2c
R12_SAS,igcc,2050,2080.0,M1,0.0,0.0,1108.6893037440536,sv_2c
R12_SAS,igcc,2055,2055.0,M1,0.0,0.0,1098.0716438825777,sv_2c
R12_SAS,igcc,2055,2060.0,M1,0.0,0.0,1098.0716438825777,sv_2c
R12_SAS,igcc,2055,2070.0,M1,0.0,0.0,1098.0716438825777,sv_2c
R12_SAS,igcc,2055,2080.0,M1,0.0,0.0,1098.0716438825777,sv_2c
R12_SAS,igcc,2060,2060.0,M1,0.0,0.0,1093.120087704303,sv_2c
R12_SAS,igcc,2060,2070.0,M1,0.0,0.0,1093.120087704303,sv_2c
R12_SAS,igcc,2060,2080.0,M1,0.0,0.0,1093.120087704303,sv_2c
R12_SAS,igcc,2060,2090.0,M1,0.0,0.0,1093.120087704303,sv_2c
R12_SAS,igcc,2070,2070.0,M1,0.0,0.0,1096.4558141009595,sv_2c
R12_SAS,igcc,2070,2080.0,M1,0.0,0.0,1096.4558141009595,sv_2c
R12_SAS,igcc,2070,2090.0,M1,0.0,0.0,1096.4558141009595,sv_2c
R12_SAS,igcc,2080,2080.0,M1,0.0,0.0,1112.2044794727753,sv_2c
R12_SAS,igcc,2080,2090.0,M1,0.0,0.0,1112.2044794727753,sv_2c
R12_SAS,igcc,2080,2100.0,M1,0.0,0.0,1112.2044794727753,sv_2c
R12_SAS,igcc,2090,2090.0,M1,0.0,0.0,1133.3890660849843,sv_2c
R12_SAS,igcc,2090,2100.0,M1,0.0,0.0,1133.3890660849843,sv_2c
R12_SAS,igcc,2090,2110.0,M1,0.0,0.0,1133.3890660849843,sv_2c
R12_SAS,igcc,2100,2100.0,M1,0.0,0.0,1157.8023644064774,sv_2c
R12_SAS,igcc,2100,2110.0,M1,0.0,0.0,1157.8023644064774,sv_2c
R12_SAS,igcc,2110,2110.0,M1,0.0,0.0,1157.8023644064774,sv_2c
R12_SAS,igcc_ccs,2030,2030.0,M1,0.0,0.0,3229.5379172270646,sv_2c
R12_SAS,igcc_ccs,2030,2035.0,M1,0.0,0.0,3229.5379172270646,sv_2c
R12_SAS,igcc_ccs,2030,2040.0,M1,0.0,0.0,3229.5379172270646,sv_2c
R12_SAS,igcc_ccs,2030,2045.0,M1,0.0,0.0,3229.5379172270646,sv_2c
R12_SAS,igcc_ccs,2030,2050.0,M1,0.0,0.0,3229.5379172270646,sv_2c
R12_SAS,igcc_ccs,2030,2055.0,M1,0.0,0.0,3229.5379172270646,sv_2c
R12_SAS,igcc_ccs,2035,2035.0,M1,0.0,0.0,3090.749495700869,sv_2c
R12_SAS,igcc_ccs,2035,2040.0,M1,0.0,0.0,3090.749495700869,sv_2c
R12_SAS,igcc_ccs,2035,2045.0,M1,0.0,0.0,3090.749495700869,sv_2c
R12_SAS,igcc_ccs,2035,2050.0,M1,0.0,0.0,3090.749495700869,sv_2c
R12_SAS,igcc_ccs,2035,2055.0,M1,0.0,0.0,3090.749495700869,sv_2c
R12_SAS,igcc_ccs,2035,2060.0,M1,0.0,0.0,3090.749495700869,sv_2c
R12_SAS,igcc_ccs,2040,2040.0,M1,0.0,0.0,2983.5929414900866,sv_2c
R12_SAS,igcc_ccs,2040,2045.0,M1,0.0,0.0,2983.5929414900866,sv_2c
R12_SAS,igcc_ccs,2040,2050.0,M1,0.0,0.0,2983.5929414900866,sv_2c
R12_SAS,igcc_ccs,2040,2055.0,M1,0.0,0.0,2983.5929414900866,sv_2c
R12_SAS,igcc_ccs,2040,2060.0,M1,0.0,0.0,2983.5929414900866,sv_2c
R12_SAS,igcc_ccs,2040,2070.0,M1,0.0,0.0,2983.5929414900866,sv_2c
R12_SAS,igcc_ccs,2045,2045.0,M1,0.0,0.0,2902.6786865248187,sv_2c
R12_SAS,igcc_ccs,2045,2050.0,M1,0.0,0.0,2902.6786865248187,sv_2c
R12_SAS,igcc_ccs,2045,2055.0,M1,0.0,0.0,2902.6786865248187,sv_2c
R12_SAS,igcc_ccs,2045,2060.0,M1,0.0,0.0,2902.6786865248187,sv_2c
R12_SAS,igcc_ccs,2045,2070.0,M1,0.0,0.0,2902.6786865248187,sv_2c
R12_SAS,igcc_ccs,2050,2050.0,M1,0.0,0.0,2843.67123908905,sv_2c
R12_SAS,igcc_ccs,2050,2055.0,M1,0.0,0.0,2843.67123908905,sv_2c
R12_SAS,igcc_ccs,2050,2060.0,M1,0.0,0.0,2843.67123908905,sv_2c
R12_SAS,igcc_ccs,2050,2070.0,M1,0.0,0.0,2843.67123908905,sv_2c
R12_SAS,igcc_ccs,2050,2080.0,M1,0.0,0.0,2843.67123908905,sv_2c
R12_SAS,igcc_ccs,2055,2055.0,M1,0.0,0.0,2802.070609996991,sv_2c
R12_SAS,igcc_ccs,2055,2060.0,M1,0.0,0.0,2802.070609996991,sv_2c
R12_SAS,igcc_ccs,2055,2070.0,M1,0.0,0.0,2802.070609996991,sv_2c
R12_SAS,igcc_ccs,2055,2080.0,M1,0.0,0.0,2802.070609996991,sv_2c
R12_SAS,igcc_ccs,2060,2060.0,M1,0.0,0.0,2774.954000835659,sv_2c
R12_SAS,igcc_ccs,2060,2070.0,M1,0.0,0.0,2774.954000835659,sv_2c
R12_SAS,igcc_ccs,2060,2080.0,M1,0.0,0.0,2774.954000835659,sv_2c
R12_SAS,igcc_ccs,2060,2090.0,M1,0.0,0.0,2774.954000835659,sv_2c
R12_SAS,igcc_ccs,2070,2070.0,M1,0.0,0.0,2754.1281862100714,sv_2c
R12_SAS,igcc_ccs,2070,2080.0,M1,0.0,0.0,2754.1281862100714,sv_2c
R12_SAS,igcc_ccs,2070,2090.0,M1,0.0,0.0,2754.1281862100714,sv_2c
R12_SAS,igcc_ccs,2080,2080.0,M1,0.0,0.0,2764.514100913078,sv_2c
R12_SAS,igcc_ccs,2080,2090.0,M1,0.0,0.0,2764.514100913078,sv_2c
R12_SAS,igcc_ccs,2080,2100.0,M1,0.0,0.0,2764.514100913078,sv_2c
R12_SAS,igcc_ccs,2090,2090.0,M1,0.0,0.0,2790.51049553304,sv_2c
R12_SAS,igcc_ccs,2090,2100.0,M1,0.0,0.0,2790.51049553304,sv_2c
R12_SAS,igcc_ccs,2090,2110.0,M1,0.0,0.0,2790.51049553304,sv_2c
R12_SAS,igcc_ccs,2100,2100.0,M1,0.0,0.0,2826.0669428428287,sv_2c
R12_SAS,igcc_ccs,2100,2110.0,M1,0.0,0.0,2826.0669428428287,sv_2c
R12_SAS,igcc_ccs,2110,2110.0,M1,0.0,0.0,2826.0669428428287,sv_2c
R12_CHN,coal_adv,hist,1990.0,M1,0.0,,,sv_2c
R12_CHN,coal_adv,hist,1995.0,M1,2.2011203529737213,,,sv_2c
R12_CHN,coal_adv,hist,2000.0,M1,5.095469729373608,,,sv_2c
R12_CHN,coal_adv,hist,2005.0,M1,15.248005685070531,,,sv_2c
R12_CHN,coal_adv,hist,2010.0,M1,64.27008717209043,,,sv_2c
R12_CHN,coal_adv,hist,2015.0,M1,102.36984660494238,,,sv_2c
R12_CHN,coal_adv,hist,2020.0,M1,135.12771197296524,,,sv_2c
R12_CHN,coal_adv,hist,2025.0,M1,201.48024163562138,,,sv_2c
R12_CHN,coal_adv,hist,1960.0,,,0.0,,sv_2c
R12_CHN,coal_adv,hist,1965.0,,,0.0,,sv_2c
R12_CHN,coal_adv,hist,1970.0,,,0.0,,sv_2c
R12_CHN,coal_adv,hist,1975.0,,,0.0,,sv_2c
R12_CHN,coal_adv,hist,1980.0,,,0.0,,sv_2c
R12_CHN,coal_adv,hist,1985.0,,,0.0,,sv_2c
R12_CHN,coal_adv,hist,1990.0,,,0.0,,sv_2c
R12_CHN,coal_adv,hist,1995.0,,,0.468,,sv_2c
R12_CHN,coal_adv,hist,2000.0,,,0.988,,sv_2c
R12_CHN,coal_adv,hist,2005.0,,,1.984,,sv_2c
R12_CHN,coal_adv,hist,2010.0,,,21.626,,sv_2c
R12_CHN,coal_adv,hist,2015.0,,,18.0088,,sv_2c
R12_CHN,coal_adv,hist,2020.0,,,8.654,,sv_2c
R12_CHN,coal_adv,hist,2025.0,,,52.5446,,sv_2c
R12_CHN,coal_ppl,hist,1990.0,M1,14.525293594072362,,,sv_2c
R12_CHN,coal_ppl,hist,1995.0,M1,24.805419259696965,,,sv_2c
R12_CHN,coal_ppl,hist,2000.0,M1,36.385746268713916,,,sv_2c
R12_CHN,coal_ppl,hist,2005.0,M1,79.90450976751882,,,sv_2c
R12_CHN,coal_ppl,hist,2010.0,M1,135.83955253198602,,,sv_2c
R12_CHN,coal_ppl,hist,2015.0,M1,178.80862065340423,,,sv_2c
R12_CHN,coal_ppl,hist,2020.0,M1,232.26271425000002,,,sv_2c
R12_CHN,coal_ppl,hist,2025.0,M1,210.95115243678472,,,sv_2c
R12_CHN,coal_ppl,hist,1960.0,,,0.0,,sv_2c
R12_CHN,coal_ppl,hist,1965.0,,,0.0,,sv_2c
R12_CHN,coal_ppl,hist,1970.0,,,0.0,,sv_2c
R12_CHN,coal_ppl,hist,1975.0,,,0.0,,sv_2c
R12_CHN,coal_ppl,hist,1980.0,,,0.0626,,sv_2c
R12_CHN,coal_ppl,hist,1985.0,,,0.178,,sv_2c
R12_CHN,coal_ppl,hist,1990.0,,,1.286,,sv_2c
R12_CHN,coal_ppl,hist,1995.0,,,2.18575,,sv_2c
R12_CHN,coal_ppl,hist,2000.0,,,3.9530000000000003,,sv_2c
R12_CHN,coal_ppl,hist,2005.0,,,8.5044,,sv_2c
R12_CHN,coal_ppl,hist,2010.0,,,24.67564,,sv_2c
R12_CHN,coal_ppl,hist,2015.0,,,20.3104,,sv_2c
R12_CHN,coal_ppl,hist,2020.0,,,14.3768,,sv_2c
R12_CHN,coal_ppl,hist,2025.0,,,13.8768,,sv_2c
R12_CHN,coal_ppl_u,hist,1990.0,M1,39.10050640592764,,,sv_2c
R12_CHN,coal_ppl_u,hist,1995.0,M1,60.95006038732931,,,sv_2c
R12_CHN,coal_ppl_u,hist,2000.0,M1,81.72768400191248,,,sv_2c
R12_CHN,coal_ppl_u,hist,2005.0,M1,133.99158454741067,,,sv_2c
R12_CHN,coal_ppl_u,hist,2010.0,M1,173.10376029592354,,,sv_2c
R12_CHN,coal_ppl_u,hist,2015.0,M1,191.08123274165337,,,sv_2c
R12_CHN,coal_ppl_u,hist,2020.0,M1,195.75985015,,,sv_2c
R12_CHN,coal_ppl_u,hist,2025.0,M1,163.50750549000006,,,sv_2c
R12_CHN,coal_ppl_u,hist,1960.0,,,0.146,,sv_2c
R12_CHN,coal_ppl_u,hist,1965.0,,,0.0,,sv_2c
R12_CHN,coal_ppl_u,hist,1970.0,,,0.01,,sv_2c
R12_CHN,coal_ppl_u,hist,1975.0,,,0.2756,,sv_2c
R12_CHN,coal_ppl_u,hist,1980.0,,,0.5772,,sv_2c
R12_CHN,coal_ppl_u,hist,1985.0,,,1.7686,,sv_2c
R12_CHN,coal_ppl_u,hist,1990.0,,,4.3918,,sv_2c
R12_CHN,coal_ppl_u,hist,1995.0,,,5.8937100000000004,,sv_2c
R12_CHN,coal_ppl_u,hist,2000.0,,,8.998,,sv_2c
R12_CHN,coal_ppl_u,hist,2005.0,,,13.054680000000001,,sv_2c
R12_CHN,coal_ppl_u,hist,2010.0,,,22.221400000000003,,sv_2c
R12_CHN,coal_ppl_u,hist,2015.0,,,11.33,,sv_2c
R12_CHN,coal_ppl_u,hist,2020.0,,,1.6238,,sv_2c
R12_CHN,coal_ppl_u,hist,2025.0,,,0.0,,sv_2c
R12_CHN,gas_cc,hist,1990.0,M1,0.24031832042962137,,,sv_2c
R12_CHN,gas_cc,hist,1995.0,M1,0.2718083490856925,,,sv_2c
R12_CHN,gas_cc,hist,2000.0,M1,1.8679975943501175,,,sv_2c
R12_CHN,gas_cc,hist,2005.0,M1,2.427138311025822,,,sv_2c
R12_CHN,gas_cc,hist,2010.0,M1,9.618044409284082,,,sv_2c
R12_CHN,gas_cc,hist,2015.0,M1,17.016165572676538,,,sv_2c
R12_CHN,gas_cc,hist,2020.0,M1,27.967719141562405,,,sv_2c
R12_CHN,gas_cc,hist,2025.0,M1,74.42726953699122,,,sv_2c
R12_CHN,gas_ct,hist,1990.0,M1,0.051626653423220766,,,sv_2c
R12_CHN,gas_ct,hist,1995.0,M1,0.0537200867475218,,,sv_2c
R12_CHN,gas_ct,hist,2000.0,M1,0.06595376557691,,,sv_2c
R12_CHN,gas_ct,hist,2005.0,M1,0.07186757872836676,,,sv_2c
R12_CHN,gas_ct,hist,2010.0,M1,0.21610375177432495,,,sv_2c
R12_CHN,gas_ct,hist,2015.0,M1,0.23880565365990458,,,sv_2c
R12_CHN,gas_ct,hist,2020.0,M1,0.28308889366943035,,,sv_2c
R12_CHN,gas_ct,hist,2025.0,M1,55.005726545951944,,,sv_2c
R12_CHN,gas_ppl,hist,1990.0,M1,0.02435502614715791,,,sv_2c
R12_CHN,gas_ppl,hist,1995.0,M1,0.025071564166785732,,,sv_2c
R12_CHN,gas_ppl,hist,2000.0,M1,0.12234864007297236,,,sv_2c
R12_CHN,gas_ppl,hist,2005.0,M1,0.17359411024581145,,,sv_2c
R12_CHN,gas_ppl,hist,2010.0,M1,0.7206518389415939,,,sv_2c
R12_CHN,gas_ppl,hist,2015.0,M1,0.8039287736635573,,,sv_2c
R12_CHN,gas_ppl,hist,2020.0,M1,1.1352914647681587,,,sv_2c
R12_CHN,gas_ppl,hist,2025.0,M1,0.0,,,sv_2c
R12_CHN,igcc,hist,1990.0,M1,0.0,,,sv_2c
R12_CHN,igcc,hist,1995.0,M1,0.0,,,sv_2c
R12_CHN,igcc,hist,2000.0,M1,0.0,,,sv_2c
R12_CHN,igcc,hist,2005.0,M1,0.0,,,sv_2c
R12_CHN,igcc,hist,2010.0,M1,0.0,,,sv_2c
R12_CHN,igcc,hist,2015.0,M1,0.0,,,sv_2c
R12_CHN,igcc,hist,2020.0,M1,0.0,,,sv_2c
R12_CHN,igcc,hist,2025.0,M1,0.0,,,sv_2c
R12_CHN,igcc,hist,1960.0,,,0.0,,sv_2c
R12_CHN,igcc,hist,1965.0,,,0.0,,sv_2c
R12_CHN,igcc,hist,1970.0,,,0.0,,sv_2c
R12_CHN,igcc,hist,1975.0,,,0.0,,sv_2c
R12_CHN,igcc,hist,1980.0,,,0.0,,sv_2c
R12_CHN,igcc,hist,1985.0,,,0.0,,sv_2c
R12_CHN,igcc,hist,1990.0,,,0.0,,sv_2c
R12_CHN,igcc,hist,1995.0,,,0.0,,sv_2c
R12_CHN,igcc,hist,2000.0,,,0.0,,sv_2c
R12_CHN,igcc,hist,2005.0,,,0.0,,sv_2c
R12_CHN,igcc,hist,2010.0,,,0.0,,sv_2c
R12_CHN,igcc,hist,2015.0,,,0.0,,sv_2c
R12_CHN,igcc,hist,2020.0,,,0.0,,sv_2c
R12_CHN,igcc,hist,2025.0,,,0.0,,sv_2c
R12_PAS,coal_adv,hist,1990.0,M1,0.0,,,sv_2c
R12_PAS,coal_adv,hist,1995.0,M1,2.032589490389237,,,sv_2c
R12_PAS,coal_adv,hist,2000.0,M1,8.649953027443823,,,sv_2c
R12_PAS,coal_adv,hist,2005.0,M1,14.515402597403549,,,sv_2c
R12_PAS,coal_adv,hist,2010.0,M1,14.51540259740355,,,sv_2c
R12_PAS,coal_adv,hist,2015.0,M1,17.851454199864456,,,sv_2c
R12_PAS,coal_adv,hist,2020.0,M1,18.438210000000005,,,sv_2c
R12_PAS,coal_adv,hist,2025.0,M1,18.7820325,,,sv_2c
R12_PAS,coal_adv,hist,1960.0,,,0.0,,sv_2c
R12_PAS,coal_adv,hist,1965.0,,,0.0,,sv_2c
R12_PAS,coal_adv,hist,1970.0,,,0.0,,sv_2c
R12_PAS,coal_adv,hist,1975.0,,,0.0,,sv_2c
R12_PAS,coal_adv,hist,1980.0,,,0.0,,sv_2c
R12_PAS,coal_adv,hist,1985.0,,,0.0,,sv_2c
R12_PAS,coal_adv,hist,1990.0,,,0.0,,sv_2c
R12_PAS,coal_adv,hist,1995.0,,,0.5,,sv_2c
R12_PAS,coal_adv,hist,2000.0,,,1.78,,sv_2c
R12_PAS,coal_adv,hist,2005.0,,,1.08,,sv_2c
R12_PAS,coal_adv,hist,2010.0,,,0.0,,sv_2c
R12_PAS,coal_adv,hist,2015.0,,,0.9380000000000001,,sv_2c
R12_PAS,coal_adv,hist,2020.0,,,0.364,,sv_2c
R12_PAS,coal_adv,hist,2025.0,,,0.0,,sv_2c
R12_PAS,coal_ppl,hist,1990.0,M1,3.205569662506565,,,sv_2c
R12_PAS,coal_ppl,hist,1995.0,M1,6.950006021701617,,,sv_2c
R12_PAS,coal_ppl,hist,2000.0,M1,11.51078219431879,,,sv_2c
R12_PAS,coal_ppl,hist,2005.0,M1,16.687584536990652,,,sv_2c
R12_PAS,coal_ppl,hist,2010.0,M1,28.788043537267733,,,sv_2c
R12_PAS,coal_ppl,hist,2015.0,M1,31.124417757618072,,,sv_2c
R12_PAS,coal_ppl,hist,2020.0,M1,37.58401075,,,sv_2c
R12_PAS,coal_ppl,hist,2025.0,M1,54.04038849999999,,,sv_2c
R12_PAS,coal_ppl,hist,1960.0,,,0.0,,sv_2c
R12_PAS,coal_ppl,hist,1965.0,,,0.0,,sv_2c
R12_PAS,coal_ppl,hist,1970.0,,,0.0,,sv_2c
R12_PAS,coal_ppl,hist,1975.0,,,0.0,,sv_2c
R12_PAS,coal_ppl,hist,1980.0,,,0.04,,sv_2c
R12_PAS,coal_ppl,hist,1985.0,,,0.734,,sv_2c
R12_PAS,coal_ppl,hist,1990.0,,,0.24789099999999997,,sv_2c
R12_PAS,coal_ppl,hist,1995.0,,,0.9211,,sv_2c
R12_PAS,coal_ppl,hist,2000.0,,,1.2268000000000001,,sv_2c
R12_PAS,coal_ppl,hist,2005.0,,,0.9531999999999999,,sv_2c
R12_PAS,coal_ppl,hist,2010.0,,,2.6586,,sv_2c
R12_PAS,coal_ppl,hist,2015.0,,,0.65692,,sv_2c
R12_PAS,coal_ppl,hist,2020.0,,,4.1258,,sv_2c
R12_PAS,coal_ppl,hist,2025.0,,,3.8758,,sv_2c
R12_PAS,coal_ppl_u,hist,1990.0,M1,4.542930337493436,,,sv_2c
R12_PAS,coal_ppl_u,hist,1995.0,M1,6.199204487909147,,,sv_2c
R12_PAS,coal_ppl_u,hist,2000.0,M1,11.173864778237387,,,sv_2c
R12_PAS,coal_ppl_u,hist,2005.0,M1,11.895912865605792,,,sv_2c
R12_PAS,coal_ppl_u,hist,2010.0,M1,14.708853865328715,,,sv_2c
R12_PAS,coal_ppl_u,hist,2015.0,M1,21.94302804251747,,,sv_2c
R12_PAS,coal_ppl_u,hist,2020.0,M1,23.952881264,,,sv_2c
R12_PAS,coal_ppl_u,hist,2025.0,M1,24.606884847999996,,,sv_2c
R12_PAS,coal_ppl_u,hist,1960.0,,,0.0,,sv_2c
R12_PAS,coal_ppl_u,hist,1965.0,,,0.003,,sv_2c
R12_PAS,coal_ppl_u,hist,1970.0,,,0.016,,sv_2c
R12_PAS,coal_ppl_u,hist,1975.0,,,0.36225,,sv_2c
R12_PAS,coal_ppl_u,hist,1980.0,,,0.012,,sv_2c
R12_PAS,coal_ppl_u,hist,1985.0,,,0.2598202,,sv_2c
R12_PAS,coal_ppl_u,hist,1990.0,,,0.4265918,,sv_2c
R12_PAS,coal_ppl_u,hist,1995.0,,,0.501906,,sv_2c
R12_PAS,coal_ppl_u,hist,2000.0,,,1.672663,,sv_2c
R12_PAS,coal_ppl_u,hist,2005.0,,,0.16866799999999998,,sv_2c
R12_PAS,coal_ppl_u,hist,2010.0,,,0.7959518,,sv_2c
R12_PAS,coal_ppl_u,hist,2015.0,,,2.4154199999999997,,sv_2c
R12_PAS,coal_ppl_u,hist,2020.0,,,1.540774,,sv_2c
R12_PAS,coal_ppl_u,hist,2025.0,,,0.0,,sv_2c
R12_PAS,gas_cc,hist,1990.0,M1,1.7160937664435234,,,sv_2c
R12_PAS,gas_cc,hist,1995.0,M1,9.19828249291816,,,sv_2c
R12_PAS,gas_cc,hist,2000.0,M1,16.92403624100804,,,sv_2c
R12_PAS,gas_cc,hist,2005.0,M1,29.87570059090028,,,sv_2c
R12_PAS,gas_cc,hist,2010.0,M1,43.930454696985045,,,sv_2c
R12_PAS,gas_cc,hist,2015.0,M1,52.330678517845655,,,sv_2c
R12_PAS,gas_cc,hist,2020.0,M1,56.03639753426513,,,sv_2c
R12_PAS,gas_cc,hist,2025.0,M1,69.2601102121039,,,sv_2c
R12_PAS,gas_ct,hist,1990.0,M1,0.6494648981786108,,,sv_2c
R12_PAS,gas_ct,hist,1995.0,M1,1.7593929539176256,,,sv_2c
R12_PAS,gas_ct,hist,2000.0,M1,1.9004680694301657,,,sv_2c
R12_PAS,gas_ct,hist,2005.0,M1,2.4549709415788064,,,sv_2c
R12_PAS,gas_ct,hist,2010.0,M1,2.530963314445119,,,sv_2c
R12_PAS,gas_ct,hist,2015.0,M1,2.6810612971508685,,,sv_2c
R12_PAS,gas_ct,hist,2020.0,M1,2.8210152307742202,,,sv_2c
R12_PAS,gas_ct,hist,2025.0,M1,2.350064979803135,,,sv_2c
R12_PAS,gas_ppl,hist,1990.0,M1,1.8563413353778662,,,sv_2c
R12_PAS,gas_ppl,hist,1995.0,M1,3.0385245531642138,,,sv_2c
R12_PAS,gas_ppl,hist,2000.0,M1,3.7308956895617946,,,sv_2c
R12_PAS,gas_ppl,hist,2005.0,M1,4.551028467520916,,,sv_2c
R12_PAS,gas_ppl,hist,2010.0,M1,5.553381988569837,,,sv_2c
R12_PAS,gas_ppl,hist,2015.0,M1,6.123160185003473,,,sv_2c
R12_PAS,gas_ppl,hist,2020.0,M1,6.472587234960646,,,sv_2c
R12_PAS,gas_ppl,hist,2025.0,M1,3.119591175,,,sv_2c
R12_PAS,igcc,hist,1990.0,M1,0.0,,,sv_2c
R12_PAS,igcc,hist,1995.0,M1,0.0,,,sv_2c
R12_PAS,igcc,hist,2000.0,M1,0.0,,,sv_2c
R12_PAS,igcc,hist,2005.0,M1,0.0,,,sv_2c
R12_PAS,igcc,hist,2010.0,M1,0.0,,,sv_2c
R12_PAS,igcc,hist,2015.0,M1,0.0,,,sv_2c
R12_PAS,igcc,hist,2020.0,M1,0.0,,,sv_2c
R12_PAS,igcc,hist,2025.0,M1,0.0,,,sv_2c
R12_PAS,igcc,hist,1960.0,,,0.0,,sv_2c
R12_PAS,igcc,hist,1965.0,,,0.0,,sv_2c
R12_PAS,igcc,hist,1970.0,,,0.0,,sv_2c
R12_PAS,igcc,hist,1975.0,,,0.0,,sv_2c
R12_PAS,igcc,hist,1980.0,,,0.0,,sv_2c
R12_PAS,igcc,hist,1985.0,,,0.0,,sv_2c
R12_PAS,igcc,hist,1990.0,,,0.0,,sv_2c
R12_PAS,igcc,hist,1995.0,,,0.0,,sv_2c
R12_PAS,igcc,hist,2000.0,,,0.0,,sv_2c
R12_PAS,igcc,hist,2005.0,,,0.0,,sv_2c
R12_PAS,igcc,hist,2010.0,,,0.0,,sv_2c
R12_PAS,igcc,hist,2015.0,,,0.0,,sv_2c
R12_PAS,igcc,hist,2020.0,,,0.0,,sv_2c
R12_PAS,igcc,hist,2025.0,,,0.0,,sv_2c
R12_RCPA,coal_adv,hist,1990.0,M1,0.0,,,sv_2c
R12_RCPA,coal_adv,hist,1995.0,M1,0.0,,,sv_2c
R12_RCPA,coal_adv,hist,2000.0,M1,0.0,,,sv_2c
R12_RCPA,coal_adv,hist,2005.0,M1,0.0,,,sv_2c
R12_RCPA,coal_adv,hist,2010.0,M1,0.0,,,sv_2c
R12_RCPA,coal_adv,hist,2015.0,M1,0.5820283780926199,,,sv_2c
R12_RCPA,coal_adv,hist,2020.0,M1,1.5185520000000001,,,sv_2c
R12_RCPA,coal_adv,hist,2025.0,M1,5.584099488978294,,,sv_2c
R12_RCPA,coal_adv,hist,1960.0,,,0.0,,sv_2c
R12_RCPA,coal_adv,hist,1965.0,,,0.0,,sv_2c
R12_RCPA,coal_adv,hist,1970.0,,,0.0,,sv_2c
R12_RCPA,coal_adv,hist,1975.0,,,0.0,,sv_2c
R12_RCPA,coal_adv,hist,1980.0,,,0.0,,sv_2c
R12_RCPA,coal_adv,hist,1985.0,,,0.0,,sv_2c
R12_RCPA,coal_adv,hist,1990.0,,,0.0,,sv_2c
R12_RCPA,coal_adv,hist,1995.0,,,0.0,,sv_2c
R12_RCPA,coal_adv,hist,2000.0,,,0.0,,sv_2c
R12_RCPA,coal_adv,hist,2005.0,,,0.0,,sv_2c
R12_RCPA,coal_adv,hist,2010.0,,,0.0,,sv_2c
R12_RCPA,coal_adv,hist,2015.0,,,0.24880000000000002,,sv_2c
R12_RCPA,coal_adv,hist,2020.0,,,0.1376,,sv_2c
R12_RCPA,coal_adv,hist,2025.0,,,1.006143513460921,,sv_2c
R12_RCPA,coal_ppl,hist,1990.0,M1,0.0,,,sv_2c
R12_RCPA,coal_ppl,hist,1995.0,M1,0.0,,,sv_2c
R12_RCPA,coal_ppl,hist,2000.0,M1,0.0,,,sv_2c
R12_RCPA,coal_ppl,hist,2005.0,M1,1.01363052905464,,,sv_2c
R12_RCPA,coal_ppl,hist,2010.0,M1,1.126910908161992,,,sv_2c
R12_RCPA,coal_ppl,hist,2015.0,M1,1.4357040991114527,,,sv_2c
R12_RCPA,coal_ppl,hist,2020.0,M1,5.592087255413575,,,sv_2c
R12_RCPA,coal_ppl,hist,2025.0,M1,11.556893186004313,,,sv_2c
R12_RCPA,coal_ppl,hist,1960.0,,,0.0,,sv_2c
R12_RCPA,coal_ppl,hist,1965.0,,,0.0,,sv_2c
R12_RCPA,coal_ppl,hist,1970.0,,,0.0,,sv_2c
R12_RCPA,coal_ppl,hist,1975.0,,,0.0,,sv_2c
R12_RCPA,coal_ppl,hist,1980.0,,,0.0,,sv_2c
R12_RCPA,coal_ppl,hist,1985.0,,,0.0,,sv_2c
R12_RCPA,coal_ppl,hist,1990.0,,,0.0,,sv_2c
R12_RCPA,coal_ppl,hist,1995.0,,,0.0,,sv_2c
R12_RCPA,coal_ppl,hist,2000.0,,,0.0,,sv_2c
R12_RCPA,coal_ppl,hist,2005.0,,,0.23850130095403294,,sv_2c
R12_RCPA,coal_ppl,hist,2010.0,,,0.06,,sv_2c
R12_RCPA,coal_ppl,hist,2015.0,,,0.132,,sv_2c
R12_RCPA,coal_ppl,hist,2020.0,,,0.9780849094775979,,sv_2c
R12_RCPA,coal_ppl,hist,2025.0,,,1.4520309148169614,,sv_2c
R12_RCPA,coal_ppl_u,hist,1990.0,M1,1.8469000000000004,,,sv_2c
R12_RCPA,coal_ppl_u,hist,1995.0,M1,1.4844,,,sv_2c
R12_RCPA,coal_ppl_u,hist,2000.0,M1,1.6429,,,sv_2c
R12_RCPA,coal_ppl_u,hist,2005.0,M1,1.77506947094536,,,sv_2c
R12_RCPA,coal_ppl_u,hist,2010.0,M1,2.223689091838008,,,sv_2c
R12_RCPA,coal_ppl_u,hist,2015.0,M1,5.757967522795926,,,sv_2c
R12_RCPA,coal_ppl_u,hist,2020.0,M1,9.105676500000001,,,sv_2c
R12_RCPA,coal_ppl_u,hist,2025.0,M1,10.060303875000002,,,sv_2c
R12_RCPA,coal_ppl_u,hist,1960.0,,,0.0,,sv_2c
R12_RCPA,coal_ppl_u,hist,1965.0,,,0.0658,,sv_2c
R12_RCPA,coal_ppl_u,hist,1970.0,,,0.0716,,sv_2c
R12_RCPA,coal_ppl_u,hist,1975.0,,,0.2802,,sv_2c
R12_RCPA,coal_ppl_u,hist,1980.0,,,0.08199999999999999,,sv_2c
R12_RCPA,coal_ppl_u,hist,1985.0,,,0.2808,,sv_2c
R12_RCPA,coal_ppl_u,hist,1990.0,,,0.0936,,sv_2c
R12_RCPA,coal_ppl_u,hist,1995.0,,,0.04,,sv_2c
R12_RCPA,coal_ppl_u,hist,2000.0,,,0.0112,,sv_2c
R12_RCPA,coal_ppl_u,hist,2005.0,,,0.02,,sv_2c
R12_RCPA,coal_ppl_u,hist,2010.0,,,0.30601999999999996,,sv_2c
R12_RCPA,coal_ppl_u,hist,2015.0,,,2.0144,,sv_2c
R12_RCPA,coal_ppl_u,hist,2020.0,,,0.6508,,sv_2c
R12_RCPA,coal_ppl_u,hist,2025.0,,,0.0,,sv_2c
R12_RCPA,gas_cc,hist,1990.0,M1,0.00023333333333333333,,,sv_2c
R12_RCPA,gas_cc,hist,1995.0,M1,0.08493333333333333,,,sv_2c
R12_RCPA,gas_cc,hist,2000.0,M1,0.38805515839598936,,,sv_2c
R12_RCPA,gas_cc,hist,2005.0,M1,2.437401594511986,,,sv_2c
R12_RCPA,gas_cc,hist,2010.0,M1,4.8341370966336275,,,sv_2c
R12_RCPA,gas_cc,hist,2015.0,M1,5.146989678158469,,,sv_2c
R12_RCPA,gas_cc,hist,2020.0,M1,3.73891534238577,,,sv_2c
R12_RCPA,gas_cc,hist,2025.0,M1,8.177373828957471,,,sv_2c
R12_RCPA,gas_ct,hist,1990.0,M1,0.00023333333333333333,,,sv_2c
R12_RCPA,gas_ct,hist,1995.0,M1,0.00023333333333333333,,,sv_2c
R12_RCPA,gas_ct,hist,2000.0,M1,0.10782614371865114,,,sv_2c
R12_RCPA,gas_ct,hist,2005.0,M1,0.10782614371865114,,,sv_2c
R12_RCPA,gas_ct,hist,2010.0,M1,0.10782614371865115,,,sv_2c
R12_RCPA,gas_ct,hist,2015.0,M1,0.10782614371865114,,,sv_2c
R12_RCPA,gas_ct,hist,2020.0,M1,0.07832788644802584,,,sv_2c
R12_RCPA,gas_ct,hist,2025.0,M1,0.1768282951084741,,,sv_2c
R12_RCPA,gas_ppl,hist,1990.0,M1,0.00023333333333333333,,,sv_2c
R12_RCPA,gas_ppl,hist,1995.0,M1,0.00023333333333333333,,,sv_2c
R12_RCPA,gas_ppl,hist,2000.0,M1,0.0014186978853596272,,,sv_2c
R12_RCPA,gas_ppl,hist,2005.0,M1,0.002572261769362937,,,sv_2c
R12_RCPA,gas_ppl,hist,2010.0,M1,0.09773675964772223,,,sv_2c
R12_RCPA,gas_ppl,hist,2015.0,M1,0.24148417812287962,,,sv_2c
R12_RCPA,gas_ppl,hist,2020.0,M1,0.17542077116620428,,,sv_2c
R12_RCPA,gas_ppl,hist,2025.0,M1,0.0,,,sv_2c
R12_RCPA,igcc,hist,1990.0,M1,0.0,,,sv_2c
R12_RCPA,igcc,hist,1995.0,M1,0.0,,,sv_2c
R12_RCPA,igcc,hist,2000.0,M1,0.0,,,sv_2c
R12_RCPA,igcc,hist,2005.0,M1,0.0,,,sv_2c
R12_RCPA,igcc,hist,2010.0,M1,0.0,,,sv_2c
R12_RCPA,igcc,hist,2015.0,M1,0.0,,,sv_2c
R12_RCPA,igcc,hist,2020.0,M1,0.0,,,sv_2c
R12_RCPA,igcc,hist,2025.0,M1,0.0,,,sv_2c
R12_RCPA,igcc,hist,1960.0,,,0.0,,sv_2c
R12_RCPA,igcc,hist,1965.0,,,0.0,,sv_2c
R12_RCPA,igcc,hist,1970.0,,,0.0,,sv_2c
R12_RCPA,igcc,hist,1975.0,,,0.0,,sv_2c
R12_RCPA,igcc,hist,1980.0,,,0.0,,sv_2c
R12_RCPA,igcc,hist,1985.0,,,0.0,,sv_2c
R12_RCPA,igcc,hist,1990.0,,,0.0,,sv_2c
R12_RCPA,igcc,hist,1995.0,,,0.0,,sv_2c
R12_RCPA,igcc,hist,2000.0,,,0.0,,sv_2c
R12_RCPA,igcc,hist,2005.0,,,0.0,,sv_2c
R12_RCPA,igcc,hist,2010.0,,,0.0,,sv_2c
R12_RCPA,igcc,hist,2015.0,,,0.0,,sv_2c
R12_RCPA,igcc,hist,2020.0,,,0.0,,sv_2c
R12_RCPA,igcc,hist,2025.0,,,0.0,,sv_2c
R12_SAS,coal_adv,hist,1990.0,M1,0.0,,,sv_2c
R12_SAS,coal_adv,hist,1995.0,M1,0.0,,,sv_2c
R12_SAS,coal_adv,hist,2000.0,M1,0.0,,,sv_2c
R12_SAS,coal_adv,hist,2005.0,M1,0.0,,,sv_2c
R12_SAS,coal_adv,hist,2010.0,M1,0.0,,,sv_2c
R12_SAS,coal_adv,hist,2015.0,M1,17.25838217288207,,,sv_2c
R12_SAS,coal_adv,hist,2020.0,M1,23.903849571618682,,,sv_2c
R12_SAS,coal_adv,hist,2025.0,M1,38.05589779918299,,,sv_2c
R12_SAS,coal_adv,hist,1960.0,,,0.0,,sv_2c
R12_SAS,coal_adv,hist,1965.0,,,0.0,,sv_2c
R12_SAS,coal_adv,hist,1970.0,,,0.0,,sv_2c
R12_SAS,coal_adv,hist,1975.0,,,0.0,,sv_2c
R12_SAS,coal_adv,hist,1980.0,,,0.0,,sv_2c
R12_SAS,coal_adv,hist,1985.0,,,0.0,,sv_2c
R12_SAS,coal_adv,hist,1990.0,,,0.0,,sv_2c
R12_SAS,coal_adv,hist,1995.0,,,0.0,,sv_2c
R12_SAS,coal_adv,hist,2000.0,,,0.0,,sv_2c
R12_SAS,coal_adv,hist,2005.0,,,0.0,,sv_2c
R12_SAS,coal_adv,hist,2010.0,,,0.0,,sv_2c
R12_SAS,coal_adv,hist,2015.0,,,6.139,,sv_2c
R12_SAS,coal_adv,hist,2020.0,,,6.481,,sv_2c
R12_SAS,coal_adv,hist,2025.0,,,0.7685643042712995,,sv_2c
R12_SAS,coal_ppl,hist,1990.0,M1,0.008563546762180485,,,sv_2c
R12_SAS,coal_ppl,hist,1995.0,M1,0.008563546762180485,,,sv_2c
R12_SAS,coal_ppl,hist,2000.0,M1,0.6272350139325067,,,sv_2c
R12_SAS,coal_ppl,hist,2005.0,M1,0.6272350139325067,,,sv_2c
R12_SAS,coal_ppl,hist,2010.0,M1,1.8294024367249468,,,sv_2c
R12_SAS,coal_ppl,hist,2015.0,M1,3.431825932170912,,,sv_2c
R12_SAS,coal_ppl,hist,2020.0,M1,4.127066774048149,,,sv_2c
R12_SAS,coal_ppl,hist,2025.0,M1,14.704150907550051,,,sv_2c
R12_SAS,coal_ppl,hist,1960.0,,,0.0,,sv_2c
R12_SAS,coal_ppl,hist,1965.0,,,0.0,,sv_2c
R12_SAS,coal_ppl,hist,1970.0,,,0.0,,sv_2c
R12_SAS,coal_ppl,hist,1975.0,,,0.0,,sv_2c
R12_SAS,coal_ppl,hist,1980.0,,,0.0,,sv_2c
R12_SAS,coal_ppl,hist,1985.0,,,0.1,,sv_2c
R12_SAS,coal_ppl,hist,1990.0,,,0.001,,sv_2c
R12_SAS,coal_ppl,hist,1995.0,,,0.0,,sv_2c
R12_SAS,coal_ppl,hist,2000.0,,,0.1,,sv_2c
R12_SAS,coal_ppl,hist,2005.0,,,0.0,,sv_2c
R12_SAS,coal_ppl,hist,2010.0,,,0.2936,,sv_2c
R12_SAS,coal_ppl,hist,2015.0,,,0.5700000000000001,,sv_2c
R12_SAS,coal_ppl,hist,2020.0,,,0.67,,sv_2c
R12_SAS,coal_ppl,hist,2025.0,,,2.704388953222657,,sv_2c
R12_SAS,coal_ppl_u,hist,1990.0,M1,21.588036453237816,,,sv_2c
R12_SAS,coal_ppl_u,hist,1995.0,M1,33.576736453237814,,,sv_2c
R12_SAS,coal_ppl_u,hist,2000.0,M1,43.523864986067494,,,sv_2c
R12_SAS,coal_ppl_u,hist,2005.0,M1,53.83246498606749,,,sv_2c
R12_SAS,coal_ppl_u,hist,2010.0,M1,73.44039756327506,,,sv_2c
R12_SAS,coal_ppl_u,hist,2015.0,M1,97.884091894947,,,sv_2c
R12_SAS,coal_ppl_u,hist,2020.0,M1,101.31901859999999,,,sv_2c
R12_SAS,coal_ppl_u,hist,2025.0,M1,103.15814269999998,,,sv_2c
R12_SAS,coal_ppl_u,hist,1960.0,,,0.021,,sv_2c
R12_SAS,coal_ppl_u,hist,1965.0,,,0.064,,sv_2c
R12_SAS,coal_ppl_u,hist,1970.0,,,0.0805,,sv_2c
R12_SAS,coal_ppl_u,hist,1975.0,,,0.14154000000000003,,sv_2c
R12_SAS,coal_ppl_u,hist,1980.0,,,0.6448100000000001,,sv_2c
R12_SAS,coal_ppl_u,hist,1985.0,,,1.8487,,sv_2c
R12_SAS,coal_ppl_u,hist,1990.0,,,3.06112,,sv_2c
R12_SAS,coal_ppl_u,hist,1995.0,,,2.1217599999999996,,sv_2c
R12_SAS,coal_ppl_u,hist,2000.0,,,2.009776,,sv_2c
R12_SAS,coal_ppl_u,hist,2005.0,,,1.8705,,sv_2c
R12_SAS,coal_ppl_u,hist,2010.0,,,6.16734,,sv_2c
R12_SAS,coal_ppl_u,hist,2015.0,,,11.052833999999999,,sv_2c
R12_SAS,coal_ppl_u,hist,2020.0,,,4.35474,,sv_2c
R12_SAS,coal_ppl_u,hist,2025.0,,,0.0,,sv_2c
R12_SAS,gas_cc,hist,1990.0,M1,2.2629664377283354,,,sv_2c
R12_SAS,gas_cc,hist,1995.0,M1,4.234956337110847,,,sv_2c
R12_SAS,gas_cc,hist,2000.0,M1,7.6254432314340725,,,sv_2c
R12_SAS,gas_cc,hist,2005.0,M1,11.620969305814,,,sv_2c
R12_SAS,gas_cc,hist,2010.0,M1,14.305204609477617,,,sv_2c
R12_SAS,gas_cc,hist,2015.0,M1,12.496597608371008,,,sv_2c
R12_SAS,gas_cc,hist,2020.0,M1,15.901113460077411,,,sv_2c
R12_SAS,gas_cc,hist,2025.0,M1,26.897734904557357,,,sv_2c
R12_SAS,gas_ct,hist,1990.0,M1,0.1465887337264551,,,sv_2c
R12_SAS,gas_ct,hist,1995.0,M1,0.20028337009441394,,,sv_2c
R12_SAS,gas_ct,hist,2000.0,M1,0.30123151756777905,,,sv_2c
R12_SAS,gas_ct,hist,2005.0,M1,0.5224609459219425,,,sv_2c
R12_SAS,gas_ct,hist,2010.0,M1,0.6593807408608038,,,sv_2c
R12_SAS,gas_ct,hist,2015.0,M1,0.5605649749475847,,,sv_2c
R12_SAS,gas_ct,hist,2020.0,M1,0.6662853572695004,,,sv_2c
R12_SAS,gas_ct,hist,2025.0,M1,21.991073335194674,,,sv_2c
R12_SAS,gas_ppl,hist,1990.0,M1,0.9171448285452097,,,sv_2c
R12_SAS,gas_ppl,hist,1995.0,M1,1.755160292794739,,,sv_2c
R12_SAS,gas_ppl,hist,2000.0,M1,2.5445252509981504,,,sv_2c
R12_SAS,gas_ppl,hist,2005.0,M1,3.923169748264057,,,sv_2c
R12_SAS,gas_ppl,hist,2010.0,M1,4.629814649661579,,,sv_2c
R12_SAS,gas_ppl,hist,2015.0,M1,3.977537416681407,,,sv_2c
R12_SAS,gas_ppl,hist,2020.0,M1,4.212282682653086,,,sv_2c
R12_SAS,gas_ppl,hist,2025.0,M1,0.0,,,sv_2c
R12_SAS,igcc,hist,1990.0,M1,0.0,,,sv_2c
R12_SAS,igcc,hist,1995.0,M1,0.0,,,sv_2c
R12_SAS,igcc,hist,2000.0,M1,0.0,,,sv_2c
R12_SAS,igcc,hist,2005.0,M1,0.0,,,sv_2c
R12_SAS,igcc,hist,2010.0,M1,0.0,,,sv_2c
R12_SAS,igcc,hist,2015.0,M1,0.0,,,sv_2c
R12_SAS,igcc,hist,2020.0,M1,0.0,,,sv_2c
R12_SAS,igcc,hist,2025.0,M1,0.0,,,sv_2c
R12_SAS,igcc,hist,1960.0,,,0.0,,sv_2c
R12_SAS,igcc,hist,1965.0,,,0.0,,sv_2c
R12_SAS,igcc,hist,1970.0,,,0.0,,sv_2c
R12_SAS,igcc,hist,1975.0,,,0.0,,sv_2c
R12_SAS,igcc,hist,1980.0,,,0.0,,sv_2c
R12_SAS,igcc,hist,1985.0,,,0.0,,sv_2c
R12_SAS,igcc,hist,1990.0,,,0.0,,sv_2c
R12_SAS,igcc,hist,1995.0,,,0.0,,sv_2c
R12_SAS,igcc,hist,2000.0,,,0.0,,sv_2c
R12_SAS,igcc,hist,2005.0,,,0.0,,sv_2c
R12_SAS,igcc,hist,2010.0,,,0.0,,sv_2c
R12_SAS,igcc,hist,2015.0,,,0.0,,sv_2c
R12_SAS,igcc,hist,2020.0,,,0.0,,sv_2c
R12_SAS,igcc,hist,2025.0,,,0.0,,sv_2c
R12_SAS,coal_ppl_u,2025,2025.0,,,0.0,564.4444444444445,sv_2c
R12_SAS,coal_ppl_u,2025,2030.0,,,0.0,564.4444444444445,sv_2c
R12_SAS,coal_ppl_u,2025,2035.0,,,0.0,564.4444444444445,sv_2c
R12_SAS,coal_ppl_u,2025,2040.0,,,0.0,564.4444444444445,sv_2c
R12_SAS,coal_ppl_u,2025,2045.0,,,0.0,564.4444444444445,sv_2c
R12_SAS,coal_ppl_u,2025,2050.0,,,0.0,564.4444444444445,sv_2c
R12_SAS,coal_ppl_u,2030,2030.0,,,0.0,575.1882040351363,sv_2c
R12_SAS,coal_ppl_u,2030,2035.0,,,0.0,575.1882040351363,sv_2c
R12_SAS,coal_ppl_u,2030,2040.0,,,0.0,575.1882040351363,sv_2c
R12_SAS,coal_ppl_u,2030,2045.0,,,0.0,575.1882040351363,sv_2c
R12_SAS,coal_ppl_u,2030,2050.0,,,0.0,575.1882040351363,sv_2c
R12_SAS,coal_ppl_u,2035,2035.0,,,0.0,585.9017685855003,sv_2c
R12_SAS,coal_ppl_u,2035,2040.0,,,0.0,585.9017685855003,sv_2c
R12_SAS,coal_ppl_u,2035,2045.0,,,0.0,585.9017685855003,sv_2c
R12_SAS,coal_ppl_u,2035,2050.0,,,0.0,585.9017685855003,sv_2c
R12_SAS,coal_ppl_u,2040,2040.0,,,0.0,596.8557876244395,sv_2c
R12_SAS,coal_ppl_u,2040,2045.0,,,0.0,596.8557876244395,sv_2c
R12_SAS,coal_ppl_u,2040,2050.0,,,0.0,596.8557876244395,sv_2c
R12_SAS,coal_ppl_u,2045,2045.0,,,0.0,608.2841566840157,sv_2c
R12_SAS,coal_ppl_u,2045,2050.0,,,0.0,608.2841566840157,sv_2c
R12_SAS,coal_ppl_u,2050,2050.0,,,0.0,620.4093294048754,sv_2c
R12_PAS,coal_ppl_u,2025,2025.0,,,0.0,564.4444444444445,sv_2c
R12_PAS,coal_ppl_u,2025,2030.0,,,0.0,564.4444444444445,sv_2c
R12_PAS,coal_ppl_u,2025,2035.0,,,0.0,564.4444444444445,sv_2c
R12_PAS,coal_ppl_u,2025,2040.0,,,0.0,564.4444444444445,sv_2c
R12_PAS,coal_ppl_u,2025,2045.0,,,0.0,564.4444444444445,sv_2c
R12_PAS,coal_ppl_u,2025,2050.0,,,0.0,564.4444444444445,sv_2c
R12_PAS,coal_ppl_u,2030,2030.0,,,0.0,578.9577484526048,sv_2c
R12_PAS,coal_ppl_u,2030,2035.0,,,0.0,578.9577484526048,sv_2c
R12_PAS,coal_ppl_u,2030,2040.0,,,0.0,578.9577484526048,sv_2c
R12_PAS,coal_ppl_u,2030,2045.0,,,0.0,578.9577484526048,sv_2c
R12_PAS,coal_ppl_u,2030,2050.0,,,0.0,578.9577484526048,sv_2c
R12_PAS,coal_ppl_u,2035,2035.0,,,0.0,592.2947675258064,sv_2c
R12_PAS,coal_ppl_u,2035,2040.0,,,0.0,592.2947675258064,sv_2c
R12_PAS,coal_ppl_u,2035,2045.0,,,0.0,592.2947675258064,sv_2c
R12_PAS,coal_ppl_u,2035,2050.0,,,0.0,592.2947675258064,sv_2c
R12_PAS,coal_ppl_u,2040,2040.0,,,0.0,603.647166560098,sv_2c
R12_PAS,coal_ppl_u,2040,2045.0,,,0.0,603.647166560098,sv_2c
R12_PAS,coal_ppl_u,2040,2050.0,,,0.0,603.647166560098,sv_2c
R12_PAS,coal_ppl_u,2045,2045.0,,,0.0,613.7374109291784,sv_2c
R12_PAS,coal_ppl_u,2045,2050.0,,,0.0,613.7374109291784,sv_2c
R12_PAS,coal_ppl_u,2050,2050.0,,,0.0,623.2473759626346,sv_2c
R12_CHN,coal_ppl_u,2025,2025.0,,,0.0,338.6666666666667,sv_2c
R12_CHN,coal_ppl_u,2025,2030.0,,,0.0,338.6666666666667,sv_2c
R12_CHN,coal_ppl_u,2025,2035.0,,,0.0,338.6666666666667,sv_2c
R12_CHN,coal_ppl_u,2025,2040.0,,,0.0,338.6666666666667,sv_2c
R12_CHN,coal_ppl_u,2025,2045.0,,,0.0,338.6666666666667,sv_2c
R12_CHN,coal_ppl_u,2025,2050.0,,,0.0,338.6666666666667,sv_2c
R12_CHN,coal_ppl_u,2030,2030.0,,,0.0,381.54189805787837,sv_2c
R12_CHN,coal_ppl_u,2030,2035.0,,,0.0,381.54189805787837,sv_2c
R12_CHN,coal_ppl_u,2030,2040.0,,,0.0,381.54189805787837,sv_2c
R12_CHN,coal_ppl_u,2030,2045.0,,,0.0,381.54189805787837,sv_2c
R12_CHN,coal_ppl_u,2030,2050.0,,,0.0,381.54189805787837,sv_2c
R12_CHN,coal_ppl_u,2035,2035.0,,,0.0,419.96008043403737,sv_2c
R12_CHN,coal_ppl_u,2035,2040.0,,,0.0,419.96008043403737,sv_2c
R12_CHN,coal_ppl_u,2035,2045.0,,,0.0,419.96008043403737,sv_2c
R12_CHN,coal_ppl_u,2035,2050.0,,,0.0,419.96008043403737,sv_2c
R12_CHN,coal_ppl_u,2040,2040.0,,,0.0,448.6053618968265,sv_2c
R12_CHN,coal_ppl_u,2040,2045.0,,,0.0,448.6053618968265,sv_2c
R12_CHN,coal_ppl_u,2040,2050.0,,,0.0,448.6053618968265,sv_2c
R12_CHN,coal_ppl_u,2045,2045.0,,,0.0,477.5081716922484,sv_2c
R12_CHN,coal_ppl_u,2045,2050.0,,,0.0,477.5081716922484,sv_2c
R12_CHN,coal_ppl_u,2050,2050.0,,,0.0,507.38785812199455,sv_2c
R12_RCPA,coal_ppl_u,2025,2025.0,,,0.0,338.6666666666667,sv_2c
R12_RCPA,coal_ppl_u,2025,2030.0,,,0.0,338.6666666666667,sv_2c
R12_RCPA,coal_ppl_u,2025,2035.0,,,0.0,338.6666666666667,sv_2c
R12_RCPA,coal_ppl_u,2025,2040.0,,,0.0,338.6666666666667,sv_2c
R12_RCPA,coal_ppl_u,2025,2045.0,,,0.0,338.6666666666667,sv_2c
R12_RCPA,coal_ppl_u,2025,2050.0,,,0.0,338.6666666666667,sv_2c
R12_RCPA,coal_ppl_u,2030,2030.0,,,4.488128816710726,371.38986260539684,sv_2c
R12_RCPA,coal_ppl_u,2030,2035.0,,,4.488128816710726,371.38986260539684,sv_2c
R12_RCPA,coal_ppl_u,2030,2040.0,,,4.488128816710726,371.38986260539684,sv_2c
R12_RCPA,coal_ppl_u,2030,2045.0,,,4.488128816710726,371.38986260539684,sv_2c
R12_RCPA,coal_ppl_u,2030,2050.0,,,4.137861622424735,371.38986260539684,sv_2c
R12_RCPA,coal_ppl_u,2035,2035.0,,,0.0,406.40609286984443,sv_2c
R12_RCPA,coal_ppl_u,2035,2040.0,,,0.0,406.40609286984443,sv_2c
R12_RCPA,coal_ppl_u,2035,2045.0,,,0.0,406.40609286984443,sv_2c
R12_RCPA,coal_ppl_u,2035,2050.0,,,0.0,406.40609286984443,sv_2c
R12_RCPA,coal_ppl_u,2040,2040.0,,,0.0,436.9557489473925,sv_2c
R12_RCPA,coal_ppl_u,2040,2045.0,,,0.0,436.9557489473925,sv_2c
R12_RCPA,coal_ppl_u,2040,2050.0,,,0.0,436.9557489473925,sv_2c
R12_RCPA,coal_ppl_u,2045,2045.0,,,0.0,464.26301404839813,sv_2c
R12_RCPA,coal_ppl_u,2045,2050.0,,,0.0,464.26301404839813,sv_2c
R12_RCPA,coal_ppl_u,2050,2050.0,,,0.0,489.51999970858043,sv_2c
R12_RCPA,coal_ppl_u,2055,,,,,513.565741636931,sv_2c
R12_RCPA,coal_ppl_u,2060,,,,,537.625916656709,sv_2c
R12_RCPA,coal_ppl_u,2070,,,,,587.1156280704553,sv_2c
R12_RCPA,coal_ppl_u,2080,,,,,634.0206591827482,sv_2c
R12_RCPA,coal_ppl_u,2090,,,,,676.1474262780533,sv_2c
R12_RCPA,coal_ppl_u,2100,,,,,718.1436235826596,sv_2c
R12_RCPA,coal_ppl_u,2110,,,,,718.1436235826596,sv_2c
R12_CHN,coal_ppl_u,2055,,,,,535.8714956769537,sv_2c
R12_CHN,coal_ppl_u,2060,,,,,567.0755587322473,sv_2c
R12_CHN,coal_ppl_u,2070,,,,,629.1023855489412,sv_2c
R12_CHN,coal_ppl_u,2080,,,,,677.3779266681518,sv_2c
R12_CHN,coal_ppl_u,2090,,,,,716.933366701558,sv_2c
R12_CHN,coal_ppl_u,2100,,,,,748.812305420161,sv_2c
R12_CHN,coal_ppl_u,2110,,,,,748.812305420161,sv_2c
R12_PAS,coal_ppl_u,2055,,,,,632.4952191349776,sv_2c
R12_PAS,coal_ppl_u,2060,,,,,642.0584273352091,sv_2c
R12_PAS,coal_ppl_u,2070,,,,,662.0178700605437,sv_2c
R12_PAS,coal_ppl_u,2080,,,,,682.3726831678389,sv_2c
R12_PAS,coal_ppl_u,2090,,,,,701.5693936468234,sv_2c
R12_PAS,coal_ppl_u,2100,,,,,720.1016909198786,sv_2c
R12_PAS,coal_ppl_u,2110,,,,,720.1016909198786,sv_2c
R12_SAS,coal_ppl_u,2055,,,,,633.0147296015606,sv_2c
R12_SAS,coal_ppl_u,2060,,,,,646.2003021690823,sv_2c
R12_SAS,coal_ppl_u,2070,,,,,674.1757041791531,sv_2c
R12_SAS,coal_ppl_u,2080,,,,,703.600855759588,sv_2c
R12_SAS,coal_ppl_u,2090,,,,,731.8174156668762,sv_2c
R12_SAS,coal_ppl_u,2100,,,,,758.8860577641482,sv_2c
R12_SAS,coal_ppl_u,2110,,,,,758.8860577641482,sv_2c
R12_CHN,coal_adv,1995,1995.0,M1,0.0,0.0,566.82,sv_cpol
R12_CHN,coal_adv,1995,2000.0,M1,0.0,,566.82,sv_cpol
R12_CHN,coal_adv,1995,2005.0,M1,0.0,,566.82,sv_cpol
R12_CHN,coal_adv,1995,2010.0,M1,0.0,,566.82,sv_cpol
R12_CHN,coal_adv,1995,2015.0,M1,0.0,,566.82,sv_cpol
R12_CHN,coal_adv,1995,2020.0,M1,0.0,,566.82,sv_cpol
R12_CHN,coal_adv,1995,2025.0,M1,0.0,,566.82,sv_cpol
R12_CHN,coal_adv,2000,2000.0,M1,0.0,0.0,566.82,sv_cpol
R12_CHN,coal_adv,2000,2005.0,M1,0.0,,566.82,sv_cpol
R12_CHN,coal_adv,2000,2010.0,M1,0.0,,566.82,sv_cpol
R12_CHN,coal_adv,2000,2015.0,M1,0.0,,566.82,sv_cpol
R12_CHN,coal_adv,2000,2020.0,M1,0.0,,566.82,sv_cpol
R12_CHN,coal_adv,2000,2025.0,M1,0.0,,566.82,sv_cpol
R12_CHN,coal_adv,2005,2005.0,M1,0.0,0.0,566.82,sv_cpol
R12_CHN,coal_adv,2005,2010.0,M1,0.0,,566.82,sv_cpol
R12_CHN,coal_adv,2005,2015.0,M1,0.0,,566.82,sv_cpol
R12_CHN,coal_adv,2005,2020.0,M1,0.0,,566.82,sv_cpol
R12_CHN,coal_adv,2005,2025.0,M1,0.0,,566.82,sv_cpol
R12_CHN,coal_adv,2005,2030.0,M1,0.0,,566.82,sv_cpol
R12_CHN,coal_adv,2010,2010.0,M1,0.0,0.0,566.82,sv_cpol
R12_CHN,coal_adv,2010,2015.0,M1,0.0,,566.82,sv_cpol
R12_CHN,coal_adv,2010,2020.0,M1,0.0,,566.82,sv_cpol
R12_CHN,coal_adv,2010,2025.0,M1,0.0,,566.82,sv_cpol
R12_CHN,coal_adv,2010,2030.0,M1,0.0,,566.82,sv_cpol
R12_CHN,coal_adv,2010,2035.0,M1,51.091425,108.13000000000001,566.82,sv_cpol
R12_CHN,coal_adv,2015,2015.0,M1,0.0,0.0,566.82,sv_cpol
R12_CHN,coal_adv,2015,2020.0,M1,0.0,,566.82,sv_cpol
R12_CHN,coal_adv,2015,2025.0,M1,0.0,,566.82,sv_cpol
R12_CHN,coal_adv,2015,2030.0,M1,0.0,,566.82,sv_cpol
R12_CHN,coal_adv,2015,2035.0,M1,42.545790000000004,90.04400000000001,566.82,sv_cpol
R12_CHN,coal_adv,2015,2040.0,M1,76.5374,90.04400000000001,566.82,sv_cpol
R12_CHN,coal_adv,2020,2020.0,M1,0.0,0.0,567.0000000000001,sv_cpol
R12_CHN,coal_adv,2020,2025.0,M1,0.0,,567.0000000000001,sv_cpol
R12_CHN,coal_adv,2020,2030.0,M1,0.0,,567.0000000000001,sv_cpol
R12_CHN,coal_adv,2020,2035.0,M1,20.445074999999996,43.269999999999996,567.0000000000001,sv_cpol
R12_CHN,coal_adv,2020,2040.0,M1,36.7795,43.269999999999996,567.0000000000001,sv_cpol
R12_CHN,coal_adv,2020,2045.0,M1,36.7795,43.269999999999996,567.0000000000001,sv_cpol
R12_CHN,coal_adv,2025,2025.0,M1,0.0,0.0,567.0000000000001,sv_cpol
R12_CHN,coal_adv,2025,2030.0,M1,0.0,,567.0000000000001,sv_cpol
R12_CHN,coal_adv,2025,2035.0,M1,124.1366175,262.723,567.0000000000001,sv_cpol
R12_CHN,coal_adv,2025,2040.0,M1,223.31455,262.723,567.0000000000001,sv_cpol
R12_CHN,coal_adv,2025,2045.0,M1,223.31455,262.723,567.0000000000001,sv_cpol
R12_CHN,coal_adv,2025,2050.0,M1,223.31455,262.723,567.0000000000001,sv_cpol
R12_CHN,coal_adv,2030,2030.0,M1,0.0,0.0,599.6764468462759,sv_cpol
R12_CHN,coal_adv,2030,2035.0,M1,0.0,0.0,599.6764468462759,sv_cpol
R12_CHN,coal_adv,2030,2040.0,M1,0.0,0.0,599.6764468462759,sv_cpol
R12_CHN,coal_adv,2030,2045.0,M1,0.0,0.0,599.6764468462759,sv_cpol
R12_CHN,coal_adv,2030,2050.0,M1,0.0,0.0,599.6764468462759,sv_cpol
R12_CHN,coal_adv,2030,2055.0,M1,0.0,0.0,599.6764468462759,sv_cpol
R12_CHN,coal_adv,2035,2035.0,M1,0.0,0.0,625.5989237464436,sv_cpol
R12_CHN,coal_adv,2035,2040.0,M1,0.0,0.0,625.5989237464436,sv_cpol
R12_CHN,coal_adv,2035,2045.0,M1,0.0,0.0,625.5989237464436,sv_cpol
R12_CHN,coal_adv,2035,2050.0,M1,0.0,0.0,625.5989237464436,sv_cpol
R12_CHN,coal_adv,2035,2055.0,M1,0.0,0.0,625.5989237464436,sv_cpol
R12_CHN,coal_adv,2035,2060.0,M1,0.0,0.0,625.5989237464436,sv_cpol
R12_CHN,coal_adv,2040,2040.0,M1,0.0,0.0,638.800591695254,sv_cpol
R12_CHN,coal_adv,2040,2045.0,M1,0.0,0.0,638.800591695254,sv_cpol
R12_CHN,coal_adv,2040,2050.0,M1,0.0,0.0,638.800591695254,sv_cpol
R12_CHN,coal_adv,2040,2055.0,M1,0.0,0.0,638.800591695254,sv_cpol
R12_CHN,coal_adv,2040,2060.0,M1,0.0,0.0,638.800591695254,sv_cpol
R12_CHN,coal_adv,2040,2070.0,M1,0.0,0.0,638.800591695254,sv_cpol
R12_CHN,coal_adv,2045,2045.0,M1,12.579314806506547,14.799193890007702,654.8437837161323,sv_cpol
R12_CHN,coal_adv,2045,2050.0,M1,12.579314806506547,14.799193890007702,654.8437837161323,sv_cpol
R12_CHN,coal_adv,2045,2055.0,M1,12.579314806506547,14.799193890007702,654.8437837161323,sv_cpol
R12_CHN,coal_adv,2045,2060.0,M1,12.579314806506547,14.799193890007702,654.8437837161323,sv_cpol
R12_CHN,coal_adv,2045,2070.0,M1,12.579314806506547,14.799193890007702,654.8437837161323,sv_cpol
R12_CHN,coal_adv,2050,2050.0,M1,0.0,0.0,674.4563938287969,sv_cpol
R12_CHN,coal_adv,2050,2055.0,M1,0.0,0.0,674.4563938287969,sv_cpol
R12_CHN,coal_adv,2050,2060.0,M1,0.0,0.0,674.4563938287969,sv_cpol
R12_CHN,coal_adv,2050,2070.0,M1,0.0,0.0,674.4563938287969,sv_cpol
R12_CHN,coal_adv,2050,2080.0,M1,0.0,0.0,674.4563938287969,sv_cpol
R12_CHN,coal_adv,2055,2055.0,M1,0.0,0.0,694.2551951130628,sv_cpol
R12_CHN,coal_adv,2055,2060.0,M1,0.0,0.0,694.2551951130628,sv_cpol
R12_CHN,coal_adv,2055,2070.0,M1,0.0,0.0,694.2551951130628,sv_cpol
R12_CHN,coal_adv,2055,2080.0,M1,0.0,0.0,694.2551951130628,sv_cpol
R12_CHN,coal_adv,2060,2060.0,M1,0.0,0.0,719.3783251919585,sv_cpol
R12_CHN,coal_adv,2060,2070.0,M1,0.0,0.0,719.3783251919585,sv_cpol
R12_CHN,coal_adv,2060,2080.0,M1,0.0,0.0,719.3783251919585,sv_cpol
R12_CHN,coal_adv,2060,2090.0,M1,0.0,0.0,719.3783251919585,sv_cpol
R12_CHN,coal_adv,2070,2070.0,M1,0.0,0.0,773.5903031724201,sv_cpol
R12_CHN,coal_adv,2070,2080.0,M1,0.0,0.0,773.5903031724201,sv_cpol
R12_CHN,coal_adv,2070,2090.0,M1,0.0,0.0,773.5903031724201,sv_cpol
R12_CHN,coal_adv,2080,2080.0,M1,0.0,0.0,816.0634620154908,sv_cpol
R12_CHN,coal_adv,2080,2090.0,M1,0.0,0.0,816.0634620154908,sv_cpol
R12_CHN,coal_adv,2080,2100.0,M1,0.0,0.0,816.0634620154908,sv_cpol
R12_CHN,coal_adv,2090,2090.0,M1,0.0,0.0,852.2597836036772,sv_cpol
R12_CHN,coal_adv,2090,2100.0,M1,0.0,0.0,852.2597836036772,sv_cpol
R12_CHN,coal_adv,2090,2110.0,M1,0.0,0.0,852.2597836036772,sv_cpol
R12_CHN,coal_adv,2100,2100.0,M1,0.0,0.0,882.4858720651135,sv_cpol
R12_CHN,coal_adv,2100,2110.0,M1,0.0,0.0,882.4858720651135,sv_cpol
R12_CHN,coal_adv,2110,2110.0,M1,0.0,0.0,882.4858720651135,sv_cpol
R12_CHN,coal_adv_ccs,2030,2030.0,M1,0.0,0.0,2691.2971365009917,sv_cpol
R12_CHN,coal_adv_ccs,2030,2035.0,M1,0.0,0.0,2691.2971365009917,sv_cpol
R12_CHN,coal_adv_ccs,2030,2040.0,M1,0.0,0.0,2691.2971365009917,sv_cpol
R12_CHN,coal_adv_ccs,2030,2045.0,M1,0.0,0.0,2691.2971365009917,sv_cpol
R12_CHN,coal_adv_ccs,2030,2050.0,M1,0.0,0.0,2691.2971365009917,sv_cpol
R12_CHN,coal_adv_ccs,2030,2055.0,M1,0.0,0.0,2691.2971365009917,sv_cpol
R12_CHN,coal_adv_ccs,2035,2035.0,M1,0.0,0.0,2640.7240760694826,sv_cpol
R12_CHN,coal_adv_ccs,2035,2040.0,M1,0.0,0.0,2640.7240760694826,sv_cpol
R12_CHN,coal_adv_ccs,2035,2045.0,M1,0.0,0.0,2640.7240760694826,sv_cpol
R12_CHN,coal_adv_ccs,2035,2050.0,M1,0.0,0.0,2640.7240760694826,sv_cpol
R12_CHN,coal_adv_ccs,2035,2055.0,M1,0.0,0.0,2640.7240760694826,sv_cpol
R12_CHN,coal_adv_ccs,2035,2060.0,M1,0.0,0.0,2640.7240760694826,sv_cpol
R12_CHN,coal_adv_ccs,2040,2040.0,M1,0.0,0.0,2588.369106763621,sv_cpol
R12_CHN,coal_adv_ccs,2040,2045.0,M1,0.0,0.0,2588.369106763621,sv_cpol
R12_CHN,coal_adv_ccs,2040,2050.0,M1,0.0,0.0,2588.369106763621,sv_cpol
R12_CHN,coal_adv_ccs,2040,2055.0,M1,0.0,0.0,2588.369106763621,sv_cpol
R12_CHN,coal_adv_ccs,2040,2060.0,M1,0.0,0.0,2588.369106763621,sv_cpol
R12_CHN,coal_adv_ccs,2040,2070.0,M1,0.0,0.0,2588.369106763621,sv_cpol
R12_CHN,coal_adv_ccs,2045,2045.0,M1,0.0,0.0,2555.0564534482146,sv_cpol
R12_CHN,coal_adv_ccs,2045,2050.0,M1,0.0,0.0,2555.0564534482146,sv_cpol
R12_CHN,coal_adv_ccs,2045,2055.0,M1,0.0,0.0,2555.0564534482146,sv_cpol
R12_CHN,coal_adv_ccs,2045,2060.0,M1,0.0,0.0,2555.0564534482146,sv_cpol
R12_CHN,coal_adv_ccs,2045,2070.0,M1,0.0,0.0,2555.0564534482146,sv_cpol
R12_CHN,coal_adv_ccs,2050,2050.0,M1,0.0,0.0,2539.0231166082663,sv_cpol
R12_CHN,coal_adv_ccs,2050,2055.0,M1,0.0,0.0,2539.0231166082663,sv_cpol
R12_CHN,coal_adv_ccs,2050,2060.0,M1,0.0,0.0,2539.0231166082663,sv_cpol
R12_CHN,coal_adv_ccs,2050,2070.0,M1,0.0,0.0,2539.0231166082663,sv_cpol
R12_CHN,coal_adv_ccs,2050,2080.0,M1,0.0,0.0,2539.0231166082663,sv_cpol
R12_CHN,coal_adv_ccs,2055,2055.0,M1,0.0,0.0,2532.6254195078677,sv_cpol
R12_CHN,coal_adv_ccs,2055,2060.0,M1,0.0,0.0,2532.6254195078677,sv_cpol
R12_CHN,coal_adv_ccs,2055,2070.0,M1,0.0,0.0,2532.6254195078677,sv_cpol
R12_CHN,coal_adv_ccs,2055,2080.0,M1,0.0,0.0,2532.6254195078677,sv_cpol
R12_CHN,coal_adv_ccs,2060,2060.0,M1,0.0,0.0,2542.0744668446355,sv_cpol
R12_CHN,coal_adv_ccs,2060,2070.0,M1,0.0,0.0,2542.0744668446355,sv_cpol
R12_CHN,coal_adv_ccs,2060,2080.0,M1,0.0,0.0,2542.0744668446355,sv_cpol
R12_CHN,coal_adv_ccs,2060,2090.0,M1,0.0,0.0,2542.0744668446355,sv_cpol
R12_CHN,coal_adv_ccs,2070,2070.0,M1,0.0,0.0,2583.975325804082,sv_cpol
R12_CHN,coal_adv_ccs,2070,2080.0,M1,0.0,0.0,2583.975325804082,sv_cpol
R12_CHN,coal_adv_ccs,2070,2090.0,M1,0.0,0.0,2583.975325804082,sv_cpol
R12_CHN,coal_adv_ccs,2080,2080.0,M1,0.0,0.0,2622.9728681667425,sv_cpol
R12_CHN,coal_adv_ccs,2080,2090.0,M1,0.0,0.0,2622.9728681667425,sv_cpol
R12_CHN,coal_adv_ccs,2080,2100.0,M1,0.0,0.0,2622.9728681667425,sv_cpol
R12_CHN,coal_adv_ccs,2090,2090.0,M1,0.0,0.0,2662.0692277054027,sv_cpol
R12_CHN,coal_adv_ccs,2090,2100.0,M1,0.0,0.0,2662.0692277054027,sv_cpol
R12_CHN,coal_adv_ccs,2090,2110.0,M1,0.0,0.0,2662.0692277054027,sv_cpol
R12_CHN,coal_adv_ccs,2100,2100.0,M1,0.0,0.0,2698.169125595051,sv_cpol
R12_CHN,coal_adv_ccs,2100,2110.0,M1,0.0,0.0,2698.169125595051,sv_cpol
R12_CHN,coal_adv_ccs,2110,2110.0,M1,0.0,0.0,2698.169125595051,sv_cpol
R12_CHN,coal_ppl,1980,1980.0,M1,0.0,0.0,485.85,sv_cpol
R12_CHN,coal_ppl,1980,1985.0,M1,0.0,,485.85,sv_cpol
R12_CHN,coal_ppl,1980,1990.0,M1,0.0,,485.85,sv_cpol
R12_CHN,coal_ppl,1980,1995.0,M1,0.0,,485.85,sv_cpol
R12_CHN,coal_ppl,1980,2000.0,M1,0.0,,485.85,sv_cpol
R12_CHN,coal_ppl,1980,2005.0,M1,0.0,,485.85,sv_cpol
R12_CHN,coal_ppl,1980,2010.0,M1,0.0,,485.85,sv_cpol
R12_CHN,coal_ppl,1980,2015.0,M1,0.0,,485.85,sv_cpol
R12_CHN,coal_ppl,1980,2020.0,M1,0.0,,485.85,sv_cpol
R12_CHN,coal_ppl,1980,2025.0,M1,0.0,,485.85,sv_cpol
R12_CHN,coal_ppl,1985,1985.0,M1,0.0,0.0,485.85,sv_cpol
R12_CHN,coal_ppl,1985,1990.0,M1,0.0,,485.85,sv_cpol
R12_CHN,coal_ppl,1985,1995.0,M1,0.0,,485.85,sv_cpol
R12_CHN,coal_ppl,1985,2000.0,M1,0.0,,485.85,sv_cpol
R12_CHN,coal_ppl,1985,2005.0,M1,0.0,,485.85,sv_cpol
R12_CHN,coal_ppl,1985,2010.0,M1,0.0,,485.85,sv_cpol
R12_CHN,coal_ppl,1985,2015.0,M1,0.0,,485.85,sv_cpol
R12_CHN,coal_ppl,1985,2020.0,M1,0.0,,485.85,sv_cpol
R12_CHN,coal_ppl,1985,2025.0,M1,0.0,,485.85,sv_cpol
R12_CHN,coal_ppl,1990,1990.0,M1,0.0,0.0,485.85,sv_cpol
R12_CHN,coal_ppl,1990,1995.0,M1,0.0,,485.85,sv_cpol
R12_CHN,coal_ppl,1990,2000.0,M1,0.0,,485.85,sv_cpol
R12_CHN,coal_ppl,1990,2005.0,M1,0.0,,485.85,sv_cpol
R12_CHN,coal_ppl,1990,2010.0,M1,0.0,,485.85,sv_cpol
R12_CHN,coal_ppl,1990,2015.0,M1,0.0,,485.85,sv_cpol
R12_CHN,coal_ppl,1990,2020.0,M1,0.0,,485.85,sv_cpol
R12_CHN,coal_ppl,1990,2025.0,M1,0.0,,485.85,sv_cpol
R12_CHN,coal_ppl,1990,2030.0,M1,0.0,,485.85,sv_cpol
R12_CHN,coal_ppl,1995,1995.0,M1,0.0,0.0,485.85,sv_cpol
R12_CHN,coal_ppl,1995,2000.0,M1,0.0,,485.85,sv_cpol
R12_CHN,coal_ppl,1995,2005.0,M1,0.0,,485.85,sv_cpol
R12_CHN,coal_ppl,1995,2010.0,M1,0.0,,485.85,sv_cpol
R12_CHN,coal_ppl,1995,2015.0,M1,0.0,,485.85,sv_cpol
R12_CHN,coal_ppl,1995,2020.0,M1,0.0,,485.85,sv_cpol
R12_CHN,coal_ppl,1995,2025.0,M1,0.0,,485.85,sv_cpol
R12_CHN,coal_ppl,1995,2030.0,M1,0.0,,485.85,sv_cpol
R12_CHN,coal_ppl,2000,2000.0,M1,0.0,0.0,485.85,sv_cpol
R12_CHN,coal_ppl,2000,2005.0,M1,0.0,,485.85,sv_cpol
R12_CHN,coal_ppl,2000,2010.0,M1,0.0,,485.85,sv_cpol
R12_CHN,coal_ppl,2000,2015.0,M1,0.0,,485.85,sv_cpol
R12_CHN,coal_ppl,2000,2020.0,M1,0.0,,485.85,sv_cpol
R12_CHN,coal_ppl,2000,2025.0,M1,0.0,,485.85,sv_cpol
R12_CHN,coal_ppl,2000,2030.0,M1,0.0,,485.85,sv_cpol
R12_CHN,coal_ppl,2000,2035.0,M1,9.38343375,19.765,485.85,sv_cpol
R12_CHN,coal_ppl,2005,2005.0,M1,0.0,0.0,485.85,sv_cpol
R12_CHN,coal_ppl,2005,2010.0,M1,0.0,,485.85,sv_cpol
R12_CHN,coal_ppl,2005,2015.0,M1,0.0,,485.85,sv_cpol
R12_CHN,coal_ppl,2005,2020.0,M1,0.0,,485.85,sv_cpol
R12_CHN,coal_ppl,2005,2025.0,M1,0.0,,485.85,sv_cpol
R12_CHN,coal_ppl,2005,2030.0,M1,0.0,,485.85,sv_cpol
R12_CHN,coal_ppl,2005,2035.0,M1,20.187319500000005,42.522000000000006,485.85,sv_cpol
R12_CHN,coal_ppl,2010,2010.0,M1,0.0,0.0,485.85,sv_cpol
R12_CHN,coal_ppl,2010,2015.0,M1,0.0,,485.85,sv_cpol
R12_CHN,coal_ppl,2010,2020.0,M1,0.0,,485.85,sv_cpol
R12_CHN,coal_ppl,2010,2025.0,M1,0.0,,485.85,sv_cpol
R12_CHN,coal_ppl,2010,2030.0,M1,0.0,,485.85,sv_cpol
R12_CHN,coal_ppl,2010,2035.0,M1,58.57380045000001,123.3782,485.85,sv_cpol
R12_CHN,coal_ppl,2010,2040.0,M1,46.95667380375377,55.243145651475025,485.85,sv_cpol
R12_CHN,coal_ppl,2015,2015.0,M1,0.0,0.0,485.85,sv_cpol
R12_CHN,coal_ppl,2015,2020.0,M1,0.0,,485.85,sv_cpol
R12_CHN,coal_ppl,2015,2025.0,M1,0.0,,485.85,sv_cpol
R12_CHN,coal_ppl,2015,2030.0,M1,0.0,,485.85,sv_cpol
R12_CHN,coal_ppl,2015,2035.0,M1,36.94836497679901,77.82699310542182,485.85,sv_cpol
R12_CHN,coal_ppl,2015,2040.0,M1,0.0,0.0,485.85,sv_cpol
R12_CHN,coal_ppl,2020,2020.0,M1,0.0,0.0,486.00000000000006,sv_cpol
R12_CHN,coal_ppl,2020,2025.0,M1,0.0,,486.00000000000006,sv_cpol
R12_CHN,coal_ppl,2020,2030.0,M1,0.0,,486.00000000000006,sv_cpol
R12_CHN,coal_ppl,2020,2035.0,M1,34.126929000000004,71.884,486.00000000000006,sv_cpol
R12_CHN,coal_ppl,2020,2040.0,M1,61.1014,71.884,486.00000000000006,sv_cpol
R12_CHN,coal_ppl,2020,2045.0,M1,61.1014,71.884,486.00000000000006,sv_cpol
R12_CHN,coal_ppl,2025,2025.0,M1,0.0,0.0,486.00000000000006,sv_cpol
R12_CHN,coal_ppl,2025,2030.0,M1,0.0,,486.00000000000006,sv_cpol
R12_CHN,coal_ppl,2025,2035.0,M1,32.940054,69.384,486.00000000000006,sv_cpol
R12_CHN,coal_ppl,2025,2040.0,M1,58.9764,69.384,486.00000000000006,sv_cpol
R12_CHN,coal_ppl,2025,2045.0,M1,58.9764,69.384,486.00000000000006,sv_cpol
R12_CHN,coal_ppl,2025,2050.0,M1,58.9764,69.384,486.00000000000006,sv_cpol
R12_CHN,coal_ppl,2030,2030.0,M1,0.0,0.0,527.6652318238936,sv_cpol
R12_CHN,coal_ppl,2030,2035.0,M1,31.753179,66.884,527.6652318238936,sv_cpol
R12_CHN,coal_ppl,2030,2040.0,M1,56.8514,66.884,527.6652318238936,sv_cpol
R12_CHN,coal_ppl,2030,2045.0,M1,56.8514,66.884,527.6652318238936,sv_cpol
R12_CHN,coal_ppl,2030,2050.0,M1,0.0,66.884,527.6652318238936,sv_cpol
R12_CHN,coal_ppl,2030,2055.0,M1,56.8514,66.884,527.6652318238936,sv_cpol
R12_CHN,coal_ppl,2035,2035.0,M1,30.566304,64.384,562.7473980757577,sv_cpol
R12_CHN,coal_ppl,2035,2040.0,M1,54.7264,64.384,562.7473980757577,sv_cpol
R12_CHN,coal_ppl,2035,2045.0,M1,54.7264,64.384,562.7473980757577,sv_cpol
R12_CHN,coal_ppl,2035,2050.0,M1,54.7264,64.384,562.7473980757577,sv_cpol
R12_CHN,coal_ppl,2035,2055.0,M1,54.7264,64.384,562.7473980757577,sv_cpol
R12_CHN,coal_ppl,2035,2060.0,M1,54.7264,64.384,562.7473980757577,sv_cpol
R12_CHN,coal_ppl,2040,2040.0,M1,31.5917385523654,61.884,585.2141988565324,sv_cpol
R12_CHN,coal_ppl,2040,2045.0,M1,52.6014,61.884,585.2141988565324,sv_cpol
R12_CHN,coal_ppl,2040,2050.0,M1,48.09035035036047,61.884,585.2141988565324,sv_cpol
R12_CHN,coal_ppl,2040,2055.0,M1,52.6014,61.884,585.2141988565324,sv_cpol
R12_CHN,coal_ppl,2040,2060.0,M1,52.6014,61.884,585.2141988565324,sv_cpol
R12_CHN,coal_ppl,2040,2070.0,M1,0.0,0.0,585.2141988565324,sv_cpol
R12_CHN,coal_ppl,2045,2045.0,M1,0.0,0.0,608.9300182286962,sv_cpol
R12_CHN,coal_ppl,2045,2050.0,M1,0.0,0.0,608.9300182286962,sv_cpol
R12_CHN,coal_ppl,2045,2055.0,M1,0.0,0.0,608.9300182286962,sv_cpol
R12_CHN,coal_ppl,2045,2060.0,M1,0.0,0.0,608.9300182286962,sv_cpol
R12_CHN,coal_ppl,2045,2070.0,M1,0.0,0.0,608.9300182286962,sv_cpol
R12_CHN,coal_ppl,2050,2050.0,M1,0.0,0.0,634.761896649998,sv_cpol
R12_CHN,coal_ppl,2050,2055.0,M1,0.0,0.0,634.761896649998,sv_cpol
R12_CHN,coal_ppl,2050,2060.0,M1,0.0,0.0,634.761896649998,sv_cpol
R12_CHN,coal_ppl,2050,2070.0,M1,0.0,0.0,634.761896649998,sv_cpol
R12_CHN,coal_ppl,2050,2080.0,M1,0.0,0.0,634.761896649998,sv_cpol
R12_CHN,coal_ppl,2055,2055.0,M1,0.0,0.0,659.6960810514456,sv_cpol
R12_CHN,coal_ppl,2055,2060.0,M1,0.0,0.0,659.6960810514456,sv_cpol
R12_CHN,coal_ppl,2055,2070.0,M1,0.0,0.0,659.6960810514456,sv_cpol
R12_CHN,coal_ppl,2055,2080.0,M1,0.0,0.0,659.6960810514456,sv_cpol
R12_CHN,coal_ppl,2060,2060.0,M1,0.0,0.0,688.762303549878,sv_cpol
R12_CHN,coal_ppl,2060,2070.0,M1,0.0,0.0,688.762303549878,sv_cpol
R12_CHN,coal_ppl,2060,2080.0,M1,0.0,0.0,688.762303549878,sv_cpol
R12_CHN,coal_ppl,2060,2090.0,M1,0.0,0.0,688.762303549878,sv_cpol
R12_CHN,coal_ppl,2070,2070.0,M1,0.0,0.0,748.4685239191364,sv_cpol
R12_CHN,coal_ppl,2070,2080.0,M1,0.0,0.0,748.4685239191364,sv_cpol
R12_CHN,coal_ppl,2070,2090.0,M1,0.0,0.0,748.4685239191364,sv_cpol
R12_CHN,coal_ppl,2080,2080.0,M1,0.0,0.0,794.4323550071263,sv_cpol
R12_CHN,coal_ppl,2080,2090.0,M1,0.0,0.0,794.4323550071263,sv_cpol
R12_CHN,coal_ppl,2080,2100.0,M1,0.0,0.0,794.4323550071263,sv_cpol
R12_CHN,coal_ppl,2090,2090.0,M1,0.0,0.0,832.5475393517307,sv_cpol
R12_CHN,coal_ppl,2090,2100.0,M1,0.0,0.0,832.5475393517307,sv_cpol
R12_CHN,coal_ppl,2090,2110.0,M1,0.0,0.0,832.5475393517307,sv_cpol
R12_CHN,coal_ppl,2100,2100.0,M1,0.0,0.0,863.6758082885558,sv_cpol
R12_CHN,coal_ppl,2100,2110.0,M1,0.0,0.0,863.6758082885558,sv_cpol
R12_CHN,coal_ppl,2110,2110.0,M1,0.0,0.0,863.6758082885558,sv_cpol
R12_CHN,coal_ppl_u,1960,1960.0,M1,0.0,0.0,338.58,sv_cpol
R12_CHN,coal_ppl_u,1960,1965.0,M1,0.0,,338.58,sv_cpol
R12_CHN,coal_ppl_u,1960,1970.0,M1,0.0,,338.58,sv_cpol
R12_CHN,coal_ppl_u,1960,1975.0,M1,0.0,,338.58,sv_cpol
R12_CHN,coal_ppl_u,1960,1980.0,M1,0.0,,338.58,sv_cpol
R12_CHN,coal_ppl_u,1960,1985.0,M1,0.0,,338.58,sv_cpol
R12_CHN,coal_ppl_u,1960,1990.0,M1,0.0,,338.58,sv_cpol
R12_CHN,coal_ppl_u,1960,1995.0,M1,0.0,,338.58,sv_cpol
R12_CHN,coal_ppl_u,1960,2000.0,M1,0.0,,338.58,sv_cpol
R12_CHN,coal_ppl_u,1960,2005.0,M1,0.0,,338.58,sv_cpol
R12_CHN,coal_ppl_u,1960,2010.0,M1,0.0,,338.58,sv_cpol
R12_CHN,coal_ppl_u,1960,2015.0,M1,0.0,,338.58,sv_cpol
R12_CHN,coal_ppl_u,1960,2020.0,M1,0.0,,338.58,sv_cpol
R12_CHN,coal_ppl_u,1960,2025.0,M1,0.0,,338.58,sv_cpol
R12_CHN,coal_ppl_u,1965,1965.0,M1,0.0,0.0,338.58,sv_cpol
R12_CHN,coal_ppl_u,1965,1970.0,M1,0.0,,338.58,sv_cpol
R12_CHN,coal_ppl_u,1965,1975.0,M1,0.0,,338.58,sv_cpol
R12_CHN,coal_ppl_u,1965,1980.0,M1,0.0,,338.58,sv_cpol
R12_CHN,coal_ppl_u,1965,1985.0,M1,0.0,,338.58,sv_cpol
R12_CHN,coal_ppl_u,1965,1990.0,M1,0.0,,338.58,sv_cpol
R12_CHN,coal_ppl_u,1965,1995.0,M1,0.0,,338.58,sv_cpol
R12_CHN,coal_ppl_u,1965,2000.0,M1,0.0,,338.58,sv_cpol
R12_CHN,coal_ppl_u,1965,2005.0,M1,0.0,,338.58,sv_cpol
R12_CHN,coal_ppl_u,1965,2010.0,M1,0.0,,338.58,sv_cpol
R12_CHN,coal_ppl_u,1965,2015.0,M1,0.0,,338.58,sv_cpol
R12_CHN,coal_ppl_u,1965,2020.0,M1,0.0,,338.58,sv_cpol
R12_CHN,coal_ppl_u,1965,2025.0,M1,0.0,,338.58,sv_cpol
R12_CHN,coal_ppl_u,1970,1970.0,M1,0.0,0.0,338.58,sv_cpol
R12_CHN,coal_ppl_u,1970,1975.0,M1,0.0,,338.58,sv_cpol
R12_CHN,coal_ppl_u,1970,1980.0,M1,0.0,,338.58,sv_cpol
R12_CHN,coal_ppl_u,1970,1985.0,M1,0.0,,338.58,sv_cpol
R12_CHN,coal_ppl_u,1970,1990.0,M1,0.0,,338.58,sv_cpol
R12_CHN,coal_ppl_u,1970,1995.0,M1,0.0,,338.58,sv_cpol
R12_CHN,coal_ppl_u,1970,2000.0,M1,0.0,,338.58,sv_cpol
R12_CHN,coal_ppl_u,1970,2005.0,M1,0.0,,338.58,sv_cpol
R12_CHN,coal_ppl_u,1970,2010.0,M1,0.0,,338.58,sv_cpol
R12_CHN,coal_ppl_u,1970,2015.0,M1,0.0,,338.58,sv_cpol
R12_CHN,coal_ppl_u,1970,2020.0,M1,0.0,,338.58,sv_cpol
R12_CHN,coal_ppl_u,1970,2025.0,M1,0.0,,338.58,sv_cpol
R12_CHN,coal_ppl_u,1970,2030.0,M1,0.0,,338.58,sv_cpol
R12_CHN,coal_ppl_u,1975,1975.0,M1,0.0,0.0,338.58,sv_cpol
R12_CHN,coal_ppl_u,1975,1980.0,M1,0.0,,338.58,sv_cpol
R12_CHN,coal_ppl_u,1975,1985.0,M1,0.0,,338.58,sv_cpol
R12_CHN,coal_ppl_u,1975,1990.0,M1,0.0,,338.58,sv_cpol
R12_CHN,coal_ppl_u,1975,1995.0,M1,0.0,,338.58,sv_cpol
R12_CHN,coal_ppl_u,1975,2000.0,M1,0.0,,338.58,sv_cpol
R12_CHN,coal_ppl_u,1975,2005.0,M1,0.0,,338.58,sv_cpol
R12_CHN,coal_ppl_u,1975,2010.0,M1,0.0,,338.58,sv_cpol
R12_CHN,coal_ppl_u,1975,2015.0,M1,0.0,,338.58,sv_cpol
R12_CHN,coal_ppl_u,1975,2020.0,M1,0.0,,338.58,sv_cpol
R12_CHN,coal_ppl_u,1975,2025.0,M1,0.0,,338.58,sv_cpol
R12_CHN,coal_ppl_u,1975,2030.0,M1,0.0,,338.58,sv_cpol
R12_CHN,coal_ppl_u,1980,1980.0,M1,0.0,0.0,338.58,sv_cpol
R12_CHN,coal_ppl_u,1980,1985.0,M1,0.0,,338.58,sv_cpol
R12_CHN,coal_ppl_u,1980,1990.0,M1,0.0,,338.58,sv_cpol
R12_CHN,coal_ppl_u,1980,1995.0,M1,0.0,,338.58,sv_cpol
R12_CHN,coal_ppl_u,1980,2000.0,M1,0.0,,338.58,sv_cpol
R12_CHN,coal_ppl_u,1980,2005.0,M1,0.0,,338.58,sv_cpol
R12_CHN,coal_ppl_u,1980,2010.0,M1,0.0,,338.58,sv_cpol
R12_CHN,coal_ppl_u,1980,2015.0,M1,0.0,,338.58,sv_cpol
R12_CHN,coal_ppl_u,1980,2020.0,M1,0.0,,338.58,sv_cpol
R12_CHN,coal_ppl_u,1980,2025.0,M1,0.0,,338.58,sv_cpol
R12_CHN,coal_ppl_u,1980,2030.0,M1,0.0,,338.58,sv_cpol
R12_CHN,coal_ppl_u,1980,2035.0,M1,1.0982673,2.886,338.58,sv_cpol
R12_CHN,coal_ppl_u,1985,1985.0,M1,0.0,0.0,338.58,sv_cpol
R12_CHN,coal_ppl_u,1985,1990.0,M1,0.0,,338.58,sv_cpol
R12_CHN,coal_ppl_u,1985,1995.0,M1,0.0,,338.58,sv_cpol
R12_CHN,coal_ppl_u,1985,2000.0,M1,0.0,,338.58,sv_cpol
R12_CHN,coal_ppl_u,1985,2005.0,M1,0.0,,338.58,sv_cpol
R12_CHN,coal_ppl_u,1985,2010.0,M1,0.0,,338.58,sv_cpol
R12_CHN,coal_ppl_u,1985,2015.0,M1,0.0,,338.58,sv_cpol
R12_CHN,coal_ppl_u,1985,2020.0,M1,0.0,,338.58,sv_cpol
R12_CHN,coal_ppl_u,1985,2025.0,M1,0.0,,338.58,sv_cpol
R12_CHN,coal_ppl_u,1985,2030.0,M1,0.0,,338.58,sv_cpol
R12_CHN,coal_ppl_u,1985,2035.0,M1,3.3652036499999998,8.843,338.58,sv_cpol
R12_CHN,coal_ppl_u,1990,1990.0,M1,0.0,0.0,338.58,sv_cpol
R12_CHN,coal_ppl_u,1990,1995.0,M1,0.0,,338.58,sv_cpol
R12_CHN,coal_ppl_u,1990,2000.0,M1,0.0,,338.58,sv_cpol
R12_CHN,coal_ppl_u,1990,2005.0,M1,0.0,,338.58,sv_cpol
R12_CHN,coal_ppl_u,1990,2010.0,M1,0.0,,338.58,sv_cpol
R12_CHN,coal_ppl_u,1990,2015.0,M1,0.0,,338.58,sv_cpol
R12_CHN,coal_ppl_u,1990,2020.0,M1,0.0,,338.58,sv_cpol
R12_CHN,coal_ppl_u,1990,2025.0,M1,0.0,,338.58,sv_cpol
R12_CHN,coal_ppl_u,1990,2030.0,M1,0.0,,338.58,sv_cpol
R12_CHN,coal_ppl_u,1990,2035.0,M1,8.356497449999999,21.959,338.58,sv_cpol
R12_CHN,coal_ppl_u,1990,2040.0,M1,0.0,21.959,338.58,sv_cpol
R12_CHN,coal_ppl_u,1995,1995.0,M1,0.0,0.0,338.58,sv_cpol
R12_CHN,coal_ppl_u,1995,2000.0,M1,0.0,,338.58,sv_cpol
R12_CHN,coal_ppl_u,1995,2005.0,M1,0.0,,338.58,sv_cpol
R12_CHN,coal_ppl_u,1995,2010.0,M1,0.0,,338.58,sv_cpol
R12_CHN,coal_ppl_u,1995,2015.0,M1,0.0,,338.58,sv_cpol
R12_CHN,coal_ppl_u,1995,2020.0,M1,0.0,,338.58,sv_cpol
R12_CHN,coal_ppl_u,1995,2025.0,M1,0.0,,338.58,sv_cpol
R12_CHN,coal_ppl_u,1995,2030.0,M1,0.0,,338.58,sv_cpol
R12_CHN,coal_ppl_u,1995,2035.0,M1,11.2142567025,29.46855,338.58,sv_cpol
R12_CHN,coal_ppl_u,1995,2040.0,M1,19.449243000000003,29.46855,338.58,sv_cpol
R12_CHN,coal_ppl_u,2000,2000.0,M1,0.0,0.0,338.58,sv_cpol
R12_CHN,coal_ppl_u,2000,2005.0,M1,0.0,,338.58,sv_cpol
R12_CHN,coal_ppl_u,2000,2010.0,M1,0.0,,338.58,sv_cpol
R12_CHN,coal_ppl_u,2000,2015.0,M1,0.0,,338.58,sv_cpol
R12_CHN,coal_ppl_u,2000,2020.0,M1,0.0,,338.58,sv_cpol
R12_CHN,coal_ppl_u,2000,2025.0,M1,0.0,,338.58,sv_cpol
R12_CHN,coal_ppl_u,2000,2030.0,M1,0.0,,338.58,sv_cpol
R12_CHN,coal_ppl_u,2000,2035.0,M1,17.120944499999997,44.989999999999995,338.58,sv_cpol
R12_CHN,coal_ppl_u,2000,2040.0,M1,0.0,44.989999999999995,338.58,sv_cpol
R12_CHN,coal_ppl_u,2000,2045.0,M1,29.693399999999997,44.989999999999995,338.58,sv_cpol
R12_CHN,coal_ppl_u,2005,2005.0,M1,0.0,0.0,338.58,sv_cpol
R12_CHN,coal_ppl_u,2005,2010.0,M1,0.0,,338.58,sv_cpol
R12_CHN,coal_ppl_u,2005,2015.0,M1,0.0,,338.58,sv_cpol
R12_CHN,coal_ppl_u,2005,2020.0,M1,0.0,,338.58,sv_cpol
R12_CHN,coal_ppl_u,2005,2025.0,M1,0.0,,338.58,sv_cpol
R12_CHN,coal_ppl_u,2005,2030.0,M1,0.0,,338.58,sv_cpol
R12_CHN,coal_ppl_u,2005,2035.0,M1,24.839792370000005,65.27340000000001,338.58,sv_cpol
R12_CHN,coal_ppl_u,2005,2040.0,M1,0.0,65.27340000000001,338.58,sv_cpol
R12_CHN,coal_ppl_u,2005,2045.0,M1,0.0,65.27340000000001,338.58,sv_cpol
R12_CHN,coal_ppl_u,2010,2010.0,M1,0.0,0.0,338.58,sv_cpol
R12_CHN,coal_ppl_u,2010,2015.0,M1,0.0,,338.58,sv_cpol
R12_CHN,coal_ppl_u,2010,2020.0,M1,0.0,,338.58,sv_cpol
R12_CHN,coal_ppl_u,2010,2025.0,M1,0.0,,338.58,sv_cpol
R12_CHN,coal_ppl_u,2010,2030.0,M1,0.0,,338.58,sv_cpol
R12_CHN,coal_ppl_u,2010,2035.0,M1,42.281768850000006,111.10700000000001,338.58,sv_cpol
R12_CHN,coal_ppl_u,2010,2040.0,M1,0.0,111.10700000000001,338.58,sv_cpol
R12_CHN,coal_ppl_u,2010,2045.0,M1,31.468073680553687,111.10700000000001,338.58,sv_cpol
R12_CHN,coal_ppl_u,2010,2050.0,M1,0.0,111.10700000000001,338.58,sv_cpol
R12_CHN,coal_ppl_u,2015,2015.0,M1,0.0,0.0,338.58,sv_cpol
R12_CHN,coal_ppl_u,2015,2020.0,M1,0.0,,338.58,sv_cpol
R12_CHN,coal_ppl_u,2015,2025.0,M1,0.0,,338.58,sv_cpol
R12_CHN,coal_ppl_u,2015,2030.0,M1,0.0,,338.58,sv_cpol
R12_CHN,coal_ppl_u,2015,2035.0,M1,21.5581575,56.65,338.58,sv_cpol
R12_CHN,coal_ppl_u,2015,2040.0,M1,18.527220157977073,56.65,338.58,sv_cpol
R12_CHN,coal_ppl_u,2015,2045.0,M1,0.0,56.65,338.58,sv_cpol
R12_CHN,coal_ppl_u,2020,2020.0,M1,0.0,0.0,338.6666666666667,sv_cpol
R12_CHN,coal_ppl_u,2020,2025.0,M1,0.0,,338.6666666666667,sv_cpol
R12_CHN,coal_ppl_u,2020,2030.0,M1,0.0,,338.6666666666667,sv_cpol
R12_CHN,coal_ppl_u,2020,2035.0,M1,3.0896854499999997,8.119,338.6666666666667,sv_cpol
R12_CHN,coal_ppl_u,2020,2040.0,M1,0.0,8.119,338.6666666666667,sv_cpol
R12_CHN,coal_ppl_u,2020,2045.0,M1,0.0,8.119,338.6666666666667,sv_cpol
R12_CHN,gas_cc,1980,1980.0,M1,0.0,,,sv_cpol
R12_CHN,gas_cc,1980,1985.0,M1,0.0,,,sv_cpol
R12_CHN,gas_cc,1980,1990.0,M1,0.0,,,sv_cpol
R12_CHN,gas_cc,1980,1995.0,M1,0.0,,,sv_cpol
R12_CHN,gas_cc,1980,2000.0,M1,0.0,,,sv_cpol
R12_CHN,gas_cc,1980,2005.0,M1,0.0,,,sv_cpol
R12_CHN,gas_cc,1980,2010.0,M1,0.0,,,sv_cpol
R12_CHN,gas_cc,1980,2015.0,M1,0.0,,,sv_cpol
R12_CHN,gas_cc,1980,2020.0,M1,0.0,,,sv_cpol
R12_CHN,gas_cc,1980,2025.0,M1,0.0,,,sv_cpol
R12_CHN,gas_cc,1985,1985.0,M1,0.0,,,sv_cpol
R12_CHN,gas_cc,1985,1990.0,M1,0.0,,,sv_cpol
R12_CHN,gas_cc,1985,1995.0,M1,0.0,,,sv_cpol
R12_CHN,gas_cc,1985,2000.0,M1,0.0,,,sv_cpol
R12_CHN,gas_cc,1985,2005.0,M1,0.0,,,sv_cpol
R12_CHN,gas_cc,1985,2010.0,M1,0.0,,,sv_cpol
R12_CHN,gas_cc,1985,2015.0,M1,0.0,,,sv_cpol
R12_CHN,gas_cc,1985,2020.0,M1,0.0,,,sv_cpol
R12_CHN,gas_cc,1985,2025.0,M1,0.0,,,sv_cpol
R12_CHN,gas_cc,1990,1990.0,M1,0.0,,,sv_cpol
R12_CHN,gas_cc,1990,1995.0,M1,0.0,,,sv_cpol
R12_CHN,gas_cc,1990,2000.0,M1,0.0,,,sv_cpol
R12_CHN,gas_cc,1990,2005.0,M1,0.0,,,sv_cpol
R12_CHN,gas_cc,1990,2010.0,M1,0.0,,,sv_cpol
R12_CHN,gas_cc,1990,2015.0,M1,0.0,,,sv_cpol
R12_CHN,gas_cc,1990,2020.0,M1,0.0,,,sv_cpol
R12_CHN,gas_cc,1990,2025.0,M1,0.0,,,sv_cpol
R12_CHN,gas_cc,1990,2030.0,M1,0.0,,,sv_cpol
R12_CHN,gas_cc,1995,1995.0,M1,0.0,,,sv_cpol
R12_CHN,gas_cc,1995,2000.0,M1,0.0,,,sv_cpol
R12_CHN,gas_cc,1995,2005.0,M1,0.0,,,sv_cpol
R12_CHN,gas_cc,1995,2010.0,M1,0.0,,,sv_cpol
R12_CHN,gas_cc,1995,2015.0,M1,0.0,,,sv_cpol
R12_CHN,gas_cc,1995,2020.0,M1,0.0,,,sv_cpol
R12_CHN,gas_cc,1995,2025.0,M1,0.0,,,sv_cpol
R12_CHN,gas_cc,1995,2030.0,M1,0.0,,,sv_cpol
R12_CHN,gas_cc,2000,2000.0,M1,0.0,,,sv_cpol
R12_CHN,gas_cc,2000,2005.0,M1,0.0,,,sv_cpol
R12_CHN,gas_cc,2000,2010.0,M1,0.0,,,sv_cpol
R12_CHN,gas_cc,2000,2015.0,M1,0.0,,,sv_cpol
R12_CHN,gas_cc,2000,2020.0,M1,0.0,,,sv_cpol
R12_CHN,gas_cc,2000,2025.0,M1,0.0,,,sv_cpol
R12_CHN,gas_cc,2000,2030.0,M1,0.0,,,sv_cpol
R12_CHN,gas_cc,2000,2035.0,M1,2.4176249999999997,,,sv_cpol
R12_CHN,gas_cc,2005,2005.0,M1,0.0,,,sv_cpol
R12_CHN,gas_cc,2005,2010.0,M1,0.0,,,sv_cpol
R12_CHN,gas_cc,2005,2015.0,M1,0.0,,,sv_cpol
R12_CHN,gas_cc,2005,2020.0,M1,0.0,,,sv_cpol
R12_CHN,gas_cc,2005,2025.0,M1,0.0,,,sv_cpol
R12_CHN,gas_cc,2005,2030.0,M1,0.0,,,sv_cpol
R12_CHN,gas_cc,2005,2035.0,M1,4.7337412500000005,,,sv_cpol
R12_CHN,gas_cc,2010,2010.0,M1,0.0,,,sv_cpol
R12_CHN,gas_cc,2010,2015.0,M1,0.0,,,sv_cpol
R12_CHN,gas_cc,2010,2020.0,M1,0.0,,,sv_cpol
R12_CHN,gas_cc,2010,2025.0,M1,0.0,,,sv_cpol
R12_CHN,gas_cc,2010,2030.0,M1,0.0,,,sv_cpol
R12_CHN,gas_cc,2010,2035.0,M1,19.09002375,,,sv_cpol
R12_CHN,gas_cc,2010,2040.0,M1,20.605105000000002,,,sv_cpol
R12_CHN,gas_cc,2015,2015.0,M1,0.0,,,sv_cpol
R12_CHN,gas_cc,2015,2020.0,M1,0.0,,,sv_cpol
R12_CHN,gas_cc,2015,2025.0,M1,0.0,,,sv_cpol
R12_CHN,gas_cc,2015,2030.0,M1,0.0,,,sv_cpol
R12_CHN,gas_cc,2015,2035.0,M1,25.6669875,,,sv_cpol
R12_CHN,gas_cc,2015,2040.0,M1,27.704050000000002,,,sv_cpol
R12_CHN,gas_cc,2020,2020.0,M1,0.0,,,sv_cpol
R12_CHN,gas_cc,2020,2025.0,M1,0.0,,,sv_cpol
R12_CHN,gas_cc,2020,2030.0,M1,0.0,,,sv_cpol
R12_CHN,gas_cc,2020,2035.0,M1,16.3918125,,,sv_cpol
R12_CHN,gas_cc,2020,2040.0,M1,17.69275,,,sv_cpol
R12_CHN,gas_cc,2020,2045.0,M1,17.69275,,,sv_cpol
R12_CHN,gas_cc,2025,2025.0,M1,0.0,,,sv_cpol
R12_CHN,gas_cc,2025,2030.0,M1,0.0,,,sv_cpol
R12_CHN,gas_cc,2025,2035.0,M1,19.370667769206538,,,sv_cpol
R12_CHN,gas_cc,2025,2040.0,M1,20.908022354064197,,,sv_cpol
R12_CHN,gas_cc,2025,2045.0,M1,20.908022354064197,,,sv_cpol
R12_CHN,gas_cc,2025,2050.0,M1,20.908022354064197,,,sv_cpol
R12_CHN,gas_cc,2030,2030.0,M1,0.0,,,sv_cpol
R12_CHN,gas_cc,2030,2035.0,M1,29.462691820648075,,,sv_cpol
R12_CHN,gas_cc,2030,2040.0,M1,31.801000695302683,,,sv_cpol
R12_CHN,gas_cc,2030,2045.0,M1,31.801000695302683,,,sv_cpol
R12_CHN,gas_cc,2030,2050.0,M1,31.801000695302683,,,sv_cpol
R12_CHN,gas_cc,2030,2055.0,M1,31.801000695302683,,,sv_cpol
R12_CHN,gas_cc,2035,2035.0,M1,42.51722368751796,,,sv_cpol
R12_CHN,gas_cc,2035,2040.0,M1,45.89160651986066,,,sv_cpol
R12_CHN,gas_cc,2035,2045.0,M1,45.89160651986066,,,sv_cpol
R12_CHN,gas_cc,2035,2050.0,M1,45.89160651986066,,,sv_cpol
R12_CHN,gas_cc,2035,2055.0,M1,45.89160651986066,,,sv_cpol
R12_CHN,gas_cc,2035,2060.0,M1,45.89160651986066,,,sv_cpol
R12_CHN,gas_cc,2040,2040.0,M1,62.22648054345128,,,sv_cpol
R12_CHN,gas_cc,2040,2045.0,M1,62.22648054345128,,,sv_cpol
R12_CHN,gas_cc,2040,2050.0,M1,62.22648054345128,,,sv_cpol
R12_CHN,gas_cc,2040,2055.0,M1,62.22648054345128,,,sv_cpol
R12_CHN,gas_cc,2040,2060.0,M1,62.22648054345128,,,sv_cpol
R12_CHN,gas_cc,2040,2070.0,M1,31.11324027172564,,,sv_cpol
R12_CHN,gas_cc,2045,2045.0,M1,81.16307650595644,,,sv_cpol
R12_CHN,gas_cc,2045,2050.0,M1,81.16307650595644,,,sv_cpol
R12_CHN,gas_cc,2045,2055.0,M1,81.16307650595644,,,sv_cpol
R12_CHN,gas_cc,2045,2060.0,M1,81.16307650595644,,,sv_cpol
R12_CHN,gas_cc,2045,2070.0,M1,81.16307650595644,,,sv_cpol
R12_CHN,gas_cc,2050,2050.0,M1,103.1157812607827,,,sv_cpol
R12_CHN,gas_cc,2050,2055.0,M1,103.1157812607827,,,sv_cpol
R12_CHN,gas_cc,2050,2060.0,M1,103.1157812607827,,,sv_cpol
R12_CHN,gas_cc,2050,2070.0,M1,103.1157812607827,,,sv_cpol
R12_CHN,gas_cc,2050,2080.0,M1,51.55789063039135,,,sv_cpol
R12_CHN,gas_cc,2055,2055.0,M1,128.56498274381514,,,sv_cpol
R12_CHN,gas_cc,2055,2060.0,M1,128.56498274381514,,,sv_cpol
R12_CHN,gas_cc,2055,2070.0,M1,128.56498274381514,,,sv_cpol
R12_CHN,gas_cc,2055,2080.0,M1,128.56498274381514,,,sv_cpol
R12_CHN,gas_cc,2060,2060.0,M1,42.449694020409055,,,sv_cpol
R12_CHN,gas_cc,2060,2070.0,M1,42.449694020409055,,,sv_cpol
R12_CHN,gas_cc,2060,2080.0,M1,42.449694020409055,,,sv_cpol
R12_CHN,gas_cc,2060,2090.0,M1,21.224847010204527,,,sv_cpol
R12_CHN,gas_cc,2070,2070.0,M1,50.77485940760118,,,sv_cpol
R12_CHN,gas_cc,2070,2080.0,M1,50.77485940760118,,,sv_cpol
R12_CHN,gas_cc,2070,2090.0,M1,50.77485940760118,,,sv_cpol
R12_CHN,gas_cc,2080,2080.0,M1,107.21435487577064,,,sv_cpol
R12_CHN,gas_cc,2080,2090.0,M1,107.21435487577064,,,sv_cpol
R12_CHN,gas_cc,2080,2100.0,M1,73.86299485614582,,,sv_cpol
R12_CHN,gas_cc,2090,2090.0,M1,72.00937620968107,,,sv_cpol
R12_CHN,gas_cc,2090,2100.0,M1,72.00937620968107,,,sv_cpol
R12_CHN,gas_cc,2090,2110.0,M1,72.00937620968107,,,sv_cpol
R12_CHN,gas_cc,2100,2100.0,M1,0.0,,,sv_cpol
R12_CHN,gas_cc,2100,2110.0,M1,0.0,,,sv_cpol
R12_CHN,gas_cc,2110,2110.0,M1,0.0,,,sv_cpol
R12_CHN,gas_cc_ccs,2030,2030.0,M1,0.0,,,sv_cpol
R12_CHN,gas_cc_ccs,2030,2035.0,M1,0.0,,,sv_cpol
R12_CHN,gas_cc_ccs,2030,2040.0,M1,0.0,,,sv_cpol
R12_CHN,gas_cc_ccs,2030,2045.0,M1,0.0,,,sv_cpol
R12_CHN,gas_cc_ccs,2030,2050.0,M1,0.0,,,sv_cpol
R12_CHN,gas_cc_ccs,2030,2055.0,M1,0.0,,,sv_cpol
R12_CHN,gas_cc_ccs,2035,2035.0,M1,0.0,,,sv_cpol
R12_CHN,gas_cc_ccs,2035,2040.0,M1,0.0,,,sv_cpol
R12_CHN,gas_cc_ccs,2035,2045.0,M1,0.0,,,sv_cpol
R12_CHN,gas_cc_ccs,2035,2050.0,M1,0.0,,,sv_cpol
R12_CHN,gas_cc_ccs,2035,2055.0,M1,0.0,,,sv_cpol
R12_CHN,gas_cc_ccs,2035,2060.0,M1,0.0,,,sv_cpol
R12_CHN,gas_cc_ccs,2040,2040.0,M1,0.0,,,sv_cpol
R12_CHN,gas_cc_ccs,2040,2045.0,M1,0.0,,,sv_cpol
R12_CHN,gas_cc_ccs,2040,2050.0,M1,0.0,,,sv_cpol
R12_CHN,gas_cc_ccs,2040,2055.0,M1,0.0,,,sv_cpol
R12_CHN,gas_cc_ccs,2040,2060.0,M1,0.0,,,sv_cpol
R12_CHN,gas_cc_ccs,2040,2070.0,M1,0.0,,,sv_cpol
R12_CHN,gas_cc_ccs,2045,2045.0,M1,0.0,,,sv_cpol
R12_CHN,gas_cc_ccs,2045,2050.0,M1,0.0,,,sv_cpol
R12_CHN,gas_cc_ccs,2045,2055.0,M1,0.0,,,sv_cpol
R12_CHN,gas_cc_ccs,2045,2060.0,M1,0.0,,,sv_cpol
R12_CHN,gas_cc_ccs,2045,2070.0,M1,0.0,,,sv_cpol
R12_CHN,gas_cc_ccs,2050,2050.0,M1,0.0,,,sv_cpol
R12_CHN,gas_cc_ccs,2050,2055.0,M1,0.0,,,sv_cpol
R12_CHN,gas_cc_ccs,2050,2060.0,M1,0.0,,,sv_cpol
R12_CHN,gas_cc_ccs,2050,2070.0,M1,0.0,,,sv_cpol
R12_CHN,gas_cc_ccs,2050,2080.0,M1,0.0,,,sv_cpol
R12_CHN,gas_cc_ccs,2055,2055.0,M1,0.0,,,sv_cpol
R12_CHN,gas_cc_ccs,2055,2060.0,M1,0.0,,,sv_cpol
R12_CHN,gas_cc_ccs,2055,2070.0,M1,0.0,,,sv_cpol
R12_CHN,gas_cc_ccs,2055,2080.0,M1,0.0,,,sv_cpol
R12_CHN,gas_cc_ccs,2060,2060.0,M1,0.0,,,sv_cpol
R12_CHN,gas_cc_ccs,2060,2070.0,M1,0.0,,,sv_cpol
R12_CHN,gas_cc_ccs,2060,2080.0,M1,0.0,,,sv_cpol
R12_CHN,gas_cc_ccs,2060,2090.0,M1,0.0,,,sv_cpol
R12_CHN,gas_cc_ccs,2070,2070.0,M1,0.0,,,sv_cpol
R12_CHN,gas_cc_ccs,2070,2080.0,M1,0.0,,,sv_cpol
R12_CHN,gas_cc_ccs,2070,2090.0,M1,0.0,,,sv_cpol
R12_CHN,gas_cc_ccs,2080,2080.0,M1,0.0,,,sv_cpol
R12_CHN,gas_cc_ccs,2080,2090.0,M1,0.0,,,sv_cpol
R12_CHN,gas_cc_ccs,2080,2100.0,M1,0.0,,,sv_cpol
R12_CHN,gas_cc_ccs,2090,2090.0,M1,0.0,,,sv_cpol
R12_CHN,gas_cc_ccs,2090,2100.0,M1,0.0,,,sv_cpol
R12_CHN,gas_cc_ccs,2090,2110.0,M1,0.0,,,sv_cpol
R12_CHN,gas_cc_ccs,2100,2100.0,M1,0.0,,,sv_cpol
R12_CHN,gas_cc_ccs,2100,2110.0,M1,0.0,,,sv_cpol
R12_CHN,gas_cc_ccs,2110,2110.0,M1,0.0,,,sv_cpol
R12_CHN,gas_ct,1970,1970.0,M1,0.0,,,sv_cpol
R12_CHN,gas_ct,1970,1975.0,M1,0.0,,,sv_cpol
R12_CHN,gas_ct,1970,1980.0,M1,0.0,,,sv_cpol
R12_CHN,gas_ct,1970,1985.0,M1,0.0,,,sv_cpol
R12_CHN,gas_ct,1970,1990.0,M1,0.0,,,sv_cpol
R12_CHN,gas_ct,1970,1995.0,M1,0.0,,,sv_cpol
R12_CHN,gas_ct,1970,2000.0,M1,0.0,,,sv_cpol
R12_CHN,gas_ct,1970,2005.0,M1,0.0,,,sv_cpol
R12_CHN,gas_ct,1970,2010.0,M1,0.0,,,sv_cpol
R12_CHN,gas_ct,1970,2015.0,M1,0.0,,,sv_cpol
R12_CHN,gas_ct,1970,2020.0,M1,0.0,,,sv_cpol
R12_CHN,gas_ct,1970,2025.0,M1,0.0,,,sv_cpol
R12_CHN,gas_ct,1975,1975.0,M1,0.0,,,sv_cpol
R12_CHN,gas_ct,1975,1980.0,M1,0.0,,,sv_cpol
R12_CHN,gas_ct,1975,1985.0,M1,0.0,,,sv_cpol
R12_CHN,gas_ct,1975,1990.0,M1,0.0,,,sv_cpol
R12_CHN,gas_ct,1975,1995.0,M1,0.0,,,sv_cpol
R12_CHN,gas_ct,1975,2000.0,M1,0.0,,,sv_cpol
R12_CHN,gas_ct,1975,2005.0,M1,0.0,,,sv_cpol
R12_CHN,gas_ct,1975,2010.0,M1,0.0,,,sv_cpol
R12_CHN,gas_ct,1975,2015.0,M1,0.0,,,sv_cpol
R12_CHN,gas_ct,1975,2020.0,M1,0.0,,,sv_cpol
R12_CHN,gas_ct,1975,2025.0,M1,0.0,,,sv_cpol
R12_CHN,gas_ct,1980,1980.0,M1,0.0,,,sv_cpol
R12_CHN,gas_ct,1980,1985.0,M1,0.0,,,sv_cpol
R12_CHN,gas_ct,1980,1990.0,M1,0.0,,,sv_cpol
R12_CHN,gas_ct,1980,1995.0,M1,0.0,,,sv_cpol
R12_CHN,gas_ct,1980,2000.0,M1,0.0,,,sv_cpol
R12_CHN,gas_ct,1980,2005.0,M1,0.0,,,sv_cpol
R12_CHN,gas_ct,1980,2010.0,M1,0.0,,,sv_cpol
R12_CHN,gas_ct,1980,2015.0,M1,0.0,,,sv_cpol
R12_CHN,gas_ct,1980,2020.0,M1,0.0,,,sv_cpol
R12_CHN,gas_ct,1980,2025.0,M1,0.0,,,sv_cpol
R12_CHN,gas_ct,1980,2030.0,M1,0.0,,,sv_cpol
R12_CHN,gas_ct,1985,1985.0,M1,0.0,,,sv_cpol
R12_CHN,gas_ct,1985,1990.0,M1,0.0,,,sv_cpol
R12_CHN,gas_ct,1985,1995.0,M1,0.0,,,sv_cpol
R12_CHN,gas_ct,1985,2000.0,M1,0.0,,,sv_cpol
R12_CHN,gas_ct,1985,2005.0,M1,0.0,,,sv_cpol
R12_CHN,gas_ct,1985,2010.0,M1,0.0,,,sv_cpol
R12_CHN,gas_ct,1985,2015.0,M1,0.0,,,sv_cpol
R12_CHN,gas_ct,1985,2020.0,M1,0.0,,,sv_cpol
R12_CHN,gas_ct,1985,2025.0,M1,0.0,,,sv_cpol
R12_CHN,gas_ct,1985,2030.0,M1,0.0,,,sv_cpol
R12_CHN,gas_ct,1990,1990.0,M1,0.0,,,sv_cpol
R12_CHN,gas_ct,1990,1995.0,M1,0.0,,,sv_cpol
R12_CHN,gas_ct,1990,2000.0,M1,0.0,,,sv_cpol
R12_CHN,gas_ct,1990,2005.0,M1,0.0,,,sv_cpol
R12_CHN,gas_ct,1990,2010.0,M1,0.0,,,sv_cpol
R12_CHN,gas_ct,1990,2015.0,M1,0.0,,,sv_cpol
R12_CHN,gas_ct,1990,2020.0,M1,0.0,,,sv_cpol
R12_CHN,gas_ct,1990,2025.0,M1,0.0,,,sv_cpol
R12_CHN,gas_ct,1990,2030.0,M1,0.0,,,sv_cpol
R12_CHN,gas_ct,1990,2035.0,M1,0.0,,,sv_cpol
R12_CHN,gas_ct,1995,1995.0,M1,0.0,,,sv_cpol
R12_CHN,gas_ct,1995,2000.0,M1,0.0,,,sv_cpol
R12_CHN,gas_ct,1995,2005.0,M1,0.0,,,sv_cpol
R12_CHN,gas_ct,1995,2010.0,M1,0.0,,,sv_cpol
R12_CHN,gas_ct,1995,2015.0,M1,0.0,,,sv_cpol
R12_CHN,gas_ct,1995,2020.0,M1,0.0,,,sv_cpol
R12_CHN,gas_ct,1995,2025.0,M1,0.0,,,sv_cpol
R12_CHN,gas_ct,1995,2030.0,M1,0.0,,,sv_cpol
R12_CHN,gas_ct,1995,2035.0,M1,0.0,,,sv_cpol
R12_CHN,gas_ct,2000,2000.0,M1,0.0,,,sv_cpol
R12_CHN,gas_ct,2000,2005.0,M1,0.0,,,sv_cpol
R12_CHN,gas_ct,2000,2010.0,M1,0.0,,,sv_cpol
R12_CHN,gas_ct,2000,2015.0,M1,0.0,,,sv_cpol
R12_CHN,gas_ct,2000,2020.0,M1,0.0,,,sv_cpol
R12_CHN,gas_ct,2000,2025.0,M1,0.0,,,sv_cpol
R12_CHN,gas_ct,2000,2030.0,M1,0.0,,,sv_cpol
R12_CHN,gas_ct,2000,2035.0,M1,0.0,,,sv_cpol
R12_CHN,gas_ct,2000,2040.0,M1,0.0,,,sv_cpol
R12_CHN,gas_ct,2005,2005.0,M1,0.0,,,sv_cpol
R12_CHN,gas_ct,2005,2010.0,M1,0.0,,,sv_cpol
R12_CHN,gas_ct,2005,2015.0,M1,0.0,,,sv_cpol
R12_CHN,gas_ct,2005,2020.0,M1,0.0,,,sv_cpol
R12_CHN,gas_ct,2005,2025.0,M1,0.0,,,sv_cpol
R12_CHN,gas_ct,2005,2030.0,M1,0.0,,,sv_cpol
R12_CHN,gas_ct,2005,2035.0,M1,0.0,,,sv_cpol
R12_CHN,gas_ct,2005,2040.0,M1,0.0,,,sv_cpol
R12_CHN,gas_ct,2010,2010.0,M1,0.0,,,sv_cpol
R12_CHN,gas_ct,2010,2015.0,M1,0.0,,,sv_cpol
R12_CHN,gas_ct,2010,2020.0,M1,0.0,,,sv_cpol
R12_CHN,gas_ct,2010,2025.0,M1,0.0,,,sv_cpol
R12_CHN,gas_ct,2010,2030.0,M1,0.0,,,sv_cpol
R12_CHN,gas_ct,2010,2035.0,M1,0.48562750000000005,,,sv_cpol
R12_CHN,gas_ct,2010,2040.0,M1,0.0,,,sv_cpol
R12_CHN,gas_ct,2010,2045.0,M1,0.0,,,sv_cpol
R12_CHN,gas_ct,2015,2015.0,M1,0.0,,,sv_cpol
R12_CHN,gas_ct,2015,2020.0,M1,0.0,,,sv_cpol
R12_CHN,gas_ct,2015,2025.0,M1,0.0,,,sv_cpol
R12_CHN,gas_ct,2015,2030.0,M1,0.0,,,sv_cpol
R12_CHN,gas_ct,2015,2035.0,M1,0.117517625,,,sv_cpol
R12_CHN,gas_ct,2015,2040.0,M1,0.0,,,sv_cpol
R12_CHN,gas_ct,2015,2045.0,M1,0.0,,,sv_cpol
R12_CHN,gas_ct,2020,2020.0,M1,0.0,,,sv_cpol
R12_CHN,gas_ct,2020,2025.0,M1,0.0,,,sv_cpol
R12_CHN,gas_ct,2020,2030.0,M1,0.0,,,sv_cpol
R12_CHN,gas_ct,2020,2035.0,M1,0.08518750000000001,,,sv_cpol
R12_CHN,gas_ct,2020,2040.0,M1,0.0,,,sv_cpol
R12_CHN,gas_ct,2020,2045.0,M1,0.0,,,sv_cpol
R12_CHN,gas_ct,2020,2050.0,M1,0.0,,,sv_cpol
R12_CHN,gas_ct,2025,2025.0,M1,0.0,,,sv_cpol
R12_CHN,gas_ct,2025,2030.0,M1,0.0,,,sv_cpol
R12_CHN,gas_ct,2025,2035.0,M1,68.92437237593896,,,sv_cpol
R12_CHN,gas_ct,2025,2040.0,M1,0.0,,,sv_cpol
R12_CHN,gas_ct,2025,2045.0,M1,3.796343585865847,,,sv_cpol
R12_CHN,gas_ct,2025,2050.0,M1,0.0,,,sv_cpol
R12_CHN,gas_ct,2030,2030.0,M1,0.0,,,sv_cpol
R12_CHN,gas_ct,2030,2035.0,M1,0.0,,,sv_cpol
R12_CHN,gas_ct,2030,2040.0,M1,0.0,,,sv_cpol
R12_CHN,gas_ct,2030,2045.0,M1,0.0,,,sv_cpol
R12_CHN,gas_ct,2030,2050.0,M1,0.0,,,sv_cpol
R12_CHN,gas_ct,2030,2055.0,M1,0.0,,,sv_cpol
R12_CHN,gas_ct,2035,2035.0,M1,0.0,,,sv_cpol
R12_CHN,gas_ct,2035,2040.0,M1,0.0,,,sv_cpol
R12_CHN,gas_ct,2035,2045.0,M1,0.0,,,sv_cpol
R12_CHN,gas_ct,2035,2050.0,M1,0.0,,,sv_cpol
R12_CHN,gas_ct,2035,2055.0,M1,0.0,,,sv_cpol
R12_CHN,gas_ct,2035,2060.0,M1,0.0,,,sv_cpol
R12_CHN,gas_ct,2040,2040.0,M1,0.0,,,sv_cpol
R12_CHN,gas_ct,2040,2045.0,M1,0.0,,,sv_cpol
R12_CHN,gas_ct,2040,2050.0,M1,0.0,,,sv_cpol
R12_CHN,gas_ct,2040,2055.0,M1,0.0,,,sv_cpol
R12_CHN,gas_ct,2040,2060.0,M1,0.0,,,sv_cpol
R12_CHN,gas_ct,2040,2070.0,M1,0.0,,,sv_cpol
R12_CHN,gas_ct,2045,2045.0,M1,0.0,,,sv_cpol
R12_CHN,gas_ct,2045,2050.0,M1,0.0,,,sv_cpol
R12_CHN,gas_ct,2045,2055.0,M1,0.0,,,sv_cpol
R12_CHN,gas_ct,2045,2060.0,M1,0.0,,,sv_cpol
R12_CHN,gas_ct,2045,2070.0,M1,0.0,,,sv_cpol
R12_CHN,gas_ct,2050,2050.0,M1,0.0,,,sv_cpol
R12_CHN,gas_ct,2050,2055.0,M1,0.0,,,sv_cpol
R12_CHN,gas_ct,2050,2060.0,M1,0.0,,,sv_cpol
R12_CHN,gas_ct,2050,2070.0,M1,0.0,,,sv_cpol
R12_CHN,gas_ct,2050,2080.0,M1,0.0,,,sv_cpol
R12_CHN,gas_ct,2055,2055.0,M1,0.0,,,sv_cpol
R12_CHN,gas_ct,2055,2060.0,M1,0.0,,,sv_cpol
R12_CHN,gas_ct,2055,2070.0,M1,0.0,,,sv_cpol
R12_CHN,gas_ct,2055,2080.0,M1,0.0,,,sv_cpol
R12_CHN,gas_ct,2060,2060.0,M1,0.0,,,sv_cpol
R12_CHN,gas_ct,2060,2070.0,M1,0.0,,,sv_cpol
R12_CHN,gas_ct,2060,2080.0,M1,0.0,,,sv_cpol
R12_CHN,gas_ct,2060,2090.0,M1,0.0,,,sv_cpol
R12_CHN,gas_ct,2070,2070.0,M1,0.0,,,sv_cpol
R12_CHN,gas_ct,2070,2080.0,M1,0.0,,,sv_cpol
R12_CHN,gas_ct,2070,2090.0,M1,0.0,,,sv_cpol
R12_CHN,gas_ct,2080,2080.0,M1,0.0,,,sv_cpol
R12_CHN,gas_ct,2080,2090.0,M1,0.0,,,sv_cpol
R12_CHN,gas_ct,2080,2100.0,M1,0.0,,,sv_cpol
R12_CHN,gas_ct,2090,2090.0,M1,0.0,,,sv_cpol
R12_CHN,gas_ct,2090,2100.0,M1,0.0,,,sv_cpol
R12_CHN,gas_ct,2090,2110.0,M1,0.0,,,sv_cpol
R12_CHN,gas_ct,2100,2100.0,M1,0.0,,,sv_cpol
R12_CHN,gas_ct,2100,2110.0,M1,0.0,,,sv_cpol
R12_CHN,gas_ct,2110,2110.0,M1,0.0,,,sv_cpol
R12_CHN,gas_ppl,1970,1970.0,M1,0.0,,,sv_cpol
R12_CHN,gas_ppl,1970,1975.0,M1,0.0,,,sv_cpol
R12_CHN,gas_ppl,1970,1980.0,M1,0.0,,,sv_cpol
R12_CHN,gas_ppl,1970,1985.0,M1,0.0,,,sv_cpol
R12_CHN,gas_ppl,1970,1990.0,M1,0.0,,,sv_cpol
R12_CHN,gas_ppl,1970,1995.0,M1,0.0,,,sv_cpol
R12_CHN,gas_ppl,1970,2000.0,M1,0.0,,,sv_cpol
R12_CHN,gas_ppl,1970,2005.0,M1,0.0,,,sv_cpol
R12_CHN,gas_ppl,1970,2010.0,M1,0.0,,,sv_cpol
R12_CHN,gas_ppl,1970,2015.0,M1,0.0,,,sv_cpol
R12_CHN,gas_ppl,1970,2020.0,M1,0.0,,,sv_cpol
R12_CHN,gas_ppl,1970,2025.0,M1,0.0,,,sv_cpol
R12_CHN,gas_ppl,1975,1975.0,M1,0.0,,,sv_cpol
R12_CHN,gas_ppl,1975,1980.0,M1,0.0,,,sv_cpol
R12_CHN,gas_ppl,1975,1985.0,M1,0.0,,,sv_cpol
R12_CHN,gas_ppl,1975,1990.0,M1,0.0,,,sv_cpol
R12_CHN,gas_ppl,1975,1995.0,M1,0.0,,,sv_cpol
R12_CHN,gas_ppl,1975,2000.0,M1,0.0,,,sv_cpol
R12_CHN,gas_ppl,1975,2005.0,M1,0.0,,,sv_cpol
R12_CHN,gas_ppl,1975,2010.0,M1,0.0,,,sv_cpol
R12_CHN,gas_ppl,1975,2015.0,M1,0.0,,,sv_cpol
R12_CHN,gas_ppl,1975,2020.0,M1,0.0,,,sv_cpol
R12_CHN,gas_ppl,1975,2025.0,M1,0.0,,,sv_cpol
R12_CHN,gas_ppl,1980,1980.0,M1,0.0,,,sv_cpol
R12_CHN,gas_ppl,1980,1985.0,M1,0.0,,,sv_cpol
R12_CHN,gas_ppl,1980,1990.0,M1,0.0,,,sv_cpol
R12_CHN,gas_ppl,1980,1995.0,M1,0.0,,,sv_cpol
R12_CHN,gas_ppl,1980,2000.0,M1,0.0,,,sv_cpol
R12_CHN,gas_ppl,1980,2005.0,M1,0.0,,,sv_cpol
R12_CHN,gas_ppl,1980,2010.0,M1,0.0,,,sv_cpol
R12_CHN,gas_ppl,1980,2015.0,M1,0.0,,,sv_cpol
R12_CHN,gas_ppl,1980,2020.0,M1,0.0,,,sv_cpol
R12_CHN,gas_ppl,1980,2025.0,M1,0.0,,,sv_cpol
R12_CHN,gas_ppl,1980,2030.0,M1,0.0,,,sv_cpol
R12_CHN,gas_ppl,1985,1985.0,M1,0.0,,,sv_cpol
R12_CHN,gas_ppl,1985,1990.0,M1,0.0,,,sv_cpol
R12_CHN,gas_ppl,1985,1995.0,M1,0.0,,,sv_cpol
R12_CHN,gas_ppl,1985,2000.0,M1,0.0,,,sv_cpol
R12_CHN,gas_ppl,1985,2005.0,M1,0.0,,,sv_cpol
R12_CHN,gas_ppl,1985,2010.0,M1,0.0,,,sv_cpol
R12_CHN,gas_ppl,1985,2015.0,M1,0.0,,,sv_cpol
R12_CHN,gas_ppl,1985,2020.0,M1,0.0,,,sv_cpol
R12_CHN,gas_ppl,1985,2025.0,M1,0.0,,,sv_cpol
R12_CHN,gas_ppl,1985,2030.0,M1,0.0,,,sv_cpol
R12_CHN,gas_ppl,1990,1990.0,M1,0.0,,,sv_cpol
R12_CHN,gas_ppl,1990,1995.0,M1,0.0,,,sv_cpol
R12_CHN,gas_ppl,1990,2000.0,M1,0.0,,,sv_cpol
R12_CHN,gas_ppl,1990,2005.0,M1,0.0,,,sv_cpol
R12_CHN,gas_ppl,1990,2010.0,M1,0.0,,,sv_cpol
R12_CHN,gas_ppl,1990,2015.0,M1,0.0,,,sv_cpol
R12_CHN,gas_ppl,1990,2020.0,M1,0.0,,,sv_cpol
R12_CHN,gas_ppl,1990,2025.0,M1,0.0,,,sv_cpol
R12_CHN,gas_ppl,1990,2030.0,M1,0.0,,,sv_cpol
R12_CHN,gas_ppl,1990,2035.0,M1,0.0,,,sv_cpol
R12_CHN,gas_ppl,1995,1995.0,M1,0.0,,,sv_cpol
R12_CHN,gas_ppl,1995,2000.0,M1,0.0,,,sv_cpol
R12_CHN,gas_ppl,1995,2005.0,M1,0.0,,,sv_cpol
R12_CHN,gas_ppl,1995,2010.0,M1,0.0,,,sv_cpol
R12_CHN,gas_ppl,1995,2015.0,M1,0.0,,,sv_cpol
R12_CHN,gas_ppl,1995,2020.0,M1,0.0,,,sv_cpol
R12_CHN,gas_ppl,1995,2025.0,M1,0.0,,,sv_cpol
R12_CHN,gas_ppl,1995,2030.0,M1,0.0,,,sv_cpol
R12_CHN,gas_ppl,1995,2035.0,M1,0.0,,,sv_cpol
R12_CHN,gas_ppl,2000,2000.0,M1,0.0,,,sv_cpol
R12_CHN,gas_ppl,2000,2005.0,M1,0.0,,,sv_cpol
R12_CHN,gas_ppl,2000,2010.0,M1,0.0,,,sv_cpol
R12_CHN,gas_ppl,2000,2015.0,M1,0.0,,,sv_cpol
R12_CHN,gas_ppl,2000,2020.0,M1,0.0,,,sv_cpol
R12_CHN,gas_ppl,2000,2025.0,M1,0.0,,,sv_cpol
R12_CHN,gas_ppl,2000,2030.0,M1,0.0,,,sv_cpol
R12_CHN,gas_ppl,2000,2035.0,M1,0.0,,,sv_cpol
R12_CHN,gas_ppl,2000,2040.0,M1,0.0,,,sv_cpol
R12_CHN,gas_ppl,2005,2005.0,M1,0.0,,,sv_cpol
R12_CHN,gas_ppl,2005,2010.0,M1,0.0,,,sv_cpol
R12_CHN,gas_ppl,2005,2015.0,M1,0.0,,,sv_cpol
R12_CHN,gas_ppl,2005,2020.0,M1,0.0,,,sv_cpol
R12_CHN,gas_ppl,2005,2025.0,M1,0.0,,,sv_cpol
R12_CHN,gas_ppl,2005,2030.0,M1,0.0,,,sv_cpol
R12_CHN,gas_ppl,2005,2035.0,M1,0.0,,,sv_cpol
R12_CHN,gas_ppl,2005,2040.0,M1,0.0,,,sv_cpol
R12_CHN,gas_ppl,2010,2010.0,M1,0.0,,,sv_cpol
R12_CHN,gas_ppl,2010,2015.0,M1,0.0,,,sv_cpol
R12_CHN,gas_ppl,2010,2020.0,M1,0.0,,,sv_cpol
R12_CHN,gas_ppl,2010,2025.0,M1,0.0,,,sv_cpol
R12_CHN,gas_ppl,2010,2030.0,M1,0.0,,,sv_cpol
R12_CHN,gas_ppl,2010,2035.0,M1,0.0,,,sv_cpol
R12_CHN,gas_ppl,2010,2040.0,M1,0.0,,,sv_cpol
R12_CHN,gas_ppl,2010,2045.0,M1,0.0,,,sv_cpol
R12_CHN,gas_ppl,2015,2015.0,M1,0.0,,,sv_cpol
R12_CHN,gas_ppl,2015,2020.0,M1,0.0,,,sv_cpol
R12_CHN,gas_ppl,2015,2025.0,M1,0.0,,,sv_cpol
R12_CHN,gas_ppl,2015,2030.0,M1,0.0,,,sv_cpol
R12_CHN,gas_ppl,2015,2035.0,M1,0.0,,,sv_cpol
R12_CHN,gas_ppl,2015,2040.0,M1,0.0,,,sv_cpol
R12_CHN,gas_ppl,2015,2045.0,M1,0.0,,,sv_cpol
R12_CHN,gas_ppl,2020,2020.0,M1,0.0,,,sv_cpol
R12_CHN,gas_ppl,2020,2025.0,M1,0.0,,,sv_cpol
R12_CHN,gas_ppl,2020,2030.0,M1,0.0,,,sv_cpol
R12_CHN,gas_ppl,2020,2035.0,M1,0.0,,,sv_cpol
R12_CHN,gas_ppl,2020,2040.0,M1,0.0,,,sv_cpol
R12_CHN,gas_ppl,2020,2045.0,M1,0.0,,,sv_cpol
R12_CHN,gas_ppl,2020,2050.0,M1,0.0,,,sv_cpol
R12_CHN,gas_ppl,2025,2025.0,M1,0.0,,,sv_cpol
R12_CHN,gas_ppl,2025,2030.0,M1,0.0,,,sv_cpol
R12_CHN,gas_ppl,2025,2035.0,M1,0.0,,,sv_cpol
R12_CHN,gas_ppl,2025,2040.0,M1,0.0,,,sv_cpol
R12_CHN,gas_ppl,2025,2045.0,M1,0.0,,,sv_cpol
R12_CHN,gas_ppl,2025,2050.0,M1,0.0,,,sv_cpol
R12_CHN,gas_ppl,2030,2030.0,M1,0.0,,,sv_cpol
R12_CHN,gas_ppl,2030,2035.0,M1,0.0,,,sv_cpol
R12_CHN,gas_ppl,2030,2040.0,M1,0.0,,,sv_cpol
R12_CHN,gas_ppl,2030,2045.0,M1,0.0,,,sv_cpol
R12_CHN,gas_ppl,2030,2050.0,M1,0.0,,,sv_cpol
R12_CHN,gas_ppl,2030,2055.0,M1,0.0,,,sv_cpol
R12_CHN,gas_ppl,2035,2035.0,M1,0.0,,,sv_cpol
R12_CHN,gas_ppl,2035,2040.0,M1,0.0,,,sv_cpol
R12_CHN,gas_ppl,2035,2045.0,M1,0.0,,,sv_cpol
R12_CHN,gas_ppl,2035,2050.0,M1,0.0,,,sv_cpol
R12_CHN,gas_ppl,2035,2055.0,M1,0.0,,,sv_cpol
R12_CHN,gas_ppl,2035,2060.0,M1,0.0,,,sv_cpol
R12_CHN,gas_ppl,2040,2040.0,M1,0.0,,,sv_cpol
R12_CHN,gas_ppl,2040,2045.0,M1,0.0,,,sv_cpol
R12_CHN,gas_ppl,2040,2050.0,M1,0.0,,,sv_cpol
R12_CHN,gas_ppl,2040,2055.0,M1,0.0,,,sv_cpol
R12_CHN,gas_ppl,2040,2060.0,M1,0.0,,,sv_cpol
R12_CHN,gas_ppl,2040,2070.0,M1,0.0,,,sv_cpol
R12_CHN,gas_ppl,2045,2045.0,M1,0.0,,,sv_cpol
R12_CHN,gas_ppl,2045,2050.0,M1,0.0,,,sv_cpol
R12_CHN,gas_ppl,2045,2055.0,M1,0.0,,,sv_cpol
R12_CHN,gas_ppl,2045,2060.0,M1,0.0,,,sv_cpol
R12_CHN,gas_ppl,2045,2070.0,M1,0.0,,,sv_cpol
R12_CHN,gas_ppl,2050,2050.0,M1,0.0,,,sv_cpol
R12_CHN,gas_ppl,2050,2055.0,M1,0.0,,,sv_cpol
R12_CHN,gas_ppl,2050,2060.0,M1,0.0,,,sv_cpol
R12_CHN,gas_ppl,2050,2070.0,M1,0.0,,,sv_cpol
R12_CHN,gas_ppl,2050,2080.0,M1,0.0,,,sv_cpol
R12_CHN,gas_ppl,2055,2055.0,M1,0.0,,,sv_cpol
R12_CHN,gas_ppl,2055,2060.0,M1,0.0,,,sv_cpol
R12_CHN,gas_ppl,2055,2070.0,M1,0.0,,,sv_cpol
R12_CHN,gas_ppl,2055,2080.0,M1,0.0,,,sv_cpol
R12_CHN,gas_ppl,2060,2060.0,M1,0.0,,,sv_cpol
R12_CHN,gas_ppl,2060,2070.0,M1,0.0,,,sv_cpol
R12_CHN,gas_ppl,2060,2080.0,M1,0.0,,,sv_cpol
R12_CHN,gas_ppl,2060,2090.0,M1,0.0,,,sv_cpol
R12_CHN,gas_ppl,2070,2070.0,M1,0.0,,,sv_cpol
R12_CHN,gas_ppl,2070,2080.0,M1,0.0,,,sv_cpol
R12_CHN,gas_ppl,2070,2090.0,M1,0.0,,,sv_cpol
R12_CHN,gas_ppl,2080,2080.0,M1,0.0,,,sv_cpol
R12_CHN,gas_ppl,2080,2090.0,M1,0.0,,,sv_cpol
R12_CHN,gas_ppl,2080,2100.0,M1,0.0,,,sv_cpol
R12_CHN,gas_ppl,2090,2090.0,M1,0.0,,,sv_cpol
R12_CHN,gas_ppl,2090,2100.0,M1,0.0,,,sv_cpol
R12_CHN,gas_ppl,2090,2110.0,M1,0.0,,,sv_cpol
R12_CHN,gas_ppl,2100,2100.0,M1,0.0,,,sv_cpol
R12_CHN,gas_ppl,2100,2110.0,M1,0.0,,,sv_cpol
R12_CHN,gas_ppl,2110,2110.0,M1,0.0,,,sv_cpol
R12_CHN,igcc,2010,2010.0,M1,0.0,0.0,890.72,sv_cpol
R12_CHN,igcc,2010,2015.0,M1,0.0,,890.72,sv_cpol
R12_CHN,igcc,2010,2020.0,M1,0.0,,890.72,sv_cpol
R12_CHN,igcc,2010,2025.0,M1,0.0,,890.72,sv_cpol
R12_CHN,igcc,2010,2030.0,M1,0.0,,890.72,sv_cpol
R12_CHN,igcc,2010,2035.0,M1,0.0,0.0,890.72,sv_cpol
R12_CHN,igcc,2015,2015.0,M1,0.0,0.0,890.72,sv_cpol
R12_CHN,igcc,2015,2020.0,M1,0.0,,890.72,sv_cpol
R12_CHN,igcc,2015,2025.0,M1,0.0,,890.72,sv_cpol
R12_CHN,igcc,2015,2030.0,M1,0.0,,890.72,sv_cpol
R12_CHN,igcc,2015,2035.0,M1,0.0,0.0,890.72,sv_cpol
R12_CHN,igcc,2015,2040.0,M1,0.0,0.0,890.72,sv_cpol
R12_CHN,igcc,2020,2020.0,M1,0.0,0.0,891.0,sv_cpol
R12_CHN,igcc,2020,2025.0,M1,0.0,,891.0,sv_cpol
R12_CHN,igcc,2020,2030.0,M1,0.0,,891.0,sv_cpol
R12_CHN,igcc,2020,2035.0,M1,0.0,0.0,891.0,sv_cpol
R12_CHN,igcc,2020,2040.0,M1,0.0,0.0,891.0,sv_cpol
R12_CHN,igcc,2020,2045.0,M1,0.0,0.0,891.0,sv_cpol
R12_CHN,igcc,2025,2025.0,M1,0.0,0.0,891.0,sv_cpol
R12_CHN,igcc,2025,2030.0,M1,0.0,,891.0,sv_cpol
R12_CHN,igcc,2025,2035.0,M1,0.0,0.0,891.0,sv_cpol
R12_CHN,igcc,2025,2040.0,M1,0.0,0.0,891.0,sv_cpol
R12_CHN,igcc,2025,2045.0,M1,0.0,0.0,891.0,sv_cpol
R12_CHN,igcc,2025,2050.0,M1,0.0,0.0,891.0,sv_cpol
R12_CHN,igcc,2030,2030.0,M1,0.0,0.0,908.6548057246912,sv_cpol
R12_CHN,igcc,2030,2035.0,M1,0.0,0.0,908.6548057246912,sv_cpol
R12_CHN,igcc,2030,2040.0,M1,0.0,0.0,908.6548057246912,sv_cpol
R12_CHN,igcc,2030,2045.0,M1,0.0,0.0,908.6548057246912,sv_cpol
R12_CHN,igcc,2030,2050.0,M1,0.0,0.0,908.6548057246912,sv_cpol
R12_CHN,igcc,2030,2055.0,M1,0.0,0.0,908.6548057246912,sv_cpol
R12_CHN,igcc,2035,2035.0,M1,0.0,0.0,922.5341344455016,sv_cpol
R12_CHN,igcc,2035,2040.0,M1,0.0,0.0,922.5341344455016,sv_cpol
R12_CHN,igcc,2035,2045.0,M1,0.0,0.0,922.5341344455016,sv_cpol
R12_CHN,igcc,2035,2050.0,M1,0.0,0.0,922.5341344455016,sv_cpol
R12_CHN,igcc,2035,2055.0,M1,0.0,0.0,922.5341344455016,sv_cpol
R12_CHN,igcc,2035,2060.0,M1,0.0,0.0,922.5341344455016,sv_cpol
R12_CHN,igcc,2040,2040.0,M1,0.0,0.0,925.554797533371,sv_cpol
R12_CHN,igcc,2040,2045.0,M1,0.0,0.0,925.554797533371,sv_cpol
R12_CHN,igcc,2040,2050.0,M1,0.0,0.0,925.554797533371,sv_cpol
R12_CHN,igcc,2040,2055.0,M1,0.0,0.0,925.554797533371,sv_cpol
R12_CHN,igcc,2040,2060.0,M1,0.0,0.0,925.554797533371,sv_cpol
R12_CHN,igcc,2040,2070.0,M1,0.0,0.0,925.554797533371,sv_cpol
R12_CHN,igcc,2045,2045.0,M1,0.0,0.0,933.8381995493356,sv_cpol
R12_CHN,igcc,2045,2050.0,M1,0.0,0.0,933.8381995493356,sv_cpol
R12_CHN,igcc,2045,2055.0,M1,0.0,0.0,933.8381995493356,sv_cpol
R12_CHN,igcc,2045,2060.0,M1,0.0,0.0,933.8381995493356,sv_cpol
R12_CHN,igcc,2045,2070.0,M1,0.0,0.0,933.8381995493356,sv_cpol
R12_CHN,igcc,2050,2050.0,M1,0.0,0.0,947.7218827947911,sv_cpol
R12_CHN,igcc,2050,2055.0,M1,0.0,0.0,947.7218827947911,sv_cpol
R12_CHN,igcc,2050,2060.0,M1,0.0,0.0,947.7218827947911,sv_cpol
R12_CHN,igcc,2050,2070.0,M1,0.0,0.0,947.7218827947911,sv_cpol
R12_CHN,igcc,2050,2080.0,M1,0.0,0.0,947.7218827947911,sv_cpol
R12_CHN,igcc,2055,2055.0,M1,0.0,0.0,963.2268256092744,sv_cpol
R12_CHN,igcc,2055,2060.0,M1,0.0,0.0,963.2268256092744,sv_cpol
R12_CHN,igcc,2055,2070.0,M1,0.0,0.0,963.2268256092744,sv_cpol
R12_CHN,igcc,2055,2080.0,M1,0.0,0.0,963.2268256092744,sv_cpol
R12_CHN,igcc,2060,2060.0,M1,0.0,0.0,985.5746584684226,sv_cpol
R12_CHN,igcc,2060,2070.0,M1,0.0,0.0,985.5746584684226,sv_cpol
R12_CHN,igcc,2060,2080.0,M1,0.0,0.0,985.5746584684226,sv_cpol
R12_CHN,igcc,2060,2090.0,M1,0.0,0.0,985.5746584684226,sv_cpol
R12_CHN,igcc,2070,2070.0,M1,0.0,0.0,1037.0714043931946,sv_cpol
R12_CHN,igcc,2070,2080.0,M1,0.0,0.0,1037.0714043931946,sv_cpol
R12_CHN,igcc,2070,2090.0,M1,0.0,0.0,1037.0714043931946,sv_cpol
R12_CHN,igcc,2080,2080.0,M1,0.0,0.0,1078.356143976155,sv_cpol
R12_CHN,igcc,2080,2090.0,M1,0.0,0.0,1078.356143976155,sv_cpol
R12_CHN,igcc,2080,2100.0,M1,0.0,0.0,1078.356143976155,sv_cpol
R12_CHN,igcc,2090,2090.0,M1,0.0,0.0,1114.4317210041932,sv_cpol
R12_CHN,igcc,2090,2100.0,M1,0.0,0.0,1114.4317210041932,sv_cpol
R12_CHN,igcc,2090,2110.0,M1,0.0,0.0,1114.4317210041932,sv_cpol
R12_CHN,igcc,2100,2100.0,M1,0.0,0.0,1145.0823008310808,sv_cpol
R12_CHN,igcc,2100,2110.0,M1,0.0,0.0,1145.0823008310808,sv_cpol
R12_CHN,igcc,2110,2110.0,M1,0.0,0.0,1145.0823008310808,sv_cpol
R12_CHN,igcc_ccs,2030,2030.0,M1,0.0,0.0,2843.5503319311647,sv_cpol
R12_CHN,igcc_ccs,2030,2035.0,M1,0.0,0.0,2843.5503319311647,sv_cpol
R12_CHN,igcc_ccs,2030,2040.0,M1,0.0,0.0,2843.5503319311647,sv_cpol
R12_CHN,igcc_ccs,2030,2045.0,M1,0.0,0.0,2843.5503319311647,sv_cpol
R12_CHN,igcc_ccs,2030,2050.0,M1,0.0,0.0,2843.5503319311647,sv_cpol
R12_CHN,igcc_ccs,2030,2055.0,M1,0.0,0.0,2843.5503319311647,sv_cpol
R12_CHN,igcc_ccs,2035,2035.0,M1,0.0,0.0,2791.5379358540617,sv_cpol
R12_CHN,igcc_ccs,2035,2040.0,M1,0.0,0.0,2791.5379358540617,sv_cpol
R12_CHN,igcc_ccs,2035,2045.0,M1,0.0,0.0,2791.5379358540617,sv_cpol
R12_CHN,igcc_ccs,2035,2050.0,M1,0.0,0.0,2791.5379358540617,sv_cpol
R12_CHN,igcc_ccs,2035,2055.0,M1,0.0,0.0,2791.5379358540617,sv_cpol
R12_CHN,igcc_ccs,2035,2060.0,M1,0.0,0.0,2791.5379358540617,sv_cpol
R12_CHN,igcc_ccs,2040,2040.0,M1,0.0,0.0,2737.17172452401,sv_cpol
R12_CHN,igcc_ccs,2040,2045.0,M1,0.0,0.0,2737.17172452401,sv_cpol
R12_CHN,igcc_ccs,2040,2050.0,M1,0.0,0.0,2737.17172452401,sv_cpol
R12_CHN,igcc_ccs,2040,2055.0,M1,0.0,0.0,2737.17172452401,sv_cpol
R12_CHN,igcc_ccs,2040,2060.0,M1,0.0,0.0,2737.17172452401,sv_cpol
R12_CHN,igcc_ccs,2040,2070.0,M1,0.0,0.0,2737.17172452401,sv_cpol
R12_CHN,igcc_ccs,2045,2045.0,M1,0.0,0.0,2702.871524225099,sv_cpol
R12_CHN,igcc_ccs,2045,2050.0,M1,0.0,0.0,2702.871524225099,sv_cpol
R12_CHN,igcc_ccs,2045,2055.0,M1,0.0,0.0,2702.871524225099,sv_cpol
R12_CHN,igcc_ccs,2045,2060.0,M1,0.0,0.0,2702.871524225099,sv_cpol
R12_CHN,igcc_ccs,2045,2070.0,M1,0.0,0.0,2702.871524225099,sv_cpol
R12_CHN,igcc_ccs,2050,2050.0,M1,0.0,0.0,2686.817440216417,sv_cpol
R12_CHN,igcc_ccs,2050,2055.0,M1,0.0,0.0,2686.817440216417,sv_cpol
R12_CHN,igcc_ccs,2050,2060.0,M1,0.0,0.0,2686.817440216417,sv_cpol
R12_CHN,igcc_ccs,2050,2070.0,M1,0.0,0.0,2686.817440216417,sv_cpol
R12_CHN,igcc_ccs,2050,2080.0,M1,0.0,0.0,2686.817440216417,sv_cpol
R12_CHN,igcc_ccs,2055,2055.0,M1,0.0,0.0,2680.869151011246,sv_cpol
R12_CHN,igcc_ccs,2055,2060.0,M1,0.0,0.0,2680.869151011246,sv_cpol
R12_CHN,igcc_ccs,2055,2070.0,M1,0.0,0.0,2680.869151011246,sv_cpol
R12_CHN,igcc_ccs,2055,2080.0,M1,0.0,0.0,2680.869151011246,sv_cpol
R12_CHN,igcc_ccs,2060,2060.0,M1,0.0,0.0,2691.7326491003814,sv_cpol
R12_CHN,igcc_ccs,2060,2070.0,M1,0.0,0.0,2691.7326491003814,sv_cpol
R12_CHN,igcc_ccs,2060,2080.0,M1,0.0,0.0,2691.7326491003814,sv_cpol
R12_CHN,igcc_ccs,2060,2090.0,M1,0.0,0.0,2691.7326491003814,sv_cpol
R12_CHN,igcc_ccs,2070,2070.0,M1,0.0,0.0,2737.7193971289903,sv_cpol
R12_CHN,igcc_ccs,2070,2080.0,M1,0.0,0.0,2737.7193971289903,sv_cpol
R12_CHN,igcc_ccs,2070,2090.0,M1,0.0,0.0,2737.7193971289903,sv_cpol
R12_CHN,igcc_ccs,2080,2080.0,M1,0.0,0.0,2780.214571741419,sv_cpol
R12_CHN,igcc_ccs,2080,2090.0,M1,0.0,0.0,2780.214571741419,sv_cpol
R12_CHN,igcc_ccs,2080,2100.0,M1,0.0,0.0,2780.214571741419,sv_cpol
R12_CHN,igcc_ccs,2090,2090.0,M1,0.0,0.0,2822.5733680124176,sv_cpol
R12_CHN,igcc_ccs,2090,2100.0,M1,0.0,0.0,2822.5733680124176,sv_cpol
R12_CHN,igcc_ccs,2090,2110.0,M1,0.0,0.0,2822.5733680124176,sv_cpol
R12_CHN,igcc_ccs,2100,2100.0,M1,0.0,0.0,2861.563485025729,sv_cpol
R12_CHN,igcc_ccs,2100,2110.0,M1,0.0,0.0,2861.563485025729,sv_cpol
R12_CHN,igcc_ccs,2110,2110.0,M1,0.0,0.0,2861.563485025729,sv_cpol
R12_PAS,coal_adv,1995,1995.0,M1,0.0,0.0,971.7,sv_cpol
R12_PAS,coal_adv,1995,2000.0,M1,0.0,,971.7,sv_cpol
R12_PAS,coal_adv,1995,2005.0,M1,0.0,,971.7,sv_cpol
R12_PAS,coal_adv,1995,2010.0,M1,0.0,,971.7,sv_cpol
R12_PAS,coal_adv,1995,2015.0,M1,0.0,,971.7,sv_cpol
R12_PAS,coal_adv,1995,2020.0,M1,0.0,,971.7,sv_cpol
R12_PAS,coal_adv,1995,2025.0,M1,0.0,,971.7,sv_cpol
R12_PAS,coal_adv,2000,2000.0,M1,0.0,0.0,971.7,sv_cpol
R12_PAS,coal_adv,2000,2005.0,M1,0.0,,971.7,sv_cpol
R12_PAS,coal_adv,2000,2010.0,M1,0.0,,971.7,sv_cpol
R12_PAS,coal_adv,2000,2015.0,M1,0.0,,971.7,sv_cpol
R12_PAS,coal_adv,2000,2020.0,M1,0.0,,971.7,sv_cpol
R12_PAS,coal_adv,2000,2025.0,M1,0.0,,971.7,sv_cpol
R12_PAS,coal_adv,2005,2005.0,M1,0.0,0.0,971.7,sv_cpol
R12_PAS,coal_adv,2005,2010.0,M1,0.0,,971.7,sv_cpol
R12_PAS,coal_adv,2005,2015.0,M1,0.0,,971.7,sv_cpol
R12_PAS,coal_adv,2005,2020.0,M1,0.0,,971.7,sv_cpol
R12_PAS,coal_adv,2005,2025.0,M1,0.0,,971.7,sv_cpol
R12_PAS,coal_adv,2005,2030.0,M1,0.0,,971.7,sv_cpol
R12_PAS,coal_adv,2010,2010.0,M1,0.0,0.0,971.7,sv_cpol
R12_PAS,coal_adv,2010,2015.0,M1,0.0,,971.7,sv_cpol
R12_PAS,coal_adv,2010,2020.0,M1,0.0,,971.7,sv_cpol
R12_PAS,coal_adv,2010,2025.0,M1,0.0,,971.7,sv_cpol
R12_PAS,coal_adv,2010,2030.0,M1,0.0,,971.7,sv_cpol
R12_PAS,coal_adv,2010,2035.0,M1,0.0,0.0,971.7,sv_cpol
R12_PAS,coal_adv,2015,2015.0,M1,0.0,0.0,971.7,sv_cpol
R12_PAS,coal_adv,2015,2020.0,M1,0.0,,971.7,sv_cpol
R12_PAS,coal_adv,2015,2025.0,M1,0.0,,971.7,sv_cpol
R12_PAS,coal_adv,2015,2030.0,M1,0.0,,971.7,sv_cpol
R12_PAS,coal_adv,2015,2035.0,M1,3.9173225000000005,4.69,971.7,sv_cpol
R12_PAS,coal_adv,2015,2040.0,M1,3.9865000000000004,4.69,971.7,sv_cpol
R12_PAS,coal_adv,2020,2020.0,M1,0.0,0.0,972.0,sv_cpol
R12_PAS,coal_adv,2020,2025.0,M1,0.0,,972.0,sv_cpol
R12_PAS,coal_adv,2020,2030.0,M1,0.0,,972.0,sv_cpol
R12_PAS,coal_adv,2020,2035.0,M1,1.520155,1.8199999999999998,972.0,sv_cpol
R12_PAS,coal_adv,2020,2040.0,M1,1.547,1.8199999999999998,972.0,sv_cpol
R12_PAS,coal_adv,2020,2045.0,M1,1.547,1.8199999999999998,972.0,sv_cpol
R12_PAS,coal_adv,2025,2025.0,M1,0.0,0.0,972.0,sv_cpol
R12_PAS,coal_adv,2025,2030.0,M1,0.0,,972.0,sv_cpol
R12_PAS,coal_adv,2025,2035.0,M1,0.0,0.0,972.0,sv_cpol
R12_PAS,coal_adv,2025,2040.0,M1,0.0,0.0,972.0,sv_cpol
R12_PAS,coal_adv,2025,2045.0,M1,0.0,0.0,972.0,sv_cpol
R12_PAS,coal_adv,2025,2050.0,M1,0.0,0.0,972.0,sv_cpol
R12_PAS,coal_adv,2030,2030.0,M1,0.0,0.0,934.4909907853679,sv_cpol
R12_PAS,coal_adv,2030,2035.0,M1,0.0,0.0,934.4909907853679,sv_cpol
R12_PAS,coal_adv,2030,2040.0,M1,0.0,0.0,934.4909907853679,sv_cpol
R12_PAS,coal_adv,2030,2045.0,M1,0.0,0.0,934.4909907853679,sv_cpol
R12_PAS,coal_adv,2030,2050.0,M1,0.0,0.0,934.4909907853679,sv_cpol
R12_PAS,coal_adv,2030,2055.0,M1,0.0,0.0,934.4909907853679,sv_cpol
R12_PAS,coal_adv,2035,2035.0,M1,0.0,0.0,904.8615713800205,sv_cpol
R12_PAS,coal_adv,2035,2040.0,M1,0.0,0.0,904.8615713800205,sv_cpol
R12_PAS,coal_adv,2035,2045.0,M1,0.0,0.0,904.8615713800205,sv_cpol
R12_PAS,coal_adv,2035,2050.0,M1,0.0,0.0,904.8615713800205,sv_cpol
R12_PAS,coal_adv,2035,2055.0,M1,0.0,0.0,904.8615713800205,sv_cpol
R12_PAS,coal_adv,2035,2060.0,M1,0.0,0.0,904.8615713800205,sv_cpol
R12_PAS,coal_adv,2040,2040.0,M1,0.0,0.0,880.5461209258247,sv_cpol
R12_PAS,coal_adv,2040,2045.0,M1,0.0,0.0,880.5461209258247,sv_cpol
R12_PAS,coal_adv,2040,2050.0,M1,0.0,0.0,880.5461209258247,sv_cpol
R12_PAS,coal_adv,2040,2055.0,M1,0.0,0.0,880.5461209258247,sv_cpol
R12_PAS,coal_adv,2040,2060.0,M1,0.0,0.0,880.5461209258247,sv_cpol
R12_PAS,coal_adv,2040,2070.0,M1,0.0,0.0,880.5461209258247,sv_cpol
R12_PAS,coal_adv,2045,2045.0,M1,0.0,0.0,861.367364497406,sv_cpol
R12_PAS,coal_adv,2045,2050.0,M1,0.0,0.0,861.367364497406,sv_cpol
R12_PAS,coal_adv,2045,2055.0,M1,0.0,0.0,861.367364497406,sv_cpol
R12_PAS,coal_adv,2045,2060.0,M1,0.0,0.0,861.367364497406,sv_cpol
R12_PAS,coal_adv,2045,2070.0,M1,0.0,0.0,861.367364497406,sv_cpol
R12_PAS,coal_adv,2050,2050.0,M1,0.0,0.0,847.1107246493111,sv_cpol
R12_PAS,coal_adv,2050,2055.0,M1,0.0,0.0,847.1107246493111,sv_cpol
R12_PAS,coal_adv,2050,2060.0,M1,0.0,0.0,847.1107246493111,sv_cpol
R12_PAS,coal_adv,2050,2070.0,M1,0.0,0.0,847.1107246493111,sv_cpol
R12_PAS,coal_adv,2050,2080.0,M1,0.0,0.0,847.1107246493111,sv_cpol
R12_PAS,coal_adv,2055,2055.0,M1,0.0,0.0,837.1821054464501,sv_cpol
R12_PAS,coal_adv,2055,2060.0,M1,0.0,0.0,837.1821054464501,sv_cpol
R12_PAS,coal_adv,2055,2070.0,M1,0.0,0.0,837.1821054464501,sv_cpol
R12_PAS,coal_adv,2055,2080.0,M1,0.0,0.0,837.1821054464501,sv_cpol
R12_PAS,coal_adv,2060,2060.0,M1,0.0,0.0,831.4416779376297,sv_cpol
R12_PAS,coal_adv,2060,2070.0,M1,0.0,0.0,831.4416779376297,sv_cpol
R12_PAS,coal_adv,2060,2080.0,M1,0.0,0.0,831.4416779376297,sv_cpol
R12_PAS,coal_adv,2060,2090.0,M1,0.0,0.0,831.4416779376297,sv_cpol
R12_PAS,coal_adv,2070,2070.0,M1,0.0,0.0,829.6113872185383,sv_cpol
R12_PAS,coal_adv,2070,2080.0,M1,0.0,0.0,829.6113872185383,sv_cpol
R12_PAS,coal_adv,2070,2090.0,M1,0.0,0.0,829.6113872185383,sv_cpol
R12_PAS,coal_adv,2080,2080.0,M1,0.0,0.0,836.4356163737359,sv_cpol
R12_PAS,coal_adv,2080,2090.0,M1,0.0,0.0,836.4356163737359,sv_cpol
R12_PAS,coal_adv,2080,2100.0,M1,0.0,0.0,836.4356163737359,sv_cpol
R12_PAS,coal_adv,2090,2090.0,M1,0.0,0.0,847.3450940842453,sv_cpol
R12_PAS,coal_adv,2090,2100.0,M1,0.0,0.0,847.3450940842453,sv_cpol
R12_PAS,coal_adv,2090,2110.0,M1,0.0,0.0,847.3450940842453,sv_cpol
R12_PAS,coal_adv,2100,2100.0,M1,0.0,0.0,861.1043052483562,sv_cpol
R12_PAS,coal_adv,2100,2110.0,M1,0.0,0.0,861.1043052483562,sv_cpol
R12_PAS,coal_adv,2110,2110.0,M1,0.0,0.0,861.1043052483562,sv_cpol
R12_PAS,coal_adv_ccs,2030,2030.0,M1,0.0,0.0,3007.156508411763,sv_cpol
R12_PAS,coal_adv_ccs,2030,2035.0,M1,0.0,0.0,3007.156508411763,sv_cpol
R12_PAS,coal_adv_ccs,2030,2040.0,M1,0.0,0.0,3007.156508411763,sv_cpol
R12_PAS,coal_adv_ccs,2030,2045.0,M1,0.0,0.0,3007.156508411763,sv_cpol
R12_PAS,coal_adv_ccs,2030,2050.0,M1,0.0,0.0,3007.156508411763,sv_cpol
R12_PAS,coal_adv_ccs,2030,2055.0,M1,0.0,0.0,3007.156508411763,sv_cpol
R12_PAS,coal_adv_ccs,2035,2035.0,M1,0.0,0.0,2886.3476435090506,sv_cpol
R12_PAS,coal_adv_ccs,2035,2040.0,M1,0.0,0.0,2886.3476435090506,sv_cpol
R12_PAS,coal_adv_ccs,2035,2045.0,M1,0.0,0.0,2886.3476435090506,sv_cpol
R12_PAS,coal_adv_ccs,2035,2050.0,M1,0.0,0.0,2886.3476435090506,sv_cpol
R12_PAS,coal_adv_ccs,2035,2055.0,M1,0.0,0.0,2886.3476435090506,sv_cpol
R12_PAS,coal_adv_ccs,2035,2060.0,M1,0.0,0.0,2886.3476435090506,sv_cpol
R12_PAS,coal_adv_ccs,2040,2040.0,M1,0.0,0.0,2788.5065473171308,sv_cpol
R12_PAS,coal_adv_ccs,2040,2045.0,M1,0.0,0.0,2788.5065473171308,sv_cpol
R12_PAS,coal_adv_ccs,2040,2050.0,M1,0.0,0.0,2788.5065473171308,sv_cpol
R12_PAS,coal_adv_ccs,2040,2055.0,M1,0.0,0.0,2788.5065473171308,sv_cpol
R12_PAS,coal_adv_ccs,2040,2060.0,M1,0.0,0.0,2788.5065473171308,sv_cpol
R12_PAS,coal_adv_ccs,2040,2070.0,M1,0.0,0.0,2788.5065473171308,sv_cpol
R12_PAS,coal_adv_ccs,2045,2045.0,M1,0.0,0.0,2710.7199233668925,sv_cpol
R12_PAS,coal_adv_ccs,2045,2050.0,M1,0.0,0.0,2710.7199233668925,sv_cpol
R12_PAS,coal_adv_ccs,2045,2055.0,M1,0.0,0.0,2710.7199233668925,sv_cpol
R12_PAS,coal_adv_ccs,2045,2060.0,M1,0.0,0.0,2710.7199233668925,sv_cpol
R12_PAS,coal_adv_ccs,2045,2070.0,M1,0.0,0.0,2710.7199233668925,sv_cpol
R12_PAS,coal_adv_ccs,2050,2050.0,M1,0.0,0.0,2650.5181860137377,sv_cpol
R12_PAS,coal_adv_ccs,2050,2055.0,M1,0.0,0.0,2650.5181860137377,sv_cpol
R12_PAS,coal_adv_ccs,2050,2060.0,M1,0.0,0.0,2650.5181860137377,sv_cpol
R12_PAS,coal_adv_ccs,2050,2070.0,M1,0.0,0.0,2650.5181860137377,sv_cpol
R12_PAS,coal_adv_ccs,2050,2080.0,M1,0.0,0.0,2650.5181860137377,sv_cpol
R12_PAS,coal_adv_ccs,2055,2055.0,M1,0.0,0.0,2605.1265208990385,sv_cpol
R12_PAS,coal_adv_ccs,2055,2060.0,M1,0.0,0.0,2605.1265208990385,sv_cpol
R12_PAS,coal_adv_ccs,2055,2070.0,M1,0.0,0.0,2605.1265208990385,sv_cpol
R12_PAS,coal_adv_ccs,2055,2080.0,M1,0.0,0.0,2605.1265208990385,sv_cpol
R12_PAS,coal_adv_ccs,2060,2060.0,M1,0.0,0.0,2572.9577274417015,sv_cpol
R12_PAS,coal_adv_ccs,2060,2070.0,M1,0.0,0.0,2572.9577274417015,sv_cpol
R12_PAS,coal_adv_ccs,2060,2080.0,M1,0.0,0.0,2572.9577274417015,sv_cpol
R12_PAS,coal_adv_ccs,2060,2090.0,M1,0.0,0.0,2572.9577274417015,sv_cpol
R12_PAS,coal_adv_ccs,2070,2070.0,M1,0.0,0.0,2538.758769385601,sv_cpol
R12_PAS,coal_adv_ccs,2070,2080.0,M1,0.0,0.0,2538.758769385601,sv_cpol
R12_PAS,coal_adv_ccs,2070,2090.0,M1,0.0,0.0,2538.758769385601,sv_cpol
R12_PAS,coal_adv_ccs,2080,2080.0,M1,0.0,0.0,2531.945303850548,sv_cpol
R12_PAS,coal_adv_ccs,2080,2090.0,M1,0.0,0.0,2531.945303850548,sv_cpol
R12_PAS,coal_adv_ccs,2080,2100.0,M1,0.0,0.0,2531.945303850548,sv_cpol
R12_PAS,coal_adv_ccs,2090,2090.0,M1,0.0,0.0,2539.92317993809,sv_cpol
R12_PAS,coal_adv_ccs,2090,2100.0,M1,0.0,0.0,2539.92317993809,sv_cpol
R12_PAS,coal_adv_ccs,2090,2110.0,M1,0.0,0.0,2539.92317993809,sv_cpol
R12_PAS,coal_adv_ccs,2100,2100.0,M1,0.0,0.0,2557.8183979108144,sv_cpol
R12_PAS,coal_adv_ccs,2100,2110.0,M1,0.0,0.0,2557.8183979108144,sv_cpol
R12_PAS,coal_adv_ccs,2110,2110.0,M1,0.0,0.0,2557.8183979108144,sv_cpol
R12_PAS,coal_ppl,1970,1970.0,M1,0.0,0.0,809.75,sv_cpol
R12_PAS,coal_ppl,1970,1975.0,M1,0.0,,809.75,sv_cpol
R12_PAS,coal_ppl,1970,1980.0,M1,0.0,,809.75,sv_cpol
R12_PAS,coal_ppl,1970,1985.0,M1,0.0,,809.75,sv_cpol
R12_PAS,coal_ppl,1970,1990.0,M1,0.0,,809.75,sv_cpol
R12_PAS,coal_ppl,1970,1995.0,M1,0.0,,809.75,sv_cpol
R12_PAS,coal_ppl,1970,2000.0,M1,0.0,,809.75,sv_cpol
R12_PAS,coal_ppl,1970,2005.0,M1,0.0,,809.75,sv_cpol
R12_PAS,coal_ppl,1970,2010.0,M1,0.0,,809.75,sv_cpol
R12_PAS,coal_ppl,1970,2015.0,M1,0.0,,809.75,sv_cpol
R12_PAS,coal_ppl,1970,2020.0,M1,0.0,,809.75,sv_cpol
R12_PAS,coal_ppl,1970,2025.0,M1,0.0,,809.75,sv_cpol
R12_PAS,coal_ppl,1975,1975.0,M1,0.0,0.0,809.75,sv_cpol
R12_PAS,coal_ppl,1975,1980.0,M1,0.0,,809.75,sv_cpol
R12_PAS,coal_ppl,1975,1985.0,M1,0.0,,809.75,sv_cpol
R12_PAS,coal_ppl,1975,1990.0,M1,0.0,,809.75,sv_cpol
R12_PAS,coal_ppl,1975,1995.0,M1,0.0,,809.75,sv_cpol
R12_PAS,coal_ppl,1975,2000.0,M1,0.0,,809.75,sv_cpol
R12_PAS,coal_ppl,1975,2005.0,M1,0.0,,809.75,sv_cpol
R12_PAS,coal_ppl,1975,2010.0,M1,0.0,,809.75,sv_cpol
R12_PAS,coal_ppl,1975,2015.0,M1,0.0,,809.75,sv_cpol
R12_PAS,coal_ppl,1975,2020.0,M1,0.0,,809.75,sv_cpol
R12_PAS,coal_ppl,1975,2025.0,M1,0.0,,809.75,sv_cpol
R12_PAS,coal_ppl,1980,1980.0,M1,0.0,0.0,809.75,sv_cpol
R12_PAS,coal_ppl,1980,1985.0,M1,0.0,,809.75,sv_cpol
R12_PAS,coal_ppl,1980,1990.0,M1,0.0,,809.75,sv_cpol
R12_PAS,coal_ppl,1980,1995.0,M1,0.0,,809.75,sv_cpol
R12_PAS,coal_ppl,1980,2000.0,M1,0.0,,809.75,sv_cpol
R12_PAS,coal_ppl,1980,2005.0,M1,0.0,,809.75,sv_cpol
R12_PAS,coal_ppl,1980,2010.0,M1,0.0,,809.75,sv_cpol
R12_PAS,coal_ppl,1980,2015.0,M1,0.0,,809.75,sv_cpol
R12_PAS,coal_ppl,1980,2020.0,M1,0.0,,809.75,sv_cpol
R12_PAS,coal_ppl,1980,2025.0,M1,0.0,,809.75,sv_cpol
R12_PAS,coal_ppl,1980,2030.0,M1,0.0,,809.75,sv_cpol
R12_PAS,coal_ppl,1985,1985.0,M1,0.0,0.0,809.75,sv_cpol
R12_PAS,coal_ppl,1985,1990.0,M1,0.0,,809.75,sv_cpol
R12_PAS,coal_ppl,1985,1995.0,M1,0.0,,809.75,sv_cpol
R12_PAS,coal_ppl,1985,2000.0,M1,0.0,,809.75,sv_cpol
R12_PAS,coal_ppl,1985,2005.0,M1,0.0,,809.75,sv_cpol
R12_PAS,coal_ppl,1985,2010.0,M1,0.0,,809.75,sv_cpol
R12_PAS,coal_ppl,1985,2015.0,M1,0.0,,809.75,sv_cpol
R12_PAS,coal_ppl,1985,2020.0,M1,0.0,,809.75,sv_cpol
R12_PAS,coal_ppl,1985,2025.0,M1,0.0,,809.75,sv_cpol
R12_PAS,coal_ppl,1985,2030.0,M1,0.0,,809.75,sv_cpol
R12_PAS,coal_ppl,1990,1990.0,M1,0.0,0.0,809.75,sv_cpol
R12_PAS,coal_ppl,1990,1995.0,M1,0.0,,809.75,sv_cpol
R12_PAS,coal_ppl,1990,2000.0,M1,0.0,,809.75,sv_cpol
R12_PAS,coal_ppl,1990,2005.0,M1,0.0,,809.75,sv_cpol
R12_PAS,coal_ppl,1990,2010.0,M1,0.0,,809.75,sv_cpol
R12_PAS,coal_ppl,1990,2015.0,M1,0.0,,809.75,sv_cpol
R12_PAS,coal_ppl,1990,2020.0,M1,0.0,,809.75,sv_cpol
R12_PAS,coal_ppl,1990,2025.0,M1,0.0,,809.75,sv_cpol
R12_PAS,coal_ppl,1990,2030.0,M1,0.0,,809.75,sv_cpol
R12_PAS,coal_ppl,1990,2035.0,M1,0.0,1.239455,809.75,sv_cpol
R12_PAS,coal_ppl,1995,1995.0,M1,0.0,0.0,809.75,sv_cpol
R12_PAS,coal_ppl,1995,2000.0,M1,0.0,,809.75,sv_cpol
R12_PAS,coal_ppl,1995,2005.0,M1,0.0,,809.75,sv_cpol
R12_PAS,coal_ppl,1995,2010.0,M1,0.0,,809.75,sv_cpol
R12_PAS,coal_ppl,1995,2015.0,M1,0.0,,809.75,sv_cpol
R12_PAS,coal_ppl,1995,2020.0,M1,0.0,,809.75,sv_cpol
R12_PAS,coal_ppl,1995,2025.0,M1,0.0,,809.75,sv_cpol
R12_PAS,coal_ppl,1995,2030.0,M1,0.0,,809.75,sv_cpol
R12_PAS,coal_ppl,1995,2035.0,M1,0.0,4.6055,809.75,sv_cpol
R12_PAS,coal_ppl,2000,2000.0,M1,0.0,0.0,809.75,sv_cpol
R12_PAS,coal_ppl,2000,2005.0,M1,0.0,,809.75,sv_cpol
R12_PAS,coal_ppl,2000,2010.0,M1,0.0,,809.75,sv_cpol
R12_PAS,coal_ppl,2000,2015.0,M1,0.0,,809.75,sv_cpol
R12_PAS,coal_ppl,2000,2020.0,M1,0.0,,809.75,sv_cpol
R12_PAS,coal_ppl,2000,2025.0,M1,0.0,,809.75,sv_cpol
R12_PAS,coal_ppl,2000,2030.0,M1,0.0,,809.75,sv_cpol
R12_PAS,coal_ppl,2000,2035.0,M1,4.9072000000000005,6.134,809.75,sv_cpol
R12_PAS,coal_ppl,2000,2040.0,M1,5.2139,6.134,809.75,sv_cpol
R12_PAS,coal_ppl,2005,2005.0,M1,0.0,0.0,809.75,sv_cpol
R12_PAS,coal_ppl,2005,2010.0,M1,0.0,,809.75,sv_cpol
R12_PAS,coal_ppl,2005,2015.0,M1,0.0,,809.75,sv_cpol
R12_PAS,coal_ppl,2005,2020.0,M1,0.0,,809.75,sv_cpol
R12_PAS,coal_ppl,2005,2025.0,M1,0.0,,809.75,sv_cpol
R12_PAS,coal_ppl,2005,2030.0,M1,0.0,,809.75,sv_cpol
R12_PAS,coal_ppl,2005,2035.0,M1,0.0,4.766,809.75,sv_cpol
R12_PAS,coal_ppl,2005,2040.0,M1,0.0,4.766,809.75,sv_cpol
R12_PAS,coal_ppl,2010,2010.0,M1,0.0,0.0,809.75,sv_cpol
R12_PAS,coal_ppl,2010,2015.0,M1,0.0,,809.75,sv_cpol
R12_PAS,coal_ppl,2010,2020.0,M1,0.0,,809.75,sv_cpol
R12_PAS,coal_ppl,2010,2025.0,M1,0.0,,809.75,sv_cpol
R12_PAS,coal_ppl,2010,2030.0,M1,0.0,,809.75,sv_cpol
R12_PAS,coal_ppl,2010,2035.0,M1,10.6344,13.293,809.75,sv_cpol
R12_PAS,coal_ppl,2010,2040.0,M1,0.0,13.293,809.75,sv_cpol
R12_PAS,coal_ppl,2010,2045.0,M1,0.0,13.293,809.75,sv_cpol
R12_PAS,coal_ppl,2015,2015.0,M1,0.0,0.0,809.75,sv_cpol
R12_PAS,coal_ppl,2015,2020.0,M1,0.0,,809.75,sv_cpol
R12_PAS,coal_ppl,2015,2025.0,M1,0.0,,809.75,sv_cpol
R12_PAS,coal_ppl,2015,2030.0,M1,0.0,,809.75,sv_cpol
R12_PAS,coal_ppl,2015,2035.0,M1,0.0,3.2845999999999997,809.75,sv_cpol
R12_PAS,coal_ppl,2015,2040.0,M1,2.7919099999999997,3.2845999999999997,809.75,sv_cpol
R12_PAS,coal_ppl,2015,2045.0,M1,0.0,3.2845999999999997,809.75,sv_cpol
R12_PAS,coal_ppl,2020,2020.0,M1,0.0,0.0,810.0,sv_cpol
R12_PAS,coal_ppl,2020,2025.0,M1,0.0,,810.0,sv_cpol
R12_PAS,coal_ppl,2020,2030.0,M1,0.0,,810.0,sv_cpol
R12_PAS,coal_ppl,2020,2035.0,M1,16.5032,20.628999999999998,810.0,sv_cpol
R12_PAS,coal_ppl,2020,2040.0,M1,0.0,20.628999999999998,810.0,sv_cpol
R12_PAS,coal_ppl,2020,2045.0,M1,0.0,20.628999999999998,810.0,sv_cpol
R12_PAS,coal_ppl,2020,2050.0,M1,0.0,20.628999999999998,810.0,sv_cpol
R12_PAS,coal_ppl,2025,2025.0,M1,0.0,0.0,810.0,sv_cpol
R12_PAS,coal_ppl,2025,2030.0,M1,0.0,,810.0,sv_cpol
R12_PAS,coal_ppl,2025,2035.0,M1,3.5005703602623264,19.378999999999998,810.0,sv_cpol
R12_PAS,coal_ppl,2025,2040.0,M1,0.0,19.378999999999998,810.0,sv_cpol
R12_PAS,coal_ppl,2025,2045.0,M1,0.0,19.378999999999998,810.0,sv_cpol
R12_PAS,coal_ppl,2025,2050.0,M1,0.0,19.378999999999998,810.0,sv_cpol
R12_PAS,coal_ppl,2030,2030.0,M1,0.0,0.0,800.6876207004158,sv_cpol
R12_PAS,coal_ppl,2030,2035.0,M1,0.0,18.128999999999998,800.6876207004158,sv_cpol
R12_PAS,coal_ppl,2030,2040.0,M1,0.0,18.128999999999998,800.6876207004158,sv_cpol
R12_PAS,coal_ppl,2030,2045.0,M1,0.0,18.128999999999998,800.6876207004158,sv_cpol
R12_PAS,coal_ppl,2030,2050.0,M1,0.0,18.128999999999998,800.6876207004158,sv_cpol
R12_PAS,coal_ppl,2030,2055.0,M1,0.0,18.128999999999998,800.6876207004158,sv_cpol
R12_PAS,coal_ppl,2035,2035.0,M1,0.0,16.878999999999998,793.6762441195559,sv_cpol
R12_PAS,coal_ppl,2035,2040.0,M1,0.0,16.878999999999998,793.6762441195559,sv_cpol
R12_PAS,coal_ppl,2035,2045.0,M1,0.0,16.878999999999998,793.6762441195559,sv_cpol
R12_PAS,coal_ppl,2035,2050.0,M1,0.0,16.878999999999998,793.6762441195559,sv_cpol
R12_PAS,coal_ppl,2035,2055.0,M1,0.0,16.878999999999998,793.6762441195559,sv_cpol
R12_PAS,coal_ppl,2035,2060.0,M1,4.468876476598361,16.878999999999998,793.6762441195559,sv_cpol
R12_PAS,coal_ppl,2040,2040.0,M1,8.817346841881694,15.629,787.4691721846372,sv_cpol
R12_PAS,coal_ppl,2040,2045.0,M1,0.0,15.629,787.4691721846372,sv_cpol
R12_PAS,coal_ppl,2040,2050.0,M1,0.0,15.629,787.4691721846372,sv_cpol
R12_PAS,coal_ppl,2040,2055.0,M1,0.0,15.629,787.4691721846372,sv_cpol
R12_PAS,coal_ppl,2040,2060.0,M1,0.0,15.629,787.4691721846372,sv_cpol
R12_PAS,coal_ppl,2040,2070.0,M1,0.0,0.0,787.4691721846372,sv_cpol
R12_PAS,coal_ppl,2045,2045.0,M1,0.0,14.379,782.6528528303388,sv_cpol
R12_PAS,coal_ppl,2045,2050.0,M1,0.0,14.379,782.6528528303388,sv_cpol
R12_PAS,coal_ppl,2045,2055.0,M1,0.0,14.379,782.6528528303388,sv_cpol
R12_PAS,coal_ppl,2045,2060.0,M1,0.0,14.379,782.6528528303388,sv_cpol
R12_PAS,coal_ppl,2045,2070.0,M1,0.0,0.0,782.6528528303388,sv_cpol
R12_PAS,coal_ppl,2050,2050.0,M1,0.0,0.0,779.7066487015863,sv_cpol
R12_PAS,coal_ppl,2050,2055.0,M1,0.0,0.0,779.7066487015863,sv_cpol
R12_PAS,coal_ppl,2050,2060.0,M1,0.0,0.0,779.7066487015863,sv_cpol
R12_PAS,coal_ppl,2050,2070.0,M1,0.0,0.0,779.7066487015863,sv_cpol
R12_PAS,coal_ppl,2050,2080.0,M1,0.0,0.0,779.7066487015863,sv_cpol
R12_PAS,coal_ppl,2055,2055.0,M1,0.0,0.0,778.6467851215191,sv_cpol
R12_PAS,coal_ppl,2055,2060.0,M1,0.0,0.0,778.6467851215191,sv_cpol
R12_PAS,coal_ppl,2055,2070.0,M1,0.0,0.0,778.6467851215191,sv_cpol
R12_PAS,coal_ppl,2055,2080.0,M1,0.0,0.0,778.6467851215191,sv_cpol
R12_PAS,coal_ppl,2060,2060.0,M1,0.0,0.0,779.8354815602511,sv_cpol
R12_PAS,coal_ppl,2060,2070.0,M1,0.0,0.0,779.8354815602511,sv_cpol
R12_PAS,coal_ppl,2060,2080.0,M1,0.0,0.0,779.8354815602511,sv_cpol
R12_PAS,coal_ppl,2060,2090.0,M1,0.0,0.0,779.8354815602511,sv_cpol
R12_PAS,coal_ppl,2070,2070.0,M1,0.0,0.0,787.6294056331444,sv_cpol
R12_PAS,coal_ppl,2070,2080.0,M1,0.0,0.0,787.6294056331444,sv_cpol
R12_PAS,coal_ppl,2070,2090.0,M1,0.0,0.0,787.6294056331444,sv_cpol
R12_PAS,coal_ppl,2080,2080.0,M1,0.0,0.0,800.2902314045034,sv_cpol
R12_PAS,coal_ppl,2080,2090.0,M1,0.0,0.0,800.2902314045034,sv_cpol
R12_PAS,coal_ppl,2080,2100.0,M1,0.0,0.0,800.2902314045034,sv_cpol
R12_PAS,coal_ppl,2090,2090.0,M1,0.0,0.0,814.7059399012335,sv_cpol
R12_PAS,coal_ppl,2090,2100.0,M1,0.0,0.0,814.7059399012335,sv_cpol
R12_PAS,coal_ppl,2090,2110.0,M1,0.0,0.0,814.7059399012335,sv_cpol
R12_PAS,coal_ppl,2100,2100.0,M1,0.0,0.0,830.5611505759277,sv_cpol
R12_PAS,coal_ppl,2100,2110.0,M1,0.0,0.0,830.5611505759277,sv_cpol
R12_PAS,coal_ppl,2110,2110.0,M1,0.0,0.0,830.5611505759277,sv_cpol
R12_PAS,coal_ppl_u,1965,1965.0,M1,0.0,0.0,564.29,sv_cpol
R12_PAS,coal_ppl_u,1965,1970.0,M1,0.0,,564.29,sv_cpol
R12_PAS,coal_ppl_u,1965,1975.0,M1,0.0,,564.29,sv_cpol
R12_PAS,coal_ppl_u,1965,1980.0,M1,0.0,,564.29,sv_cpol
R12_PAS,coal_ppl_u,1965,1985.0,M1,0.0,,564.29,sv_cpol
R12_PAS,coal_ppl_u,1965,1990.0,M1,0.0,,564.29,sv_cpol
R12_PAS,coal_ppl_u,1965,1995.0,M1,0.0,,564.29,sv_cpol
R12_PAS,coal_ppl_u,1965,2000.0,M1,0.0,,564.29,sv_cpol
R12_PAS,coal_ppl_u,1965,2005.0,M1,0.0,,564.29,sv_cpol
R12_PAS,coal_ppl_u,1965,2010.0,M1,0.0,,564.29,sv_cpol
R12_PAS,coal_ppl_u,1965,2015.0,M1,0.0,,564.29,sv_cpol
R12_PAS,coal_ppl_u,1965,2020.0,M1,0.0,,564.29,sv_cpol
R12_PAS,coal_ppl_u,1965,2025.0,M1,0.0,,564.29,sv_cpol
R12_PAS,coal_ppl_u,1970,1970.0,M1,0.0,0.0,564.29,sv_cpol
R12_PAS,coal_ppl_u,1970,1975.0,M1,0.0,,564.29,sv_cpol
R12_PAS,coal_ppl_u,1970,1980.0,M1,0.0,,564.29,sv_cpol
R12_PAS,coal_ppl_u,1970,1985.0,M1,0.0,,564.29,sv_cpol
R12_PAS,coal_ppl_u,1970,1990.0,M1,0.0,,564.29,sv_cpol
R12_PAS,coal_ppl_u,1970,1995.0,M1,0.0,,564.29,sv_cpol
R12_PAS,coal_ppl_u,1970,2000.0,M1,0.0,,564.29,sv_cpol
R12_PAS,coal_ppl_u,1970,2005.0,M1,0.0,,564.29,sv_cpol
R12_PAS,coal_ppl_u,1970,2010.0,M1,0.0,,564.29,sv_cpol
R12_PAS,coal_ppl_u,1970,2015.0,M1,0.0,,564.29,sv_cpol
R12_PAS,coal_ppl_u,1970,2020.0,M1,0.0,,564.29,sv_cpol
R12_PAS,coal_ppl_u,1970,2025.0,M1,0.0,,564.29,sv_cpol
R12_PAS,coal_ppl_u,1975,1975.0,M1,0.0,0.0,564.29,sv_cpol
R12_PAS,coal_ppl_u,1975,1980.0,M1,0.0,,564.29,sv_cpol
R12_PAS,coal_ppl_u,1975,1985.0,M1,0.0,,564.29,sv_cpol
R12_PAS,coal_ppl_u,1975,1990.0,M1,0.0,,564.29,sv_cpol
R12_PAS,coal_ppl_u,1975,1995.0,M1,0.0,,564.29,sv_cpol
R12_PAS,coal_ppl_u,1975,2000.0,M1,0.0,,564.29,sv_cpol
R12_PAS,coal_ppl_u,1975,2005.0,M1,0.0,,564.29,sv_cpol
R12_PAS,coal_ppl_u,1975,2010.0,M1,0.0,,564.29,sv_cpol
R12_PAS,coal_ppl_u,1975,2015.0,M1,0.0,,564.29,sv_cpol
R12_PAS,coal_ppl_u,1975,2020.0,M1,0.0,,564.29,sv_cpol
R12_PAS,coal_ppl_u,1975,2025.0,M1,0.0,,564.29,sv_cpol
R12_PAS,coal_ppl_u,1975,2030.0,M1,0.0,,564.29,sv_cpol
R12_PAS,coal_ppl_u,1980,1980.0,M1,0.0,0.0,564.29,sv_cpol
R12_PAS,coal_ppl_u,1980,1985.0,M1,0.0,,564.29,sv_cpol
R12_PAS,coal_ppl_u,1980,1990.0,M1,0.0,,564.29,sv_cpol
R12_PAS,coal_ppl_u,1980,1995.0,M1,0.0,,564.29,sv_cpol
R12_PAS,coal_ppl_u,1980,2000.0,M1,0.0,,564.29,sv_cpol
R12_PAS,coal_ppl_u,1980,2005.0,M1,0.0,,564.29,sv_cpol
R12_PAS,coal_ppl_u,1980,2010.0,M1,0.0,,564.29,sv_cpol
R12_PAS,coal_ppl_u,1980,2015.0,M1,0.0,,564.29,sv_cpol
R12_PAS,coal_ppl_u,1980,2020.0,M1,0.0,,564.29,sv_cpol
R12_PAS,coal_ppl_u,1980,2025.0,M1,0.0,,564.29,sv_cpol
R12_PAS,coal_ppl_u,1980,2030.0,M1,0.0,,564.29,sv_cpol
R12_PAS,coal_ppl_u,1985,1985.0,M1,0.0,0.0,564.29,sv_cpol
R12_PAS,coal_ppl_u,1985,1990.0,M1,0.0,,564.29,sv_cpol
R12_PAS,coal_ppl_u,1985,1995.0,M1,0.0,,564.29,sv_cpol
R12_PAS,coal_ppl_u,1985,2000.0,M1,0.0,,564.29,sv_cpol
R12_PAS,coal_ppl_u,1985,2005.0,M1,0.0,,564.29,sv_cpol
R12_PAS,coal_ppl_u,1985,2010.0,M1,0.0,,564.29,sv_cpol
R12_PAS,coal_ppl_u,1985,2015.0,M1,0.0,,564.29,sv_cpol
R12_PAS,coal_ppl_u,1985,2020.0,M1,0.0,,564.29,sv_cpol
R12_PAS,coal_ppl_u,1985,2025.0,M1,0.0,,564.29,sv_cpol
R12_PAS,coal_ppl_u,1985,2030.0,M1,0.0,,564.29,sv_cpol
R12_PAS,coal_ppl_u,1985,2035.0,M1,0.0,1.299101,564.29,sv_cpol
R12_PAS,coal_ppl_u,1990,1990.0,M1,0.0,0.0,564.29,sv_cpol
R12_PAS,coal_ppl_u,1990,1995.0,M1,0.0,,564.29,sv_cpol
R12_PAS,coal_ppl_u,1990,2000.0,M1,0.0,,564.29,sv_cpol
R12_PAS,coal_ppl_u,1990,2005.0,M1,0.0,,564.29,sv_cpol
R12_PAS,coal_ppl_u,1990,2010.0,M1,0.0,,564.29,sv_cpol
R12_PAS,coal_ppl_u,1990,2015.0,M1,0.0,,564.29,sv_cpol
R12_PAS,coal_ppl_u,1990,2020.0,M1,0.0,,564.29,sv_cpol
R12_PAS,coal_ppl_u,1990,2025.0,M1,0.0,,564.29,sv_cpol
R12_PAS,coal_ppl_u,1990,2030.0,M1,0.0,,564.29,sv_cpol
R12_PAS,coal_ppl_u,1990,2035.0,M1,0.0,2.132959,564.29,sv_cpol
R12_PAS,coal_ppl_u,1995,1995.0,M1,0.0,0.0,564.29,sv_cpol
R12_PAS,coal_ppl_u,1995,2000.0,M1,0.0,,564.29,sv_cpol
R12_PAS,coal_ppl_u,1995,2005.0,M1,0.0,,564.29,sv_cpol
R12_PAS,coal_ppl_u,1995,2010.0,M1,0.0,,564.29,sv_cpol
R12_PAS,coal_ppl_u,1995,2015.0,M1,0.0,,564.29,sv_cpol
R12_PAS,coal_ppl_u,1995,2020.0,M1,0.0,,564.29,sv_cpol
R12_PAS,coal_ppl_u,1995,2025.0,M1,0.0,,564.29,sv_cpol
R12_PAS,coal_ppl_u,1995,2030.0,M1,0.0,,564.29,sv_cpol
R12_PAS,coal_ppl_u,1995,2035.0,M1,0.0,2.50953,564.29,sv_cpol
R12_PAS,coal_ppl_u,1995,2040.0,M1,0.0,2.50953,564.29,sv_cpol
R12_PAS,coal_ppl_u,2000,2000.0,M1,0.0,0.0,564.29,sv_cpol
R12_PAS,coal_ppl_u,2000,2005.0,M1,0.0,,564.29,sv_cpol
R12_PAS,coal_ppl_u,2000,2010.0,M1,0.0,,564.29,sv_cpol
R12_PAS,coal_ppl_u,2000,2015.0,M1,0.0,,564.29,sv_cpol
R12_PAS,coal_ppl_u,2000,2020.0,M1,0.0,,564.29,sv_cpol
R12_PAS,coal_ppl_u,2000,2025.0,M1,0.0,,564.29,sv_cpol
R12_PAS,coal_ppl_u,2000,2030.0,M1,0.0,,564.29,sv_cpol
R12_PAS,coal_ppl_u,2000,2035.0,M1,0.0,8.363315,564.29,sv_cpol
R12_PAS,coal_ppl_u,2000,2040.0,M1,0.0,8.363315,564.29,sv_cpol
R12_PAS,coal_ppl_u,2005,2005.0,M1,0.0,0.0,564.29,sv_cpol
R12_PAS,coal_ppl_u,2005,2010.0,M1,0.0,,564.29,sv_cpol
R12_PAS,coal_ppl_u,2005,2015.0,M1,0.0,,564.29,sv_cpol
R12_PAS,coal_ppl_u,2005,2020.0,M1,0.0,,564.29,sv_cpol
R12_PAS,coal_ppl_u,2005,2025.0,M1,0.0,,564.29,sv_cpol
R12_PAS,coal_ppl_u,2005,2030.0,M1,0.0,,564.29,sv_cpol
R12_PAS,coal_ppl_u,2005,2035.0,M1,0.0,0.84334,564.29,sv_cpol
R12_PAS,coal_ppl_u,2005,2040.0,M1,0.0,0.84334,564.29,sv_cpol
R12_PAS,coal_ppl_u,2005,2045.0,M1,0.0,0.84334,564.29,sv_cpol
R12_PAS,coal_ppl_u,2010,2010.0,M1,0.0,0.0,564.29,sv_cpol
R12_PAS,coal_ppl_u,2010,2015.0,M1,0.0,,564.29,sv_cpol
R12_PAS,coal_ppl_u,2010,2020.0,M1,0.0,,564.29,sv_cpol
R12_PAS,coal_ppl_u,2010,2025.0,M1,0.0,,564.29,sv_cpol
R12_PAS,coal_ppl_u,2010,2030.0,M1,0.0,,564.29,sv_cpol
R12_PAS,coal_ppl_u,2010,2035.0,M1,0.0,3.979759,564.29,sv_cpol
R12_PAS,coal_ppl_u,2010,2040.0,M1,0.0,3.979759,564.29,sv_cpol
R12_PAS,coal_ppl_u,2010,2045.0,M1,0.0,3.979759,564.29,sv_cpol
R12_PAS,coal_ppl_u,2015,2015.0,M1,0.0,0.0,564.29,sv_cpol
R12_PAS,coal_ppl_u,2015,2020.0,M1,0.0,,564.29,sv_cpol
R12_PAS,coal_ppl_u,2015,2025.0,M1,0.0,,564.29,sv_cpol
R12_PAS,coal_ppl_u,2015,2030.0,M1,0.0,,564.29,sv_cpol
R12_PAS,coal_ppl_u,2015,2035.0,M1,0.0,12.077099999999998,564.29,sv_cpol
R12_PAS,coal_ppl_u,2015,2040.0,M1,0.0,12.077099999999998,564.29,sv_cpol
R12_PAS,coal_ppl_u,2015,2045.0,M1,0.0,12.077099999999998,564.29,sv_cpol
R12_PAS,coal_ppl_u,2020,2020.0,M1,0.0,0.0,564.4444444444445,sv_cpol
R12_PAS,coal_ppl_u,2020,2025.0,M1,0.0,,564.4444444444445,sv_cpol
R12_PAS,coal_ppl_u,2020,2030.0,M1,0.0,,564.4444444444445,sv_cpol
R12_PAS,coal_ppl_u,2020,2035.0,M1,0.0,7.70387,564.4444444444445,sv_cpol
R12_PAS,coal_ppl_u,2020,2040.0,M1,0.0,7.70387,564.4444444444445,sv_cpol
R12_PAS,coal_ppl_u,2020,2045.0,M1,0.0,7.70387,564.4444444444445,sv_cpol
R12_PAS,gas_cc,1985,1985.0,M1,0.0,,,sv_cpol
R12_PAS,gas_cc,1985,1990.0,M1,0.0,,,sv_cpol
R12_PAS,gas_cc,1985,1995.0,M1,0.0,,,sv_cpol
R12_PAS,gas_cc,1985,2000.0,M1,0.0,,,sv_cpol
R12_PAS,gas_cc,1985,2005.0,M1,0.0,,,sv_cpol
R12_PAS,gas_cc,1985,2010.0,M1,0.0,,,sv_cpol
R12_PAS,gas_cc,1985,2015.0,M1,0.0,,,sv_cpol
R12_PAS,gas_cc,1985,2020.0,M1,0.0,,,sv_cpol
R12_PAS,gas_cc,1985,2025.0,M1,0.0,,,sv_cpol
R12_PAS,gas_cc,1990,1990.0,M1,0.0,,,sv_cpol
R12_PAS,gas_cc,1990,1995.0,M1,0.0,,,sv_cpol
R12_PAS,gas_cc,1990,2000.0,M1,0.0,,,sv_cpol
R12_PAS,gas_cc,1990,2005.0,M1,0.0,,,sv_cpol
R12_PAS,gas_cc,1990,2010.0,M1,0.0,,,sv_cpol
R12_PAS,gas_cc,1990,2015.0,M1,0.0,,,sv_cpol
R12_PAS,gas_cc,1990,2020.0,M1,0.0,,,sv_cpol
R12_PAS,gas_cc,1990,2025.0,M1,0.0,,,sv_cpol
R12_PAS,gas_cc,1995,1995.0,M1,0.0,,,sv_cpol
R12_PAS,gas_cc,1995,2000.0,M1,0.0,,,sv_cpol
R12_PAS,gas_cc,1995,2005.0,M1,0.0,,,sv_cpol
R12_PAS,gas_cc,1995,2010.0,M1,0.0,,,sv_cpol
R12_PAS,gas_cc,1995,2015.0,M1,0.0,,,sv_cpol
R12_PAS,gas_cc,1995,2020.0,M1,0.0,,,sv_cpol
R12_PAS,gas_cc,1995,2025.0,M1,0.0,,,sv_cpol
R12_PAS,gas_cc,1995,2030.0,M1,0.0,,,sv_cpol
R12_PAS,gas_cc,2000,2000.0,M1,0.0,,,sv_cpol
R12_PAS,gas_cc,2000,2005.0,M1,0.0,,,sv_cpol
R12_PAS,gas_cc,2000,2010.0,M1,0.0,,,sv_cpol
R12_PAS,gas_cc,2000,2015.0,M1,0.0,,,sv_cpol
R12_PAS,gas_cc,2000,2020.0,M1,0.0,,,sv_cpol
R12_PAS,gas_cc,2000,2025.0,M1,0.0,,,sv_cpol
R12_PAS,gas_cc,2000,2030.0,M1,0.0,,,sv_cpol
R12_PAS,gas_cc,2005,2005.0,M1,0.0,,,sv_cpol
R12_PAS,gas_cc,2005,2010.0,M1,0.0,,,sv_cpol
R12_PAS,gas_cc,2005,2015.0,M1,0.0,,,sv_cpol
R12_PAS,gas_cc,2005,2020.0,M1,0.0,,,sv_cpol
R12_PAS,gas_cc,2005,2025.0,M1,0.0,,,sv_cpol
R12_PAS,gas_cc,2005,2030.0,M1,0.0,,,sv_cpol
R12_PAS,gas_cc,2005,2035.0,M1,15.537620700000002,,,sv_cpol
R12_PAS,gas_cc,2010,2010.0,M1,0.0,,,sv_cpol
R12_PAS,gas_cc,2010,2015.0,M1,0.0,,,sv_cpol
R12_PAS,gas_cc,2010,2020.0,M1,0.0,,,sv_cpol
R12_PAS,gas_cc,2010,2025.0,M1,0.0,,,sv_cpol
R12_PAS,gas_cc,2010,2030.0,M1,0.0,,,sv_cpol
R12_PAS,gas_cc,2010,2035.0,M1,15.706226025000001,,,sv_cpol
R12_PAS,gas_cc,2015,2015.0,M1,0.0,,,sv_cpol
R12_PAS,gas_cc,2015,2020.0,M1,0.0,,,sv_cpol
R12_PAS,gas_cc,2015,2025.0,M1,0.0,,,sv_cpol
R12_PAS,gas_cc,2015,2030.0,M1,0.0,,,sv_cpol
R12_PAS,gas_cc,2015,2035.0,M1,22.318256362499998,,,sv_cpol
R12_PAS,gas_cc,2015,2040.0,M1,24.089546549999998,,,sv_cpol
R12_PAS,gas_cc,2020,2020.0,M1,0.0,,,sv_cpol
R12_PAS,gas_cc,2020,2025.0,M1,0.0,,,sv_cpol
R12_PAS,gas_cc,2020,2030.0,M1,0.0,,,sv_cpol
R12_PAS,gas_cc,2020,2035.0,M1,16.114062825,,,sv_cpol
R12_PAS,gas_cc,2020,2040.0,M1,17.3929567,,,sv_cpol
R12_PAS,gas_cc,2020,2045.0,M1,17.3929567,,,sv_cpol
R12_PAS,gas_cc,2025,2025.0,M1,0.0,,,sv_cpol
R12_PAS,gas_cc,2025,2030.0,M1,0.0,,,sv_cpol
R12_PAS,gas_cc,2025,2035.0,M1,0.0,,,sv_cpol
R12_PAS,gas_cc,2025,2040.0,M1,0.0,,,sv_cpol
R12_PAS,gas_cc,2025,2045.0,M1,0.0,,,sv_cpol
R12_PAS,gas_cc,2025,2050.0,M1,0.0,,,sv_cpol
R12_PAS,gas_cc,2030,2030.0,M1,0.0,,,sv_cpol
R12_PAS,gas_cc,2030,2035.0,M1,0.07329502054912386,,,sv_cpol
R12_PAS,gas_cc,2030,2040.0,M1,0.07911208567207019,,,sv_cpol
R12_PAS,gas_cc,2030,2045.0,M1,0.07911208567207019,,,sv_cpol
R12_PAS,gas_cc,2030,2050.0,M1,0.07911208567207019,,,sv_cpol
R12_PAS,gas_cc,2030,2055.0,M1,0.07911208567207019,,,sv_cpol
R12_PAS,gas_cc,2035,2035.0,M1,45.583538948570066,,,sv_cpol
R12_PAS,gas_cc,2035,2040.0,M1,49.201280134964506,,,sv_cpol
R12_PAS,gas_cc,2035,2045.0,M1,49.201280134964506,,,sv_cpol
R12_PAS,gas_cc,2035,2050.0,M1,49.201280134964506,,,sv_cpol
R12_PAS,gas_cc,2035,2055.0,M1,49.201280134964506,,,sv_cpol
R12_PAS,gas_cc,2035,2060.0,M1,49.201280134964506,,,sv_cpol
R12_PAS,gas_cc,2040,2040.0,M1,45.756775,,,sv_cpol
R12_PAS,gas_cc,2040,2045.0,M1,45.756775,,,sv_cpol
R12_PAS,gas_cc,2040,2050.0,M1,45.756775,,,sv_cpol
R12_PAS,gas_cc,2040,2055.0,M1,45.756775,,,sv_cpol
R12_PAS,gas_cc,2040,2060.0,M1,45.756775,,,sv_cpol
R12_PAS,gas_cc,2040,2070.0,M1,22.8783875,,,sv_cpol
R12_PAS,gas_cc,2045,2045.0,M1,50.7671,,,sv_cpol
R12_PAS,gas_cc,2045,2050.0,M1,50.7671,,,sv_cpol
R12_PAS,gas_cc,2045,2055.0,M1,50.7671,,,sv_cpol
R12_PAS,gas_cc,2045,2060.0,M1,50.7671,,,sv_cpol
R12_PAS,gas_cc,2045,2070.0,M1,50.7671,,,sv_cpol
R12_PAS,gas_cc,2050,2050.0,M1,21.76133309352357,,,sv_cpol
R12_PAS,gas_cc,2050,2055.0,M1,21.76133309352357,,,sv_cpol
R12_PAS,gas_cc,2050,2060.0,M1,21.76133309352357,,,sv_cpol
R12_PAS,gas_cc,2050,2070.0,M1,21.76133309352357,,,sv_cpol
R12_PAS,gas_cc,2050,2080.0,M1,10.880666546761786,,,sv_cpol
R12_PAS,gas_cc,2055,2055.0,M1,27.954372383202568,,,sv_cpol
R12_PAS,gas_cc,2055,2060.0,M1,27.954372383202568,,,sv_cpol
R12_PAS,gas_cc,2055,2070.0,M1,27.954372383202568,,,sv_cpol
R12_PAS,gas_cc,2055,2080.0,M1,27.954372383202568,,,sv_cpol
R12_PAS,gas_cc,2060,2060.0,M1,0.0,,,sv_cpol
R12_PAS,gas_cc,2060,2070.0,M1,0.0,,,sv_cpol
R12_PAS,gas_cc,2060,2080.0,M1,0.0,,,sv_cpol
R12_PAS,gas_cc,2060,2090.0,M1,0.0,,,sv_cpol
R12_PAS,gas_cc,2070,2070.0,M1,35.29508686408581,,,sv_cpol
R12_PAS,gas_cc,2070,2080.0,M1,35.29508686408581,,,sv_cpol
R12_PAS,gas_cc,2070,2090.0,M1,35.29508686408581,,,sv_cpol
R12_PAS,gas_cc,2080,2080.0,M1,55.851538054401814,,,sv_cpol
R12_PAS,gas_cc,2080,2090.0,M1,55.851538054401814,,,sv_cpol
R12_PAS,gas_cc,2080,2100.0,M1,55.851538054401814,,,sv_cpol
R12_PAS,gas_cc,2090,2090.0,M1,35.13689515763547,,,sv_cpol
R12_PAS,gas_cc,2090,2100.0,M1,35.13689515763547,,,sv_cpol
R12_PAS,gas_cc,2090,2110.0,M1,35.13689515763547,,,sv_cpol
R12_PAS,gas_cc,2100,2100.0,M1,20.88228831240485,,,sv_cpol
R12_PAS,gas_cc,2100,2110.0,M1,20.88228831240485,,,sv_cpol
R12_PAS,gas_cc,2110,2110.0,M1,31.611930762843855,,,sv_cpol
R12_PAS,gas_cc_ccs,2030,2030.0,M1,0.0,,,sv_cpol
R12_PAS,gas_cc_ccs,2030,2035.0,M1,0.0,,,sv_cpol
R12_PAS,gas_cc_ccs,2030,2040.0,M1,0.0,,,sv_cpol
R12_PAS,gas_cc_ccs,2030,2045.0,M1,0.0,,,sv_cpol
R12_PAS,gas_cc_ccs,2030,2050.0,M1,0.0,,,sv_cpol
R12_PAS,gas_cc_ccs,2030,2055.0,M1,0.0,,,sv_cpol
R12_PAS,gas_cc_ccs,2035,2035.0,M1,0.0,,,sv_cpol
R12_PAS,gas_cc_ccs,2035,2040.0,M1,0.0,,,sv_cpol
R12_PAS,gas_cc_ccs,2035,2045.0,M1,0.0,,,sv_cpol
R12_PAS,gas_cc_ccs,2035,2050.0,M1,0.0,,,sv_cpol
R12_PAS,gas_cc_ccs,2035,2055.0,M1,0.0,,,sv_cpol
R12_PAS,gas_cc_ccs,2035,2060.0,M1,0.0,,,sv_cpol
R12_PAS,gas_cc_ccs,2040,2040.0,M1,0.0,,,sv_cpol
R12_PAS,gas_cc_ccs,2040,2045.0,M1,0.0,,,sv_cpol
R12_PAS,gas_cc_ccs,2040,2050.0,M1,0.0,,,sv_cpol
R12_PAS,gas_cc_ccs,2040,2055.0,M1,0.0,,,sv_cpol
R12_PAS,gas_cc_ccs,2040,2060.0,M1,0.0,,,sv_cpol
R12_PAS,gas_cc_ccs,2040,2070.0,M1,0.0,,,sv_cpol
R12_PAS,gas_cc_ccs,2045,2045.0,M1,0.0,,,sv_cpol
R12_PAS,gas_cc_ccs,2045,2050.0,M1,0.0,,,sv_cpol
R12_PAS,gas_cc_ccs,2045,2055.0,M1,0.0,,,sv_cpol
R12_PAS,gas_cc_ccs,2045,2060.0,M1,0.0,,,sv_cpol
R12_PAS,gas_cc_ccs,2045,2070.0,M1,0.0,,,sv_cpol
R12_PAS,gas_cc_ccs,2050,2050.0,M1,0.0,,,sv_cpol
R12_PAS,gas_cc_ccs,2050,2055.0,M1,0.0,,,sv_cpol
R12_PAS,gas_cc_ccs,2050,2060.0,M1,0.0,,,sv_cpol
R12_PAS,gas_cc_ccs,2050,2070.0,M1,0.0,,,sv_cpol
R12_PAS,gas_cc_ccs,2050,2080.0,M1,0.0,,,sv_cpol
R12_PAS,gas_cc_ccs,2055,2055.0,M1,0.0,,,sv_cpol
R12_PAS,gas_cc_ccs,2055,2060.0,M1,0.0,,,sv_cpol
R12_PAS,gas_cc_ccs,2055,2070.0,M1,0.0,,,sv_cpol
R12_PAS,gas_cc_ccs,2055,2080.0,M1,0.0,,,sv_cpol
R12_PAS,gas_cc_ccs,2060,2060.0,M1,0.0,,,sv_cpol
R12_PAS,gas_cc_ccs,2060,2070.0,M1,0.0,,,sv_cpol
R12_PAS,gas_cc_ccs,2060,2080.0,M1,0.0,,,sv_cpol
R12_PAS,gas_cc_ccs,2060,2090.0,M1,0.0,,,sv_cpol
R12_PAS,gas_cc_ccs,2070,2070.0,M1,0.0,,,sv_cpol
R12_PAS,gas_cc_ccs,2070,2080.0,M1,0.0,,,sv_cpol
R12_PAS,gas_cc_ccs,2070,2090.0,M1,0.0,,,sv_cpol
R12_PAS,gas_cc_ccs,2080,2080.0,M1,0.0,,,sv_cpol
R12_PAS,gas_cc_ccs,2080,2090.0,M1,0.0,,,sv_cpol
R12_PAS,gas_cc_ccs,2080,2100.0,M1,0.0,,,sv_cpol
R12_PAS,gas_cc_ccs,2090,2090.0,M1,0.0,,,sv_cpol
R12_PAS,gas_cc_ccs,2090,2100.0,M1,0.0,,,sv_cpol
R12_PAS,gas_cc_ccs,2090,2110.0,M1,0.0,,,sv_cpol
R12_PAS,gas_cc_ccs,2100,2100.0,M1,0.0,,,sv_cpol
R12_PAS,gas_cc_ccs,2100,2110.0,M1,0.0,,,sv_cpol
R12_PAS,gas_cc_ccs,2110,2110.0,M1,0.0,,,sv_cpol
R12_PAS,gas_ct,1970,1970.0,M1,0.0,,,sv_cpol
R12_PAS,gas_ct,1970,1975.0,M1,0.0,,,sv_cpol
R12_PAS,gas_ct,1970,1980.0,M1,0.0,,,sv_cpol
R12_PAS,gas_ct,1970,1985.0,M1,0.0,,,sv_cpol
R12_PAS,gas_ct,1970,1990.0,M1,0.0,,,sv_cpol
R12_PAS,gas_ct,1970,1995.0,M1,0.0,,,sv_cpol
R12_PAS,gas_ct,1970,2000.0,M1,0.0,,,sv_cpol
R12_PAS,gas_ct,1970,2005.0,M1,0.0,,,sv_cpol
R12_PAS,gas_ct,1970,2010.0,M1,0.0,,,sv_cpol
R12_PAS,gas_ct,1970,2015.0,M1,0.0,,,sv_cpol
R12_PAS,gas_ct,1970,2020.0,M1,0.0,,,sv_cpol
R12_PAS,gas_ct,1970,2025.0,M1,0.0,,,sv_cpol
R12_PAS,gas_ct,1975,1975.0,M1,0.0,,,sv_cpol
R12_PAS,gas_ct,1975,1980.0,M1,0.0,,,sv_cpol
R12_PAS,gas_ct,1975,1985.0,M1,0.0,,,sv_cpol
R12_PAS,gas_ct,1975,1990.0,M1,0.0,,,sv_cpol
R12_PAS,gas_ct,1975,1995.0,M1,0.0,,,sv_cpol
R12_PAS,gas_ct,1975,2000.0,M1,0.0,,,sv_cpol
R12_PAS,gas_ct,1975,2005.0,M1,0.0,,,sv_cpol
R12_PAS,gas_ct,1975,2010.0,M1,0.0,,,sv_cpol
R12_PAS,gas_ct,1975,2015.0,M1,0.0,,,sv_cpol
R12_PAS,gas_ct,1975,2020.0,M1,0.0,,,sv_cpol
R12_PAS,gas_ct,1975,2025.0,M1,0.0,,,sv_cpol
R12_PAS,gas_ct,1980,1980.0,M1,0.0,,,sv_cpol
R12_PAS,gas_ct,1980,1985.0,M1,0.0,,,sv_cpol
R12_PAS,gas_ct,1980,1990.0,M1,0.0,,,sv_cpol
R12_PAS,gas_ct,1980,1995.0,M1,0.0,,,sv_cpol
R12_PAS,gas_ct,1980,2000.0,M1,0.0,,,sv_cpol
R12_PAS,gas_ct,1980,2005.0,M1,0.0,,,sv_cpol
R12_PAS,gas_ct,1980,2010.0,M1,0.0,,,sv_cpol
R12_PAS,gas_ct,1980,2015.0,M1,0.0,,,sv_cpol
R12_PAS,gas_ct,1980,2020.0,M1,0.0,,,sv_cpol
R12_PAS,gas_ct,1980,2025.0,M1,0.0,,,sv_cpol
R12_PAS,gas_ct,1980,2030.0,M1,0.0,,,sv_cpol
R12_PAS,gas_ct,1985,1985.0,M1,0.0,,,sv_cpol
R12_PAS,gas_ct,1985,1990.0,M1,0.0,,,sv_cpol
R12_PAS,gas_ct,1985,1995.0,M1,0.0,,,sv_cpol
R12_PAS,gas_ct,1985,2000.0,M1,0.0,,,sv_cpol
R12_PAS,gas_ct,1985,2005.0,M1,0.0,,,sv_cpol
R12_PAS,gas_ct,1985,2010.0,M1,0.0,,,sv_cpol
R12_PAS,gas_ct,1985,2015.0,M1,0.0,,,sv_cpol
R12_PAS,gas_ct,1985,2020.0,M1,0.0,,,sv_cpol
R12_PAS,gas_ct,1985,2025.0,M1,0.0,,,sv_cpol
R12_PAS,gas_ct,1985,2030.0,M1,0.0,,,sv_cpol
R12_PAS,gas_ct,1990,1990.0,M1,0.0,,,sv_cpol
R12_PAS,gas_ct,1990,1995.0,M1,0.0,,,sv_cpol
R12_PAS,gas_ct,1990,2000.0,M1,0.0,,,sv_cpol
R12_PAS,gas_ct,1990,2005.0,M1,0.0,,,sv_cpol
R12_PAS,gas_ct,1990,2010.0,M1,0.0,,,sv_cpol
R12_PAS,gas_ct,1990,2015.0,M1,0.0,,,sv_cpol
R12_PAS,gas_ct,1990,2020.0,M1,0.0,,,sv_cpol
R12_PAS,gas_ct,1990,2025.0,M1,0.0,,,sv_cpol
R12_PAS,gas_ct,1990,2030.0,M1,0.0,,,sv_cpol
R12_PAS,gas_ct,1990,2035.0,M1,0.0,,,sv_cpol
R12_PAS,gas_ct,1995,1995.0,M1,0.0,,,sv_cpol
R12_PAS,gas_ct,1995,2000.0,M1,0.0,,,sv_cpol
R12_PAS,gas_ct,1995,2005.0,M1,0.0,,,sv_cpol
R12_PAS,gas_ct,1995,2010.0,M1,0.0,,,sv_cpol
R12_PAS,gas_ct,1995,2015.0,M1,0.0,,,sv_cpol
R12_PAS,gas_ct,1995,2020.0,M1,0.0,,,sv_cpol
R12_PAS,gas_ct,1995,2025.0,M1,0.0,,,sv_cpol
R12_PAS,gas_ct,1995,2030.0,M1,0.0,,,sv_cpol
R12_PAS,gas_ct,1995,2035.0,M1,0.0,,,sv_cpol
R12_PAS,gas_ct,2000,2000.0,M1,0.0,,,sv_cpol
R12_PAS,gas_ct,2000,2005.0,M1,0.0,,,sv_cpol
R12_PAS,gas_ct,2000,2010.0,M1,0.0,,,sv_cpol
R12_PAS,gas_ct,2000,2015.0,M1,0.0,,,sv_cpol
R12_PAS,gas_ct,2000,2020.0,M1,0.0,,,sv_cpol
R12_PAS,gas_ct,2000,2025.0,M1,0.0,,,sv_cpol
R12_PAS,gas_ct,2000,2030.0,M1,0.0,,,sv_cpol
R12_PAS,gas_ct,2000,2035.0,M1,0.0,,,sv_cpol
R12_PAS,gas_ct,2000,2040.0,M1,0.0,,,sv_cpol
R12_PAS,gas_ct,2005,2005.0,M1,0.0,,,sv_cpol
R12_PAS,gas_ct,2005,2010.0,M1,0.0,,,sv_cpol
R12_PAS,gas_ct,2005,2015.0,M1,0.0,,,sv_cpol
R12_PAS,gas_ct,2005,2020.0,M1,0.0,,,sv_cpol
R12_PAS,gas_ct,2005,2025.0,M1,0.0,,,sv_cpol
R12_PAS,gas_ct,2005,2030.0,M1,0.0,,,sv_cpol
R12_PAS,gas_ct,2005,2035.0,M1,0.0,,,sv_cpol
R12_PAS,gas_ct,2005,2040.0,M1,0.0,,,sv_cpol
R12_PAS,gas_ct,2010,2010.0,M1,0.0,,,sv_cpol
R12_PAS,gas_ct,2010,2015.0,M1,0.0,,,sv_cpol
R12_PAS,gas_ct,2010,2020.0,M1,0.0,,,sv_cpol
R12_PAS,gas_ct,2010,2025.0,M1,0.0,,,sv_cpol
R12_PAS,gas_ct,2010,2030.0,M1,0.0,,,sv_cpol
R12_PAS,gas_ct,2010,2035.0,M1,0.0,,,sv_cpol
R12_PAS,gas_ct,2010,2040.0,M1,0.0,,,sv_cpol
R12_PAS,gas_ct,2010,2045.0,M1,0.0,,,sv_cpol
R12_PAS,gas_ct,2015,2015.0,M1,0.0,,,sv_cpol
R12_PAS,gas_ct,2015,2020.0,M1,0.0,,,sv_cpol
R12_PAS,gas_ct,2015,2025.0,M1,0.0,,,sv_cpol
R12_PAS,gas_ct,2015,2030.0,M1,0.0,,,sv_cpol
R12_PAS,gas_ct,2015,2035.0,M1,0.0,,,sv_cpol
R12_PAS,gas_ct,2015,2040.0,M1,0.0,,,sv_cpol
R12_PAS,gas_ct,2015,2045.0,M1,0.0,,,sv_cpol
R12_PAS,gas_ct,2020,2020.0,M1,0.0,,,sv_cpol
R12_PAS,gas_ct,2020,2025.0,M1,0.0,,,sv_cpol
R12_PAS,gas_ct,2020,2030.0,M1,0.0,,,sv_cpol
R12_PAS,gas_ct,2020,2035.0,M1,0.0,,,sv_cpol
R12_PAS,gas_ct,2020,2040.0,M1,0.0,,,sv_cpol
R12_PAS,gas_ct,2020,2045.0,M1,0.0,,,sv_cpol
R12_PAS,gas_ct,2020,2050.0,M1,0.0,,,sv_cpol
R12_PAS,gas_ct,2025,2025.0,M1,0.0,,,sv_cpol
R12_PAS,gas_ct,2025,2030.0,M1,0.0,,,sv_cpol
R12_PAS,gas_ct,2025,2035.0,M1,0.0,,,sv_cpol
R12_PAS,gas_ct,2025,2040.0,M1,0.0,,,sv_cpol
R12_PAS,gas_ct,2025,2045.0,M1,0.0,,,sv_cpol
R12_PAS,gas_ct,2025,2050.0,M1,0.0,,,sv_cpol
R12_PAS,gas_ct,2030,2030.0,M1,0.0,,,sv_cpol
R12_PAS,gas_ct,2030,2035.0,M1,0.0,,,sv_cpol
R12_PAS,gas_ct,2030,2040.0,M1,0.0,,,sv_cpol
R12_PAS,gas_ct,2030,2045.0,M1,0.0,,,sv_cpol
R12_PAS,gas_ct,2030,2050.0,M1,0.0,,,sv_cpol
R12_PAS,gas_ct,2030,2055.0,M1,0.0,,,sv_cpol
R12_PAS,gas_ct,2035,2035.0,M1,0.0,,,sv_cpol
R12_PAS,gas_ct,2035,2040.0,M1,0.0,,,sv_cpol
R12_PAS,gas_ct,2035,2045.0,M1,0.0,,,sv_cpol
R12_PAS,gas_ct,2035,2050.0,M1,0.0,,,sv_cpol
R12_PAS,gas_ct,2035,2055.0,M1,0.0,,,sv_cpol
R12_PAS,gas_ct,2035,2060.0,M1,0.0,,,sv_cpol
R12_PAS,gas_ct,2040,2040.0,M1,0.0,,,sv_cpol
R12_PAS,gas_ct,2040,2045.0,M1,0.0,,,sv_cpol
R12_PAS,gas_ct,2040,2050.0,M1,0.0,,,sv_cpol
R12_PAS,gas_ct,2040,2055.0,M1,0.0,,,sv_cpol
R12_PAS,gas_ct,2040,2060.0,M1,0.0,,,sv_cpol
R12_PAS,gas_ct,2040,2070.0,M1,0.0,,,sv_cpol
R12_PAS,gas_ct,2045,2045.0,M1,0.0,,,sv_cpol
R12_PAS,gas_ct,2045,2050.0,M1,0.0,,,sv_cpol
R12_PAS,gas_ct,2045,2055.0,M1,0.0,,,sv_cpol
R12_PAS,gas_ct,2045,2060.0,M1,0.0,,,sv_cpol
R12_PAS,gas_ct,2045,2070.0,M1,0.0,,,sv_cpol
R12_PAS,gas_ct,2050,2050.0,M1,0.0,,,sv_cpol
R12_PAS,gas_ct,2050,2055.0,M1,0.0,,,sv_cpol
R12_PAS,gas_ct,2050,2060.0,M1,0.0,,,sv_cpol
R12_PAS,gas_ct,2050,2070.0,M1,0.0,,,sv_cpol
R12_PAS,gas_ct,2050,2080.0,M1,0.0,,,sv_cpol
R12_PAS,gas_ct,2055,2055.0,M1,0.0,,,sv_cpol
R12_PAS,gas_ct,2055,2060.0,M1,0.0,,,sv_cpol
R12_PAS,gas_ct,2055,2070.0,M1,0.0,,,sv_cpol
R12_PAS,gas_ct,2055,2080.0,M1,0.0,,,sv_cpol
R12_PAS,gas_ct,2060,2060.0,M1,0.0,,,sv_cpol
R12_PAS,gas_ct,2060,2070.0,M1,0.0,,,sv_cpol
R12_PAS,gas_ct,2060,2080.0,M1,0.0,,,sv_cpol
R12_PAS,gas_ct,2060,2090.0,M1,0.0,,,sv_cpol
R12_PAS,gas_ct,2070,2070.0,M1,0.0,,,sv_cpol
R12_PAS,gas_ct,2070,2080.0,M1,0.0,,,sv_cpol
R12_PAS,gas_ct,2070,2090.0,M1,0.0,,,sv_cpol
R12_PAS,gas_ct,2080,2080.0,M1,0.0,,,sv_cpol
R12_PAS,gas_ct,2080,2090.0,M1,0.0,,,sv_cpol
R12_PAS,gas_ct,2080,2100.0,M1,0.0,,,sv_cpol
R12_PAS,gas_ct,2090,2090.0,M1,0.0,,,sv_cpol
R12_PAS,gas_ct,2090,2100.0,M1,0.0,,,sv_cpol
R12_PAS,gas_ct,2090,2110.0,M1,0.0,,,sv_cpol
R12_PAS,gas_ct,2100,2100.0,M1,0.0,,,sv_cpol
R12_PAS,gas_ct,2100,2110.0,M1,0.0,,,sv_cpol
R12_PAS,gas_ct,2110,2110.0,M1,0.0,,,sv_cpol
R12_PAS,gas_ppl,1970,1970.0,M1,0.0,,,sv_cpol
R12_PAS,gas_ppl,1970,1975.0,M1,0.0,,,sv_cpol
R12_PAS,gas_ppl,1970,1980.0,M1,0.0,,,sv_cpol
R12_PAS,gas_ppl,1970,1985.0,M1,0.0,,,sv_cpol
R12_PAS,gas_ppl,1970,1990.0,M1,0.0,,,sv_cpol
R12_PAS,gas_ppl,1970,1995.0,M1,0.0,,,sv_cpol
R12_PAS,gas_ppl,1970,2000.0,M1,0.0,,,sv_cpol
R12_PAS,gas_ppl,1970,2005.0,M1,0.0,,,sv_cpol
R12_PAS,gas_ppl,1970,2010.0,M1,0.0,,,sv_cpol
R12_PAS,gas_ppl,1970,2015.0,M1,0.0,,,sv_cpol
R12_PAS,gas_ppl,1970,2020.0,M1,0.0,,,sv_cpol
R12_PAS,gas_ppl,1970,2025.0,M1,0.0,,,sv_cpol
R12_PAS,gas_ppl,1975,1975.0,M1,0.0,,,sv_cpol
R12_PAS,gas_ppl,1975,1980.0,M1,0.0,,,sv_cpol
R12_PAS,gas_ppl,1975,1985.0,M1,0.0,,,sv_cpol
R12_PAS,gas_ppl,1975,1990.0,M1,0.0,,,sv_cpol
R12_PAS,gas_ppl,1975,1995.0,M1,0.0,,,sv_cpol
R12_PAS,gas_ppl,1975,2000.0,M1,0.0,,,sv_cpol
R12_PAS,gas_ppl,1975,2005.0,M1,0.0,,,sv_cpol
R12_PAS,gas_ppl,1975,2010.0,M1,0.0,,,sv_cpol
R12_PAS,gas_ppl,1975,2015.0,M1,0.0,,,sv_cpol
R12_PAS,gas_ppl,1975,2020.0,M1,0.0,,,sv_cpol
R12_PAS,gas_ppl,1975,2025.0,M1,0.0,,,sv_cpol
R12_PAS,gas_ppl,1980,1980.0,M1,0.0,,,sv_cpol
R12_PAS,gas_ppl,1980,1985.0,M1,0.0,,,sv_cpol
R12_PAS,gas_ppl,1980,1990.0,M1,0.0,,,sv_cpol
R12_PAS,gas_ppl,1980,1995.0,M1,0.0,,,sv_cpol
R12_PAS,gas_ppl,1980,2000.0,M1,0.0,,,sv_cpol
R12_PAS,gas_ppl,1980,2005.0,M1,0.0,,,sv_cpol
R12_PAS,gas_ppl,1980,2010.0,M1,0.0,,,sv_cpol
R12_PAS,gas_ppl,1980,2015.0,M1,0.0,,,sv_cpol
R12_PAS,gas_ppl,1980,2020.0,M1,0.0,,,sv_cpol
R12_PAS,gas_ppl,1980,2025.0,M1,0.0,,,sv_cpol
R12_PAS,gas_ppl,1980,2030.0,M1,0.0,,,sv_cpol
R12_PAS,gas_ppl,1985,1985.0,M1,0.0,,,sv_cpol
R12_PAS,gas_ppl,1985,1990.0,M1,0.0,,,sv_cpol
R12_PAS,gas_ppl,1985,1995.0,M1,0.0,,,sv_cpol
R12_PAS,gas_ppl,1985,2000.0,M1,0.0,,,sv_cpol
R12_PAS,gas_ppl,1985,2005.0,M1,0.0,,,sv_cpol
R12_PAS,gas_ppl,1985,2010.0,M1,0.0,,,sv_cpol
R12_PAS,gas_ppl,1985,2015.0,M1,0.0,,,sv_cpol
R12_PAS,gas_ppl,1985,2020.0,M1,0.0,,,sv_cpol
R12_PAS,gas_ppl,1985,2025.0,M1,0.0,,,sv_cpol
R12_PAS,gas_ppl,1985,2030.0,M1,0.0,,,sv_cpol
R12_PAS,gas_ppl,1990,1990.0,M1,0.0,,,sv_cpol
R12_PAS,gas_ppl,1990,1995.0,M1,0.0,,,sv_cpol
R12_PAS,gas_ppl,1990,2000.0,M1,0.0,,,sv_cpol
R12_PAS,gas_ppl,1990,2005.0,M1,0.0,,,sv_cpol
R12_PAS,gas_ppl,1990,2010.0,M1,0.0,,,sv_cpol
R12_PAS,gas_ppl,1990,2015.0,M1,0.0,,,sv_cpol
R12_PAS,gas_ppl,1990,2020.0,M1,0.0,,,sv_cpol
R12_PAS,gas_ppl,1990,2025.0,M1,0.0,,,sv_cpol
R12_PAS,gas_ppl,1990,2030.0,M1,0.0,,,sv_cpol
R12_PAS,gas_ppl,1990,2035.0,M1,0.0,,,sv_cpol
R12_PAS,gas_ppl,1995,1995.0,M1,0.0,,,sv_cpol
R12_PAS,gas_ppl,1995,2000.0,M1,0.0,,,sv_cpol
R12_PAS,gas_ppl,1995,2005.0,M1,0.0,,,sv_cpol
R12_PAS,gas_ppl,1995,2010.0,M1,0.0,,,sv_cpol
R12_PAS,gas_ppl,1995,2015.0,M1,0.0,,,sv_cpol
R12_PAS,gas_ppl,1995,2020.0,M1,0.0,,,sv_cpol
R12_PAS,gas_ppl,1995,2025.0,M1,0.0,,,sv_cpol
R12_PAS,gas_ppl,1995,2030.0,M1,0.0,,,sv_cpol
R12_PAS,gas_ppl,1995,2035.0,M1,0.0,,,sv_cpol
R12_PAS,gas_ppl,2000,2000.0,M1,0.0,,,sv_cpol
R12_PAS,gas_ppl,2000,2005.0,M1,0.0,,,sv_cpol
R12_PAS,gas_ppl,2000,2010.0,M1,0.0,,,sv_cpol
R12_PAS,gas_ppl,2000,2015.0,M1,0.0,,,sv_cpol
R12_PAS,gas_ppl,2000,2020.0,M1,0.0,,,sv_cpol
R12_PAS,gas_ppl,2000,2025.0,M1,0.0,,,sv_cpol
R12_PAS,gas_ppl,2000,2030.0,M1,0.0,,,sv_cpol
R12_PAS,gas_ppl,2000,2035.0,M1,0.0,,,sv_cpol
R12_PAS,gas_ppl,2000,2040.0,M1,0.0,,,sv_cpol
R12_PAS,gas_ppl,2005,2005.0,M1,0.0,,,sv_cpol
R12_PAS,gas_ppl,2005,2010.0,M1,0.0,,,sv_cpol
R12_PAS,gas_ppl,2005,2015.0,M1,0.0,,,sv_cpol
R12_PAS,gas_ppl,2005,2020.0,M1,0.0,,,sv_cpol
R12_PAS,gas_ppl,2005,2025.0,M1,0.0,,,sv_cpol
R12_PAS,gas_ppl,2005,2030.0,M1,0.0,,,sv_cpol
R12_PAS,gas_ppl,2005,2035.0,M1,0.0,,,sv_cpol
R12_PAS,gas_ppl,2005,2040.0,M1,0.0,,,sv_cpol
R12_PAS,gas_ppl,2010,2010.0,M1,0.0,,,sv_cpol
R12_PAS,gas_ppl,2010,2015.0,M1,0.0,,,sv_cpol
R12_PAS,gas_ppl,2010,2020.0,M1,0.0,,,sv_cpol
R12_PAS,gas_ppl,2010,2025.0,M1,0.0,,,sv_cpol
R12_PAS,gas_ppl,2010,2030.0,M1,0.0,,,sv_cpol
R12_PAS,gas_ppl,2010,2035.0,M1,0.0,,,sv_cpol
R12_PAS,gas_ppl,2010,2040.0,M1,0.0,,,sv_cpol
R12_PAS,gas_ppl,2010,2045.0,M1,0.0,,,sv_cpol
R12_PAS,gas_ppl,2015,2015.0,M1,0.0,,,sv_cpol
R12_PAS,gas_ppl,2015,2020.0,M1,0.0,,,sv_cpol
R12_PAS,gas_ppl,2015,2025.0,M1,0.0,,,sv_cpol
R12_PAS,gas_ppl,2015,2030.0,M1,0.0,,,sv_cpol
R12_PAS,gas_ppl,2015,2035.0,M1,0.0,,,sv_cpol
R12_PAS,gas_ppl,2015,2040.0,M1,0.0,,,sv_cpol
R12_PAS,gas_ppl,2015,2045.0,M1,0.0,,,sv_cpol
R12_PAS,gas_ppl,2020,2020.0,M1,0.0,,,sv_cpol
R12_PAS,gas_ppl,2020,2025.0,M1,0.0,,,sv_cpol
R12_PAS,gas_ppl,2020,2030.0,M1,0.0,,,sv_cpol
R12_PAS,gas_ppl,2020,2035.0,M1,0.0,,,sv_cpol
R12_PAS,gas_ppl,2020,2040.0,M1,0.0,,,sv_cpol
R12_PAS,gas_ppl,2020,2045.0,M1,0.0,,,sv_cpol
R12_PAS,gas_ppl,2020,2050.0,M1,0.0,,,sv_cpol
R12_PAS,gas_ppl,2025,2025.0,M1,0.0,,,sv_cpol
R12_PAS,gas_ppl,2025,2030.0,M1,0.0,,,sv_cpol
R12_PAS,gas_ppl,2025,2035.0,M1,0.0,,,sv_cpol
R12_PAS,gas_ppl,2025,2040.0,M1,0.0,,,sv_cpol
R12_PAS,gas_ppl,2025,2045.0,M1,0.0,,,sv_cpol
R12_PAS,gas_ppl,2025,2050.0,M1,0.0,,,sv_cpol
R12_PAS,gas_ppl,2030,2030.0,M1,0.0,,,sv_cpol
R12_PAS,gas_ppl,2030,2035.0,M1,0.0,,,sv_cpol
R12_PAS,gas_ppl,2030,2040.0,M1,0.0,,,sv_cpol
R12_PAS,gas_ppl,2030,2045.0,M1,0.0,,,sv_cpol
R12_PAS,gas_ppl,2030,2050.0,M1,0.0,,,sv_cpol
R12_PAS,gas_ppl,2030,2055.0,M1,0.0,,,sv_cpol
R12_PAS,gas_ppl,2035,2035.0,M1,0.0,,,sv_cpol
R12_PAS,gas_ppl,2035,2040.0,M1,0.0,,,sv_cpol
R12_PAS,gas_ppl,2035,2045.0,M1,0.0,,,sv_cpol
R12_PAS,gas_ppl,2035,2050.0,M1,0.0,,,sv_cpol
R12_PAS,gas_ppl,2035,2055.0,M1,0.0,,,sv_cpol
R12_PAS,gas_ppl,2035,2060.0,M1,0.0,,,sv_cpol
R12_PAS,gas_ppl,2040,2040.0,M1,0.0,,,sv_cpol
R12_PAS,gas_ppl,2040,2045.0,M1,0.0,,,sv_cpol
R12_PAS,gas_ppl,2040,2050.0,M1,0.0,,,sv_cpol
R12_PAS,gas_ppl,2040,2055.0,M1,0.0,,,sv_cpol
R12_PAS,gas_ppl,2040,2060.0,M1,0.0,,,sv_cpol
R12_PAS,gas_ppl,2040,2070.0,M1,0.0,,,sv_cpol
R12_PAS,gas_ppl,2045,2045.0,M1,0.0,,,sv_cpol
R12_PAS,gas_ppl,2045,2050.0,M1,0.0,,,sv_cpol
R12_PAS,gas_ppl,2045,2055.0,M1,0.0,,,sv_cpol
R12_PAS,gas_ppl,2045,2060.0,M1,0.0,,,sv_cpol
R12_PAS,gas_ppl,2045,2070.0,M1,0.0,,,sv_cpol
R12_PAS,gas_ppl,2050,2050.0,M1,0.0,,,sv_cpol
R12_PAS,gas_ppl,2050,2055.0,M1,0.0,,,sv_cpol
R12_PAS,gas_ppl,2050,2060.0,M1,0.0,,,sv_cpol
R12_PAS,gas_ppl,2050,2070.0,M1,0.0,,,sv_cpol
R12_PAS,gas_ppl,2050,2080.0,M1,0.0,,,sv_cpol
R12_PAS,gas_ppl,2055,2055.0,M1,0.0,,,sv_cpol
R12_PAS,gas_ppl,2055,2060.0,M1,0.0,,,sv_cpol
R12_PAS,gas_ppl,2055,2070.0,M1,0.0,,,sv_cpol
R12_PAS,gas_ppl,2055,2080.0,M1,0.0,,,sv_cpol
R12_PAS,gas_ppl,2060,2060.0,M1,0.0,,,sv_cpol
R12_PAS,gas_ppl,2060,2070.0,M1,0.0,,,sv_cpol
R12_PAS,gas_ppl,2060,2080.0,M1,0.0,,,sv_cpol
R12_PAS,gas_ppl,2060,2090.0,M1,0.0,,,sv_cpol
R12_PAS,gas_ppl,2070,2070.0,M1,0.0,,,sv_cpol
R12_PAS,gas_ppl,2070,2080.0,M1,0.0,,,sv_cpol
R12_PAS,gas_ppl,2070,2090.0,M1,0.0,,,sv_cpol
R12_PAS,gas_ppl,2080,2080.0,M1,0.0,,,sv_cpol
R12_PAS,gas_ppl,2080,2090.0,M1,0.0,,,sv_cpol
R12_PAS,gas_ppl,2080,2100.0,M1,0.0,,,sv_cpol
R12_PAS,gas_ppl,2090,2090.0,M1,0.0,,,sv_cpol
R12_PAS,gas_ppl,2090,2100.0,M1,0.0,,,sv_cpol
R12_PAS,gas_ppl,2090,2110.0,M1,0.0,,,sv_cpol
R12_PAS,gas_ppl,2100,2100.0,M1,0.0,,,sv_cpol
R12_PAS,gas_ppl,2100,2110.0,M1,0.0,,,sv_cpol
R12_PAS,gas_ppl,2110,2110.0,M1,0.0,,,sv_cpol
R12_PAS,igcc,2010,2010.0,M1,0.0,0.0,1295.59,sv_cpol
R12_PAS,igcc,2010,2015.0,M1,0.0,,1295.59,sv_cpol
R12_PAS,igcc,2010,2020.0,M1,0.0,,1295.59,sv_cpol
R12_PAS,igcc,2010,2025.0,M1,0.0,,1295.59,sv_cpol
R12_PAS,igcc,2010,2030.0,M1,0.0,,1295.59,sv_cpol
R12_PAS,igcc,2010,2035.0,M1,0.0,0.0,1295.59,sv_cpol
R12_PAS,igcc,2015,2015.0,M1,0.0,0.0,1295.59,sv_cpol
R12_PAS,igcc,2015,2020.0,M1,0.0,,1295.59,sv_cpol
R12_PAS,igcc,2015,2025.0,M1,0.0,,1295.59,sv_cpol
R12_PAS,igcc,2015,2030.0,M1,0.0,,1295.59,sv_cpol
R12_PAS,igcc,2015,2035.0,M1,0.0,0.0,1295.59,sv_cpol
R12_PAS,igcc,2015,2040.0,M1,0.0,0.0,1295.59,sv_cpol
R12_PAS,igcc,2020,2020.0,M1,0.0,0.0,1296.0,sv_cpol
R12_PAS,igcc,2020,2025.0,M1,0.0,,1296.0,sv_cpol
R12_PAS,igcc,2020,2030.0,M1,0.0,,1296.0,sv_cpol
R12_PAS,igcc,2020,2035.0,M1,0.0,0.0,1296.0,sv_cpol
R12_PAS,igcc,2020,2040.0,M1,0.0,0.0,1296.0,sv_cpol
R12_PAS,igcc,2020,2045.0,M1,0.0,0.0,1296.0,sv_cpol
R12_PAS,igcc,2025,2025.0,M1,0.0,0.0,1296.0,sv_cpol
R12_PAS,igcc,2025,2030.0,M1,0.0,,1296.0,sv_cpol
R12_PAS,igcc,2025,2035.0,M1,0.0,0.0,1296.0,sv_cpol
R12_PAS,igcc,2025,2040.0,M1,0.0,0.0,1296.0,sv_cpol
R12_PAS,igcc,2025,2045.0,M1,0.0,0.0,1296.0,sv_cpol
R12_PAS,igcc,2025,2050.0,M1,0.0,0.0,1296.0,sv_cpol
R12_PAS,igcc,2030,2030.0,M1,0.0,0.0,1241.099953160243,sv_cpol
R12_PAS,igcc,2030,2035.0,M1,0.0,0.0,1241.099953160243,sv_cpol
R12_PAS,igcc,2030,2040.0,M1,0.0,0.0,1241.099953160243,sv_cpol
R12_PAS,igcc,2030,2045.0,M1,0.0,0.0,1241.099953160243,sv_cpol
R12_PAS,igcc,2030,2050.0,M1,0.0,0.0,1241.099953160243,sv_cpol
R12_PAS,igcc,2030,2055.0,M1,0.0,0.0,1241.099953160243,sv_cpol
R12_PAS,igcc,2035,2035.0,M1,0.0,0.0,1197.5918970548275,sv_cpol
R12_PAS,igcc,2035,2040.0,M1,0.0,0.0,1197.5918970548275,sv_cpol
R12_PAS,igcc,2035,2045.0,M1,0.0,0.0,1197.5918970548275,sv_cpol
R12_PAS,igcc,2035,2050.0,M1,0.0,0.0,1197.5918970548275,sv_cpol
R12_PAS,igcc,2035,2055.0,M1,0.0,0.0,1197.5918970548275,sv_cpol
R12_PAS,igcc,2035,2060.0,M1,0.0,0.0,1197.5918970548275,sv_cpol
R12_PAS,igcc,2040,2040.0,M1,0.0,0.0,1162.0993156793093,sv_cpol
R12_PAS,igcc,2040,2045.0,M1,0.0,0.0,1162.0993156793093,sv_cpol
R12_PAS,igcc,2040,2050.0,M1,0.0,0.0,1162.0993156793093,sv_cpol
R12_PAS,igcc,2040,2055.0,M1,0.0,0.0,1162.0993156793093,sv_cpol
R12_PAS,igcc,2040,2060.0,M1,0.0,0.0,1162.0993156793093,sv_cpol
R12_PAS,igcc,2040,2070.0,M1,0.0,0.0,1162.0993156793093,sv_cpol
R12_PAS,igcc,2045,2045.0,M1,0.0,0.0,1134.0042664727846,sv_cpol
R12_PAS,igcc,2045,2050.0,M1,0.0,0.0,1134.0042664727846,sv_cpol
R12_PAS,igcc,2045,2055.0,M1,0.0,0.0,1134.0042664727846,sv_cpol
R12_PAS,igcc,2045,2060.0,M1,0.0,0.0,1134.0042664727846,sv_cpol
R12_PAS,igcc,2045,2070.0,M1,0.0,0.0,1134.0042664727846,sv_cpol
R12_PAS,igcc,2050,2050.0,M1,0.0,0.0,1112.7313059384248,sv_cpol
R12_PAS,igcc,2050,2055.0,M1,0.0,0.0,1112.7313059384248,sv_cpol
R12_PAS,igcc,2050,2060.0,M1,0.0,0.0,1112.7313059384248,sv_cpol
R12_PAS,igcc,2050,2070.0,M1,0.0,0.0,1112.7313059384248,sv_cpol
R12_PAS,igcc,2050,2080.0,M1,0.0,0.0,1112.7313059384248,sv_cpol
R12_PAS,igcc,2055,2055.0,M1,0.0,0.0,1097.3505098248847,sv_cpol
R12_PAS,igcc,2055,2060.0,M1,0.0,0.0,1097.3505098248847,sv_cpol
R12_PAS,igcc,2055,2070.0,M1,0.0,0.0,1097.3505098248847,sv_cpol
R12_PAS,igcc,2055,2080.0,M1,0.0,0.0,1097.3505098248847,sv_cpol
R12_PAS,igcc,2060,2060.0,M1,0.0,0.0,1087.490499695518,sv_cpol
R12_PAS,igcc,2060,2070.0,M1,0.0,0.0,1087.490499695518,sv_cpol
R12_PAS,igcc,2060,2080.0,M1,0.0,0.0,1087.490499695518,sv_cpol
R12_PAS,igcc,2060,2090.0,M1,0.0,0.0,1087.490499695518,sv_cpol
R12_PAS,igcc,2070,2070.0,M1,0.0,0.0,1080.4377833812378,sv_cpol
R12_PAS,igcc,2070,2080.0,M1,0.0,0.0,1080.4377833812378,sv_cpol
R12_PAS,igcc,2070,2090.0,M1,0.0,0.0,1080.4377833812378,sv_cpol
R12_PAS,igcc,2080,2080.0,M1,0.0,0.0,1084.8033335000953,sv_cpol
R12_PAS,igcc,2080,2090.0,M1,0.0,0.0,1084.8033335000953,sv_cpol
R12_PAS,igcc,2080,2100.0,M1,0.0,0.0,1084.8033335000953,sv_cpol
R12_PAS,igcc,2090,2090.0,M1,0.0,0.0,1094.8631117037762,sv_cpol
R12_PAS,igcc,2090,2100.0,M1,0.0,0.0,1094.8631117037762,sv_cpol
R12_PAS,igcc,2090,2110.0,M1,0.0,0.0,1094.8631117037762,sv_cpol
R12_PAS,igcc,2100,2100.0,M1,0.0,0.0,1108.8295889058886,sv_cpol
R12_PAS,igcc,2100,2110.0,M1,0.0,0.0,1108.8295889058886,sv_cpol
R12_PAS,igcc,2110,2110.0,M1,0.0,0.0,1108.8295889058886,sv_cpol
R12_PAS,igcc_ccs,2030,2030.0,M1,0.0,0.0,3240.607205034082,sv_cpol
R12_PAS,igcc_ccs,2030,2035.0,M1,0.0,0.0,3240.607205034082,sv_cpol
R12_PAS,igcc_ccs,2030,2040.0,M1,0.0,0.0,3240.607205034082,sv_cpol
R12_PAS,igcc_ccs,2030,2045.0,M1,0.0,0.0,3240.607205034082,sv_cpol
R12_PAS,igcc_ccs,2030,2050.0,M1,0.0,0.0,3240.607205034082,sv_cpol
R12_PAS,igcc_ccs,2030,2055.0,M1,0.0,0.0,3240.607205034082,sv_cpol
R12_PAS,igcc_ccs,2035,2035.0,M1,0.0,0.0,3108.5424750106986,sv_cpol
R12_PAS,igcc_ccs,2035,2040.0,M1,0.0,0.0,3108.5424750106986,sv_cpol
R12_PAS,igcc_ccs,2035,2045.0,M1,0.0,0.0,3108.5424750106986,sv_cpol
R12_PAS,igcc_ccs,2035,2050.0,M1,0.0,0.0,3108.5424750106986,sv_cpol
R12_PAS,igcc_ccs,2035,2055.0,M1,0.0,0.0,3108.5424750106986,sv_cpol
R12_PAS,igcc_ccs,2035,2060.0,M1,0.0,0.0,3108.5424750106986,sv_cpol
R12_PAS,igcc_ccs,2040,2040.0,M1,0.0,0.0,3001.661140754344,sv_cpol
R12_PAS,igcc_ccs,2040,2045.0,M1,0.0,0.0,3001.661140754344,sv_cpol
R12_PAS,igcc_ccs,2040,2050.0,M1,0.0,0.0,3001.661140754344,sv_cpol
R12_PAS,igcc_ccs,2040,2055.0,M1,0.0,0.0,3001.661140754344,sv_cpol
R12_PAS,igcc_ccs,2040,2060.0,M1,0.0,0.0,3001.661140754344,sv_cpol
R12_PAS,igcc_ccs,2040,2070.0,M1,0.0,0.0,3001.661140754344,sv_cpol
R12_PAS,igcc_ccs,2045,2045.0,M1,0.0,0.0,2916.651012390412,sv_cpol
R12_PAS,igcc_ccs,2045,2050.0,M1,0.0,0.0,2916.651012390412,sv_cpol
R12_PAS,igcc_ccs,2045,2055.0,M1,0.0,0.0,2916.651012390412,sv_cpol
R12_PAS,igcc_ccs,2045,2060.0,M1,0.0,0.0,2916.651012390412,sv_cpol
R12_PAS,igcc_ccs,2045,2070.0,M1,0.0,0.0,2916.651012390412,sv_cpol
R12_PAS,igcc_ccs,2050,2050.0,M1,0.0,0.0,2850.7196202250534,sv_cpol
R12_PAS,igcc_ccs,2050,2055.0,M1,0.0,0.0,2850.7196202250534,sv_cpol
R12_PAS,igcc_ccs,2050,2060.0,M1,0.0,0.0,2850.7196202250534,sv_cpol
R12_PAS,igcc_ccs,2050,2070.0,M1,0.0,0.0,2850.7196202250534,sv_cpol
R12_PAS,igcc_ccs,2050,2080.0,M1,0.0,0.0,2850.7196202250534,sv_cpol
R12_PAS,igcc_ccs,2055,2055.0,M1,0.0,0.0,2800.8131075404485,sv_cpol
R12_PAS,igcc_ccs,2055,2060.0,M1,0.0,0.0,2800.8131075404485,sv_cpol
R12_PAS,igcc_ccs,2055,2070.0,M1,0.0,0.0,2800.8131075404485,sv_cpol
R12_PAS,igcc_ccs,2055,2080.0,M1,0.0,0.0,2800.8131075404485,sv_cpol
R12_PAS,igcc_ccs,2060,2060.0,M1,0.0,0.0,2765.1372120224687,sv_cpol
R12_PAS,igcc_ccs,2060,2070.0,M1,0.0,0.0,2765.1372120224687,sv_cpol
R12_PAS,igcc_ccs,2060,2080.0,M1,0.0,0.0,2765.1372120224687,sv_cpol
R12_PAS,igcc_ccs,2060,2090.0,M1,0.0,0.0,2765.1372120224687,sv_cpol
R12_PAS,igcc_ccs,2070,2070.0,M1,0.0,0.0,2726.1961910918985,sv_cpol
R12_PAS,igcc_ccs,2070,2080.0,M1,0.0,0.0,2726.1961910918985,sv_cpol
R12_PAS,igcc_ccs,2070,2090.0,M1,0.0,0.0,2726.1961910918985,sv_cpol
R12_PAS,igcc_ccs,2080,2080.0,M1,0.0,0.0,2716.7324048398577,sv_cpol
R12_PAS,igcc_ccs,2080,2090.0,M1,0.0,0.0,2716.7324048398577,sv_cpol
R12_PAS,igcc_ccs,2080,2100.0,M1,0.0,0.0,2716.7324048398577,sv_cpol
R12_PAS,igcc_ccs,2090,2090.0,M1,0.0,0.0,2723.329529999372,sv_cpol
R12_PAS,igcc_ccs,2090,2100.0,M1,0.0,0.0,2723.329529999372,sv_cpol
R12_PAS,igcc_ccs,2090,2110.0,M1,0.0,0.0,2723.329529999372,sv_cpol
R12_PAS,igcc_ccs,2100,2100.0,M1,0.0,0.0,2740.668971635192,sv_cpol
R12_PAS,igcc_ccs,2100,2110.0,M1,0.0,0.0,2740.668971635192,sv_cpol
R12_PAS,igcc_ccs,2110,2110.0,M1,0.0,0.0,2740.668971635192,sv_cpol
R12_RCPA,coal_adv,1995,1995.0,M1,0.0,0.0,566.82,sv_cpol
R12_RCPA,coal_adv,1995,2000.0,M1,0.0,,566.82,sv_cpol
R12_RCPA,coal_adv,1995,2005.0,M1,0.0,,566.82,sv_cpol
R12_RCPA,coal_adv,1995,2010.0,M1,0.0,,566.82,sv_cpol
R12_RCPA,coal_adv,1995,2015.0,M1,0.0,,566.82,sv_cpol
R12_RCPA,coal_adv,1995,2020.0,M1,0.0,,566.82,sv_cpol
R12_RCPA,coal_adv,2000,2000.0,M1,0.0,0.0,566.82,sv_cpol
R12_RCPA,coal_adv,2000,2005.0,M1,0.0,,566.82,sv_cpol
R12_RCPA,coal_adv,2000,2010.0,M1,0.0,,566.82,sv_cpol
R12_RCPA,coal_adv,2000,2015.0,M1,0.0,,566.82,sv_cpol
R12_RCPA,coal_adv,2000,2020.0,M1,0.0,,566.82,sv_cpol
R12_RCPA,coal_adv,2000,2025.0,M1,0.0,,566.82,sv_cpol
R12_RCPA,coal_adv,2005,2005.0,M1,0.0,0.0,566.82,sv_cpol
R12_RCPA,coal_adv,2005,2010.0,M1,0.0,,566.82,sv_cpol
R12_RCPA,coal_adv,2005,2015.0,M1,0.0,,566.82,sv_cpol
R12_RCPA,coal_adv,2005,2020.0,M1,0.0,,566.82,sv_cpol
R12_RCPA,coal_adv,2005,2025.0,M1,0.0,,566.82,sv_cpol
R12_RCPA,coal_adv,2005,2030.0,M1,0.0,,566.82,sv_cpol
R12_RCPA,coal_adv,2010,2010.0,M1,0.0,0.0,566.82,sv_cpol
R12_RCPA,coal_adv,2010,2015.0,M1,0.0,,566.82,sv_cpol
R12_RCPA,coal_adv,2010,2020.0,M1,0.0,,566.82,sv_cpol
R12_RCPA,coal_adv,2010,2025.0,M1,0.0,,566.82,sv_cpol
R12_RCPA,coal_adv,2010,2030.0,M1,0.0,,566.82,sv_cpol
R12_RCPA,coal_adv,2010,2035.0,M1,0.0,0.0,566.82,sv_cpol
R12_RCPA,coal_adv,2015,2015.0,M1,0.0,0.0,566.82,sv_cpol
R12_RCPA,coal_adv,2015,2020.0,M1,0.0,,566.82,sv_cpol
R12_RCPA,coal_adv,2015,2025.0,M1,0.0,,566.82,sv_cpol
R12_RCPA,coal_adv,2015,2030.0,M1,0.0,,566.82,sv_cpol
R12_RCPA,coal_adv,2015,2035.0,M1,1.0374960000000002,1.2440000000000002,566.82,sv_cpol
R12_RCPA,coal_adv,2015,2040.0,M1,1.0574000000000001,1.2440000000000002,566.82,sv_cpol
R12_RCPA,coal_adv,2020,2020.0,M1,0.0,0.0,567.0000000000001,sv_cpol
R12_RCPA,coal_adv,2020,2025.0,M1,0.0,,567.0000000000001,sv_cpol
R12_RCPA,coal_adv,2020,2030.0,M1,0.0,,567.0000000000001,sv_cpol
R12_RCPA,coal_adv,2020,2035.0,M1,0.573792,0.688,567.0000000000001,sv_cpol
R12_RCPA,coal_adv,2020,2040.0,M1,0.5848,0.688,567.0000000000001,sv_cpol
R12_RCPA,coal_adv,2020,2045.0,M1,0.5848,0.688,567.0000000000001,sv_cpol
R12_RCPA,coal_adv,2025,2025.0,M1,0.0,0.0,567.0000000000001,sv_cpol
R12_RCPA,coal_adv,2025,2030.0,M1,0.0,,567.0000000000001,sv_cpol
R12_RCPA,coal_adv,2025,2035.0,M1,4.19561845113204,5.030717567304604,567.0000000000001,sv_cpol
R12_RCPA,coal_adv,2025,2040.0,M1,4.2761099322089136,5.030717567304604,567.0000000000001,sv_cpol
R12_RCPA,coal_adv,2025,2045.0,M1,4.2761099322089136,5.030717567304604,567.0000000000001,sv_cpol
R12_RCPA,coal_adv,2025,2050.0,M1,4.2761099322089136,5.030717567304604,567.0000000000001,sv_cpol
R12_RCPA,coal_adv,2030,2030.0,M1,0.0,0.0,583.7203052550369,sv_cpol
R12_RCPA,coal_adv,2030,2035.0,M1,6.341417296988157,7.603617862096112,583.7203052550369,sv_cpol
R12_RCPA,coal_adv,2030,2040.0,M1,6.463075182781695,7.603617862096112,583.7203052550369,sv_cpol
R12_RCPA,coal_adv,2030,2045.0,M1,6.463075182781695,7.603617862096112,583.7203052550369,sv_cpol
R12_RCPA,coal_adv,2030,2050.0,M1,6.463075182781695,7.603617862096112,583.7203052550369,sv_cpol
R12_RCPA,coal_adv,2030,2055.0,M1,6.463075182781695,7.603617862096112,583.7203052550369,sv_cpol
R12_RCPA,coal_adv,2035,2035.0,M1,8.292406291088941,9.942933202744534,605.4080522143967,sv_cpol
R12_RCPA,coal_adv,2035,2040.0,M1,8.451493222332854,9.942933202744534,605.4080522143967,sv_cpol
R12_RCPA,coal_adv,2035,2045.0,M1,8.451493222332854,9.942933202744534,605.4080522143967,sv_cpol
R12_RCPA,coal_adv,2035,2050.0,M1,8.451493222332854,9.942933202744534,605.4080522143967,sv_cpol
R12_RCPA,coal_adv,2035,2055.0,M1,8.451493222332854,9.942933202744534,605.4080522143967,sv_cpol
R12_RCPA,coal_adv,2035,2060.0,M1,8.451493222332854,9.942933202744534,605.4080522143967,sv_cpol
R12_RCPA,coal_adv,2040,2040.0,M1,12.134560699575694,14.2759537642067,622.2118919667147,sv_cpol
R12_RCPA,coal_adv,2040,2045.0,M1,12.134560699575694,14.2759537642067,622.2118919667147,sv_cpol
R12_RCPA,coal_adv,2040,2050.0,M1,12.134560699575694,14.2759537642067,622.2118919667147,sv_cpol
R12_RCPA,coal_adv,2040,2055.0,M1,12.134560699575694,14.2759537642067,622.2118919667147,sv_cpol
R12_RCPA,coal_adv,2040,2060.0,M1,12.134560699575694,14.2759537642067,622.2118919667147,sv_cpol
R12_RCPA,coal_adv,2040,2070.0,M1,6.067280349787847,7.13797688210335,622.2118919667147,sv_cpol
R12_RCPA,coal_adv,2045,2045.0,M1,0.0,0.0,636.6796775047613,sv_cpol
R12_RCPA,coal_adv,2045,2050.0,M1,0.0,0.0,636.6796775047613,sv_cpol
R12_RCPA,coal_adv,2045,2055.0,M1,0.0,0.0,636.6796775047613,sv_cpol
R12_RCPA,coal_adv,2045,2060.0,M1,0.0,0.0,636.6796775047613,sv_cpol
R12_RCPA,coal_adv,2045,2070.0,M1,0.0,0.0,636.6796775047613,sv_cpol
R12_RCPA,coal_adv,2050,2050.0,M1,0.0,0.0,650.7051527258668,sv_cpol
R12_RCPA,coal_adv,2050,2055.0,M1,0.0,0.0,650.7051527258668,sv_cpol
R12_RCPA,coal_adv,2050,2060.0,M1,0.0,0.0,650.7051527258668,sv_cpol
R12_RCPA,coal_adv,2050,2070.0,M1,0.0,0.0,650.7051527258668,sv_cpol
R12_RCPA,coal_adv,2050,2080.0,M1,0.0,0.0,650.7051527258668,sv_cpol
R12_RCPA,coal_adv,2055,2055.0,M1,0.0,0.0,665.356689131443,sv_cpol
R12_RCPA,coal_adv,2055,2060.0,M1,0.0,0.0,665.356689131443,sv_cpol
R12_RCPA,coal_adv,2055,2070.0,M1,0.0,0.0,665.356689131443,sv_cpol
R12_RCPA,coal_adv,2055,2080.0,M1,0.0,0.0,665.356689131443,sv_cpol
R12_RCPA,coal_adv,2060,2060.0,M1,0.0,0.0,682.0192222160421,sv_cpol
R12_RCPA,coal_adv,2060,2070.0,M1,0.0,0.0,682.0192222160421,sv_cpol
R12_RCPA,coal_adv,2060,2080.0,M1,0.0,0.0,682.0192222160421,sv_cpol
R12_RCPA,coal_adv,2060,2090.0,M1,0.0,0.0,682.0192222160421,sv_cpol
R12_RCPA,coal_adv,2070,2070.0,M1,0.0,0.0,721.9603154420971,sv_cpol
R12_RCPA,coal_adv,2070,2080.0,M1,0.0,0.0,721.9603154420971,sv_cpol
R12_RCPA,coal_adv,2070,2090.0,M1,0.0,0.0,721.9603154420971,sv_cpol
R12_RCPA,coal_adv,2080,2080.0,M1,0.0,0.0,763.8292801582425,sv_cpol
R12_RCPA,coal_adv,2080,2090.0,M1,0.0,0.0,763.8292801582425,sv_cpol
R12_RCPA,coal_adv,2080,2100.0,M1,0.0,0.0,763.8292801582425,sv_cpol
R12_RCPA,coal_adv,2090,2090.0,M1,0.0,0.0,803.7751986005655,sv_cpol
R12_RCPA,coal_adv,2090,2100.0,M1,0.0,0.0,803.7751986005655,sv_cpol
R12_RCPA,coal_adv,2090,2110.0,M1,0.0,0.0,803.7751986005655,sv_cpol
R12_RCPA,coal_adv,2100,2100.0,M1,0.0,0.0,846.3423976048898,sv_cpol
R12_RCPA,coal_adv,2100,2110.0,M1,0.0,0.0,846.3423976048898,sv_cpol
R12_RCPA,coal_adv,2110,2110.0,M1,0.0,0.0,846.3423976048898,sv_cpol
R12_RCPA,coal_adv_ccs,2030,2030.0,M1,0.0,0.0,2666.2231997147587,sv_cpol
R12_RCPA,coal_adv_ccs,2030,2035.0,M1,0.0,0.0,2666.2231997147587,sv_cpol
R12_RCPA,coal_adv_ccs,2030,2040.0,M1,0.0,0.0,2666.2231997147587,sv_cpol
R12_RCPA,coal_adv_ccs,2030,2045.0,M1,0.0,0.0,2666.2231997147587,sv_cpol
R12_RCPA,coal_adv_ccs,2030,2050.0,M1,0.0,0.0,2666.2231997147587,sv_cpol
R12_RCPA,coal_adv_ccs,2030,2055.0,M1,0.0,0.0,2666.2231997147587,sv_cpol
R12_RCPA,coal_adv_ccs,2035,2035.0,M1,0.0,0.0,2608.99556366198,sv_cpol
R12_RCPA,coal_adv_ccs,2035,2040.0,M1,0.0,0.0,2608.99556366198,sv_cpol
R12_RCPA,coal_adv_ccs,2035,2045.0,M1,0.0,0.0,2608.99556366198,sv_cpol
R12_RCPA,coal_adv_ccs,2035,2050.0,M1,0.0,0.0,2608.99556366198,sv_cpol
R12_RCPA,coal_adv_ccs,2035,2055.0,M1,0.0,0.0,2608.99556366198,sv_cpol
R12_RCPA,coal_adv_ccs,2035,2060.0,M1,0.0,0.0,2608.99556366198,sv_cpol
R12_RCPA,coal_adv_ccs,2040,2040.0,M1,0.0,0.0,2562.301150047345,sv_cpol
R12_RCPA,coal_adv_ccs,2040,2045.0,M1,0.0,0.0,2562.301150047345,sv_cpol
R12_RCPA,coal_adv_ccs,2040,2050.0,M1,0.0,0.0,2562.301150047345,sv_cpol
R12_RCPA,coal_adv_ccs,2040,2055.0,M1,0.0,0.0,2562.301150047345,sv_cpol
R12_RCPA,coal_adv_ccs,2040,2060.0,M1,0.0,0.0,2562.301150047345,sv_cpol
R12_RCPA,coal_adv_ccs,2040,2070.0,M1,0.0,0.0,2562.301150047345,sv_cpol
R12_RCPA,coal_adv_ccs,2045,2045.0,M1,0.0,0.0,2526.512857973203,sv_cpol
R12_RCPA,coal_adv_ccs,2045,2050.0,M1,0.0,0.0,2526.512857973203,sv_cpol
R12_RCPA,coal_adv_ccs,2045,2055.0,M1,0.0,0.0,2526.512857973203,sv_cpol
R12_RCPA,coal_adv_ccs,2045,2060.0,M1,0.0,0.0,2526.512857973203,sv_cpol
R12_RCPA,coal_adv_ccs,2045,2070.0,M1,0.0,0.0,2526.512857973203,sv_cpol
R12_RCPA,coal_adv_ccs,2050,2050.0,M1,0.0,0.0,2501.6997377322336,sv_cpol
R12_RCPA,coal_adv_ccs,2050,2055.0,M1,0.0,0.0,2501.6997377322336,sv_cpol
R12_RCPA,coal_adv_ccs,2050,2060.0,M1,0.0,0.0,2501.6997377322336,sv_cpol
R12_RCPA,coal_adv_ccs,2050,2070.0,M1,0.0,0.0,2501.6997377322336,sv_cpol
R12_RCPA,coal_adv_ccs,2050,2080.0,M1,0.0,0.0,2501.6997377322336,sv_cpol
R12_RCPA,coal_adv_ccs,2055,2055.0,M1,0.0,0.0,2487.2134815367504,sv_cpol
R12_RCPA,coal_adv_ccs,2055,2060.0,M1,0.0,0.0,2487.2134815367504,sv_cpol
R12_RCPA,coal_adv_ccs,2055,2070.0,M1,0.0,0.0,2487.2134815367504,sv_cpol
R12_RCPA,coal_adv_ccs,2055,2080.0,M1,0.0,0.0,2487.2134815367504,sv_cpol
R12_RCPA,coal_adv_ccs,2060,2060.0,M1,0.0,0.0,2483.3673050253383,sv_cpol
R12_RCPA,coal_adv_ccs,2060,2070.0,M1,0.0,0.0,2483.3673050253383,sv_cpol
R12_RCPA,coal_adv_ccs,2060,2080.0,M1,0.0,0.0,2483.3673050253383,sv_cpol
R12_RCPA,coal_adv_ccs,2060,2090.0,M1,0.0,0.0,2483.3673050253383,sv_cpol
R12_RCPA,coal_adv_ccs,2070,2070.0,M1,0.0,0.0,2502.8424879421455,sv_cpol
R12_RCPA,coal_adv_ccs,2070,2080.0,M1,0.0,0.0,2502.8424879421455,sv_cpol
R12_RCPA,coal_adv_ccs,2070,2090.0,M1,0.0,0.0,2502.8424879421455,sv_cpol
R12_RCPA,coal_adv_ccs,2080,2080.0,M1,0.0,0.0,2540.8905823910663,sv_cpol
R12_RCPA,coal_adv_ccs,2080,2090.0,M1,0.0,0.0,2540.8905823910663,sv_cpol
R12_RCPA,coal_adv_ccs,2080,2100.0,M1,0.0,0.0,2540.8905823910663,sv_cpol
R12_RCPA,coal_adv_ccs,2090,2090.0,M1,0.0,0.0,2585.8791655576556,sv_cpol
R12_RCPA,coal_adv_ccs,2090,2100.0,M1,0.0,0.0,2585.8791655576556,sv_cpol
R12_RCPA,coal_adv_ccs,2090,2110.0,M1,0.0,0.0,2585.8791655576556,sv_cpol
R12_RCPA,coal_adv_ccs,2100,2100.0,M1,0.0,0.0,2641.3722371575564,sv_cpol
R12_RCPA,coal_adv_ccs,2100,2110.0,M1,0.0,0.0,2641.3722371575564,sv_cpol
R12_RCPA,coal_adv_ccs,2110,2110.0,M1,0.0,0.0,2641.3722371575564,sv_cpol
R12_RCPA,coal_ppl,1980,1980.0,M1,0.0,0.0,485.85,sv_cpol
R12_RCPA,coal_ppl,1980,1985.0,M1,0.0,,485.85,sv_cpol
R12_RCPA,coal_ppl,1980,1990.0,M1,0.0,,485.85,sv_cpol
R12_RCPA,coal_ppl,1980,1995.0,M1,0.0,,485.85,sv_cpol
R12_RCPA,coal_ppl,1980,2000.0,M1,0.0,,485.85,sv_cpol
R12_RCPA,coal_ppl,1980,2005.0,M1,0.0,,485.85,sv_cpol
R12_RCPA,coal_ppl,1980,2010.0,M1,0.0,,485.85,sv_cpol
R12_RCPA,coal_ppl,1980,2015.0,M1,0.0,,485.85,sv_cpol
R12_RCPA,coal_ppl,1980,2020.0,M1,0.0,,485.85,sv_cpol
R12_RCPA,coal_ppl,1980,2025.0,M1,0.0,,485.85,sv_cpol
R12_RCPA,coal_ppl,1985,1985.0,M1,0.0,0.0,485.85,sv_cpol
R12_RCPA,coal_ppl,1985,1990.0,M1,0.0,,485.85,sv_cpol
R12_RCPA,coal_ppl,1985,1995.0,M1,0.0,,485.85,sv_cpol
R12_RCPA,coal_ppl,1985,2000.0,M1,0.0,,485.85,sv_cpol
R12_RCPA,coal_ppl,1985,2005.0,M1,0.0,,485.85,sv_cpol
R12_RCPA,coal_ppl,1985,2010.0,M1,0.0,,485.85,sv_cpol
R12_RCPA,coal_ppl,1985,2015.0,M1,0.0,,485.85,sv_cpol
R12_RCPA,coal_ppl,1985,2020.0,M1,0.0,,485.85,sv_cpol
R12_RCPA,coal_ppl,1985,2025.0,M1,0.0,,485.85,sv_cpol
R12_RCPA,coal_ppl,1990,1990.0,M1,0.0,0.0,485.85,sv_cpol
R12_RCPA,coal_ppl,1990,1995.0,M1,0.0,,485.85,sv_cpol
R12_RCPA,coal_ppl,1990,2000.0,M1,0.0,,485.85,sv_cpol
R12_RCPA,coal_ppl,1990,2005.0,M1,0.0,,485.85,sv_cpol
R12_RCPA,coal_ppl,1990,2010.0,M1,0.0,,485.85,sv_cpol
R12_RCPA,coal_ppl,1990,2015.0,M1,0.0,,485.85,sv_cpol
R12_RCPA,coal_ppl,1990,2020.0,M1,0.0,,485.85,sv_cpol
R12_RCPA,coal_ppl,1990,2025.0,M1,0.0,,485.85,sv_cpol
R12_RCPA,coal_ppl,1990,2030.0,M1,0.0,,485.85,sv_cpol
R12_RCPA,coal_ppl,1995,1995.0,M1,0.0,0.0,485.85,sv_cpol
R12_RCPA,coal_ppl,1995,2000.0,M1,0.0,,485.85,sv_cpol
R12_RCPA,coal_ppl,1995,2005.0,M1,0.0,,485.85,sv_cpol
R12_RCPA,coal_ppl,1995,2010.0,M1,0.0,,485.85,sv_cpol
R12_RCPA,coal_ppl,1995,2015.0,M1,0.0,,485.85,sv_cpol
R12_RCPA,coal_ppl,1995,2020.0,M1,0.0,,485.85,sv_cpol
R12_RCPA,coal_ppl,1995,2025.0,M1,0.0,,485.85,sv_cpol
R12_RCPA,coal_ppl,1995,2030.0,M1,0.0,,485.85,sv_cpol
R12_RCPA,coal_ppl,2000,2000.0,M1,0.0,0.0,485.85,sv_cpol
R12_RCPA,coal_ppl,2000,2005.0,M1,0.0,,485.85,sv_cpol
R12_RCPA,coal_ppl,2000,2010.0,M1,0.0,,485.85,sv_cpol
R12_RCPA,coal_ppl,2000,2015.0,M1,0.0,,485.85,sv_cpol
R12_RCPA,coal_ppl,2000,2020.0,M1,0.0,,485.85,sv_cpol
R12_RCPA,coal_ppl,2000,2025.0,M1,0.0,,485.85,sv_cpol
R12_RCPA,coal_ppl,2000,2030.0,M1,0.0,,485.85,sv_cpol
R12_RCPA,coal_ppl,2000,2035.0,M1,0.0,0.0,485.85,sv_cpol
R12_RCPA,coal_ppl,2005,2005.0,M1,0.0,0.0,485.85,sv_cpol
R12_RCPA,coal_ppl,2005,2010.0,M1,0.0,,485.85,sv_cpol
R12_RCPA,coal_ppl,2005,2015.0,M1,0.0,,485.85,sv_cpol
R12_RCPA,coal_ppl,2005,2020.0,M1,0.0,,485.85,sv_cpol
R12_RCPA,coal_ppl,2005,2025.0,M1,0.0,,485.85,sv_cpol
R12_RCPA,coal_ppl,2005,2030.0,M1,0.0,,485.85,sv_cpol
R12_RCPA,coal_ppl,2010,2010.0,M1,0.0,0.0,485.85,sv_cpol
R12_RCPA,coal_ppl,2010,2015.0,M1,0.0,,485.85,sv_cpol
R12_RCPA,coal_ppl,2010,2020.0,M1,0.0,,485.85,sv_cpol
R12_RCPA,coal_ppl,2010,2025.0,M1,0.0,,485.85,sv_cpol
R12_RCPA,coal_ppl,2010,2030.0,M1,0.0,,485.85,sv_cpol
R12_RCPA,coal_ppl,2010,2035.0,M1,0.25079999999999997,0.3,485.85,sv_cpol
R12_RCPA,coal_ppl,2015,2015.0,M1,0.0,0.0,485.85,sv_cpol
R12_RCPA,coal_ppl,2015,2020.0,M1,0.0,,485.85,sv_cpol
R12_RCPA,coal_ppl,2015,2025.0,M1,0.0,,485.85,sv_cpol
R12_RCPA,coal_ppl,2015,2030.0,M1,0.0,,485.85,sv_cpol
R12_RCPA,coal_ppl,2015,2035.0,M1,0.55176,0.66,485.85,sv_cpol
R12_RCPA,coal_ppl,2015,2040.0,M1,0.561,0.66,485.85,sv_cpol
R12_RCPA,coal_ppl,2020,2020.0,M1,0.0,0.0,486.00000000000006,sv_cpol
R12_RCPA,coal_ppl,2020,2025.0,M1,0.0,,486.00000000000006,sv_cpol
R12_RCPA,coal_ppl,2020,2030.0,M1,0.0,,486.00000000000006,sv_cpol
R12_RCPA,coal_ppl,2020,2035.0,M1,4.088394921616359,4.8904245473879895,486.00000000000006,sv_cpol
R12_RCPA,coal_ppl,2020,2040.0,M1,4.156860865279791,4.8904245473879895,486.00000000000006,sv_cpol
R12_RCPA,coal_ppl,2020,2045.0,M1,4.156860865279791,4.8904245473879895,486.00000000000006,sv_cpol
R12_RCPA,coal_ppl,2025,2025.0,M1,0.0,0.0,486.00000000000006,sv_cpol
R12_RCPA,coal_ppl,2025,2030.0,M1,0.0,,486.00000000000006,sv_cpol
R12_RCPA,coal_ppl,2025,2035.0,M1,6.069489223934899,7.260154574084807,486.00000000000006,sv_cpol
R12_RCPA,coal_ppl,2025,2040.0,M1,6.171131387972086,7.260154574084807,486.00000000000006,sv_cpol
R12_RCPA,coal_ppl,2025,2045.0,M1,6.171131387972086,7.260154574084807,486.00000000000006,sv_cpol
R12_RCPA,coal_ppl,2025,2050.0,M1,6.171131387972086,7.260154574084807,486.00000000000006,sv_cpol
R12_RCPA,coal_ppl,2030,2030.0,M1,0.0,0.0,513.6251587210821,sv_cpol
R12_RCPA,coal_ppl,2030,2035.0,M1,8.037039125069084,9.613683163958235,513.6251587210821,sv_cpol
R12_RCPA,coal_ppl,2030,2040.0,M1,8.1716306893645,9.613683163958235,513.6251587210821,sv_cpol
R12_RCPA,coal_ppl,2030,2045.0,M1,8.1716306893645,9.613683163958235,513.6251587210821,sv_cpol
R12_RCPA,coal_ppl,2030,2050.0,M1,8.1716306893645,9.613683163958235,513.6251587210821,sv_cpol
R12_RCPA,coal_ppl,2030,2055.0,M1,8.1716306893645,9.613683163958235,513.6251587210821,sv_cpol
R12_RCPA,coal_ppl,2035,2035.0,M1,0.0,0.0,544.5850260059706,sv_cpol
R12_RCPA,coal_ppl,2035,2040.0,M1,0.0,0.0,544.5850260059706,sv_cpol
R12_RCPA,coal_ppl,2035,2045.0,M1,0.0,0.0,544.5850260059706,sv_cpol
R12_RCPA,coal_ppl,2035,2050.0,M1,0.0,0.0,544.5850260059706,sv_cpol
R12_RCPA,coal_ppl,2035,2055.0,M1,0.0,0.0,544.5850260059706,sv_cpol
R12_RCPA,coal_ppl,2035,2060.0,M1,0.0,0.0,544.5850260059706,sv_cpol
R12_RCPA,coal_ppl,2040,2040.0,M1,0.0,0.0,570.0170579209777,sv_cpol
R12_RCPA,coal_ppl,2040,2045.0,M1,0.0,0.0,570.0170579209777,sv_cpol
R12_RCPA,coal_ppl,2040,2050.0,M1,0.0,0.0,570.0170579209777,sv_cpol
R12_RCPA,coal_ppl,2040,2055.0,M1,0.0,0.0,570.0170579209777,sv_cpol
R12_RCPA,coal_ppl,2040,2060.0,M1,0.0,0.0,570.0170579209777,sv_cpol
R12_RCPA,coal_ppl,2040,2070.0,M1,0.0,0.0,570.0170579209777,sv_cpol
R12_RCPA,coal_ppl,2045,2045.0,M1,0.0,0.0,592.0394715037497,sv_cpol
R12_RCPA,coal_ppl,2045,2050.0,M1,0.0,0.0,592.0394715037497,sv_cpol
R12_RCPA,coal_ppl,2045,2055.0,M1,0.0,0.0,592.0394715037497,sv_cpol
R12_RCPA,coal_ppl,2045,2060.0,M1,0.0,0.0,592.0394715037497,sv_cpol
R12_RCPA,coal_ppl,2045,2070.0,M1,0.0,0.0,592.0394715037497,sv_cpol
R12_RCPA,coal_ppl,2050,2050.0,M1,0.0,0.0,612.4085125198532,sv_cpol
R12_RCPA,coal_ppl,2050,2055.0,M1,0.0,0.0,612.4085125198532,sv_cpol
R12_RCPA,coal_ppl,2050,2060.0,M1,0.0,0.0,612.4085125198532,sv_cpol
R12_RCPA,coal_ppl,2050,2070.0,M1,0.0,0.0,612.4085125198532,sv_cpol
R12_RCPA,coal_ppl,2050,2080.0,M1,0.0,0.0,612.4085125198532,sv_cpol
R12_RCPA,coal_ppl,2055,2055.0,M1,0.0,0.0,632.236104837351,sv_cpol
R12_RCPA,coal_ppl,2055,2060.0,M1,0.0,0.0,632.236104837351,sv_cpol
R12_RCPA,coal_ppl,2055,2070.0,M1,0.0,0.0,632.236104837351,sv_cpol
R12_RCPA,coal_ppl,2055,2080.0,M1,0.0,0.0,632.236104837351,sv_cpol
R12_RCPA,coal_ppl,2060,2060.0,M1,0.0,0.0,652.9931666115596,sv_cpol
R12_RCPA,coal_ppl,2060,2070.0,M1,0.0,0.0,652.9931666115596,sv_cpol
R12_RCPA,coal_ppl,2060,2080.0,M1,0.0,0.0,652.9931666115596,sv_cpol
R12_RCPA,coal_ppl,2060,2090.0,M1,0.0,0.0,652.9931666115596,sv_cpol
R12_RCPA,coal_ppl,2070,2070.0,M1,0.0,0.0,698.5151822756269,sv_cpol
R12_RCPA,coal_ppl,2070,2080.0,M1,0.0,0.0,698.5151822756269,sv_cpol
R12_RCPA,coal_ppl,2070,2090.0,M1,0.0,0.0,698.5151822756269,sv_cpol
R12_RCPA,coal_ppl,2080,2080.0,M1,0.0,0.0,743.5827262267403,sv_cpol
R12_RCPA,coal_ppl,2080,2090.0,M1,0.0,0.0,743.5827262267403,sv_cpol
R12_RCPA,coal_ppl,2080,2100.0,M1,0.0,0.0,743.5827262267403,sv_cpol
R12_RCPA,coal_ppl,2090,2090.0,M1,0.0,0.0,785.1843729587926,sv_cpol
R12_RCPA,coal_ppl,2090,2100.0,M1,0.0,0.0,785.1843729587926,sv_cpol
R12_RCPA,coal_ppl,2090,2110.0,M1,0.0,0.0,785.1843729587926,sv_cpol
R12_RCPA,coal_ppl,2100,2100.0,M1,0.0,0.0,828.3027269657454,sv_cpol
R12_RCPA,coal_ppl,2100,2110.0,M1,0.0,0.0,828.3027269657454,sv_cpol
R12_RCPA,coal_ppl,2110,2110.0,M1,0.0,0.0,828.3027269657454,sv_cpol
R12_RCPA,coal_ppl_u,1960,1960.0,M1,0.0,0.0,338.58,sv_cpol
R12_RCPA,coal_ppl_u,1960,1965.0,M1,0.0,,338.58,sv_cpol
R12_RCPA,coal_ppl_u,1960,1970.0,M1,0.0,,338.58,sv_cpol
R12_RCPA,coal_ppl_u,1960,1975.0,M1,0.0,,338.58,sv_cpol
R12_RCPA,coal_ppl_u,1960,1980.0,M1,0.0,,338.58,sv_cpol
R12_RCPA,coal_ppl_u,1960,1985.0,M1,0.0,,338.58,sv_cpol
R12_RCPA,coal_ppl_u,1960,1990.0,M1,0.0,,338.58,sv_cpol
R12_RCPA,coal_ppl_u,1960,1995.0,M1,0.0,,338.58,sv_cpol
R12_RCPA,coal_ppl_u,1960,2000.0,M1,0.0,,338.58,sv_cpol
R12_RCPA,coal_ppl_u,1960,2005.0,M1,0.0,,338.58,sv_cpol
R12_RCPA,coal_ppl_u,1960,2010.0,M1,0.0,,338.58,sv_cpol
R12_RCPA,coal_ppl_u,1960,2015.0,M1,0.0,,338.58,sv_cpol
R12_RCPA,coal_ppl_u,1960,2020.0,M1,0.0,,338.58,sv_cpol
R12_RCPA,coal_ppl_u,1960,2025.0,M1,0.0,,338.58,sv_cpol
R12_RCPA,coal_ppl_u,1965,1965.0,M1,0.0,0.0,338.58,sv_cpol
R12_RCPA,coal_ppl_u,1965,1970.0,M1,0.0,,338.58,sv_cpol
R12_RCPA,coal_ppl_u,1965,1975.0,M1,0.0,,338.58,sv_cpol
R12_RCPA,coal_ppl_u,1965,1980.0,M1,0.0,,338.58,sv_cpol
R12_RCPA,coal_ppl_u,1965,1985.0,M1,0.0,,338.58,sv_cpol
R12_RCPA,coal_ppl_u,1965,1990.0,M1,0.0,,338.58,sv_cpol
R12_RCPA,coal_ppl_u,1965,1995.0,M1,0.0,,338.58,sv_cpol
R12_RCPA,coal_ppl_u,1965,2000.0,M1,0.0,,338.58,sv_cpol
R12_RCPA,coal_ppl_u,1965,2005.0,M1,0.0,,338.58,sv_cpol
R12_RCPA,coal_ppl_u,1965,2010.0,M1,0.0,,338.58,sv_cpol
R12_RCPA,coal_ppl_u,1965,2015.0,M1,0.0,,338.58,sv_cpol
R12_RCPA,coal_ppl_u,1965,2020.0,M1,0.0,,338.58,sv_cpol
R12_RCPA,coal_ppl_u,1965,2025.0,M1,0.0,,338.58,sv_cpol
R12_RCPA,coal_ppl_u,1970,1970.0,M1,0.0,0.0,338.58,sv_cpol
R12_RCPA,coal_ppl_u,1970,1975.0,M1,0.0,,338.58,sv_cpol
R12_RCPA,coal_ppl_u,1970,1980.0,M1,0.0,,338.58,sv_cpol
R12_RCPA,coal_ppl_u,1970,1985.0,M1,0.0,,338.58,sv_cpol
R12_RCPA,coal_ppl_u,1970,1990.0,M1,0.0,,338.58,sv_cpol
R12_RCPA,coal_ppl_u,1970,1995.0,M1,0.0,,338.58,sv_cpol
R12_RCPA,coal_ppl_u,1970,2000.0,M1,0.0,,338.58,sv_cpol
R12_RCPA,coal_ppl_u,1970,2005.0,M1,0.0,,338.58,sv_cpol
R12_RCPA,coal_ppl_u,1970,2010.0,M1,0.0,,338.58,sv_cpol
R12_RCPA,coal_ppl_u,1970,2015.0,M1,0.0,,338.58,sv_cpol
R12_RCPA,coal_ppl_u,1970,2020.0,M1,0.0,,338.58,sv_cpol
R12_RCPA,coal_ppl_u,1970,2025.0,M1,0.0,,338.58,sv_cpol
R12_RCPA,coal_ppl_u,1970,2030.0,M1,0.0,,338.58,sv_cpol
R12_RCPA,coal_ppl_u,1975,1975.0,M1,0.0,0.0,338.58,sv_cpol
R12_RCPA,coal_ppl_u,1975,1980.0,M1,0.0,,338.58,sv_cpol
R12_RCPA,coal_ppl_u,1975,1985.0,M1,0.0,,338.58,sv_cpol
R12_RCPA,coal_ppl_u,1975,1990.0,M1,0.0,,338.58,sv_cpol
R12_RCPA,coal_ppl_u,1975,1995.0,M1,0.0,,338.58,sv_cpol
R12_RCPA,coal_ppl_u,1975,2000.0,M1,0.0,,338.58,sv_cpol
R12_RCPA,coal_ppl_u,1975,2005.0,M1,0.0,,338.58,sv_cpol
R12_RCPA,coal_ppl_u,1975,2010.0,M1,0.0,,338.58,sv_cpol
R12_RCPA,coal_ppl_u,1975,2015.0,M1,0.0,,338.58,sv_cpol
R12_RCPA,coal_ppl_u,1975,2020.0,M1,0.0,,338.58,sv_cpol
R12_RCPA,coal_ppl_u,1975,2025.0,M1,0.0,,338.58,sv_cpol
R12_RCPA,coal_ppl_u,1975,2030.0,M1,0.0,,338.58,sv_cpol
R12_RCPA,coal_ppl_u,1980,1980.0,M1,0.0,0.0,338.58,sv_cpol
R12_RCPA,coal_ppl_u,1980,1985.0,M1,0.0,,338.58,sv_cpol
R12_RCPA,coal_ppl_u,1980,1990.0,M1,0.0,,338.58,sv_cpol
R12_RCPA,coal_ppl_u,1980,1995.0,M1,0.0,,338.58,sv_cpol
R12_RCPA,coal_ppl_u,1980,2000.0,M1,0.0,,338.58,sv_cpol
R12_RCPA,coal_ppl_u,1980,2005.0,M1,0.0,,338.58,sv_cpol
R12_RCPA,coal_ppl_u,1980,2010.0,M1,0.0,,338.58,sv_cpol
R12_RCPA,coal_ppl_u,1980,2015.0,M1,0.0,,338.58,sv_cpol
R12_RCPA,coal_ppl_u,1980,2020.0,M1,0.0,,338.58,sv_cpol
R12_RCPA,coal_ppl_u,1980,2025.0,M1,0.0,,338.58,sv_cpol
R12_RCPA,coal_ppl_u,1980,2030.0,M1,0.0,,338.58,sv_cpol
R12_RCPA,coal_ppl_u,1980,2035.0,M1,0.25061249999999996,0.4099999999999999,338.58,sv_cpol
R12_RCPA,coal_ppl_u,1985,1985.0,M1,0.0,0.0,338.58,sv_cpol
R12_RCPA,coal_ppl_u,1985,1990.0,M1,0.0,,338.58,sv_cpol
R12_RCPA,coal_ppl_u,1985,1995.0,M1,0.0,,338.58,sv_cpol
R12_RCPA,coal_ppl_u,1985,2000.0,M1,0.0,,338.58,sv_cpol
R12_RCPA,coal_ppl_u,1985,2005.0,M1,0.0,,338.58,sv_cpol
R12_RCPA,coal_ppl_u,1985,2010.0,M1,0.0,,338.58,sv_cpol
R12_RCPA,coal_ppl_u,1985,2015.0,M1,0.0,,338.58,sv_cpol
R12_RCPA,coal_ppl_u,1985,2020.0,M1,0.0,,338.58,sv_cpol
R12_RCPA,coal_ppl_u,1985,2025.0,M1,0.0,,338.58,sv_cpol
R12_RCPA,coal_ppl_u,1985,2030.0,M1,0.0,,338.58,sv_cpol
R12_RCPA,coal_ppl_u,1985,2035.0,M1,0.858195,1.404,338.58,sv_cpol
R12_RCPA,coal_ppl_u,1990,1990.0,M1,0.0,0.0,338.58,sv_cpol
R12_RCPA,coal_ppl_u,1990,1995.0,M1,0.0,,338.58,sv_cpol
R12_RCPA,coal_ppl_u,1990,2000.0,M1,0.0,,338.58,sv_cpol
R12_RCPA,coal_ppl_u,1990,2005.0,M1,0.0,,338.58,sv_cpol
R12_RCPA,coal_ppl_u,1990,2010.0,M1,0.0,,338.58,sv_cpol
R12_RCPA,coal_ppl_u,1990,2015.0,M1,0.0,,338.58,sv_cpol
R12_RCPA,coal_ppl_u,1990,2020.0,M1,0.0,,338.58,sv_cpol
R12_RCPA,coal_ppl_u,1990,2025.0,M1,0.0,,338.58,sv_cpol
R12_RCPA,coal_ppl_u,1990,2030.0,M1,0.0,,338.58,sv_cpol
R12_RCPA,coal_ppl_u,1990,2035.0,M1,0.28606500000000007,0.468,338.58,sv_cpol
R12_RCPA,coal_ppl_u,1990,2040.0,M1,0.30888000000000004,0.468,338.58,sv_cpol
R12_RCPA,coal_ppl_u,1995,1995.0,M1,0.0,0.0,338.58,sv_cpol
R12_RCPA,coal_ppl_u,1995,2000.0,M1,0.0,,338.58,sv_cpol
R12_RCPA,coal_ppl_u,1995,2005.0,M1,0.0,,338.58,sv_cpol
R12_RCPA,coal_ppl_u,1995,2010.0,M1,0.0,,338.58,sv_cpol
R12_RCPA,coal_ppl_u,1995,2015.0,M1,0.0,,338.58,sv_cpol
R12_RCPA,coal_ppl_u,1995,2020.0,M1,0.0,,338.58,sv_cpol
R12_RCPA,coal_ppl_u,1995,2025.0,M1,0.0,,338.58,sv_cpol
R12_RCPA,coal_ppl_u,1995,2030.0,M1,0.0,,338.58,sv_cpol
R12_RCPA,coal_ppl_u,1995,2035.0,M1,0.12225000000000003,0.2,338.58,sv_cpol
R12_RCPA,coal_ppl_u,1995,2040.0,M1,0.132,0.2,338.58,sv_cpol
R12_RCPA,coal_ppl_u,2000,2000.0,M1,0.0,0.0,338.58,sv_cpol
R12_RCPA,coal_ppl_u,2000,2005.0,M1,0.0,,338.58,sv_cpol
R12_RCPA,coal_ppl_u,2000,2010.0,M1,0.0,,338.58,sv_cpol
R12_RCPA,coal_ppl_u,2000,2015.0,M1,0.0,,338.58,sv_cpol
R12_RCPA,coal_ppl_u,2000,2020.0,M1,0.0,,338.58,sv_cpol
R12_RCPA,coal_ppl_u,2000,2025.0,M1,0.0,,338.58,sv_cpol
R12_RCPA,coal_ppl_u,2000,2030.0,M1,0.0,,338.58,sv_cpol
R12_RCPA,coal_ppl_u,2000,2035.0,M1,0.034230000000000003,0.056,338.58,sv_cpol
R12_RCPA,coal_ppl_u,2000,2040.0,M1,0.03696,0.056,338.58,sv_cpol
R12_RCPA,coal_ppl_u,2000,2045.0,M1,0.03696,0.056,338.58,sv_cpol
R12_RCPA,coal_ppl_u,2005,2005.0,M1,0.0,0.0,338.58,sv_cpol
R12_RCPA,coal_ppl_u,2005,2010.0,M1,0.0,,338.58,sv_cpol
R12_RCPA,coal_ppl_u,2005,2015.0,M1,0.0,,338.58,sv_cpol
R12_RCPA,coal_ppl_u,2005,2020.0,M1,0.0,,338.58,sv_cpol
R12_RCPA,coal_ppl_u,2005,2025.0,M1,0.0,,338.58,sv_cpol
R12_RCPA,coal_ppl_u,2005,2030.0,M1,0.0,,338.58,sv_cpol
R12_RCPA,coal_ppl_u,2005,2035.0,M1,0.06112500000000001,0.1,338.58,sv_cpol
R12_RCPA,coal_ppl_u,2005,2040.0,M1,0.066,0.1,338.58,sv_cpol
R12_RCPA,coal_ppl_u,2005,2045.0,M1,0.066,0.1,338.58,sv_cpol
R12_RCPA,coal_ppl_u,2010,2010.0,M1,0.0,0.0,338.58,sv_cpol
R12_RCPA,coal_ppl_u,2010,2015.0,M1,0.0,,338.58,sv_cpol
R12_RCPA,coal_ppl_u,2010,2020.0,M1,0.0,,338.58,sv_cpol
R12_RCPA,coal_ppl_u,2010,2025.0,M1,0.0,,338.58,sv_cpol
R12_RCPA,coal_ppl_u,2010,2030.0,M1,0.0,,338.58,sv_cpol
R12_RCPA,coal_ppl_u,2010,2035.0,M1,0.935273625,1.5300999999999998,338.58,sv_cpol
R12_RCPA,coal_ppl_u,2010,2040.0,M1,1.009866,1.5300999999999998,338.58,sv_cpol
R12_RCPA,coal_ppl_u,2010,2045.0,M1,1.009866,1.5300999999999998,338.58,sv_cpol
R12_RCPA,coal_ppl_u,2010,2050.0,M1,1.009866,1.5300999999999998,338.58,sv_cpol
R12_RCPA,coal_ppl_u,2015,2015.0,M1,0.0,0.0,338.58,sv_cpol
R12_RCPA,coal_ppl_u,2015,2020.0,M1,0.0,,338.58,sv_cpol
R12_RCPA,coal_ppl_u,2015,2025.0,M1,0.0,,338.58,sv_cpol
R12_RCPA,coal_ppl_u,2015,2030.0,M1,0.0,,338.58,sv_cpol
R12_RCPA,coal_ppl_u,2015,2035.0,M1,6.156510000000002,10.072000000000001,338.58,sv_cpol
R12_RCPA,coal_ppl_u,2015,2040.0,M1,6.647520000000001,10.072000000000001,338.58,sv_cpol
R12_RCPA,coal_ppl_u,2015,2045.0,M1,6.647520000000001,10.072000000000001,338.58,sv_cpol
R12_RCPA,coal_ppl_u,2020,2020.0,M1,0.0,0.0,338.6666666666667,sv_cpol
R12_RCPA,coal_ppl_u,2020,2025.0,M1,0.0,,338.6666666666667,sv_cpol
R12_RCPA,coal_ppl_u,2020,2030.0,M1,0.0,,338.6666666666667,sv_cpol
R12_RCPA,coal_ppl_u,2020,2035.0,M1,1.9890075000000005,3.2540000000000004,338.6666666666667,sv_cpol
R12_RCPA,coal_ppl_u,2020,2040.0,M1,2.1476400000000004,3.2540000000000004,338.6666666666667,sv_cpol
R12_RCPA,coal_ppl_u,2020,2045.0,M1,2.1476400000000004,3.2540000000000004,338.6666666666667,sv_cpol
R12_RCPA,gas_cc,1980,1980.0,M1,0.0,,,sv_cpol
R12_RCPA,gas_cc,1980,1985.0,M1,0.0,,,sv_cpol
R12_RCPA,gas_cc,1980,1990.0,M1,0.0,,,sv_cpol
R12_RCPA,gas_cc,1980,1995.0,M1,0.0,,,sv_cpol
R12_RCPA,gas_cc,1980,2000.0,M1,0.0,,,sv_cpol
R12_RCPA,gas_cc,1980,2005.0,M1,0.0,,,sv_cpol
R12_RCPA,gas_cc,1980,2010.0,M1,0.0,,,sv_cpol
R12_RCPA,gas_cc,1980,2015.0,M1,0.0,,,sv_cpol
R12_RCPA,gas_cc,1980,2020.0,M1,0.0,,,sv_cpol
R12_RCPA,gas_cc,1980,2025.0,M1,0.0,,,sv_cpol
R12_RCPA,gas_cc,1985,1985.0,M1,0.0,,,sv_cpol
R12_RCPA,gas_cc,1985,1990.0,M1,0.0,,,sv_cpol
R12_RCPA,gas_cc,1985,1995.0,M1,0.0,,,sv_cpol
R12_RCPA,gas_cc,1985,2000.0,M1,0.0,,,sv_cpol
R12_RCPA,gas_cc,1985,2005.0,M1,0.0,,,sv_cpol
R12_RCPA,gas_cc,1985,2010.0,M1,0.0,,,sv_cpol
R12_RCPA,gas_cc,1985,2015.0,M1,0.0,,,sv_cpol
R12_RCPA,gas_cc,1985,2020.0,M1,0.0,,,sv_cpol
R12_RCPA,gas_cc,1985,2025.0,M1,0.0,,,sv_cpol
R12_RCPA,gas_cc,1990,1990.0,M1,0.0,,,sv_cpol
R12_RCPA,gas_cc,1990,1995.0,M1,0.0,,,sv_cpol
R12_RCPA,gas_cc,1990,2000.0,M1,0.0,,,sv_cpol
R12_RCPA,gas_cc,1990,2005.0,M1,0.0,,,sv_cpol
R12_RCPA,gas_cc,1990,2010.0,M1,0.0,,,sv_cpol
R12_RCPA,gas_cc,1990,2015.0,M1,0.0,,,sv_cpol
R12_RCPA,gas_cc,1990,2020.0,M1,0.0,,,sv_cpol
R12_RCPA,gas_cc,1990,2025.0,M1,0.0,,,sv_cpol
R12_RCPA,gas_cc,1990,2030.0,M1,0.0,,,sv_cpol
R12_RCPA,gas_cc,1995,1995.0,M1,0.0,,,sv_cpol
R12_RCPA,gas_cc,1995,2000.0,M1,0.0,,,sv_cpol
R12_RCPA,gas_cc,1995,2005.0,M1,0.0,,,sv_cpol
R12_RCPA,gas_cc,1995,2010.0,M1,0.0,,,sv_cpol
R12_RCPA,gas_cc,1995,2015.0,M1,0.0,,,sv_cpol
R12_RCPA,gas_cc,1995,2020.0,M1,0.0,,,sv_cpol
R12_RCPA,gas_cc,1995,2025.0,M1,0.0,,,sv_cpol
R12_RCPA,gas_cc,1995,2030.0,M1,0.0,,,sv_cpol
R12_RCPA,gas_cc,2000,2000.0,M1,0.0,,,sv_cpol
R12_RCPA,gas_cc,2000,2005.0,M1,0.0,,,sv_cpol
R12_RCPA,gas_cc,2000,2010.0,M1,0.0,,,sv_cpol
R12_RCPA,gas_cc,2000,2015.0,M1,0.0,,,sv_cpol
R12_RCPA,gas_cc,2000,2020.0,M1,0.0,,,sv_cpol
R12_RCPA,gas_cc,2000,2025.0,M1,0.0,,,sv_cpol
R12_RCPA,gas_cc,2000,2030.0,M1,0.0,,,sv_cpol
R12_RCPA,gas_cc,2000,2035.0,M1,0.47525625,,,sv_cpol
R12_RCPA,gas_cc,2005,2005.0,M1,0.0,,,sv_cpol
R12_RCPA,gas_cc,2005,2010.0,M1,0.0,,,sv_cpol
R12_RCPA,gas_cc,2005,2015.0,M1,0.0,,,sv_cpol
R12_RCPA,gas_cc,2005,2020.0,M1,0.0,,,sv_cpol
R12_RCPA,gas_cc,2005,2025.0,M1,0.0,,,sv_cpol
R12_RCPA,gas_cc,2005,2030.0,M1,0.0,,,sv_cpol
R12_RCPA,gas_cc,2005,2035.0,M1,2.6940375000000003,,,sv_cpol
R12_RCPA,gas_cc,2010,2010.0,M1,0.0,,,sv_cpol
R12_RCPA,gas_cc,2010,2015.0,M1,0.0,,,sv_cpol
R12_RCPA,gas_cc,2010,2020.0,M1,0.0,,,sv_cpol
R12_RCPA,gas_cc,2010,2025.0,M1,0.0,,,sv_cpol
R12_RCPA,gas_cc,2010,2030.0,M1,0.0,,,sv_cpol
R12_RCPA,gas_cc,2010,2035.0,M1,1.7325000000000002,,,sv_cpol
R12_RCPA,gas_cc,2010,2040.0,M1,1.87,,,sv_cpol
R12_RCPA,gas_cc,2015,2015.0,M1,0.0,,,sv_cpol
R12_RCPA,gas_cc,2015,2020.0,M1,0.0,,,sv_cpol
R12_RCPA,gas_cc,2015,2025.0,M1,0.0,,,sv_cpol
R12_RCPA,gas_cc,2015,2030.0,M1,0.0,,,sv_cpol
R12_RCPA,gas_cc,2015,2035.0,M1,0.39375,,,sv_cpol
R12_RCPA,gas_cc,2015,2040.0,M1,0.425,,,sv_cpol
R12_RCPA,gas_cc,2020,2020.0,M1,0.0,,,sv_cpol
R12_RCPA,gas_cc,2020,2025.0,M1,0.0,,,sv_cpol
R12_RCPA,gas_cc,2020,2030.0,M1,0.0,,,sv_cpol
R12_RCPA,gas_cc,2020,2035.0,M1,0.0,,,sv_cpol
R12_RCPA,gas_cc,2020,2040.0,M1,0.0,,,sv_cpol
R12_RCPA,gas_cc,2020,2045.0,M1,0.0,,,sv_cpol
R12_RCPA,gas_cc,2025,2025.0,M1,0.0,,,sv_cpol
R12_RCPA,gas_cc,2025,2030.0,M1,0.0,,,sv_cpol
R12_RCPA,gas_cc,2025,2035.0,M1,4.365668301402279,,,sv_cpol
R12_RCPA,gas_cc,2025,2040.0,M1,4.712149912624682,,,sv_cpol
R12_RCPA,gas_cc,2025,2045.0,M1,4.712149912624682,,,sv_cpol
R12_RCPA,gas_cc,2025,2050.0,M1,4.712149912624682,,,sv_cpol
R12_RCPA,gas_cc,2030,2030.0,M1,0.0,,,sv_cpol
R12_RCPA,gas_cc,2030,2035.0,M1,5.856952359929858,,,sv_cpol
R12_RCPA,gas_cc,2030,2040.0,M1,6.3217898488131805,,,sv_cpol
R12_RCPA,gas_cc,2030,2045.0,M1,6.3217898488131805,,,sv_cpol
R12_RCPA,gas_cc,2030,2050.0,M1,6.3217898488131805,,,sv_cpol
R12_RCPA,gas_cc,2030,2055.0,M1,6.3217898488131805,,,sv_cpol
R12_RCPA,gas_cc,2035,2035.0,M1,11.094938699779714,,,sv_cpol
R12_RCPA,gas_cc,2035,2040.0,M1,11.97548939023842,,,sv_cpol
R12_RCPA,gas_cc,2035,2045.0,M1,11.97548939023842,,,sv_cpol
R12_RCPA,gas_cc,2035,2050.0,M1,11.97548939023842,,,sv_cpol
R12_RCPA,gas_cc,2035,2055.0,M1,11.97548939023842,,,sv_cpol
R12_RCPA,gas_cc,2035,2060.0,M1,11.97548939023842,,,sv_cpol
R12_RCPA,gas_cc,2040,2040.0,M1,0.710595542997503,,,sv_cpol
R12_RCPA,gas_cc,2040,2045.0,M1,0.710595542997503,,,sv_cpol
R12_RCPA,gas_cc,2040,2050.0,M1,0.710595542997503,,,sv_cpol
R12_RCPA,gas_cc,2040,2055.0,M1,0.710595542997503,,,sv_cpol
R12_RCPA,gas_cc,2040,2060.0,M1,0.710595542997503,,,sv_cpol
R12_RCPA,gas_cc,2040,2070.0,M1,0.3552977714987515,,,sv_cpol
R12_RCPA,gas_cc,2045,2045.0,M1,9.024091929902081,,,sv_cpol
R12_RCPA,gas_cc,2045,2050.0,M1,9.024091929902081,,,sv_cpol
R12_RCPA,gas_cc,2045,2055.0,M1,9.024091929902081,,,sv_cpol
R12_RCPA,gas_cc,2045,2060.0,M1,9.024091929902081,,,sv_cpol
R12_RCPA,gas_cc,2045,2070.0,M1,9.024091929902083,,,sv_cpol
R12_RCPA,gas_cc,2050,2050.0,M1,19.48692669543532,,,sv_cpol
R12_RCPA,gas_cc,2050,2055.0,M1,19.48692669543532,,,sv_cpol
R12_RCPA,gas_cc,2050,2060.0,M1,19.48692669543532,,,sv_cpol
R12_RCPA,gas_cc,2050,2070.0,M1,19.48692669543532,,,sv_cpol
R12_RCPA,gas_cc,2050,2080.0,M1,9.74346334771766,,,sv_cpol
R12_RCPA,gas_cc,2055,2055.0,M1,10.39252539858339,,,sv_cpol
R12_RCPA,gas_cc,2055,2060.0,M1,10.39252539858339,,,sv_cpol
R12_RCPA,gas_cc,2055,2070.0,M1,10.39252539858339,,,sv_cpol
R12_RCPA,gas_cc,2055,2080.0,M1,10.39252539858339,,,sv_cpol
R12_RCPA,gas_cc,2060,2060.0,M1,15.084906261815576,,,sv_cpol
R12_RCPA,gas_cc,2060,2070.0,M1,15.084906261815576,,,sv_cpol
R12_RCPA,gas_cc,2060,2080.0,M1,15.084906261815576,,,sv_cpol
R12_RCPA,gas_cc,2060,2090.0,M1,7.542453130907788,,,sv_cpol
R12_RCPA,gas_cc,2070,2070.0,M1,18.63319143207407,,,sv_cpol
R12_RCPA,gas_cc,2070,2080.0,M1,18.63319143207407,,,sv_cpol
R12_RCPA,gas_cc,2070,2090.0,M1,18.63319143207407,,,sv_cpol
R12_RCPA,gas_cc,2080,2080.0,M1,12.451790049635896,,,sv_cpol
R12_RCPA,gas_cc,2080,2090.0,M1,12.451790049635896,,,sv_cpol
R12_RCPA,gas_cc,2080,2100.0,M1,12.451790049635896,,,sv_cpol
R12_RCPA,gas_cc,2090,2090.0,M1,1.7971788174846282,,,sv_cpol
R12_RCPA,gas_cc,2090,2100.0,M1,1.7971788174846282,,,sv_cpol
R12_RCPA,gas_cc,2090,2110.0,M1,1.7971788174846282,,,sv_cpol
R12_RCPA,gas_cc,2100,2100.0,M1,0.0,,,sv_cpol
R12_RCPA,gas_cc,2100,2110.0,M1,0.0,,,sv_cpol
R12_RCPA,gas_cc,2110,2110.0,M1,6.500830332550498,,,sv_cpol
R12_RCPA,gas_cc_ccs,2030,2030.0,M1,0.0,,,sv_cpol
R12_RCPA,gas_cc_ccs,2030,2035.0,M1,0.0,,,sv_cpol
R12_RCPA,gas_cc_ccs,2030,2040.0,M1,0.0,,,sv_cpol
R12_RCPA,gas_cc_ccs,2030,2045.0,M1,0.0,,,sv_cpol
R12_RCPA,gas_cc_ccs,2030,2050.0,M1,0.0,,,sv_cpol
R12_RCPA,gas_cc_ccs,2030,2055.0,M1,0.0,,,sv_cpol
R12_RCPA,gas_cc_ccs,2035,2035.0,M1,0.0,,,sv_cpol
R12_RCPA,gas_cc_ccs,2035,2040.0,M1,0.0,,,sv_cpol
R12_RCPA,gas_cc_ccs,2035,2045.0,M1,0.0,,,sv_cpol
R12_RCPA,gas_cc_ccs,2035,2050.0,M1,0.0,,,sv_cpol
R12_RCPA,gas_cc_ccs,2035,2055.0,M1,0.0,,,sv_cpol
R12_RCPA,gas_cc_ccs,2035,2060.0,M1,0.0,,,sv_cpol
R12_RCPA,gas_cc_ccs,2040,2040.0,M1,0.0,,,sv_cpol
R12_RCPA,gas_cc_ccs,2040,2045.0,M1,0.0,,,sv_cpol
R12_RCPA,gas_cc_ccs,2040,2050.0,M1,0.0,,,sv_cpol
R12_RCPA,gas_cc_ccs,2040,2055.0,M1,0.0,,,sv_cpol
R12_RCPA,gas_cc_ccs,2040,2060.0,M1,0.0,,,sv_cpol
R12_RCPA,gas_cc_ccs,2040,2070.0,M1,0.0,,,sv_cpol
R12_RCPA,gas_cc_ccs,2045,2045.0,M1,0.0,,,sv_cpol
R12_RCPA,gas_cc_ccs,2045,2050.0,M1,0.0,,,sv_cpol
R12_RCPA,gas_cc_ccs,2045,2055.0,M1,0.0,,,sv_cpol
R12_RCPA,gas_cc_ccs,2045,2060.0,M1,0.0,,,sv_cpol
R12_RCPA,gas_cc_ccs,2045,2070.0,M1,0.0,,,sv_cpol
R12_RCPA,gas_cc_ccs,2050,2050.0,M1,0.0,,,sv_cpol
R12_RCPA,gas_cc_ccs,2050,2055.0,M1,0.0,,,sv_cpol
R12_RCPA,gas_cc_ccs,2050,2060.0,M1,0.0,,,sv_cpol
R12_RCPA,gas_cc_ccs,2050,2070.0,M1,0.0,,,sv_cpol
R12_RCPA,gas_cc_ccs,2050,2080.0,M1,0.0,,,sv_cpol
R12_RCPA,gas_cc_ccs,2055,2055.0,M1,0.0,,,sv_cpol
R12_RCPA,gas_cc_ccs,2055,2060.0,M1,0.0,,,sv_cpol
R12_RCPA,gas_cc_ccs,2055,2070.0,M1,0.0,,,sv_cpol
R12_RCPA,gas_cc_ccs,2055,2080.0,M1,0.0,,,sv_cpol
R12_RCPA,gas_cc_ccs,2060,2060.0,M1,0.0,,,sv_cpol
R12_RCPA,gas_cc_ccs,2060,2070.0,M1,0.0,,,sv_cpol
R12_RCPA,gas_cc_ccs,2060,2080.0,M1,0.0,,,sv_cpol
R12_RCPA,gas_cc_ccs,2060,2090.0,M1,0.0,,,sv_cpol
R12_RCPA,gas_cc_ccs,2070,2070.0,M1,0.0,,,sv_cpol
R12_RCPA,gas_cc_ccs,2070,2080.0,M1,0.0,,,sv_cpol
R12_RCPA,gas_cc_ccs,2070,2090.0,M1,0.0,,,sv_cpol
R12_RCPA,gas_cc_ccs,2080,2080.0,M1,0.0,,,sv_cpol
R12_RCPA,gas_cc_ccs,2080,2090.0,M1,0.0,,,sv_cpol
R12_RCPA,gas_cc_ccs,2080,2100.0,M1,0.0,,,sv_cpol
R12_RCPA,gas_cc_ccs,2090,2090.0,M1,0.0,,,sv_cpol
R12_RCPA,gas_cc_ccs,2090,2100.0,M1,0.0,,,sv_cpol
R12_RCPA,gas_cc_ccs,2090,2110.0,M1,0.0,,,sv_cpol
R12_RCPA,gas_cc_ccs,2100,2100.0,M1,0.0,,,sv_cpol
R12_RCPA,gas_cc_ccs,2100,2110.0,M1,0.0,,,sv_cpol
R12_RCPA,gas_cc_ccs,2110,2110.0,M1,0.0,,,sv_cpol
R12_RCPA,gas_ct,1970,1970.0,M1,0.0,,,sv_cpol
R12_RCPA,gas_ct,1970,1975.0,M1,0.0,,,sv_cpol
R12_RCPA,gas_ct,1970,1980.0,M1,0.0,,,sv_cpol
R12_RCPA,gas_ct,1970,1985.0,M1,0.0,,,sv_cpol
R12_RCPA,gas_ct,1970,1990.0,M1,0.0,,,sv_cpol
R12_RCPA,gas_ct,1970,1995.0,M1,0.0,,,sv_cpol
R12_RCPA,gas_ct,1970,2000.0,M1,0.0,,,sv_cpol
R12_RCPA,gas_ct,1970,2005.0,M1,0.0,,,sv_cpol
R12_RCPA,gas_ct,1970,2010.0,M1,0.0,,,sv_cpol
R12_RCPA,gas_ct,1970,2015.0,M1,0.0,,,sv_cpol
R12_RCPA,gas_ct,1970,2020.0,M1,0.0,,,sv_cpol
R12_RCPA,gas_ct,1970,2025.0,M1,0.0,,,sv_cpol
R12_RCPA,gas_ct,1975,1975.0,M1,0.0,,,sv_cpol
R12_RCPA,gas_ct,1975,1980.0,M1,0.0,,,sv_cpol
R12_RCPA,gas_ct,1975,1985.0,M1,0.0,,,sv_cpol
R12_RCPA,gas_ct,1975,1990.0,M1,0.0,,,sv_cpol
R12_RCPA,gas_ct,1975,1995.0,M1,0.0,,,sv_cpol
R12_RCPA,gas_ct,1975,2000.0,M1,0.0,,,sv_cpol
R12_RCPA,gas_ct,1975,2005.0,M1,0.0,,,sv_cpol
R12_RCPA,gas_ct,1975,2010.0,M1,0.0,,,sv_cpol
R12_RCPA,gas_ct,1975,2015.0,M1,0.0,,,sv_cpol
R12_RCPA,gas_ct,1975,2020.0,M1,0.0,,,sv_cpol
R12_RCPA,gas_ct,1975,2025.0,M1,0.0,,,sv_cpol
R12_RCPA,gas_ct,1980,1980.0,M1,0.0,,,sv_cpol
R12_RCPA,gas_ct,1980,1985.0,M1,0.0,,,sv_cpol
R12_RCPA,gas_ct,1980,1990.0,M1,0.0,,,sv_cpol
R12_RCPA,gas_ct,1980,1995.0,M1,0.0,,,sv_cpol
R12_RCPA,gas_ct,1980,2000.0,M1,0.0,,,sv_cpol
R12_RCPA,gas_ct,1980,2005.0,M1,0.0,,,sv_cpol
R12_RCPA,gas_ct,1980,2010.0,M1,0.0,,,sv_cpol
R12_RCPA,gas_ct,1980,2015.0,M1,0.0,,,sv_cpol
R12_RCPA,gas_ct,1980,2020.0,M1,0.0,,,sv_cpol
R12_RCPA,gas_ct,1980,2025.0,M1,0.0,,,sv_cpol
R12_RCPA,gas_ct,1980,2030.0,M1,0.0,,,sv_cpol
R12_RCPA,gas_ct,1985,1985.0,M1,0.0,,,sv_cpol
R12_RCPA,gas_ct,1985,1990.0,M1,0.0,,,sv_cpol
R12_RCPA,gas_ct,1985,1995.0,M1,0.0,,,sv_cpol
R12_RCPA,gas_ct,1985,2000.0,M1,0.0,,,sv_cpol
R12_RCPA,gas_ct,1985,2005.0,M1,0.0,,,sv_cpol
R12_RCPA,gas_ct,1985,2010.0,M1,0.0,,,sv_cpol
R12_RCPA,gas_ct,1985,2015.0,M1,0.0,,,sv_cpol
R12_RCPA,gas_ct,1985,2020.0,M1,0.0,,,sv_cpol
R12_RCPA,gas_ct,1985,2025.0,M1,0.0,,,sv_cpol
R12_RCPA,gas_ct,1985,2030.0,M1,0.0,,,sv_cpol
R12_RCPA,gas_ct,1990,1990.0,M1,0.0,,,sv_cpol
R12_RCPA,gas_ct,1990,1995.0,M1,0.0,,,sv_cpol
R12_RCPA,gas_ct,1990,2000.0,M1,0.0,,,sv_cpol
R12_RCPA,gas_ct,1990,2005.0,M1,0.0,,,sv_cpol
R12_RCPA,gas_ct,1990,2010.0,M1,0.0,,,sv_cpol
R12_RCPA,gas_ct,1990,2015.0,M1,0.0,,,sv_cpol
R12_RCPA,gas_ct,1990,2020.0,M1,0.0,,,sv_cpol
R12_RCPA,gas_ct,1990,2025.0,M1,0.0,,,sv_cpol
R12_RCPA,gas_ct,1990,2030.0,M1,0.0,,,sv_cpol
R12_RCPA,gas_ct,1990,2035.0,M1,0.0,,,sv_cpol
R12_RCPA,gas_ct,1995,1995.0,M1,0.0,,,sv_cpol
R12_RCPA,gas_ct,1995,2000.0,M1,0.0,,,sv_cpol
R12_RCPA,gas_ct,1995,2005.0,M1,0.0,,,sv_cpol
R12_RCPA,gas_ct,1995,2010.0,M1,0.0,,,sv_cpol
R12_RCPA,gas_ct,1995,2015.0,M1,0.0,,,sv_cpol
R12_RCPA,gas_ct,1995,2020.0,M1,0.0,,,sv_cpol
R12_RCPA,gas_ct,1995,2025.0,M1,0.0,,,sv_cpol
R12_RCPA,gas_ct,1995,2030.0,M1,0.0,,,sv_cpol
R12_RCPA,gas_ct,1995,2035.0,M1,0.0,,,sv_cpol
R12_RCPA,gas_ct,2000,2000.0,M1,0.0,,,sv_cpol
R12_RCPA,gas_ct,2000,2005.0,M1,0.0,,,sv_cpol
R12_RCPA,gas_ct,2000,2010.0,M1,0.0,,,sv_cpol
R12_RCPA,gas_ct,2000,2015.0,M1,0.0,,,sv_cpol
R12_RCPA,gas_ct,2000,2020.0,M1,0.0,,,sv_cpol
R12_RCPA,gas_ct,2000,2025.0,M1,0.0,,,sv_cpol
R12_RCPA,gas_ct,2000,2030.0,M1,0.0,,,sv_cpol
R12_RCPA,gas_ct,2000,2035.0,M1,0.0,,,sv_cpol
R12_RCPA,gas_ct,2005,2005.0,M1,0.0,,,sv_cpol
R12_RCPA,gas_ct,2005,2010.0,M1,0.0,,,sv_cpol
R12_RCPA,gas_ct,2005,2015.0,M1,0.0,,,sv_cpol
R12_RCPA,gas_ct,2005,2020.0,M1,0.0,,,sv_cpol
R12_RCPA,gas_ct,2005,2025.0,M1,0.0,,,sv_cpol
R12_RCPA,gas_ct,2005,2030.0,M1,0.0,,,sv_cpol
R12_RCPA,gas_ct,2005,2035.0,M1,0.0,,,sv_cpol
R12_RCPA,gas_ct,2010,2010.0,M1,0.0,,,sv_cpol
R12_RCPA,gas_ct,2010,2015.0,M1,0.0,,,sv_cpol
R12_RCPA,gas_ct,2010,2020.0,M1,0.0,,,sv_cpol
R12_RCPA,gas_ct,2010,2025.0,M1,0.0,,,sv_cpol
R12_RCPA,gas_ct,2010,2030.0,M1,0.0,,,sv_cpol
R12_RCPA,gas_ct,2010,2035.0,M1,0.0,,,sv_cpol
R12_RCPA,gas_ct,2010,2040.0,M1,0.0,,,sv_cpol
R12_RCPA,gas_ct,2015,2015.0,M1,0.0,,,sv_cpol
R12_RCPA,gas_ct,2015,2020.0,M1,0.0,,,sv_cpol
R12_RCPA,gas_ct,2015,2025.0,M1,0.0,,,sv_cpol
R12_RCPA,gas_ct,2015,2030.0,M1,0.0,,,sv_cpol
R12_RCPA,gas_ct,2015,2035.0,M1,0.0,,,sv_cpol
R12_RCPA,gas_ct,2015,2040.0,M1,0.0,,,sv_cpol
R12_RCPA,gas_ct,2020,2020.0,M1,0.0,,,sv_cpol
R12_RCPA,gas_ct,2020,2025.0,M1,0.0,,,sv_cpol
R12_RCPA,gas_ct,2020,2030.0,M1,0.0,,,sv_cpol
R12_RCPA,gas_ct,2020,2035.0,M1,0.0,,,sv_cpol
R12_RCPA,gas_ct,2020,2040.0,M1,0.0,,,sv_cpol
R12_RCPA,gas_ct,2020,2045.0,M1,0.0,,,sv_cpol
R12_RCPA,gas_ct,2025,2025.0,M1,0.0,,,sv_cpol
R12_RCPA,gas_ct,2025,2030.0,M1,0.0,,,sv_cpol
R12_RCPA,gas_ct,2025,2035.0,M1,0.0,,,sv_cpol
R12_RCPA,gas_ct,2025,2040.0,M1,0.0,,,sv_cpol
R12_RCPA,gas_ct,2025,2045.0,M1,0.0,,,sv_cpol
R12_RCPA,gas_ct,2025,2050.0,M1,0.0,,,sv_cpol
R12_RCPA,gas_ct,2030,2030.0,M1,0.0,,,sv_cpol
R12_RCPA,gas_ct,2030,2035.0,M1,0.0,,,sv_cpol
R12_RCPA,gas_ct,2030,2040.0,M1,0.0,,,sv_cpol
R12_RCPA,gas_ct,2030,2045.0,M1,0.0,,,sv_cpol
R12_RCPA,gas_ct,2030,2050.0,M1,0.0,,,sv_cpol
R12_RCPA,gas_ct,2030,2055.0,M1,0.0,,,sv_cpol
R12_RCPA,gas_ct,2035,2035.0,M1,0.0,,,sv_cpol
R12_RCPA,gas_ct,2035,2040.0,M1,0.0,,,sv_cpol
R12_RCPA,gas_ct,2035,2045.0,M1,0.0,,,sv_cpol
R12_RCPA,gas_ct,2035,2050.0,M1,0.0,,,sv_cpol
R12_RCPA,gas_ct,2035,2055.0,M1,0.0,,,sv_cpol
R12_RCPA,gas_ct,2035,2060.0,M1,0.0,,,sv_cpol
R12_RCPA,gas_ct,2040,2040.0,M1,0.0,,,sv_cpol
R12_RCPA,gas_ct,2040,2045.0,M1,0.0,,,sv_cpol
R12_RCPA,gas_ct,2040,2050.0,M1,0.0,,,sv_cpol
R12_RCPA,gas_ct,2040,2055.0,M1,0.0,,,sv_cpol
R12_RCPA,gas_ct,2040,2060.0,M1,0.0,,,sv_cpol
R12_RCPA,gas_ct,2040,2070.0,M1,0.0,,,sv_cpol
R12_RCPA,gas_ct,2045,2045.0,M1,0.0,,,sv_cpol
R12_RCPA,gas_ct,2045,2050.0,M1,0.0,,,sv_cpol
R12_RCPA,gas_ct,2045,2055.0,M1,0.0,,,sv_cpol
R12_RCPA,gas_ct,2045,2060.0,M1,0.0,,,sv_cpol
R12_RCPA,gas_ct,2045,2070.0,M1,0.0,,,sv_cpol
R12_RCPA,gas_ct,2050,2050.0,M1,0.0,,,sv_cpol
R12_RCPA,gas_ct,2050,2055.0,M1,0.0,,,sv_cpol
R12_RCPA,gas_ct,2050,2060.0,M1,0.0,,,sv_cpol
R12_RCPA,gas_ct,2050,2070.0,M1,0.0,,,sv_cpol
R12_RCPA,gas_ct,2050,2080.0,M1,0.0,,,sv_cpol
R12_RCPA,gas_ct,2055,2055.0,M1,0.0,,,sv_cpol
R12_RCPA,gas_ct,2055,2060.0,M1,0.0,,,sv_cpol
R12_RCPA,gas_ct,2055,2070.0,M1,0.0,,,sv_cpol
R12_RCPA,gas_ct,2055,2080.0,M1,0.0,,,sv_cpol
R12_RCPA,gas_ct,2060,2060.0,M1,0.0,,,sv_cpol
R12_RCPA,gas_ct,2060,2070.0,M1,0.0,,,sv_cpol
R12_RCPA,gas_ct,2060,2080.0,M1,0.0,,,sv_cpol
R12_RCPA,gas_ct,2060,2090.0,M1,0.0,,,sv_cpol
R12_RCPA,gas_ct,2070,2070.0,M1,0.0,,,sv_cpol
R12_RCPA,gas_ct,2070,2080.0,M1,0.0,,,sv_cpol
R12_RCPA,gas_ct,2070,2090.0,M1,0.0,,,sv_cpol
R12_RCPA,gas_ct,2080,2080.0,M1,0.0,,,sv_cpol
R12_RCPA,gas_ct,2080,2090.0,M1,0.0,,,sv_cpol
R12_RCPA,gas_ct,2080,2100.0,M1,0.0,,,sv_cpol
R12_RCPA,gas_ct,2090,2090.0,M1,0.0,,,sv_cpol
R12_RCPA,gas_ct,2090,2100.0,M1,0.0,,,sv_cpol
R12_RCPA,gas_ct,2090,2110.0,M1,0.0,,,sv_cpol
R12_RCPA,gas_ct,2100,2100.0,M1,0.0,,,sv_cpol
R12_RCPA,gas_ct,2100,2110.0,M1,0.0,,,sv_cpol
R12_RCPA,gas_ct,2110,2110.0,M1,0.0,,,sv_cpol
R12_RCPA,gas_ppl,1970,1970.0,M1,0.0,,,sv_cpol
R12_RCPA,gas_ppl,1970,1975.0,M1,0.0,,,sv_cpol
R12_RCPA,gas_ppl,1970,1980.0,M1,0.0,,,sv_cpol
R12_RCPA,gas_ppl,1970,1985.0,M1,0.0,,,sv_cpol
R12_RCPA,gas_ppl,1970,1990.0,M1,0.0,,,sv_cpol
R12_RCPA,gas_ppl,1970,1995.0,M1,0.0,,,sv_cpol
R12_RCPA,gas_ppl,1970,2000.0,M1,0.0,,,sv_cpol
R12_RCPA,gas_ppl,1970,2005.0,M1,0.0,,,sv_cpol
R12_RCPA,gas_ppl,1970,2010.0,M1,0.0,,,sv_cpol
R12_RCPA,gas_ppl,1970,2015.0,M1,0.0,,,sv_cpol
R12_RCPA,gas_ppl,1970,2020.0,M1,0.0,,,sv_cpol
R12_RCPA,gas_ppl,1970,2025.0,M1,0.0,,,sv_cpol
R12_RCPA,gas_ppl,1975,1975.0,M1,0.0,,,sv_cpol
R12_RCPA,gas_ppl,1975,1980.0,M1,0.0,,,sv_cpol
R12_RCPA,gas_ppl,1975,1985.0,M1,0.0,,,sv_cpol
R12_RCPA,gas_ppl,1975,1990.0,M1,0.0,,,sv_cpol
R12_RCPA,gas_ppl,1975,1995.0,M1,0.0,,,sv_cpol
R12_RCPA,gas_ppl,1975,2000.0,M1,0.0,,,sv_cpol
R12_RCPA,gas_ppl,1975,2005.0,M1,0.0,,,sv_cpol
R12_RCPA,gas_ppl,1975,2010.0,M1,0.0,,,sv_cpol
R12_RCPA,gas_ppl,1975,2015.0,M1,0.0,,,sv_cpol
R12_RCPA,gas_ppl,1975,2020.0,M1,0.0,,,sv_cpol
R12_RCPA,gas_ppl,1975,2025.0,M1,0.0,,,sv_cpol
R12_RCPA,gas_ppl,1980,1980.0,M1,0.0,,,sv_cpol
R12_RCPA,gas_ppl,1980,1985.0,M1,0.0,,,sv_cpol
R12_RCPA,gas_ppl,1980,1990.0,M1,0.0,,,sv_cpol
R12_RCPA,gas_ppl,1980,1995.0,M1,0.0,,,sv_cpol
R12_RCPA,gas_ppl,1980,2000.0,M1,0.0,,,sv_cpol
R12_RCPA,gas_ppl,1980,2005.0,M1,0.0,,,sv_cpol
R12_RCPA,gas_ppl,1980,2010.0,M1,0.0,,,sv_cpol
R12_RCPA,gas_ppl,1980,2015.0,M1,0.0,,,sv_cpol
R12_RCPA,gas_ppl,1980,2020.0,M1,0.0,,,sv_cpol
R12_RCPA,gas_ppl,1980,2025.0,M1,0.0,,,sv_cpol
R12_RCPA,gas_ppl,1980,2030.0,M1,0.0,,,sv_cpol
R12_RCPA,gas_ppl,1985,1985.0,M1,0.0,,,sv_cpol
R12_RCPA,gas_ppl,1985,1990.0,M1,0.0,,,sv_cpol
R12_RCPA,gas_ppl,1985,1995.0,M1,0.0,,,sv_cpol
R12_RCPA,gas_ppl,1985,2000.0,M1,0.0,,,sv_cpol
R12_RCPA,gas_ppl,1985,2005.0,M1,0.0,,,sv_cpol
R12_RCPA,gas_ppl,1985,2010.0,M1,0.0,,,sv_cpol
R12_RCPA,gas_ppl,1985,2015.0,M1,0.0,,,sv_cpol
R12_RCPA,gas_ppl,1985,2020.0,M1,0.0,,,sv_cpol
R12_RCPA,gas_ppl,1985,2025.0,M1,0.0,,,sv_cpol
R12_RCPA,gas_ppl,1985,2030.0,M1,0.0,,,sv_cpol
R12_RCPA,gas_ppl,1990,1990.0,M1,0.0,,,sv_cpol
R12_RCPA,gas_ppl,1990,1995.0,M1,0.0,,,sv_cpol
R12_RCPA,gas_ppl,1990,2000.0,M1,0.0,,,sv_cpol
R12_RCPA,gas_ppl,1990,2005.0,M1,0.0,,,sv_cpol
R12_RCPA,gas_ppl,1990,2010.0,M1,0.0,,,sv_cpol
R12_RCPA,gas_ppl,1990,2015.0,M1,0.0,,,sv_cpol
R12_RCPA,gas_ppl,1990,2020.0,M1,0.0,,,sv_cpol
R12_RCPA,gas_ppl,1990,2025.0,M1,0.0,,,sv_cpol
R12_RCPA,gas_ppl,1990,2030.0,M1,0.0,,,sv_cpol
R12_RCPA,gas_ppl,1990,2035.0,M1,0.0,,,sv_cpol
R12_RCPA,gas_ppl,1995,1995.0,M1,0.0,,,sv_cpol
R12_RCPA,gas_ppl,1995,2000.0,M1,0.0,,,sv_cpol
R12_RCPA,gas_ppl,1995,2005.0,M1,0.0,,,sv_cpol
R12_RCPA,gas_ppl,1995,2010.0,M1,0.0,,,sv_cpol
R12_RCPA,gas_ppl,1995,2015.0,M1,0.0,,,sv_cpol
R12_RCPA,gas_ppl,1995,2020.0,M1,0.0,,,sv_cpol
R12_RCPA,gas_ppl,1995,2025.0,M1,0.0,,,sv_cpol
R12_RCPA,gas_ppl,1995,2030.0,M1,0.0,,,sv_cpol
R12_RCPA,gas_ppl,1995,2035.0,M1,0.0,,,sv_cpol
R12_RCPA,gas_ppl,2000,2000.0,M1,0.0,,,sv_cpol
R12_RCPA,gas_ppl,2000,2005.0,M1,0.0,,,sv_cpol
R12_RCPA,gas_ppl,2000,2010.0,M1,0.0,,,sv_cpol
R12_RCPA,gas_ppl,2000,2015.0,M1,0.0,,,sv_cpol
R12_RCPA,gas_ppl,2000,2020.0,M1,0.0,,,sv_cpol
R12_RCPA,gas_ppl,2000,2025.0,M1,0.0,,,sv_cpol
R12_RCPA,gas_ppl,2000,2030.0,M1,0.0,,,sv_cpol
R12_RCPA,gas_ppl,2000,2035.0,M1,0.0,,,sv_cpol
R12_RCPA,gas_ppl,2005,2005.0,M1,0.0,,,sv_cpol
R12_RCPA,gas_ppl,2005,2010.0,M1,0.0,,,sv_cpol
R12_RCPA,gas_ppl,2005,2015.0,M1,0.0,,,sv_cpol
R12_RCPA,gas_ppl,2005,2020.0,M1,0.0,,,sv_cpol
R12_RCPA,gas_ppl,2005,2025.0,M1,0.0,,,sv_cpol
R12_RCPA,gas_ppl,2005,2030.0,M1,0.0,,,sv_cpol
R12_RCPA,gas_ppl,2005,2035.0,M1,0.0,,,sv_cpol
R12_RCPA,gas_ppl,2010,2010.0,M1,0.0,,,sv_cpol
R12_RCPA,gas_ppl,2010,2015.0,M1,0.0,,,sv_cpol
R12_RCPA,gas_ppl,2010,2020.0,M1,0.0,,,sv_cpol
R12_RCPA,gas_ppl,2010,2025.0,M1,0.0,,,sv_cpol
R12_RCPA,gas_ppl,2010,2030.0,M1,0.0,,,sv_cpol
R12_RCPA,gas_ppl,2010,2035.0,M1,0.0,,,sv_cpol
R12_RCPA,gas_ppl,2010,2040.0,M1,0.0,,,sv_cpol
R12_RCPA,gas_ppl,2015,2015.0,M1,0.0,,,sv_cpol
R12_RCPA,gas_ppl,2015,2020.0,M1,0.0,,,sv_cpol
R12_RCPA,gas_ppl,2015,2025.0,M1,0.0,,,sv_cpol
R12_RCPA,gas_ppl,2015,2030.0,M1,0.0,,,sv_cpol
R12_RCPA,gas_ppl,2015,2035.0,M1,0.0,,,sv_cpol
R12_RCPA,gas_ppl,2015,2040.0,M1,0.0,,,sv_cpol
R12_RCPA,gas_ppl,2020,2020.0,M1,0.0,,,sv_cpol
R12_RCPA,gas_ppl,2020,2025.0,M1,0.0,,,sv_cpol
R12_RCPA,gas_ppl,2020,2030.0,M1,0.0,,,sv_cpol
R12_RCPA,gas_ppl,2020,2035.0,M1,0.0,,,sv_cpol
R12_RCPA,gas_ppl,2020,2040.0,M1,0.0,,,sv_cpol
R12_RCPA,gas_ppl,2020,2045.0,M1,0.0,,,sv_cpol
R12_RCPA,gas_ppl,2025,2025.0,M1,0.0,,,sv_cpol
R12_RCPA,gas_ppl,2025,2030.0,M1,0.0,,,sv_cpol
R12_RCPA,gas_ppl,2025,2035.0,M1,0.0,,,sv_cpol
R12_RCPA,gas_ppl,2025,2040.0,M1,0.0,,,sv_cpol
R12_RCPA,gas_ppl,2025,2045.0,M1,0.0,,,sv_cpol
R12_RCPA,gas_ppl,2025,2050.0,M1,0.0,,,sv_cpol
R12_RCPA,gas_ppl,2030,2030.0,M1,0.0,,,sv_cpol
R12_RCPA,gas_ppl,2030,2035.0,M1,0.0,,,sv_cpol
R12_RCPA,gas_ppl,2030,2040.0,M1,0.0,,,sv_cpol
R12_RCPA,gas_ppl,2030,2045.0,M1,0.0,,,sv_cpol
R12_RCPA,gas_ppl,2030,2050.0,M1,0.0,,,sv_cpol
R12_RCPA,gas_ppl,2030,2055.0,M1,0.0,,,sv_cpol
R12_RCPA,gas_ppl,2035,2035.0,M1,0.0,,,sv_cpol
R12_RCPA,gas_ppl,2035,2040.0,M1,0.0,,,sv_cpol
R12_RCPA,gas_ppl,2035,2045.0,M1,0.0,,,sv_cpol
R12_RCPA,gas_ppl,2035,2050.0,M1,0.0,,,sv_cpol
R12_RCPA,gas_ppl,2035,2055.0,M1,0.0,,,sv_cpol
R12_RCPA,gas_ppl,2035,2060.0,M1,0.0,,,sv_cpol
R12_RCPA,gas_ppl,2040,2040.0,M1,0.0,,,sv_cpol
R12_RCPA,gas_ppl,2040,2045.0,M1,0.0,,,sv_cpol
R12_RCPA,gas_ppl,2040,2050.0,M1,0.0,,,sv_cpol
R12_RCPA,gas_ppl,2040,2055.0,M1,0.0,,,sv_cpol
R12_RCPA,gas_ppl,2040,2060.0,M1,0.0,,,sv_cpol
R12_RCPA,gas_ppl,2040,2070.0,M1,0.0,,,sv_cpol
R12_RCPA,gas_ppl,2045,2045.0,M1,0.0,,,sv_cpol
R12_RCPA,gas_ppl,2045,2050.0,M1,0.0,,,sv_cpol
R12_RCPA,gas_ppl,2045,2055.0,M1,0.0,,,sv_cpol
R12_RCPA,gas_ppl,2045,2060.0,M1,0.0,,,sv_cpol
R12_RCPA,gas_ppl,2045,2070.0,M1,0.0,,,sv_cpol
R12_RCPA,gas_ppl,2050,2050.0,M1,0.0,,,sv_cpol
R12_RCPA,gas_ppl,2050,2055.0,M1,0.0,,,sv_cpol
R12_RCPA,gas_ppl,2050,2060.0,M1,0.0,,,sv_cpol
R12_RCPA,gas_ppl,2050,2070.0,M1,0.0,,,sv_cpol
R12_RCPA,gas_ppl,2050,2080.0,M1,0.0,,,sv_cpol
R12_RCPA,gas_ppl,2055,2055.0,M1,0.0,,,sv_cpol
R12_RCPA,gas_ppl,2055,2060.0,M1,0.0,,,sv_cpol
R12_RCPA,gas_ppl,2055,2070.0,M1,0.0,,,sv_cpol
R12_RCPA,gas_ppl,2055,2080.0,M1,0.0,,,sv_cpol
R12_RCPA,gas_ppl,2060,2060.0,M1,0.0,,,sv_cpol
R12_RCPA,gas_ppl,2060,2070.0,M1,0.0,,,sv_cpol
R12_RCPA,gas_ppl,2060,2080.0,M1,0.0,,,sv_cpol
R12_RCPA,gas_ppl,2060,2090.0,M1,0.0,,,sv_cpol
R12_RCPA,gas_ppl,2070,2070.0,M1,0.0,,,sv_cpol
R12_RCPA,gas_ppl,2070,2080.0,M1,0.0,,,sv_cpol
R12_RCPA,gas_ppl,2070,2090.0,M1,0.0,,,sv_cpol
R12_RCPA,gas_ppl,2080,2080.0,M1,0.0,,,sv_cpol
R12_RCPA,gas_ppl,2080,2090.0,M1,0.0,,,sv_cpol
R12_RCPA,gas_ppl,2080,2100.0,M1,0.0,,,sv_cpol
R12_RCPA,gas_ppl,2090,2090.0,M1,0.0,,,sv_cpol
R12_RCPA,gas_ppl,2090,2100.0,M1,0.0,,,sv_cpol
R12_RCPA,gas_ppl,2090,2110.0,M1,0.0,,,sv_cpol
R12_RCPA,gas_ppl,2100,2100.0,M1,0.0,,,sv_cpol
R12_RCPA,gas_ppl,2100,2110.0,M1,0.0,,,sv_cpol
R12_RCPA,gas_ppl,2110,2110.0,M1,0.0,,,sv_cpol
R12_RCPA,igcc,2010,2010.0,M1,0.0,0.0,890.72,sv_cpol
R12_RCPA,igcc,2010,2015.0,M1,0.0,,890.72,sv_cpol
R12_RCPA,igcc,2010,2020.0,M1,0.0,,890.72,sv_cpol
R12_RCPA,igcc,2010,2025.0,M1,0.0,,890.72,sv_cpol
R12_RCPA,igcc,2010,2030.0,M1,0.0,,890.72,sv_cpol
R12_RCPA,igcc,2010,2035.0,M1,0.0,0.0,890.72,sv_cpol
R12_RCPA,igcc,2015,2015.0,M1,0.0,0.0,890.72,sv_cpol
R12_RCPA,igcc,2015,2020.0,M1,0.0,,890.72,sv_cpol
R12_RCPA,igcc,2015,2025.0,M1,0.0,,890.72,sv_cpol
R12_RCPA,igcc,2015,2030.0,M1,0.0,,890.72,sv_cpol
R12_RCPA,igcc,2015,2035.0,M1,0.0,0.0,890.72,sv_cpol
R12_RCPA,igcc,2015,2040.0,M1,0.0,0.0,890.72,sv_cpol
R12_RCPA,igcc,2020,2020.0,M1,0.0,0.0,891.0,sv_cpol
R12_RCPA,igcc,2020,2025.0,M1,0.0,,891.0,sv_cpol
R12_RCPA,igcc,2020,2030.0,M1,0.0,,891.0,sv_cpol
R12_RCPA,igcc,2020,2035.0,M1,0.0,0.0,891.0,sv_cpol
R12_RCPA,igcc,2020,2040.0,M1,0.0,0.0,891.0,sv_cpol
R12_RCPA,igcc,2020,2045.0,M1,0.0,0.0,891.0,sv_cpol
R12_RCPA,igcc,2025,2025.0,M1,0.0,0.0,891.0,sv_cpol
R12_RCPA,igcc,2025,2030.0,M1,0.0,,891.0,sv_cpol
R12_RCPA,igcc,2025,2035.0,M1,0.0,0.0,891.0,sv_cpol
R12_RCPA,igcc,2025,2040.0,M1,0.0,0.0,891.0,sv_cpol
R12_RCPA,igcc,2025,2045.0,M1,0.0,0.0,891.0,sv_cpol
R12_RCPA,igcc,2025,2050.0,M1,0.0,0.0,891.0,sv_cpol
R12_RCPA,igcc,2030,2030.0,M1,0.0,0.0,891.5589397340781,sv_cpol
R12_RCPA,igcc,2030,2035.0,M1,0.0,0.0,891.5589397340781,sv_cpol
R12_RCPA,igcc,2030,2040.0,M1,0.0,0.0,891.5589397340781,sv_cpol
R12_RCPA,igcc,2030,2045.0,M1,0.0,0.0,891.5589397340781,sv_cpol
R12_RCPA,igcc,2030,2050.0,M1,0.0,0.0,891.5589397340781,sv_cpol
R12_RCPA,igcc,2030,2055.0,M1,0.0,0.0,891.5589397340781,sv_cpol
R12_RCPA,igcc,2035,2035.0,M1,0.0,0.0,900.9010578040229,sv_cpol
R12_RCPA,igcc,2035,2040.0,M1,0.0,0.0,900.9010578040229,sv_cpol
R12_RCPA,igcc,2035,2045.0,M1,0.0,0.0,900.9010578040229,sv_cpol
R12_RCPA,igcc,2035,2050.0,M1,0.0,0.0,900.9010578040229,sv_cpol
R12_RCPA,igcc,2035,2055.0,M1,0.0,0.0,900.9010578040229,sv_cpol
R12_RCPA,igcc,2035,2060.0,M1,0.0,0.0,900.9010578040229,sv_cpol
R12_RCPA,igcc,2040,2040.0,M1,0.0,0.0,907.7811906813649,sv_cpol
R12_RCPA,igcc,2040,2045.0,M1,0.0,0.0,907.7811906813649,sv_cpol
R12_RCPA,igcc,2040,2050.0,M1,0.0,0.0,907.7811906813649,sv_cpol
R12_RCPA,igcc,2040,2055.0,M1,0.0,0.0,907.7811906813649,sv_cpol
R12_RCPA,igcc,2040,2060.0,M1,0.0,0.0,907.7811906813649,sv_cpol
R12_RCPA,igcc,2040,2070.0,M1,0.0,0.0,907.7811906813649,sv_cpol
R12_RCPA,igcc,2045,2045.0,M1,0.0,0.0,914.3766571800095,sv_cpol
R12_RCPA,igcc,2045,2050.0,M1,0.0,0.0,914.3766571800095,sv_cpol
R12_RCPA,igcc,2045,2055.0,M1,0.0,0.0,914.3766571800095,sv_cpol
R12_RCPA,igcc,2045,2060.0,M1,0.0,0.0,914.3766571800095,sv_cpol
R12_RCPA,igcc,2045,2070.0,M1,0.0,0.0,914.3766571800095,sv_cpol
R12_RCPA,igcc,2050,2050.0,M1,0.0,0.0,922.2741244702231,sv_cpol
R12_RCPA,igcc,2050,2055.0,M1,0.0,0.0,922.2741244702231,sv_cpol
R12_RCPA,igcc,2050,2060.0,M1,0.0,0.0,922.2741244702231,sv_cpol
R12_RCPA,igcc,2050,2070.0,M1,0.0,0.0,922.2741244702231,sv_cpol
R12_RCPA,igcc,2050,2080.0,M1,0.0,0.0,922.2741244702231,sv_cpol
R12_RCPA,igcc,2055,2055.0,M1,0.0,0.0,932.2641406289674,sv_cpol
R12_RCPA,igcc,2055,2060.0,M1,0.0,0.0,932.2641406289674,sv_cpol
R12_RCPA,igcc,2055,2070.0,M1,0.0,0.0,932.2641406289674,sv_cpol
R12_RCPA,igcc,2055,2080.0,M1,0.0,0.0,932.2641406289674,sv_cpol
R12_RCPA,igcc,2060,2060.0,M1,0.0,0.0,945.5470481370837,sv_cpol
R12_RCPA,igcc,2060,2070.0,M1,0.0,0.0,945.5470481370837,sv_cpol
R12_RCPA,igcc,2060,2080.0,M1,0.0,0.0,945.5470481370837,sv_cpol
R12_RCPA,igcc,2060,2090.0,M1,0.0,0.0,945.5470481370837,sv_cpol
R12_RCPA,igcc,2070,2070.0,M1,0.0,0.0,981.75356039642,sv_cpol
R12_RCPA,igcc,2070,2080.0,M1,0.0,0.0,981.75356039642,sv_cpol
R12_RCPA,igcc,2070,2090.0,M1,0.0,0.0,981.75356039642,sv_cpol
R12_RCPA,igcc,2080,2080.0,M1,0.0,0.0,1022.3909491291032,sv_cpol
R12_RCPA,igcc,2080,2090.0,M1,0.0,0.0,1022.3909491291032,sv_cpol
R12_RCPA,igcc,2080,2100.0,M1,0.0,0.0,1022.3909491291032,sv_cpol
R12_RCPA,igcc,2090,2090.0,M1,0.0,0.0,1062.4839513580023,sv_cpol
R12_RCPA,igcc,2090,2100.0,M1,0.0,0.0,1062.4839513580023,sv_cpol
R12_RCPA,igcc,2090,2110.0,M1,0.0,0.0,1062.4839513580023,sv_cpol
R12_RCPA,igcc,2100,2100.0,M1,0.0,0.0,1106.357149623698,sv_cpol
R12_RCPA,igcc,2100,2110.0,M1,0.0,0.0,1106.357149623698,sv_cpol
R12_RCPA,igcc,2110,2110.0,M1,0.0,0.0,1106.357149623698,sv_cpol
R12_RCPA,igcc_ccs,2030,2030.0,M1,0.0,0.0,2816.6615211066774,sv_cpol
R12_RCPA,igcc_ccs,2030,2035.0,M1,0.0,0.0,2816.6615211066774,sv_cpol
R12_RCPA,igcc_ccs,2030,2040.0,M1,0.0,0.0,2816.6615211066774,sv_cpol
R12_RCPA,igcc_ccs,2030,2045.0,M1,0.0,0.0,2816.6615211066774,sv_cpol
R12_RCPA,igcc_ccs,2030,2050.0,M1,0.0,0.0,2816.6615211066774,sv_cpol
R12_RCPA,igcc_ccs,2030,2055.0,M1,0.0,0.0,2816.6615211066774,sv_cpol
R12_RCPA,igcc_ccs,2035,2035.0,M1,0.0,0.0,2757.5128852550606,sv_cpol
R12_RCPA,igcc_ccs,2035,2040.0,M1,0.0,0.0,2757.5128852550606,sv_cpol
R12_RCPA,igcc_ccs,2035,2045.0,M1,0.0,0.0,2757.5128852550606,sv_cpol
R12_RCPA,igcc_ccs,2035,2050.0,M1,0.0,0.0,2757.5128852550606,sv_cpol
R12_RCPA,igcc_ccs,2035,2055.0,M1,0.0,0.0,2757.5128852550606,sv_cpol
R12_RCPA,igcc_ccs,2035,2060.0,M1,0.0,0.0,2757.5128852550606,sv_cpol
R12_RCPA,igcc_ccs,2040,2040.0,M1,0.0,0.0,2709.2169457152145,sv_cpol
R12_RCPA,igcc_ccs,2040,2045.0,M1,0.0,0.0,2709.2169457152145,sv_cpol
R12_RCPA,igcc_ccs,2040,2050.0,M1,0.0,0.0,2709.2169457152145,sv_cpol
R12_RCPA,igcc_ccs,2040,2055.0,M1,0.0,0.0,2709.2169457152145,sv_cpol
R12_RCPA,igcc_ccs,2040,2060.0,M1,0.0,0.0,2709.2169457152145,sv_cpol
R12_RCPA,igcc_ccs,2040,2070.0,M1,0.0,0.0,2709.2169457152145,sv_cpol
R12_RCPA,igcc_ccs,2045,2045.0,M1,0.0,0.0,2672.2619177033307,sv_cpol
R12_RCPA,igcc_ccs,2045,2050.0,M1,0.0,0.0,2672.2619177033307,sv_cpol
R12_RCPA,igcc_ccs,2045,2055.0,M1,0.0,0.0,2672.2619177033307,sv_cpol
R12_RCPA,igcc_ccs,2045,2060.0,M1,0.0,0.0,2672.2619177033307,sv_cpol
R12_RCPA,igcc_ccs,2045,2070.0,M1,0.0,0.0,2672.2619177033307,sv_cpol
R12_RCPA,igcc_ccs,2050,2050.0,M1,0.0,0.0,2646.792561694774,sv_cpol
R12_RCPA,igcc_ccs,2050,2055.0,M1,0.0,0.0,2646.792561694774,sv_cpol
R12_RCPA,igcc_ccs,2050,2060.0,M1,0.0,0.0,2646.792561694774,sv_cpol
R12_RCPA,igcc_ccs,2050,2070.0,M1,0.0,0.0,2646.792561694774,sv_cpol
R12_RCPA,igcc_ccs,2050,2080.0,M1,0.0,0.0,2646.792561694774,sv_cpol
R12_RCPA,igcc_ccs,2055,2055.0,M1,0.0,0.0,2632.1702562310224,sv_cpol
R12_RCPA,igcc_ccs,2055,2060.0,M1,0.0,0.0,2632.1702562310224,sv_cpol
R12_RCPA,igcc_ccs,2055,2070.0,M1,0.0,0.0,2632.1702562310224,sv_cpol
R12_RCPA,igcc_ccs,2055,2080.0,M1,0.0,0.0,2632.1702562310224,sv_cpol
R12_RCPA,igcc_ccs,2060,2060.0,M1,0.0,0.0,2628.776210242787,sv_cpol
R12_RCPA,igcc_ccs,2060,2070.0,M1,0.0,0.0,2628.776210242787,sv_cpol
R12_RCPA,igcc_ccs,2060,2080.0,M1,0.0,0.0,2628.776210242787,sv_cpol
R12_RCPA,igcc_ccs,2060,2090.0,M1,0.0,0.0,2628.776210242787,sv_cpol
R12_RCPA,igcc_ccs,2070,2070.0,M1,0.0,0.0,2650.714091678862,sv_cpol
R12_RCPA,igcc_ccs,2070,2080.0,M1,0.0,0.0,2650.714091678862,sv_cpol
R12_RCPA,igcc_ccs,2070,2090.0,M1,0.0,0.0,2650.714091678862,sv_cpol
R12_RCPA,igcc_ccs,2080,2080.0,M1,0.0,0.0,2692.1910964858107,sv_cpol
R12_RCPA,igcc_ccs,2080,2090.0,M1,0.0,0.0,2692.1910964858107,sv_cpol
R12_RCPA,igcc_ccs,2080,2100.0,M1,0.0,0.0,2692.1910964858107,sv_cpol
R12_RCPA,igcc_ccs,2090,2090.0,M1,0.0,0.0,2740.868600816804,sv_cpol
R12_RCPA,igcc_ccs,2090,2100.0,M1,0.0,0.0,2740.868600816804,sv_cpol
R12_RCPA,igcc_ccs,2090,2110.0,M1,0.0,0.0,2740.868600816804,sv_cpol
R12_RCPA,igcc_ccs,2100,2100.0,M1,0.0,0.0,2800.655586851007,sv_cpol
R12_RCPA,igcc_ccs,2100,2110.0,M1,0.0,0.0,2800.655586851007,sv_cpol
R12_RCPA,igcc_ccs,2110,2110.0,M1,0.0,0.0,2800.655586851007,sv_cpol
R12_SAS,coal_adv,2010,2010.0,M1,0.0,0.0,971.7,sv_cpol
R12_SAS,coal_adv,2010,2015.0,M1,0.0,,971.7,sv_cpol
R12_SAS,coal_adv,2010,2020.0,M1,0.0,,971.7,sv_cpol
R12_SAS,coal_adv,2010,2025.0,M1,0.0,,971.7,sv_cpol
R12_SAS,coal_adv,2010,2030.0,M1,0.0,,971.7,sv_cpol
R12_SAS,coal_adv,2010,2035.0,M1,0.0,0.0,971.7,sv_cpol
R12_SAS,coal_adv,2015,2015.0,M1,0.0,0.0,971.7,sv_cpol
R12_SAS,coal_adv,2015,2020.0,M1,0.0,,971.7,sv_cpol
R12_SAS,coal_adv,2015,2025.0,M1,0.0,,971.7,sv_cpol
R12_SAS,coal_adv,2015,2030.0,M1,0.0,,971.7,sv_cpol
R12_SAS,coal_adv,2015,2035.0,M1,24.1723125,30.695,971.7,sv_cpol
R12_SAS,coal_adv,2015,2040.0,M1,26.09075,30.695,971.7,sv_cpol
R12_SAS,coal_adv,2020,2020.0,M1,0.0,0.0,972.0,sv_cpol
R12_SAS,coal_adv,2020,2025.0,M1,0.0,,972.0,sv_cpol
R12_SAS,coal_adv,2020,2030.0,M1,0.0,,972.0,sv_cpol
R12_SAS,coal_adv,2020,2035.0,M1,25.5189375,32.405,972.0,sv_cpol
R12_SAS,coal_adv,2020,2040.0,M1,27.54425,32.405,972.0,sv_cpol
R12_SAS,coal_adv,2020,2045.0,M1,27.54425,32.405,972.0,sv_cpol
R12_SAS,coal_adv,2025,2025.0,M1,0.0,0.0,972.0,sv_cpol
R12_SAS,coal_adv,2025,2030.0,M1,0.0,,972.0,sv_cpol
R12_SAS,coal_adv,2025,2035.0,M1,3.0262219480682417,3.8428215213564973,972.0,sv_cpol
R12_SAS,coal_adv,2025,2040.0,M1,3.266398293153023,3.8428215213564973,972.0,sv_cpol
R12_SAS,coal_adv,2025,2045.0,M1,3.266398293153023,3.8428215213564973,972.0,sv_cpol
R12_SAS,coal_adv,2025,2050.0,M1,3.266398293153023,3.8428215213564973,972.0,sv_cpol
R12_SAS,coal_adv,2030,2030.0,M1,0.0,0.0,928.7779233066823,sv_cpol
R12_SAS,coal_adv,2030,2035.0,M1,11.205694863358781,14.22945379474131,928.7779233066823,sv_cpol
R12_SAS,coal_adv,2030,2040.0,M1,12.095035725530114,14.22945379474131,928.7779233066823,sv_cpol
R12_SAS,coal_adv,2030,2045.0,M1,12.095035725530114,14.22945379474131,928.7779233066823,sv_cpol
R12_SAS,coal_adv,2030,2050.0,M1,12.095035725530114,14.22945379474131,928.7779233066823,sv_cpol
R12_SAS,coal_adv,2030,2055.0,M1,12.095035725530114,14.22945379474131,928.7779233066823,sv_cpol
R12_SAS,coal_adv,2035,2035.0,M1,22.878118534925736,29.05157909196919,895.6782803484638,sv_cpol
R12_SAS,coal_adv,2035,2040.0,M1,24.69384222817381,29.05157909196919,895.6782803484638,sv_cpol
R12_SAS,coal_adv,2035,2045.0,M1,24.69384222817381,29.05157909196919,895.6782803484638,sv_cpol
R12_SAS,coal_adv,2035,2050.0,M1,24.69384222817381,29.05157909196919,895.6782803484638,sv_cpol
R12_SAS,coal_adv,2035,2055.0,M1,24.69384222817381,29.05157909196919,895.6782803484638,sv_cpol
R12_SAS,coal_adv,2035,2060.0,M1,24.69384222817381,29.05157909196919,895.6782803484638,sv_cpol
R12_SAS,coal_adv,2040,2040.0,M1,33.27936845290557,39.15219817988891,871.2207837031722,sv_cpol
R12_SAS,coal_adv,2040,2045.0,M1,33.27936845290557,39.15219817988891,871.2207837031722,sv_cpol
R12_SAS,coal_adv,2040,2050.0,M1,33.27936845290557,39.15219817988891,871.2207837031722,sv_cpol
R12_SAS,coal_adv,2040,2055.0,M1,33.27936845290557,39.15219817988891,871.2207837031722,sv_cpol
R12_SAS,coal_adv,2040,2060.0,M1,33.27936845290557,39.15219817988891,871.2207837031722,sv_cpol
R12_SAS,coal_adv,2040,2070.0,M1,16.639684226452786,19.576099089944456,871.2207837031722,sv_cpol
R12_SAS,coal_adv,2045,2045.0,M1,55.18253585239225,64.92063041457912,854.1559845156058,sv_cpol
R12_SAS,coal_adv,2045,2050.0,M1,55.18253585239225,64.92063041457912,854.1559845156058,sv_cpol
R12_SAS,coal_adv,2045,2055.0,M1,55.18253585239225,64.92063041457912,854.1559845156058,sv_cpol
R12_SAS,coal_adv,2045,2060.0,M1,55.18253585239225,64.92063041457912,854.1559845156058,sv_cpol
R12_SAS,coal_adv,2045,2070.0,M1,55.18253585239225,64.92063041457912,854.1559845156058,sv_cpol
R12_SAS,coal_adv,2050,2050.0,M1,86.62736530714709,101.91454742017305,843.4729226743771,sv_cpol
R12_SAS,coal_adv,2050,2055.0,M1,86.62736530714709,101.91454742017305,843.4729226743771,sv_cpol
R12_SAS,coal_adv,2050,2060.0,M1,86.62736530714709,101.91454742017305,843.4729226743771,sv_cpol
R12_SAS,coal_adv,2050,2070.0,M1,86.62736530714709,101.91454742017305,843.4729226743771,sv_cpol
R12_SAS,coal_adv,2050,2080.0,M1,43.313682653573544,50.957273710086525,843.4729226743771,sv_cpol
R12_SAS,coal_adv,2055,2055.0,M1,67.24290861838115,79.109304256919,837.8311260983737,sv_cpol
R12_SAS,coal_adv,2055,2060.0,M1,67.24290861838115,79.109304256919,837.8311260983737,sv_cpol
R12_SAS,coal_adv,2055,2070.0,M1,67.24290861838115,79.109304256919,837.8311260983737,sv_cpol
R12_SAS,coal_adv,2055,2080.0,M1,67.24290861838115,79.109304256919,837.8311260983737,sv_cpol
R12_SAS,coal_adv,2060,2060.0,M1,37.57866167824323,44.21019020969792,836.5083071455362,sv_cpol
R12_SAS,coal_adv,2060,2070.0,M1,37.57866167824323,44.21019020969792,836.5083071455362,sv_cpol
R12_SAS,coal_adv,2060,2080.0,M1,37.57866167824323,44.21019020969792,836.5083071455362,sv_cpol
R12_SAS,coal_adv,2060,2090.0,M1,18.789330839121615,22.10509510484896,836.5083071455362,sv_cpol
R12_SAS,coal_adv,2070,2070.0,M1,0.0,0.0,844.0276148662879,sv_cpol
R12_SAS,coal_adv,2070,2080.0,M1,0.0,0.0,844.0276148662879,sv_cpol
R12_SAS,coal_adv,2070,2090.0,M1,0.0,0.0,844.0276148662879,sv_cpol
R12_SAS,coal_adv,2080,2080.0,M1,0.0,0.0,861.096647749148,sv_cpol
R12_SAS,coal_adv,2080,2090.0,M1,0.0,0.0,861.096647749148,sv_cpol
R12_SAS,coal_adv,2080,2100.0,M1,0.0,0.0,861.096647749148,sv_cpol
R12_SAS,coal_adv,2090,2090.0,M1,0.0,0.0,882.0184530273325,sv_cpol
R12_SAS,coal_adv,2090,2100.0,M1,0.0,0.0,882.0184530273325,sv_cpol
R12_SAS,coal_adv,2090,2110.0,M1,0.0,0.0,882.0184530273325,sv_cpol
R12_SAS,coal_adv,2100,2100.0,M1,0.0,0.0,905.1798031988864,sv_cpol
R12_SAS,coal_adv,2100,2110.0,M1,0.0,0.0,905.1798031988864,sv_cpol
R12_SAS,coal_adv,2110,2110.0,M1,7.243281232954917,8.521507332888138,905.1798031988864,sv_cpol
R12_SAS,coal_adv_ccs,2030,2030.0,M1,0.0,0.0,2996.365158729801,sv_cpol
R12_SAS,coal_adv_ccs,2030,2035.0,M1,0.0,0.0,2996.365158729801,sv_cpol
R12_SAS,coal_adv_ccs,2030,2040.0,M1,0.0,0.0,2996.365158729801,sv_cpol
R12_SAS,coal_adv_ccs,2030,2045.0,M1,0.0,0.0,2996.365158729801,sv_cpol
R12_SAS,coal_adv_ccs,2030,2050.0,M1,0.0,0.0,2996.365158729801,sv_cpol
R12_SAS,coal_adv_ccs,2030,2055.0,M1,0.0,0.0,2996.365158729801,sv_cpol
R12_SAS,coal_adv_ccs,2035,2035.0,M1,0.0,0.0,2869.0014271161103,sv_cpol
R12_SAS,coal_adv_ccs,2035,2040.0,M1,0.0,0.0,2869.0014271161103,sv_cpol
R12_SAS,coal_adv_ccs,2035,2045.0,M1,0.0,0.0,2869.0014271161103,sv_cpol
R12_SAS,coal_adv_ccs,2035,2050.0,M1,0.0,0.0,2869.0014271161103,sv_cpol
R12_SAS,coal_adv_ccs,2035,2055.0,M1,0.0,0.0,2869.0014271161103,sv_cpol
R12_SAS,coal_adv_ccs,2035,2060.0,M1,0.0,0.0,2869.0014271161103,sv_cpol
R12_SAS,coal_adv_ccs,2040,2040.0,M1,0.0,0.0,2770.892021452121,sv_cpol
R12_SAS,coal_adv_ccs,2040,2045.0,M1,0.0,0.0,2770.892021452121,sv_cpol
R12_SAS,coal_adv_ccs,2040,2050.0,M1,0.0,0.0,2770.892021452121,sv_cpol
R12_SAS,coal_adv_ccs,2040,2055.0,M1,0.0,0.0,2770.892021452121,sv_cpol
R12_SAS,coal_adv_ccs,2040,2060.0,M1,0.0,0.0,2770.892021452121,sv_cpol
R12_SAS,coal_adv_ccs,2040,2070.0,M1,0.0,0.0,2770.892021452121,sv_cpol
R12_SAS,coal_adv_ccs,2045,2045.0,M1,0.0,0.0,2697.0984278457145,sv_cpol
R12_SAS,coal_adv_ccs,2045,2050.0,M1,0.0,0.0,2697.0984278457145,sv_cpol
R12_SAS,coal_adv_ccs,2045,2055.0,M1,0.0,0.0,2697.0984278457145,sv_cpol
R12_SAS,coal_adv_ccs,2045,2060.0,M1,0.0,0.0,2697.0984278457145,sv_cpol
R12_SAS,coal_adv_ccs,2045,2070.0,M1,0.0,0.0,2697.0984278457145,sv_cpol
R12_SAS,coal_adv_ccs,2050,2050.0,M1,0.0,0.0,2643.646782283307,sv_cpol
R12_SAS,coal_adv_ccs,2050,2055.0,M1,0.0,0.0,2643.646782283307,sv_cpol
R12_SAS,coal_adv_ccs,2050,2060.0,M1,0.0,0.0,2643.646782283307,sv_cpol
R12_SAS,coal_adv_ccs,2050,2070.0,M1,0.0,0.0,2643.646782283307,sv_cpol
R12_SAS,coal_adv_ccs,2050,2080.0,M1,0.0,0.0,2643.646782283307,sv_cpol
R12_SAS,coal_adv_ccs,2055,2055.0,M1,0.0,0.0,2606.3524487971167,sv_cpol
R12_SAS,coal_adv_ccs,2055,2060.0,M1,0.0,0.0,2606.3524487971167,sv_cpol
R12_SAS,coal_adv_ccs,2055,2070.0,M1,0.0,0.0,2606.3524487971167,sv_cpol
R12_SAS,coal_adv_ccs,2055,2080.0,M1,0.0,0.0,2606.3524487971167,sv_cpol
R12_SAS,coal_adv_ccs,2060,2060.0,M1,0.0,0.0,2582.528027056636,sv_cpol
R12_SAS,coal_adv_ccs,2060,2070.0,M1,0.0,0.0,2582.528027056636,sv_cpol
R12_SAS,coal_adv_ccs,2060,2080.0,M1,0.0,0.0,2582.528027056636,sv_cpol
R12_SAS,coal_adv_ccs,2060,2090.0,M1,0.0,0.0,2582.528027056636,sv_cpol
R12_SAS,coal_adv_ccs,2070,2070.0,M1,0.0,0.0,2565.989421609128,sv_cpol
R12_SAS,coal_adv_ccs,2070,2080.0,M1,0.0,0.0,2565.989421609128,sv_cpol
R12_SAS,coal_adv_ccs,2070,2090.0,M1,0.0,0.0,2565.989421609128,sv_cpol
R12_SAS,coal_adv_ccs,2080,2080.0,M1,0.0,0.0,2578.5272520041044,sv_cpol
R12_SAS,coal_adv_ccs,2080,2090.0,M1,0.0,0.0,2578.5272520041044,sv_cpol
R12_SAS,coal_adv_ccs,2080,2100.0,M1,0.0,0.0,2578.5272520041044,sv_cpol
R12_SAS,coal_adv_ccs,2090,2090.0,M1,0.0,0.0,2605.4173023861435,sv_cpol
R12_SAS,coal_adv_ccs,2090,2100.0,M1,0.0,0.0,2605.4173023861435,sv_cpol
R12_SAS,coal_adv_ccs,2090,2110.0,M1,0.0,0.0,2605.4173023861435,sv_cpol
R12_SAS,coal_adv_ccs,2100,2100.0,M1,0.0,0.0,2641.0721162618156,sv_cpol
R12_SAS,coal_adv_ccs,2100,2110.0,M1,0.0,0.0,2641.0721162618156,sv_cpol
R12_SAS,coal_adv_ccs,2110,2110.0,M1,0.0,0.0,2641.0721162618156,sv_cpol
R12_SAS,coal_ppl,1985,1985.0,M1,0.0,0.0,809.75,sv_cpol
R12_SAS,coal_ppl,1985,1990.0,M1,0.0,,809.75,sv_cpol
R12_SAS,coal_ppl,1985,1995.0,M1,0.0,,809.75,sv_cpol
R12_SAS,coal_ppl,1985,2000.0,M1,0.0,,809.75,sv_cpol
R12_SAS,coal_ppl,1985,2005.0,M1,0.0,,809.75,sv_cpol
R12_SAS,coal_ppl,1985,2010.0,M1,0.0,,809.75,sv_cpol
R12_SAS,coal_ppl,1985,2015.0,M1,0.0,,809.75,sv_cpol
R12_SAS,coal_ppl,1985,2020.0,M1,0.0,,809.75,sv_cpol
R12_SAS,coal_ppl,1985,2025.0,M1,0.0,,809.75,sv_cpol
R12_SAS,coal_ppl,1990,1990.0,M1,0.0,0.0,809.75,sv_cpol
R12_SAS,coal_ppl,1990,1995.0,M1,0.0,,809.75,sv_cpol
R12_SAS,coal_ppl,1990,2000.0,M1,0.0,,809.75,sv_cpol
R12_SAS,coal_ppl,1990,2005.0,M1,0.0,,809.75,sv_cpol
R12_SAS,coal_ppl,1990,2010.0,M1,0.0,,809.75,sv_cpol
R12_SAS,coal_ppl,1990,2015.0,M1,0.0,,809.75,sv_cpol
R12_SAS,coal_ppl,1990,2020.0,M1,0.0,,809.75,sv_cpol
R12_SAS,coal_ppl,1990,2025.0,M1,0.0,,809.75,sv_cpol
R12_SAS,coal_ppl,1995,1995.0,M1,0.0,0.0,809.75,sv_cpol
R12_SAS,coal_ppl,1995,2000.0,M1,0.0,,809.75,sv_cpol
R12_SAS,coal_ppl,1995,2005.0,M1,0.0,,809.75,sv_cpol
R12_SAS,coal_ppl,1995,2010.0,M1,0.0,,809.75,sv_cpol
R12_SAS,coal_ppl,1995,2015.0,M1,0.0,,809.75,sv_cpol
R12_SAS,coal_ppl,1995,2020.0,M1,0.0,,809.75,sv_cpol
R12_SAS,coal_ppl,1995,2025.0,M1,0.0,,809.75,sv_cpol
R12_SAS,coal_ppl,1995,2030.0,M1,0.0,,809.75,sv_cpol
R12_SAS,coal_ppl,2000,2000.0,M1,0.0,0.0,809.75,sv_cpol
R12_SAS,coal_ppl,2000,2005.0,M1,0.0,,809.75,sv_cpol
R12_SAS,coal_ppl,2000,2010.0,M1,0.0,,809.75,sv_cpol
R12_SAS,coal_ppl,2000,2015.0,M1,0.0,,809.75,sv_cpol
R12_SAS,coal_ppl,2000,2020.0,M1,0.0,,809.75,sv_cpol
R12_SAS,coal_ppl,2000,2025.0,M1,0.0,,809.75,sv_cpol
R12_SAS,coal_ppl,2000,2030.0,M1,0.0,,809.75,sv_cpol
R12_SAS,coal_ppl,2005,2005.0,M1,0.0,0.0,809.75,sv_cpol
R12_SAS,coal_ppl,2005,2010.0,M1,0.0,,809.75,sv_cpol
R12_SAS,coal_ppl,2005,2015.0,M1,0.0,,809.75,sv_cpol
R12_SAS,coal_ppl,2005,2020.0,M1,0.0,,809.75,sv_cpol
R12_SAS,coal_ppl,2005,2025.0,M1,0.0,,809.75,sv_cpol
R12_SAS,coal_ppl,2005,2030.0,M1,0.0,,809.75,sv_cpol
R12_SAS,coal_ppl,2005,2035.0,M1,0.0,0.0,809.75,sv_cpol
R12_SAS,coal_ppl,2010,2010.0,M1,0.0,0.0,809.75,sv_cpol
R12_SAS,coal_ppl,2010,2015.0,M1,0.0,,809.75,sv_cpol
R12_SAS,coal_ppl,2010,2020.0,M1,0.0,,809.75,sv_cpol
R12_SAS,coal_ppl,2010,2025.0,M1,0.0,,809.75,sv_cpol
R12_SAS,coal_ppl,2010,2030.0,M1,0.0,,809.75,sv_cpol
R12_SAS,coal_ppl,2010,2035.0,M1,1.15605,1.4680000000000002,809.75,sv_cpol
R12_SAS,coal_ppl,2015,2015.0,M1,0.0,0.0,809.75,sv_cpol
R12_SAS,coal_ppl,2015,2020.0,M1,0.0,,809.75,sv_cpol
R12_SAS,coal_ppl,2015,2025.0,M1,0.0,,809.75,sv_cpol
R12_SAS,coal_ppl,2015,2030.0,M1,0.0,,809.75,sv_cpol
R12_SAS,coal_ppl,2015,2035.0,M1,2.2443750000000002,2.8500000000000005,809.75,sv_cpol
R12_SAS,coal_ppl,2015,2040.0,M1,2.4225000000000003,2.8500000000000005,809.75,sv_cpol
R12_SAS,coal_ppl,2020,2020.0,M1,0.0,0.0,810.0,sv_cpol
R12_SAS,coal_ppl,2020,2025.0,M1,0.0,,810.0,sv_cpol
R12_SAS,coal_ppl,2020,2030.0,M1,0.0,,810.0,sv_cpol
R12_SAS,coal_ppl,2020,2035.0,M1,2.638125,3.35,810.0,sv_cpol
R12_SAS,coal_ppl,2020,2040.0,M1,2.8475,3.35,810.0,sv_cpol
R12_SAS,coal_ppl,2020,2045.0,M1,2.8475,3.35,810.0,sv_cpol
R12_SAS,coal_ppl,2025,2025.0,M1,0.0,0.0,810.0,sv_cpol
R12_SAS,coal_ppl,2025,2030.0,M1,0.0,,810.0,sv_cpol
R12_SAS,coal_ppl,2025,2035.0,M1,10.648531503314212,13.521944766113286,810.0,sv_cpol
R12_SAS,coal_ppl,2025,2040.0,M1,11.493653051196294,13.521944766113286,810.0,sv_cpol
R12_SAS,coal_ppl,2025,2045.0,M1,11.493653051196294,13.521944766113286,810.0,sv_cpol
R12_SAS,coal_ppl,2025,2050.0,M1,11.493653051196294,13.521944766113286,810.0,sv_cpol
R12_SAS,coal_ppl,2030,2030.0,M1,0.0,0.0,795.4744120356828,sv_cpol
R12_SAS,coal_ppl,2030,2035.0,M1,22.148505994029996,28.12508697654603,795.4744120356828,sv_cpol
R12_SAS,coal_ppl,2030,2040.0,M1,23.906323930064126,28.12508697654603,795.4744120356828,sv_cpol
R12_SAS,coal_ppl,2030,2045.0,M1,23.906323930064126,28.12508697654603,795.4744120356828,sv_cpol
R12_SAS,coal_ppl,2030,2050.0,M1,23.906323930064126,28.12508697654603,795.4744120356828,sv_cpol
R12_SAS,coal_ppl,2030,2055.0,M1,23.906323930064126,28.12508697654603,795.4744120356828,sv_cpol
R12_SAS,coal_ppl,2035,2035.0,M1,20.179755994029996,25.62508697654603,785.1096119867111,sv_cpol
R12_SAS,coal_ppl,2035,2040.0,M1,21.781323930064126,25.62508697654603,785.1096119867111,sv_cpol
R12_SAS,coal_ppl,2035,2045.0,M1,21.781323930064126,25.62508697654603,785.1096119867111,sv_cpol
R12_SAS,coal_ppl,2035,2050.0,M1,21.781323930064126,25.62508697654603,785.1096119867111,sv_cpol
R12_SAS,coal_ppl,2035,2055.0,M1,21.781323930064126,25.62508697654603,785.1096119867111,sv_cpol
R12_SAS,coal_ppl,2035,2060.0,M1,21.781323930064126,25.62508697654603,785.1096119867111,sv_cpol
R12_SAS,coal_ppl,2040,2040.0,M1,0.0,0.0,778.6096896181391,sv_cpol
R12_SAS,coal_ppl,2040,2045.0,M1,0.0,0.0,778.6096896181391,sv_cpol
R12_SAS,coal_ppl,2040,2050.0,M1,0.0,0.0,778.6096896181391,sv_cpol
R12_SAS,coal_ppl,2040,2055.0,M1,0.0,0.0,778.6096896181391,sv_cpol
R12_SAS,coal_ppl,2040,2060.0,M1,0.0,0.0,778.6096896181391,sv_cpol
R12_SAS,coal_ppl,2040,2070.0,M1,0.0,0.0,778.6096896181391,sv_cpol
R12_SAS,coal_ppl,2045,2045.0,M1,0.0,0.0,775.6987305686305,sv_cpol
R12_SAS,coal_ppl,2045,2050.0,M1,0.0,0.0,775.6987305686305,sv_cpol
R12_SAS,coal_ppl,2045,2055.0,M1,0.0,0.0,775.6987305686305,sv_cpol
R12_SAS,coal_ppl,2045,2060.0,M1,0.0,0.0,775.6987305686305,sv_cpol
R12_SAS,coal_ppl,2045,2070.0,M1,0.0,0.0,775.6987305686305,sv_cpol
R12_SAS,coal_ppl,2050,2050.0,M1,0.0,0.0,776.1561423444731,sv_cpol
R12_SAS,coal_ppl,2050,2055.0,M1,0.0,0.0,776.1561423444731,sv_cpol
R12_SAS,coal_ppl,2050,2060.0,M1,0.0,0.0,776.1561423444731,sv_cpol
R12_SAS,coal_ppl,2050,2070.0,M1,0.0,0.0,776.1561423444731,sv_cpol
R12_SAS,coal_ppl,2050,2080.0,M1,0.0,0.0,776.1561423444731,sv_cpol
R12_SAS,coal_ppl,2055,2055.0,M1,0.0,0.0,779.2863396073143,sv_cpol
R12_SAS,coal_ppl,2055,2060.0,M1,0.0,0.0,779.2863396073143,sv_cpol
R12_SAS,coal_ppl,2055,2070.0,M1,0.0,0.0,779.2863396073143,sv_cpol
R12_SAS,coal_ppl,2055,2080.0,M1,0.0,0.0,779.2863396073143,sv_cpol
R12_SAS,coal_ppl,2060,2060.0,M1,0.0,0.0,784.8661467117724,sv_cpol
R12_SAS,coal_ppl,2060,2070.0,M1,0.0,0.0,784.8661467117724,sv_cpol
R12_SAS,coal_ppl,2060,2080.0,M1,0.0,0.0,784.8661467117724,sv_cpol
R12_SAS,coal_ppl,2060,2090.0,M1,0.0,0.0,784.8661467117724,sv_cpol
R12_SAS,coal_ppl,2070,2070.0,M1,0.0,0.0,802.0940720623918,sv_cpol
R12_SAS,coal_ppl,2070,2080.0,M1,0.0,0.0,802.0940720623918,sv_cpol
R12_SAS,coal_ppl,2070,2090.0,M1,0.0,0.0,802.0940720623918,sv_cpol
R12_SAS,coal_ppl,2080,2080.0,M1,0.0,0.0,825.1867426142978,sv_cpol
R12_SAS,coal_ppl,2080,2090.0,M1,0.0,0.0,825.1867426142978,sv_cpol
R12_SAS,coal_ppl,2080,2100.0,M1,0.0,0.0,825.1867426142978,sv_cpol
R12_SAS,coal_ppl,2090,2090.0,M1,0.0,0.0,849.8318211514152,sv_cpol
R12_SAS,coal_ppl,2090,2100.0,M1,0.0,0.0,849.8318211514152,sv_cpol
R12_SAS,coal_ppl,2090,2110.0,M1,0.0,0.0,849.8318211514152,sv_cpol
R12_SAS,coal_ppl,2100,2100.0,M1,0.0,0.0,875.2948163299769,sv_cpol
R12_SAS,coal_ppl,2100,2110.0,M1,0.0,0.0,875.2948163299769,sv_cpol
R12_SAS,coal_ppl,2110,2110.0,M1,0.0,0.0,875.2948163299769,sv_cpol
R12_SAS,coal_ppl_u,1960,1960.0,M1,0.0,0.0,564.29,sv_cpol
R12_SAS,coal_ppl_u,1960,1965.0,M1,0.0,,564.29,sv_cpol
R12_SAS,coal_ppl_u,1960,1970.0,M1,0.0,,564.29,sv_cpol
R12_SAS,coal_ppl_u,1960,1975.0,M1,0.0,,564.29,sv_cpol
R12_SAS,coal_ppl_u,1960,1980.0,M1,0.0,,564.29,sv_cpol
R12_SAS,coal_ppl_u,1960,1985.0,M1,0.0,,564.29,sv_cpol
R12_SAS,coal_ppl_u,1960,1990.0,M1,0.0,,564.29,sv_cpol
R12_SAS,coal_ppl_u,1960,1995.0,M1,0.0,,564.29,sv_cpol
R12_SAS,coal_ppl_u,1960,2000.0,M1,0.0,,564.29,sv_cpol
R12_SAS,coal_ppl_u,1960,2005.0,M1,0.0,,564.29,sv_cpol
R12_SAS,coal_ppl_u,1960,2010.0,M1,0.0,,564.29,sv_cpol
R12_SAS,coal_ppl_u,1960,2015.0,M1,0.0,,564.29,sv_cpol
R12_SAS,coal_ppl_u,1960,2020.0,M1,0.0,,564.29,sv_cpol
R12_SAS,coal_ppl_u,1960,2025.0,M1,0.0,,564.29,sv_cpol
R12_SAS,coal_ppl_u,1965,1965.0,M1,0.0,0.0,564.29,sv_cpol
R12_SAS,coal_ppl_u,1965,1970.0,M1,0.0,,564.29,sv_cpol
R12_SAS,coal_ppl_u,1965,1975.0,M1,0.0,,564.29,sv_cpol
R12_SAS,coal_ppl_u,1965,1980.0,M1,0.0,,564.29,sv_cpol
R12_SAS,coal_ppl_u,1965,1985.0,M1,0.0,,564.29,sv_cpol
R12_SAS,coal_ppl_u,1965,1990.0,M1,0.0,,564.29,sv_cpol
R12_SAS,coal_ppl_u,1965,1995.0,M1,0.0,,564.29,sv_cpol
R12_SAS,coal_ppl_u,1965,2000.0,M1,0.0,,564.29,sv_cpol
R12_SAS,coal_ppl_u,1965,2005.0,M1,0.0,,564.29,sv_cpol
R12_SAS,coal_ppl_u,1965,2010.0,M1,0.0,,564.29,sv_cpol
R12_SAS,coal_ppl_u,1965,2015.0,M1,0.0,,564.29,sv_cpol
R12_SAS,coal_ppl_u,1965,2020.0,M1,0.0,,564.29,sv_cpol
R12_SAS,coal_ppl_u,1965,2025.0,M1,0.0,,564.29,sv_cpol
R12_SAS,coal_ppl_u,1970,1970.0,M1,0.0,0.0,564.29,sv_cpol
R12_SAS,coal_ppl_u,1970,1975.0,M1,0.0,,564.29,sv_cpol
R12_SAS,coal_ppl_u,1970,1980.0,M1,0.0,,564.29,sv_cpol
R12_SAS,coal_ppl_u,1970,1985.0,M1,0.0,,564.29,sv_cpol
R12_SAS,coal_ppl_u,1970,1990.0,M1,0.0,,564.29,sv_cpol
R12_SAS,coal_ppl_u,1970,1995.0,M1,0.0,,564.29,sv_cpol
R12_SAS,coal_ppl_u,1970,2000.0,M1,0.0,,564.29,sv_cpol
R12_SAS,coal_ppl_u,1970,2005.0,M1,0.0,,564.29,sv_cpol
R12_SAS,coal_ppl_u,1970,2010.0,M1,0.0,,564.29,sv_cpol
R12_SAS,coal_ppl_u,1970,2015.0,M1,0.0,,564.29,sv_cpol
R12_SAS,coal_ppl_u,1970,2020.0,M1,0.0,,564.29,sv_cpol
R12_SAS,coal_ppl_u,1970,2025.0,M1,0.0,,564.29,sv_cpol
R12_SAS,coal_ppl_u,1970,2030.0,M1,0.0,,564.29,sv_cpol
R12_SAS,coal_ppl_u,1975,1975.0,M1,0.0,0.0,564.29,sv_cpol
R12_SAS,coal_ppl_u,1975,1980.0,M1,0.0,,564.29,sv_cpol
R12_SAS,coal_ppl_u,1975,1985.0,M1,0.0,,564.29,sv_cpol
R12_SAS,coal_ppl_u,1975,1990.0,M1,0.0,,564.29,sv_cpol
R12_SAS,coal_ppl_u,1975,1995.0,M1,0.0,,564.29,sv_cpol
R12_SAS,coal_ppl_u,1975,2000.0,M1,0.0,,564.29,sv_cpol
R12_SAS,coal_ppl_u,1975,2005.0,M1,0.0,,564.29,sv_cpol
R12_SAS,coal_ppl_u,1975,2010.0,M1,0.0,,564.29,sv_cpol
R12_SAS,coal_ppl_u,1975,2015.0,M1,0.0,,564.29,sv_cpol
R12_SAS,coal_ppl_u,1975,2020.0,M1,0.0,,564.29,sv_cpol
R12_SAS,coal_ppl_u,1975,2025.0,M1,0.0,,564.29,sv_cpol
R12_SAS,coal_ppl_u,1975,2030.0,M1,0.0,,564.29,sv_cpol
R12_SAS,coal_ppl_u,1980,1980.0,M1,0.0,0.0,564.29,sv_cpol
R12_SAS,coal_ppl_u,1980,1985.0,M1,0.0,,564.29,sv_cpol
R12_SAS,coal_ppl_u,1980,1990.0,M1,0.0,,564.29,sv_cpol
R12_SAS,coal_ppl_u,1980,1995.0,M1,0.0,,564.29,sv_cpol
R12_SAS,coal_ppl_u,1980,2000.0,M1,0.0,,564.29,sv_cpol
R12_SAS,coal_ppl_u,1980,2005.0,M1,0.0,,564.29,sv_cpol
R12_SAS,coal_ppl_u,1980,2010.0,M1,0.0,,564.29,sv_cpol
R12_SAS,coal_ppl_u,1980,2015.0,M1,0.0,,564.29,sv_cpol
R12_SAS,coal_ppl_u,1980,2020.0,M1,0.0,,564.29,sv_cpol
R12_SAS,coal_ppl_u,1980,2025.0,M1,0.0,,564.29,sv_cpol
R12_SAS,coal_ppl_u,1980,2030.0,M1,0.0,,564.29,sv_cpol
R12_SAS,coal_ppl_u,1980,2035.0,M1,2.0601679500000003,3.2240500000000005,564.29,sv_cpol
R12_SAS,coal_ppl_u,1985,1985.0,M1,0.0,0.0,564.29,sv_cpol
R12_SAS,coal_ppl_u,1985,1990.0,M1,0.0,,564.29,sv_cpol
R12_SAS,coal_ppl_u,1985,1995.0,M1,0.0,,564.29,sv_cpol
R12_SAS,coal_ppl_u,1985,2000.0,M1,0.0,,564.29,sv_cpol
R12_SAS,coal_ppl_u,1985,2005.0,M1,0.0,,564.29,sv_cpol
R12_SAS,coal_ppl_u,1985,2010.0,M1,0.0,,564.29,sv_cpol
R12_SAS,coal_ppl_u,1985,2015.0,M1,0.0,,564.29,sv_cpol
R12_SAS,coal_ppl_u,1985,2020.0,M1,0.0,,564.29,sv_cpol
R12_SAS,coal_ppl_u,1985,2025.0,M1,0.0,,564.29,sv_cpol
R12_SAS,coal_ppl_u,1985,2030.0,M1,0.0,,564.29,sv_cpol
R12_SAS,coal_ppl_u,1985,2035.0,M1,5.906596500000001,9.243500000000001,564.29,sv_cpol
R12_SAS,coal_ppl_u,1990,1990.0,M1,0.0,0.0,564.29,sv_cpol
R12_SAS,coal_ppl_u,1990,1995.0,M1,0.0,,564.29,sv_cpol
R12_SAS,coal_ppl_u,1990,2000.0,M1,0.0,,564.29,sv_cpol
R12_SAS,coal_ppl_u,1990,2005.0,M1,0.0,,564.29,sv_cpol
R12_SAS,coal_ppl_u,1990,2010.0,M1,0.0,,564.29,sv_cpol
R12_SAS,coal_ppl_u,1990,2015.0,M1,0.0,,564.29,sv_cpol
R12_SAS,coal_ppl_u,1990,2020.0,M1,0.0,,564.29,sv_cpol
R12_SAS,coal_ppl_u,1990,2025.0,M1,0.0,,564.29,sv_cpol
R12_SAS,coal_ppl_u,1990,2030.0,M1,0.0,,564.29,sv_cpol
R12_SAS,coal_ppl_u,1990,2035.0,M1,9.780278399999998,15.305599999999998,564.29,sv_cpol
R12_SAS,coal_ppl_u,1990,2040.0,M1,9.94864,15.305599999999998,564.29,sv_cpol
R12_SAS,coal_ppl_u,1995,1995.0,M1,0.0,0.0,564.29,sv_cpol
R12_SAS,coal_ppl_u,1995,2000.0,M1,0.0,,564.29,sv_cpol
R12_SAS,coal_ppl_u,1995,2005.0,M1,0.0,,564.29,sv_cpol
R12_SAS,coal_ppl_u,1995,2010.0,M1,0.0,,564.29,sv_cpol
R12_SAS,coal_ppl_u,1995,2015.0,M1,0.0,,564.29,sv_cpol
R12_SAS,coal_ppl_u,1995,2020.0,M1,0.0,,564.29,sv_cpol
R12_SAS,coal_ppl_u,1995,2025.0,M1,0.0,,564.29,sv_cpol
R12_SAS,coal_ppl_u,1995,2030.0,M1,0.0,,564.29,sv_cpol
R12_SAS,coal_ppl_u,1995,2035.0,M1,6.779023199999999,10.608799999999999,564.29,sv_cpol
R12_SAS,coal_ppl_u,1995,2040.0,M1,6.895719999999999,10.608799999999999,564.29,sv_cpol
R12_SAS,coal_ppl_u,2000,2000.0,M1,0.0,0.0,564.29,sv_cpol
R12_SAS,coal_ppl_u,2000,2005.0,M1,0.0,,564.29,sv_cpol
R12_SAS,coal_ppl_u,2000,2010.0,M1,0.0,,564.29,sv_cpol
R12_SAS,coal_ppl_u,2000,2015.0,M1,0.0,,564.29,sv_cpol
R12_SAS,coal_ppl_u,2000,2020.0,M1,0.0,,564.29,sv_cpol
R12_SAS,coal_ppl_u,2000,2025.0,M1,0.0,,564.29,sv_cpol
R12_SAS,coal_ppl_u,2000,2030.0,M1,0.0,,564.29,sv_cpol
R12_SAS,coal_ppl_u,2000,2035.0,M1,6.421234320000001,10.04888,564.29,sv_cpol
R12_SAS,coal_ppl_u,2000,2040.0,M1,6.531772,10.04888,564.29,sv_cpol
R12_SAS,coal_ppl_u,2000,2045.0,M1,6.531772,10.04888,564.29,sv_cpol
R12_SAS,coal_ppl_u,2005,2005.0,M1,0.0,0.0,564.29,sv_cpol
R12_SAS,coal_ppl_u,2005,2010.0,M1,0.0,,564.29,sv_cpol
R12_SAS,coal_ppl_u,2005,2015.0,M1,0.0,,564.29,sv_cpol
R12_SAS,coal_ppl_u,2005,2020.0,M1,0.0,,564.29,sv_cpol
R12_SAS,coal_ppl_u,2005,2025.0,M1,0.0,,564.29,sv_cpol
R12_SAS,coal_ppl_u,2005,2030.0,M1,0.0,,564.29,sv_cpol
R12_SAS,coal_ppl_u,2005,2035.0,M1,5.9762475,9.352500000000001,564.29,sv_cpol
R12_SAS,coal_ppl_u,2005,2040.0,M1,6.079125000000001,9.352500000000001,564.29,sv_cpol
R12_SAS,coal_ppl_u,2005,2045.0,M1,6.079125000000001,9.352500000000001,564.29,sv_cpol
R12_SAS,coal_ppl_u,2010,2010.0,M1,0.0,0.0,564.29,sv_cpol
R12_SAS,coal_ppl_u,2010,2015.0,M1,0.0,,564.29,sv_cpol
R12_SAS,coal_ppl_u,2010,2020.0,M1,0.0,,564.29,sv_cpol
R12_SAS,coal_ppl_u,2010,2025.0,M1,0.0,,564.29,sv_cpol
R12_SAS,coal_ppl_u,2010,2030.0,M1,0.0,,564.29,sv_cpol
R12_SAS,coal_ppl_u,2010,2035.0,M1,19.704651300000002,30.8367,564.29,sv_cpol
R12_SAS,coal_ppl_u,2010,2040.0,M1,20.043855,30.8367,564.29,sv_cpol
R12_SAS,coal_ppl_u,2010,2045.0,M1,13.089277451503719,30.8367,564.29,sv_cpol
R12_SAS,coal_ppl_u,2010,2050.0,M1,20.043855,30.8367,564.29,sv_cpol
R12_SAS,coal_ppl_u,2015,2015.0,M1,0.0,0.0,564.29,sv_cpol
R12_SAS,coal_ppl_u,2015,2020.0,M1,0.0,,564.29,sv_cpol
R12_SAS,coal_ppl_u,2015,2025.0,M1,0.0,,564.29,sv_cpol
R12_SAS,coal_ppl_u,2015,2030.0,M1,0.0,,564.29,sv_cpol
R12_SAS,coal_ppl_u,2015,2035.0,M1,35.31380462999999,55.26416999999999,564.29,sv_cpol
R12_SAS,coal_ppl_u,2015,2040.0,M1,35.921710499999996,55.26416999999999,564.29,sv_cpol
R12_SAS,coal_ppl_u,2015,2045.0,M1,35.921710499999996,55.26416999999999,564.29,sv_cpol
R12_SAS,coal_ppl_u,2020,2020.0,M1,0.0,0.0,564.4444444444445,sv_cpol
R12_SAS,coal_ppl_u,2020,2025.0,M1,0.0,,564.4444444444445,sv_cpol
R12_SAS,coal_ppl_u,2020,2030.0,M1,0.0,,564.4444444444445,sv_cpol
R12_SAS,coal_ppl_u,2020,2035.0,M1,13.913394299999998,21.773699999999998,564.4444444444445,sv_cpol
R12_SAS,coal_ppl_u,2020,2040.0,M1,14.152904999999999,21.773699999999998,564.4444444444445,sv_cpol
R12_SAS,coal_ppl_u,2020,2045.0,M1,14.152904999999999,21.773699999999998,564.4444444444445,sv_cpol
R12_SAS,gas_cc,1965,1965.0,M1,0.0,,,sv_cpol
R12_SAS,gas_cc,1965,1970.0,M1,0.0,,,sv_cpol
R12_SAS,gas_cc,1965,1975.0,M1,0.0,,,sv_cpol
R12_SAS,gas_cc,1965,1980.0,M1,0.0,,,sv_cpol
R12_SAS,gas_cc,1965,1985.0,M1,0.0,,,sv_cpol
R12_SAS,gas_cc,1965,1990.0,M1,0.0,,,sv_cpol
R12_SAS,gas_cc,1965,1995.0,M1,0.0,,,sv_cpol
R12_SAS,gas_cc,1965,2000.0,M1,0.0,,,sv_cpol
R12_SAS,gas_cc,1965,2005.0,M1,0.0,,,sv_cpol
R12_SAS,gas_cc,1965,2010.0,M1,0.0,,,sv_cpol
R12_SAS,gas_cc,1965,2015.0,M1,0.0,,,sv_cpol
R12_SAS,gas_cc,1965,2020.0,M1,0.0,,,sv_cpol
R12_SAS,gas_cc,1965,2025.0,M1,0.0,,,sv_cpol
R12_SAS,gas_cc,1970,1970.0,M1,0.0,,,sv_cpol
R12_SAS,gas_cc,1970,1975.0,M1,0.0,,,sv_cpol
R12_SAS,gas_cc,1970,1980.0,M1,0.0,,,sv_cpol
R12_SAS,gas_cc,1970,1985.0,M1,0.0,,,sv_cpol
R12_SAS,gas_cc,1970,1990.0,M1,0.0,,,sv_cpol
R12_SAS,gas_cc,1970,1995.0,M1,0.0,,,sv_cpol
R12_SAS,gas_cc,1970,2000.0,M1,0.0,,,sv_cpol
R12_SAS,gas_cc,1970,2005.0,M1,0.0,,,sv_cpol
R12_SAS,gas_cc,1970,2010.0,M1,0.0,,,sv_cpol
R12_SAS,gas_cc,1970,2015.0,M1,0.0,,,sv_cpol
R12_SAS,gas_cc,1970,2020.0,M1,0.0,,,sv_cpol
R12_SAS,gas_cc,1970,2025.0,M1,0.0,,,sv_cpol
R12_SAS,gas_cc,1975,1975.0,M1,0.0,,,sv_cpol
R12_SAS,gas_cc,1975,1980.0,M1,0.0,,,sv_cpol
R12_SAS,gas_cc,1975,1985.0,M1,0.0,,,sv_cpol
R12_SAS,gas_cc,1975,1990.0,M1,0.0,,,sv_cpol
R12_SAS,gas_cc,1975,1995.0,M1,0.0,,,sv_cpol
R12_SAS,gas_cc,1975,2000.0,M1,0.0,,,sv_cpol
R12_SAS,gas_cc,1975,2005.0,M1,0.0,,,sv_cpol
R12_SAS,gas_cc,1975,2010.0,M1,0.0,,,sv_cpol
R12_SAS,gas_cc,1975,2015.0,M1,0.0,,,sv_cpol
R12_SAS,gas_cc,1975,2020.0,M1,0.0,,,sv_cpol
R12_SAS,gas_cc,1975,2025.0,M1,0.0,,,sv_cpol
R12_SAS,gas_cc,1975,2030.0,M1,0.0,,,sv_cpol
R12_SAS,gas_cc,1980,1980.0,M1,0.0,,,sv_cpol
R12_SAS,gas_cc,1980,1985.0,M1,0.0,,,sv_cpol
R12_SAS,gas_cc,1980,1990.0,M1,0.0,,,sv_cpol
R12_SAS,gas_cc,1980,1995.0,M1,0.0,,,sv_cpol
R12_SAS,gas_cc,1980,2000.0,M1,0.0,,,sv_cpol
R12_SAS,gas_cc,1980,2005.0,M1,0.0,,,sv_cpol
R12_SAS,gas_cc,1980,2010.0,M1,0.0,,,sv_cpol
R12_SAS,gas_cc,1980,2015.0,M1,0.0,,,sv_cpol
R12_SAS,gas_cc,1980,2020.0,M1,0.0,,,sv_cpol
R12_SAS,gas_cc,1980,2025.0,M1,0.0,,,sv_cpol
R12_SAS,gas_cc,1980,2030.0,M1,0.0,,,sv_cpol
R12_SAS,gas_cc,1985,1985.0,M1,0.0,,,sv_cpol
R12_SAS,gas_cc,1985,1990.0,M1,0.0,,,sv_cpol
R12_SAS,gas_cc,1985,1995.0,M1,0.0,,,sv_cpol
R12_SAS,gas_cc,1985,2000.0,M1,0.0,,,sv_cpol
R12_SAS,gas_cc,1985,2005.0,M1,0.0,,,sv_cpol
R12_SAS,gas_cc,1985,2010.0,M1,0.0,,,sv_cpol
R12_SAS,gas_cc,1985,2015.0,M1,0.0,,,sv_cpol
R12_SAS,gas_cc,1985,2020.0,M1,0.0,,,sv_cpol
R12_SAS,gas_cc,1985,2025.0,M1,0.0,,,sv_cpol
R12_SAS,gas_cc,1985,2030.0,M1,0.0,,,sv_cpol
R12_SAS,gas_cc,1985,2035.0,M1,0.31224375,,,sv_cpol
R12_SAS,gas_cc,1990,1990.0,M1,0.0,,,sv_cpol
R12_SAS,gas_cc,1990,1995.0,M1,0.0,,,sv_cpol
R12_SAS,gas_cc,1990,2000.0,M1,0.0,,,sv_cpol
R12_SAS,gas_cc,1990,2005.0,M1,0.0,,,sv_cpol
R12_SAS,gas_cc,1990,2010.0,M1,0.0,,,sv_cpol
R12_SAS,gas_cc,1990,2015.0,M1,0.0,,,sv_cpol
R12_SAS,gas_cc,1990,2020.0,M1,0.0,,,sv_cpol
R12_SAS,gas_cc,1990,2025.0,M1,0.0,,,sv_cpol
R12_SAS,gas_cc,1990,2030.0,M1,0.0,,,sv_cpol
R12_SAS,gas_cc,1990,2035.0,M1,1.8321384375,,,sv_cpol
R12_SAS,gas_cc,1995,1995.0,M1,0.0,,,sv_cpol
R12_SAS,gas_cc,1995,2000.0,M1,0.0,,,sv_cpol
R12_SAS,gas_cc,1995,2005.0,M1,0.0,,,sv_cpol
R12_SAS,gas_cc,1995,2010.0,M1,0.0,,,sv_cpol
R12_SAS,gas_cc,1995,2015.0,M1,0.0,,,sv_cpol
R12_SAS,gas_cc,1995,2020.0,M1,0.0,,,sv_cpol
R12_SAS,gas_cc,1995,2025.0,M1,0.0,,,sv_cpol
R12_SAS,gas_cc,1995,2030.0,M1,0.0,,,sv_cpol
R12_SAS,gas_cc,1995,2035.0,M1,3.208897125,,,sv_cpol
R12_SAS,gas_cc,1995,2040.0,M1,3.4635715,,,sv_cpol
R12_SAS,gas_cc,2000,2000.0,M1,0.0,,,sv_cpol
R12_SAS,gas_cc,2000,2005.0,M1,0.0,,,sv_cpol
R12_SAS,gas_cc,2000,2010.0,M1,0.0,,,sv_cpol
R12_SAS,gas_cc,2000,2015.0,M1,0.0,,,sv_cpol
R12_SAS,gas_cc,2000,2020.0,M1,0.0,,,sv_cpol
R12_SAS,gas_cc,2000,2025.0,M1,0.0,,,sv_cpol
R12_SAS,gas_cc,2000,2030.0,M1,0.0,,,sv_cpol
R12_SAS,gas_cc,2000,2035.0,M1,3.87933525,,,sv_cpol
R12_SAS,gas_cc,2000,2040.0,M1,4.187219,,,sv_cpol
R12_SAS,gas_cc,2005,2005.0,M1,0.0,,,sv_cpol
R12_SAS,gas_cc,2005,2010.0,M1,0.0,,,sv_cpol
R12_SAS,gas_cc,2005,2015.0,M1,0.0,,,sv_cpol
R12_SAS,gas_cc,2005,2020.0,M1,0.0,,,sv_cpol
R12_SAS,gas_cc,2005,2025.0,M1,0.0,,,sv_cpol
R12_SAS,gas_cc,2005,2030.0,M1,0.0,,,sv_cpol
R12_SAS,gas_cc,2005,2035.0,M1,2.110563,,,sv_cpol
R12_SAS,gas_cc,2005,2040.0,M1,2.2780679999999998,,,sv_cpol
R12_SAS,gas_cc,2005,2045.0,M1,2.2780679999999998,,,sv_cpol
R12_SAS,gas_cc,2010,2010.0,M1,0.0,,,sv_cpol
R12_SAS,gas_cc,2010,2015.0,M1,0.0,,,sv_cpol
R12_SAS,gas_cc,2010,2020.0,M1,0.0,,,sv_cpol
R12_SAS,gas_cc,2010,2025.0,M1,0.0,,,sv_cpol
R12_SAS,gas_cc,2010,2030.0,M1,0.0,,,sv_cpol
R12_SAS,gas_cc,2010,2035.0,M1,5.471265712499999,,,sv_cpol
R12_SAS,gas_cc,2010,2040.0,M1,5.90549315,,,sv_cpol
R12_SAS,gas_cc,2010,2045.0,M1,5.90549315,,,sv_cpol
R12_SAS,gas_cc,2015,2015.0,M1,0.0,,,sv_cpol
R12_SAS,gas_cc,2015,2020.0,M1,0.0,,,sv_cpol
R12_SAS,gas_cc,2015,2025.0,M1,0.0,,,sv_cpol
R12_SAS,gas_cc,2015,2030.0,M1,0.0,,,sv_cpol
R12_SAS,gas_cc,2015,2035.0,M1,7.276289737500001,,,sv_cpol
R12_SAS,gas_cc,2015,2040.0,M1,7.853773050000001,,,sv_cpol
R12_SAS,gas_cc,2015,2045.0,M1,7.853773050000001,,,sv_cpol
R12_SAS,gas_cc,2015,2050.0,M1,7.853773050000001,,,sv_cpol
R12_SAS,gas_cc,2020,2020.0,M1,0.0,,,sv_cpol
R12_SAS,gas_cc,2020,2025.0,M1,0.0,,,sv_cpol
R12_SAS,gas_cc,2020,2030.0,M1,0.0,,,sv_cpol
R12_SAS,gas_cc,2020,2035.0,M1,8.166256875,,,sv_cpol
R12_SAS,gas_cc,2020,2040.0,M1,8.8143725,,,sv_cpol
R12_SAS,gas_cc,2020,2045.0,M1,8.8143725,,,sv_cpol
R12_SAS,gas_cc,2020,2050.0,M1,8.8143725,,,sv_cpol
R12_SAS,gas_cc,2025,2025.0,M1,0.0,,,sv_cpol
R12_SAS,gas_cc,2025,2030.0,M1,0.0,,,sv_cpol
R12_SAS,gas_cc,2025,2035.0,M1,0.0,,,sv_cpol
R12_SAS,gas_cc,2025,2040.0,M1,0.0,,,sv_cpol
R12_SAS,gas_cc,2025,2045.0,M1,0.0,,,sv_cpol
R12_SAS,gas_cc,2025,2050.0,M1,0.0,,,sv_cpol
R12_SAS,gas_cc,2030,2030.0,M1,0.0,,,sv_cpol
R12_SAS,gas_cc,2030,2035.0,M1,15.386145166068832,,,sv_cpol
R12_SAS,gas_cc,2030,2040.0,M1,16.60726779829652,,,sv_cpol
R12_SAS,gas_cc,2030,2045.0,M1,16.60726779829652,,,sv_cpol
R12_SAS,gas_cc,2030,2050.0,M1,16.60726779829652,,,sv_cpol
R12_SAS,gas_cc,2030,2055.0,M1,16.60726779829652,,,sv_cpol
R12_SAS,gas_cc,2035,2035.0,M1,22.834379786700627,,,sv_cpol
R12_SAS,gas_cc,2035,2040.0,M1,24.646632150724486,,,sv_cpol
R12_SAS,gas_cc,2035,2045.0,M1,24.646632150724486,,,sv_cpol
R12_SAS,gas_cc,2035,2050.0,M1,24.646632150724486,,,sv_cpol
R12_SAS,gas_cc,2035,2055.0,M1,24.646632150724486,,,sv_cpol
R12_SAS,gas_cc,2035,2060.0,M1,24.646632150724486,,,sv_cpol
R12_SAS,gas_cc,2040,2040.0,M1,37.87464603362164,,,sv_cpol
R12_SAS,gas_cc,2040,2045.0,M1,37.87464603362164,,,sv_cpol
R12_SAS,gas_cc,2040,2050.0,M1,37.87464603362164,,,sv_cpol
R12_SAS,gas_cc,2040,2055.0,M1,37.87464603362164,,,sv_cpol
R12_SAS,gas_cc,2040,2060.0,M1,37.87464603362164,,,sv_cpol
R12_SAS,gas_cc,2040,2070.0,M1,18.93732301681082,,,sv_cpol
R12_SAS,gas_cc,2045,2045.0,M1,41.20395179912532,,,sv_cpol
R12_SAS,gas_cc,2045,2050.0,M1,41.20395179912532,,,sv_cpol
R12_SAS,gas_cc,2045,2055.0,M1,41.20395179912532,,,sv_cpol
R12_SAS,gas_cc,2045,2060.0,M1,41.20395179912529,,,sv_cpol
R12_SAS,gas_cc,2045,2070.0,M1,41.20395179912532,,,sv_cpol
R12_SAS,gas_cc,2050,2050.0,M1,50.50553251454237,,,sv_cpol
R12_SAS,gas_cc,2050,2055.0,M1,50.50553251454237,,,sv_cpol
R12_SAS,gas_cc,2050,2060.0,M1,50.50553251454237,,,sv_cpol
R12_SAS,gas_cc,2050,2070.0,M1,50.50553251454237,,,sv_cpol
R12_SAS,gas_cc,2050,2080.0,M1,25.252766257271183,,,sv_cpol
R12_SAS,gas_cc,2055,2055.0,M1,70.6828972912184,,,sv_cpol
R12_SAS,gas_cc,2055,2060.0,M1,70.6828972912184,,,sv_cpol
R12_SAS,gas_cc,2055,2070.0,M1,70.6828972912184,,,sv_cpol
R12_SAS,gas_cc,2055,2080.0,M1,70.6828972912184,,,sv_cpol
R12_SAS,gas_cc,2060,2060.0,M1,85.54529954862836,,,sv_cpol
R12_SAS,gas_cc,2060,2070.0,M1,85.54529954862836,,,sv_cpol
R12_SAS,gas_cc,2060,2080.0,M1,85.54529954862838,,,sv_cpol
R12_SAS,gas_cc,2060,2090.0,M1,42.77264977431418,,,sv_cpol
R12_SAS,gas_cc,2070,2070.0,M1,132.31864431846816,,,sv_cpol
R12_SAS,gas_cc,2070,2080.0,M1,132.31864431846816,,,sv_cpol
R12_SAS,gas_cc,2070,2090.0,M1,132.31864431846816,,,sv_cpol
R12_SAS,gas_cc,2080,2080.0,M1,341.4759386657117,,,sv_cpol
R12_SAS,gas_cc,2080,2090.0,M1,341.4759386657117,,,sv_cpol
R12_SAS,gas_cc,2080,2100.0,M1,341.4759386657117,,,sv_cpol
R12_SAS,gas_cc,2090,2090.0,M1,351.58817927749215,,,sv_cpol
R12_SAS,gas_cc,2090,2100.0,M1,351.58817927749215,,,sv_cpol
R12_SAS,gas_cc,2090,2110.0,M1,351.58817927749215,,,sv_cpol
R12_SAS,gas_cc,2100,2100.0,M1,237.81544121270213,,,sv_cpol
R12_SAS,gas_cc,2100,2110.0,M1,237.81544121270213,,,sv_cpol
R12_SAS,gas_cc,2110,2110.0,M1,310.218979706336,,,sv_cpol
R12_SAS,gas_cc_ccs,2030,2030.0,M1,0.0,,,sv_cpol
R12_SAS,gas_cc_ccs,2030,2035.0,M1,0.0,,,sv_cpol
R12_SAS,gas_cc_ccs,2030,2040.0,M1,0.0,,,sv_cpol
R12_SAS,gas_cc_ccs,2030,2045.0,M1,0.0,,,sv_cpol
R12_SAS,gas_cc_ccs,2030,2050.0,M1,0.0,,,sv_cpol
R12_SAS,gas_cc_ccs,2030,2055.0,M1,0.0,,,sv_cpol
R12_SAS,gas_cc_ccs,2035,2035.0,M1,0.0,,,sv_cpol
R12_SAS,gas_cc_ccs,2035,2040.0,M1,0.0,,,sv_cpol
R12_SAS,gas_cc_ccs,2035,2045.0,M1,0.0,,,sv_cpol
R12_SAS,gas_cc_ccs,2035,2050.0,M1,0.0,,,sv_cpol
R12_SAS,gas_cc_ccs,2035,2055.0,M1,0.0,,,sv_cpol
R12_SAS,gas_cc_ccs,2035,2060.0,M1,0.0,,,sv_cpol
R12_SAS,gas_cc_ccs,2040,2040.0,M1,0.0,,,sv_cpol
R12_SAS,gas_cc_ccs,2040,2045.0,M1,0.0,,,sv_cpol
R12_SAS,gas_cc_ccs,2040,2050.0,M1,0.0,,,sv_cpol
R12_SAS,gas_cc_ccs,2040,2055.0,M1,0.0,,,sv_cpol
R12_SAS,gas_cc_ccs,2040,2060.0,M1,0.0,,,sv_cpol
R12_SAS,gas_cc_ccs,2040,2070.0,M1,0.0,,,sv_cpol
R12_SAS,gas_cc_ccs,2045,2045.0,M1,0.0,,,sv_cpol
R12_SAS,gas_cc_ccs,2045,2050.0,M1,0.0,,,sv_cpol
R12_SAS,gas_cc_ccs,2045,2055.0,M1,0.0,,,sv_cpol
R12_SAS,gas_cc_ccs,2045,2060.0,M1,0.0,,,sv_cpol
R12_SAS,gas_cc_ccs,2045,2070.0,M1,0.0,,,sv_cpol
R12_SAS,gas_cc_ccs,2050,2050.0,M1,0.0,,,sv_cpol
R12_SAS,gas_cc_ccs,2050,2055.0,M1,0.0,,,sv_cpol
R12_SAS,gas_cc_ccs,2050,2060.0,M1,0.0,,,sv_cpol
R12_SAS,gas_cc_ccs,2050,2070.0,M1,0.0,,,sv_cpol
R12_SAS,gas_cc_ccs,2050,2080.0,M1,0.0,,,sv_cpol
R12_SAS,gas_cc_ccs,2055,2055.0,M1,0.0,,,sv_cpol
R12_SAS,gas_cc_ccs,2055,2060.0,M1,0.0,,,sv_cpol
R12_SAS,gas_cc_ccs,2055,2070.0,M1,0.0,,,sv_cpol
R12_SAS,gas_cc_ccs,2055,2080.0,M1,0.0,,,sv_cpol
R12_SAS,gas_cc_ccs,2060,2060.0,M1,0.0,,,sv_cpol
R12_SAS,gas_cc_ccs,2060,2070.0,M1,0.0,,,sv_cpol
R12_SAS,gas_cc_ccs,2060,2080.0,M1,0.0,,,sv_cpol
R12_SAS,gas_cc_ccs,2060,2090.0,M1,0.0,,,sv_cpol
R12_SAS,gas_cc_ccs,2070,2070.0,M1,0.0,,,sv_cpol
R12_SAS,gas_cc_ccs,2070,2080.0,M1,0.0,,,sv_cpol
R12_SAS,gas_cc_ccs,2070,2090.0,M1,0.0,,,sv_cpol
R12_SAS,gas_cc_ccs,2080,2080.0,M1,0.0,,,sv_cpol
R12_SAS,gas_cc_ccs,2080,2090.0,M1,0.0,,,sv_cpol
R12_SAS,gas_cc_ccs,2080,2100.0,M1,0.0,,,sv_cpol
R12_SAS,gas_cc_ccs,2090,2090.0,M1,0.0,,,sv_cpol
R12_SAS,gas_cc_ccs,2090,2100.0,M1,0.0,,,sv_cpol
R12_SAS,gas_cc_ccs,2090,2110.0,M1,0.0,,,sv_cpol
R12_SAS,gas_cc_ccs,2100,2100.0,M1,0.0,,,sv_cpol
R12_SAS,gas_cc_ccs,2100,2110.0,M1,0.0,,,sv_cpol
R12_SAS,gas_cc_ccs,2110,2110.0,M1,0.0,,,sv_cpol
R12_SAS,gas_ct,1970,1970.0,M1,0.0,,,sv_cpol
R12_SAS,gas_ct,1970,1975.0,M1,0.0,,,sv_cpol
R12_SAS,gas_ct,1970,1980.0,M1,0.0,,,sv_cpol
R12_SAS,gas_ct,1970,1985.0,M1,0.0,,,sv_cpol
R12_SAS,gas_ct,1970,1990.0,M1,0.0,,,sv_cpol
R12_SAS,gas_ct,1970,1995.0,M1,0.0,,,sv_cpol
R12_SAS,gas_ct,1970,2000.0,M1,0.0,,,sv_cpol
R12_SAS,gas_ct,1970,2005.0,M1,0.0,,,sv_cpol
R12_SAS,gas_ct,1970,2010.0,M1,0.0,,,sv_cpol
R12_SAS,gas_ct,1970,2015.0,M1,0.0,,,sv_cpol
R12_SAS,gas_ct,1970,2020.0,M1,0.0,,,sv_cpol
R12_SAS,gas_ct,1970,2025.0,M1,0.0,,,sv_cpol
R12_SAS,gas_ct,1975,1975.0,M1,0.0,,,sv_cpol
R12_SAS,gas_ct,1975,1980.0,M1,0.0,,,sv_cpol
R12_SAS,gas_ct,1975,1985.0,M1,0.0,,,sv_cpol
R12_SAS,gas_ct,1975,1990.0,M1,0.0,,,sv_cpol
R12_SAS,gas_ct,1975,1995.0,M1,0.0,,,sv_cpol
R12_SAS,gas_ct,1975,2000.0,M1,0.0,,,sv_cpol
R12_SAS,gas_ct,1975,2005.0,M1,0.0,,,sv_cpol
R12_SAS,gas_ct,1975,2010.0,M1,0.0,,,sv_cpol
R12_SAS,gas_ct,1975,2015.0,M1,0.0,,,sv_cpol
R12_SAS,gas_ct,1975,2020.0,M1,0.0,,,sv_cpol
R12_SAS,gas_ct,1975,2025.0,M1,0.0,,,sv_cpol
R12_SAS,gas_ct,1980,1980.0,M1,0.0,,,sv_cpol
R12_SAS,gas_ct,1980,1985.0,M1,0.0,,,sv_cpol
R12_SAS,gas_ct,1980,1990.0,M1,0.0,,,sv_cpol
R12_SAS,gas_ct,1980,1995.0,M1,0.0,,,sv_cpol
R12_SAS,gas_ct,1980,2000.0,M1,0.0,,,sv_cpol
R12_SAS,gas_ct,1980,2005.0,M1,0.0,,,sv_cpol
R12_SAS,gas_ct,1980,2010.0,M1,0.0,,,sv_cpol
R12_SAS,gas_ct,1980,2015.0,M1,0.0,,,sv_cpol
R12_SAS,gas_ct,1980,2020.0,M1,0.0,,,sv_cpol
R12_SAS,gas_ct,1980,2025.0,M1,0.0,,,sv_cpol
R12_SAS,gas_ct,1980,2030.0,M1,0.0,,,sv_cpol
R12_SAS,gas_ct,1985,1985.0,M1,0.0,,,sv_cpol
R12_SAS,gas_ct,1985,1990.0,M1,0.0,,,sv_cpol
R12_SAS,gas_ct,1985,1995.0,M1,0.0,,,sv_cpol
R12_SAS,gas_ct,1985,2000.0,M1,0.0,,,sv_cpol
R12_SAS,gas_ct,1985,2005.0,M1,0.0,,,sv_cpol
R12_SAS,gas_ct,1985,2010.0,M1,0.0,,,sv_cpol
R12_SAS,gas_ct,1985,2015.0,M1,0.0,,,sv_cpol
R12_SAS,gas_ct,1985,2020.0,M1,0.0,,,sv_cpol
R12_SAS,gas_ct,1985,2025.0,M1,0.0,,,sv_cpol
R12_SAS,gas_ct,1985,2030.0,M1,0.0,,,sv_cpol
R12_SAS,gas_ct,1990,1990.0,M1,0.0,,,sv_cpol
R12_SAS,gas_ct,1990,1995.0,M1,0.0,,,sv_cpol
R12_SAS,gas_ct,1990,2000.0,M1,0.0,,,sv_cpol
R12_SAS,gas_ct,1990,2005.0,M1,0.0,,,sv_cpol
R12_SAS,gas_ct,1990,2010.0,M1,0.0,,,sv_cpol
R12_SAS,gas_ct,1990,2015.0,M1,0.0,,,sv_cpol
R12_SAS,gas_ct,1990,2020.0,M1,0.0,,,sv_cpol
R12_SAS,gas_ct,1990,2025.0,M1,0.0,,,sv_cpol
R12_SAS,gas_ct,1990,2030.0,M1,0.0,,,sv_cpol
R12_SAS,gas_ct,1990,2035.0,M1,0.20069,,,sv_cpol
R12_SAS,gas_ct,1995,1995.0,M1,0.0,,,sv_cpol
R12_SAS,gas_ct,1995,2000.0,M1,0.0,,,sv_cpol
R12_SAS,gas_ct,1995,2005.0,M1,0.0,,,sv_cpol
R12_SAS,gas_ct,1995,2010.0,M1,0.0,,,sv_cpol
R12_SAS,gas_ct,1995,2015.0,M1,0.0,,,sv_cpol
R12_SAS,gas_ct,1995,2020.0,M1,0.0,,,sv_cpol
R12_SAS,gas_ct,1995,2025.0,M1,0.0,,,sv_cpol
R12_SAS,gas_ct,1995,2030.0,M1,0.0,,,sv_cpol
R12_SAS,gas_ct,1995,2035.0,M1,0.0,,,sv_cpol
R12_SAS,gas_ct,2000,2000.0,M1,0.0,,,sv_cpol
R12_SAS,gas_ct,2000,2005.0,M1,0.0,,,sv_cpol
R12_SAS,gas_ct,2000,2010.0,M1,0.0,,,sv_cpol
R12_SAS,gas_ct,2000,2015.0,M1,0.0,,,sv_cpol
R12_SAS,gas_ct,2000,2020.0,M1,0.0,,,sv_cpol
R12_SAS,gas_ct,2000,2025.0,M1,0.0,,,sv_cpol
R12_SAS,gas_ct,2000,2030.0,M1,0.0,,,sv_cpol
R12_SAS,gas_ct,2000,2035.0,M1,0.0,,,sv_cpol
R12_SAS,gas_ct,2000,2040.0,M1,0.0,,,sv_cpol
R12_SAS,gas_ct,2005,2005.0,M1,0.0,,,sv_cpol
R12_SAS,gas_ct,2005,2010.0,M1,0.0,,,sv_cpol
R12_SAS,gas_ct,2005,2015.0,M1,0.0,,,sv_cpol
R12_SAS,gas_ct,2005,2020.0,M1,0.0,,,sv_cpol
R12_SAS,gas_ct,2005,2025.0,M1,0.0,,,sv_cpol
R12_SAS,gas_ct,2005,2030.0,M1,0.0,,,sv_cpol
R12_SAS,gas_ct,2005,2035.0,M1,0.0,,,sv_cpol
R12_SAS,gas_ct,2005,2040.0,M1,0.0,,,sv_cpol
R12_SAS,gas_ct,2010,2010.0,M1,0.0,,,sv_cpol
R12_SAS,gas_ct,2010,2015.0,M1,0.0,,,sv_cpol
R12_SAS,gas_ct,2010,2020.0,M1,0.0,,,sv_cpol
R12_SAS,gas_ct,2010,2025.0,M1,0.0,,,sv_cpol
R12_SAS,gas_ct,2010,2030.0,M1,0.0,,,sv_cpol
R12_SAS,gas_ct,2010,2035.0,M1,0.0,,,sv_cpol
R12_SAS,gas_ct,2010,2040.0,M1,0.0,,,sv_cpol
R12_SAS,gas_ct,2010,2045.0,M1,0.0,,,sv_cpol
R12_SAS,gas_ct,2015,2015.0,M1,0.0,,,sv_cpol
R12_SAS,gas_ct,2015,2020.0,M1,0.0,,,sv_cpol
R12_SAS,gas_ct,2015,2025.0,M1,0.0,,,sv_cpol
R12_SAS,gas_ct,2015,2030.0,M1,0.0,,,sv_cpol
R12_SAS,gas_ct,2015,2035.0,M1,0.0,,,sv_cpol
R12_SAS,gas_ct,2015,2040.0,M1,0.333125,,,sv_cpol
R12_SAS,gas_ct,2015,2045.0,M1,0.0,,,sv_cpol
R12_SAS,gas_ct,2020,2020.0,M1,0.0,,,sv_cpol
R12_SAS,gas_ct,2020,2025.0,M1,0.0,,,sv_cpol
R12_SAS,gas_ct,2020,2030.0,M1,0.0,,,sv_cpol
R12_SAS,gas_ct,2020,2035.0,M1,0.0,,,sv_cpol
R12_SAS,gas_ct,2020,2040.0,M1,0.0,,,sv_cpol
R12_SAS,gas_ct,2020,2045.0,M1,0.0,,,sv_cpol
R12_SAS,gas_ct,2020,2050.0,M1,0.36465000000000003,,,sv_cpol
R12_SAS,gas_ct,2025,2025.0,M1,0.0,,,sv_cpol
R12_SAS,gas_ct,2025,2030.0,M1,0.0,,,sv_cpol
R12_SAS,gas_ct,2025,2035.0,M1,0.0,,,sv_cpol
R12_SAS,gas_ct,2025,2040.0,M1,0.0,,,sv_cpol
R12_SAS,gas_ct,2025,2045.0,M1,0.0,,,sv_cpol
R12_SAS,gas_ct,2025,2050.0,M1,0.0,,,sv_cpol
R12_SAS,gas_ct,2030,2030.0,M1,0.0,,,sv_cpol
R12_SAS,gas_ct,2030,2035.0,M1,0.0,,,sv_cpol
R12_SAS,gas_ct,2030,2040.0,M1,0.0,,,sv_cpol
R12_SAS,gas_ct,2030,2045.0,M1,0.0,,,sv_cpol
R12_SAS,gas_ct,2030,2050.0,M1,0.0,,,sv_cpol
R12_SAS,gas_ct,2030,2055.0,M1,0.0,,,sv_cpol
R12_SAS,gas_ct,2035,2035.0,M1,36.418184706355575,,,sv_cpol
R12_SAS,gas_ct,2035,2040.0,M1,0.0,,,sv_cpol
R12_SAS,gas_ct,2035,2045.0,M1,0.0,,,sv_cpol
R12_SAS,gas_ct,2035,2050.0,M1,0.0,,,sv_cpol
R12_SAS,gas_ct,2035,2055.0,M1,0.0,,,sv_cpol
R12_SAS,gas_ct,2035,2060.0,M1,0.0,,,sv_cpol
R12_SAS,gas_ct,2040,2040.0,M1,38.116180673037846,,,sv_cpol
R12_SAS,gas_ct,2040,2045.0,M1,0.0,,,sv_cpol
R12_SAS,gas_ct,2040,2050.0,M1,11.408592156417459,,,sv_cpol
R12_SAS,gas_ct,2040,2055.0,M1,0.0,,,sv_cpol
R12_SAS,gas_ct,2040,2060.0,M1,0.0,,,sv_cpol
R12_SAS,gas_ct,2040,2070.0,M1,0.0,,,sv_cpol
R12_SAS,gas_ct,2045,2045.0,M1,38.47779871294926,,,sv_cpol
R12_SAS,gas_ct,2045,2050.0,M1,0.0,,,sv_cpol
R12_SAS,gas_ct,2045,2055.0,M1,0.0,,,sv_cpol
R12_SAS,gas_ct,2045,2060.0,M1,0.0,,,sv_cpol
R12_SAS,gas_ct,2045,2070.0,M1,0.0,,,sv_cpol
R12_SAS,gas_ct,2050,2050.0,M1,0.0,,,sv_cpol
R12_SAS,gas_ct,2050,2055.0,M1,0.0,,,sv_cpol
R12_SAS,gas_ct,2050,2060.0,M1,0.0,,,sv_cpol
R12_SAS,gas_ct,2050,2070.0,M1,0.0,,,sv_cpol
R12_SAS,gas_ct,2050,2080.0,M1,0.0,,,sv_cpol
R12_SAS,gas_ct,2055,2055.0,M1,0.0,,,sv_cpol
R12_SAS,gas_ct,2055,2060.0,M1,0.0,,,sv_cpol
R12_SAS,gas_ct,2055,2070.0,M1,0.0,,,sv_cpol
R12_SAS,gas_ct,2055,2080.0,M1,0.0,,,sv_cpol
R12_SAS,gas_ct,2060,2060.0,M1,0.0,,,sv_cpol
R12_SAS,gas_ct,2060,2070.0,M1,0.0,,,sv_cpol
R12_SAS,gas_ct,2060,2080.0,M1,0.0,,,sv_cpol
R12_SAS,gas_ct,2060,2090.0,M1,0.0,,,sv_cpol
R12_SAS,gas_ct,2070,2070.0,M1,0.0,,,sv_cpol
R12_SAS,gas_ct,2070,2080.0,M1,0.0,,,sv_cpol
R12_SAS,gas_ct,2070,2090.0,M1,0.0,,,sv_cpol
R12_SAS,gas_ct,2080,2080.0,M1,0.0,,,sv_cpol
R12_SAS,gas_ct,2080,2090.0,M1,0.0,,,sv_cpol
R12_SAS,gas_ct,2080,2100.0,M1,0.0,,,sv_cpol
R12_SAS,gas_ct,2090,2090.0,M1,0.0,,,sv_cpol
R12_SAS,gas_ct,2090,2100.0,M1,0.0,,,sv_cpol
R12_SAS,gas_ct,2090,2110.0,M1,0.0,,,sv_cpol
R12_SAS,gas_ct,2100,2100.0,M1,0.0,,,sv_cpol
R12_SAS,gas_ct,2100,2110.0,M1,0.0,,,sv_cpol
R12_SAS,gas_ct,2110,2110.0,M1,0.0,,,sv_cpol
R12_SAS,gas_ppl,1960,1960.0,M1,0.0,,,sv_cpol
R12_SAS,gas_ppl,1960,1965.0,M1,0.0,,,sv_cpol
R12_SAS,gas_ppl,1960,1970.0,M1,0.0,,,sv_cpol
R12_SAS,gas_ppl,1960,1975.0,M1,0.0,,,sv_cpol
R12_SAS,gas_ppl,1960,1980.0,M1,0.0,,,sv_cpol
R12_SAS,gas_ppl,1960,1985.0,M1,0.0,,,sv_cpol
R12_SAS,gas_ppl,1960,1990.0,M1,0.0,,,sv_cpol
R12_SAS,gas_ppl,1960,1995.0,M1,0.0,,,sv_cpol
R12_SAS,gas_ppl,1960,2000.0,M1,0.0,,,sv_cpol
R12_SAS,gas_ppl,1960,2005.0,M1,0.0,,,sv_cpol
R12_SAS,gas_ppl,1960,2010.0,M1,0.0,,,sv_cpol
R12_SAS,gas_ppl,1960,2015.0,M1,0.0,,,sv_cpol
R12_SAS,gas_ppl,1960,2020.0,M1,0.0,,,sv_cpol
R12_SAS,gas_ppl,1960,2025.0,M1,0.0,,,sv_cpol
R12_SAS,gas_ppl,1965,1965.0,M1,0.0,,,sv_cpol
R12_SAS,gas_ppl,1965,1970.0,M1,0.0,,,sv_cpol
R12_SAS,gas_ppl,1965,1975.0,M1,0.0,,,sv_cpol
R12_SAS,gas_ppl,1965,1980.0,M1,0.0,,,sv_cpol
R12_SAS,gas_ppl,1965,1985.0,M1,0.0,,,sv_cpol
R12_SAS,gas_ppl,1965,1990.0,M1,0.0,,,sv_cpol
R12_SAS,gas_ppl,1965,1995.0,M1,0.0,,,sv_cpol
R12_SAS,gas_ppl,1965,2000.0,M1,0.0,,,sv_cpol
R12_SAS,gas_ppl,1965,2005.0,M1,0.0,,,sv_cpol
R12_SAS,gas_ppl,1965,2010.0,M1,0.0,,,sv_cpol
R12_SAS,gas_ppl,1965,2015.0,M1,0.0,,,sv_cpol
R12_SAS,gas_ppl,1965,2020.0,M1,0.0,,,sv_cpol
R12_SAS,gas_ppl,1965,2025.0,M1,0.0,,,sv_cpol
R12_SAS,gas_ppl,1970,1970.0,M1,0.0,,,sv_cpol
R12_SAS,gas_ppl,1970,1975.0,M1,0.0,,,sv_cpol
R12_SAS,gas_ppl,1970,1980.0,M1,0.0,,,sv_cpol
R12_SAS,gas_ppl,1970,1985.0,M1,0.0,,,sv_cpol
R12_SAS,gas_ppl,1970,1990.0,M1,0.0,,,sv_cpol
R12_SAS,gas_ppl,1970,1995.0,M1,0.0,,,sv_cpol
R12_SAS,gas_ppl,1970,2000.0,M1,0.0,,,sv_cpol
R12_SAS,gas_ppl,1970,2005.0,M1,0.0,,,sv_cpol
R12_SAS,gas_ppl,1970,2010.0,M1,0.0,,,sv_cpol
R12_SAS,gas_ppl,1970,2015.0,M1,0.0,,,sv_cpol
R12_SAS,gas_ppl,1970,2020.0,M1,0.0,,,sv_cpol
R12_SAS,gas_ppl,1970,2025.0,M1,0.0,,,sv_cpol
R12_SAS,gas_ppl,1970,2030.0,M1,0.0,,,sv_cpol
R12_SAS,gas_ppl,1975,1975.0,M1,0.0,,,sv_cpol
R12_SAS,gas_ppl,1975,1980.0,M1,0.0,,,sv_cpol
R12_SAS,gas_ppl,1975,1985.0,M1,0.0,,,sv_cpol
R12_SAS,gas_ppl,1975,1990.0,M1,0.0,,,sv_cpol
R12_SAS,gas_ppl,1975,1995.0,M1,0.0,,,sv_cpol
R12_SAS,gas_ppl,1975,2000.0,M1,0.0,,,sv_cpol
R12_SAS,gas_ppl,1975,2005.0,M1,0.0,,,sv_cpol
R12_SAS,gas_ppl,1975,2010.0,M1,0.0,,,sv_cpol
R12_SAS,gas_ppl,1975,2015.0,M1,0.0,,,sv_cpol
R12_SAS,gas_ppl,1975,2020.0,M1,0.0,,,sv_cpol
R12_SAS,gas_ppl,1975,2025.0,M1,0.0,,,sv_cpol
R12_SAS,gas_ppl,1975,2030.0,M1,0.0,,,sv_cpol
R12_SAS,gas_ppl,1980,1980.0,M1,0.0,,,sv_cpol
R12_SAS,gas_ppl,1980,1985.0,M1,0.0,,,sv_cpol
R12_SAS,gas_ppl,1980,1990.0,M1,0.0,,,sv_cpol
R12_SAS,gas_ppl,1980,1995.0,M1,0.0,,,sv_cpol
R12_SAS,gas_ppl,1980,2000.0,M1,0.0,,,sv_cpol
R12_SAS,gas_ppl,1980,2005.0,M1,0.0,,,sv_cpol
R12_SAS,gas_ppl,1980,2010.0,M1,0.0,,,sv_cpol
R12_SAS,gas_ppl,1980,2015.0,M1,0.0,,,sv_cpol
R12_SAS,gas_ppl,1980,2020.0,M1,0.0,,,sv_cpol
R12_SAS,gas_ppl,1980,2025.0,M1,0.0,,,sv_cpol
R12_SAS,gas_ppl,1980,2030.0,M1,0.0,,,sv_cpol
R12_SAS,gas_ppl,1980,2035.0,M1,0.0,,,sv_cpol
R12_SAS,gas_ppl,1985,1985.0,M1,0.0,,,sv_cpol
R12_SAS,gas_ppl,1985,1990.0,M1,0.0,,,sv_cpol
R12_SAS,gas_ppl,1985,1995.0,M1,0.0,,,sv_cpol
R12_SAS,gas_ppl,1985,2000.0,M1,0.0,,,sv_cpol
R12_SAS,gas_ppl,1985,2005.0,M1,0.0,,,sv_cpol
R12_SAS,gas_ppl,1985,2010.0,M1,0.0,,,sv_cpol
R12_SAS,gas_ppl,1985,2015.0,M1,0.0,,,sv_cpol
R12_SAS,gas_ppl,1985,2020.0,M1,0.0,,,sv_cpol
R12_SAS,gas_ppl,1985,2025.0,M1,0.0,,,sv_cpol
R12_SAS,gas_ppl,1985,2030.0,M1,0.0,,,sv_cpol
R12_SAS,gas_ppl,1985,2035.0,M1,0.0,,,sv_cpol
R12_SAS,gas_ppl,1990,1990.0,M1,0.0,,,sv_cpol
R12_SAS,gas_ppl,1990,1995.0,M1,0.0,,,sv_cpol
R12_SAS,gas_ppl,1990,2000.0,M1,0.0,,,sv_cpol
R12_SAS,gas_ppl,1990,2005.0,M1,0.0,,,sv_cpol
R12_SAS,gas_ppl,1990,2010.0,M1,0.0,,,sv_cpol
R12_SAS,gas_ppl,1990,2015.0,M1,0.0,,,sv_cpol
R12_SAS,gas_ppl,1990,2020.0,M1,0.0,,,sv_cpol
R12_SAS,gas_ppl,1990,2025.0,M1,0.0,,,sv_cpol
R12_SAS,gas_ppl,1990,2030.0,M1,0.0,,,sv_cpol
R12_SAS,gas_ppl,1990,2035.0,M1,0.0,,,sv_cpol
R12_SAS,gas_ppl,1990,2040.0,M1,0.0,,,sv_cpol
R12_SAS,gas_ppl,1995,1995.0,M1,0.0,,,sv_cpol
R12_SAS,gas_ppl,1995,2000.0,M1,0.0,,,sv_cpol
R12_SAS,gas_ppl,1995,2005.0,M1,0.0,,,sv_cpol
R12_SAS,gas_ppl,1995,2010.0,M1,0.0,,,sv_cpol
R12_SAS,gas_ppl,1995,2015.0,M1,0.0,,,sv_cpol
R12_SAS,gas_ppl,1995,2020.0,M1,0.0,,,sv_cpol
R12_SAS,gas_ppl,1995,2025.0,M1,0.0,,,sv_cpol
R12_SAS,gas_ppl,1995,2030.0,M1,0.0,,,sv_cpol
R12_SAS,gas_ppl,1995,2035.0,M1,0.0,,,sv_cpol
R12_SAS,gas_ppl,1995,2040.0,M1,0.0,,,sv_cpol
R12_SAS,gas_ppl,2000,2000.0,M1,0.0,,,sv_cpol
R12_SAS,gas_ppl,2000,2005.0,M1,0.0,,,sv_cpol
R12_SAS,gas_ppl,2000,2010.0,M1,0.0,,,sv_cpol
R12_SAS,gas_ppl,2000,2015.0,M1,0.0,,,sv_cpol
R12_SAS,gas_ppl,2000,2020.0,M1,0.0,,,sv_cpol
R12_SAS,gas_ppl,2000,2025.0,M1,0.0,,,sv_cpol
R12_SAS,gas_ppl,2000,2030.0,M1,0.0,,,sv_cpol
R12_SAS,gas_ppl,2000,2035.0,M1,0.0,,,sv_cpol
R12_SAS,gas_ppl,2000,2040.0,M1,0.0,,,sv_cpol
R12_SAS,gas_ppl,2000,2045.0,M1,0.0,,,sv_cpol
R12_SAS,gas_ppl,2005,2005.0,M1,0.0,,,sv_cpol
R12_SAS,gas_ppl,2005,2010.0,M1,0.0,,,sv_cpol
R12_SAS,gas_ppl,2005,2015.0,M1,0.0,,,sv_cpol
R12_SAS,gas_ppl,2005,2020.0,M1,0.0,,,sv_cpol
R12_SAS,gas_ppl,2005,2025.0,M1,0.0,,,sv_cpol
R12_SAS,gas_ppl,2005,2030.0,M1,0.0,,,sv_cpol
R12_SAS,gas_ppl,2005,2035.0,M1,0.0,,,sv_cpol
R12_SAS,gas_ppl,2005,2040.0,M1,0.0,,,sv_cpol
R12_SAS,gas_ppl,2005,2045.0,M1,0.0,,,sv_cpol
R12_SAS,gas_ppl,2010,2010.0,M1,0.0,,,sv_cpol
R12_SAS,gas_ppl,2010,2015.0,M1,0.0,,,sv_cpol
R12_SAS,gas_ppl,2010,2020.0,M1,0.0,,,sv_cpol
R12_SAS,gas_ppl,2010,2025.0,M1,0.0,,,sv_cpol
R12_SAS,gas_ppl,2010,2030.0,M1,0.0,,,sv_cpol
R12_SAS,gas_ppl,2010,2035.0,M1,0.0,,,sv_cpol
R12_SAS,gas_ppl,2010,2040.0,M1,0.0,,,sv_cpol
R12_SAS,gas_ppl,2010,2045.0,M1,0.0,,,sv_cpol
R12_SAS,gas_ppl,2010,2050.0,M1,0.0,,,sv_cpol
R12_SAS,gas_ppl,2015,2015.0,M1,0.0,,,sv_cpol
R12_SAS,gas_ppl,2015,2020.0,M1,0.0,,,sv_cpol
R12_SAS,gas_ppl,2015,2025.0,M1,0.0,,,sv_cpol
R12_SAS,gas_ppl,2015,2030.0,M1,0.0,,,sv_cpol
R12_SAS,gas_ppl,2015,2035.0,M1,0.0,,,sv_cpol
R12_SAS,gas_ppl,2015,2040.0,M1,0.0,,,sv_cpol
R12_SAS,gas_ppl,2015,2045.0,M1,0.0,,,sv_cpol
R12_SAS,gas_ppl,2015,2050.0,M1,0.0,,,sv_cpol
R12_SAS,gas_ppl,2020,2020.0,M1,0.0,,,sv_cpol
R12_SAS,gas_ppl,2020,2025.0,M1,0.0,,,sv_cpol
R12_SAS,gas_ppl,2020,2030.0,M1,0.0,,,sv_cpol
R12_SAS,gas_ppl,2020,2035.0,M1,0.0,,,sv_cpol
R12_SAS,gas_ppl,2020,2040.0,M1,0.0,,,sv_cpol
R12_SAS,gas_ppl,2020,2045.0,M1,0.0,,,sv_cpol
R12_SAS,gas_ppl,2020,2050.0,M1,0.0,,,sv_cpol
R12_SAS,gas_ppl,2025,2025.0,M1,0.0,,,sv_cpol
R12_SAS,gas_ppl,2025,2030.0,M1,0.0,,,sv_cpol
R12_SAS,gas_ppl,2025,2035.0,M1,0.0,,,sv_cpol
R12_SAS,gas_ppl,2025,2040.0,M1,0.0,,,sv_cpol
R12_SAS,gas_ppl,2025,2045.0,M1,0.0,,,sv_cpol
R12_SAS,gas_ppl,2025,2050.0,M1,0.0,,,sv_cpol
R12_SAS,gas_ppl,2030,2030.0,M1,0.0,,,sv_cpol
R12_SAS,gas_ppl,2030,2035.0,M1,0.0,,,sv_cpol
R12_SAS,gas_ppl,2030,2040.0,M1,0.0,,,sv_cpol
R12_SAS,gas_ppl,2030,2045.0,M1,0.0,,,sv_cpol
R12_SAS,gas_ppl,2030,2050.0,M1,0.0,,,sv_cpol
R12_SAS,gas_ppl,2030,2055.0,M1,0.0,,,sv_cpol
R12_SAS,gas_ppl,2035,2035.0,M1,0.0,,,sv_cpol
R12_SAS,gas_ppl,2035,2040.0,M1,0.0,,,sv_cpol
R12_SAS,gas_ppl,2035,2045.0,M1,0.0,,,sv_cpol
R12_SAS,gas_ppl,2035,2050.0,M1,0.0,,,sv_cpol
R12_SAS,gas_ppl,2035,2055.0,M1,0.0,,,sv_cpol
R12_SAS,gas_ppl,2035,2060.0,M1,0.0,,,sv_cpol
R12_SAS,gas_ppl,2040,2040.0,M1,0.0,,,sv_cpol
R12_SAS,gas_ppl,2040,2045.0,M1,0.0,,,sv_cpol
R12_SAS,gas_ppl,2040,2050.0,M1,0.0,,,sv_cpol
R12_SAS,gas_ppl,2040,2055.0,M1,0.0,,,sv_cpol
R12_SAS,gas_ppl,2040,2060.0,M1,0.0,,,sv_cpol
R12_SAS,gas_ppl,2040,2070.0,M1,0.0,,,sv_cpol
R12_SAS,gas_ppl,2045,2045.0,M1,0.0,,,sv_cpol
R12_SAS,gas_ppl,2045,2050.0,M1,0.0,,,sv_cpol
R12_SAS,gas_ppl,2045,2055.0,M1,0.0,,,sv_cpol
R12_SAS,gas_ppl,2045,2060.0,M1,0.0,,,sv_cpol
R12_SAS,gas_ppl,2045,2070.0,M1,0.0,,,sv_cpol
R12_SAS,gas_ppl,2050,2050.0,M1,0.0,,,sv_cpol
R12_SAS,gas_ppl,2050,2055.0,M1,0.0,,,sv_cpol
R12_SAS,gas_ppl,2050,2060.0,M1,0.0,,,sv_cpol
R12_SAS,gas_ppl,2050,2070.0,M1,0.0,,,sv_cpol
R12_SAS,gas_ppl,2050,2080.0,M1,0.0,,,sv_cpol
R12_SAS,gas_ppl,2055,2055.0,M1,0.0,,,sv_cpol
R12_SAS,gas_ppl,2055,2060.0,M1,0.0,,,sv_cpol
R12_SAS,gas_ppl,2055,2070.0,M1,0.0,,,sv_cpol
R12_SAS,gas_ppl,2055,2080.0,M1,0.0,,,sv_cpol
R12_SAS,gas_ppl,2060,2060.0,M1,0.0,,,sv_cpol
R12_SAS,gas_ppl,2060,2070.0,M1,0.0,,,sv_cpol
R12_SAS,gas_ppl,2060,2080.0,M1,0.0,,,sv_cpol
R12_SAS,gas_ppl,2060,2090.0,M1,0.0,,,sv_cpol
R12_SAS,gas_ppl,2070,2070.0,M1,0.0,,,sv_cpol
R12_SAS,gas_ppl,2070,2080.0,M1,0.0,,,sv_cpol
R12_SAS,gas_ppl,2070,2090.0,M1,0.0,,,sv_cpol
R12_SAS,gas_ppl,2080,2080.0,M1,0.0,,,sv_cpol
R12_SAS,gas_ppl,2080,2090.0,M1,0.0,,,sv_cpol
R12_SAS,gas_ppl,2080,2100.0,M1,0.0,,,sv_cpol
R12_SAS,gas_ppl,2090,2090.0,M1,0.0,,,sv_cpol
R12_SAS,gas_ppl,2090,2100.0,M1,0.0,,,sv_cpol
R12_SAS,gas_ppl,2090,2110.0,M1,0.0,,,sv_cpol
R12_SAS,gas_ppl,2100,2100.0,M1,0.0,,,sv_cpol
R12_SAS,gas_ppl,2100,2110.0,M1,0.0,,,sv_cpol
R12_SAS,gas_ppl,2110,2110.0,M1,0.0,,,sv_cpol
R12_SAS,igcc,2010,2010.0,M1,0.0,0.0,1295.59,sv_cpol
R12_SAS,igcc,2010,2015.0,M1,0.0,,1295.59,sv_cpol
R12_SAS,igcc,2010,2020.0,M1,0.0,,1295.59,sv_cpol
R12_SAS,igcc,2010,2025.0,M1,0.0,,1295.59,sv_cpol
R12_SAS,igcc,2010,2030.0,M1,0.0,,1295.59,sv_cpol
R12_SAS,igcc,2010,2035.0,M1,0.0,0.0,1295.59,sv_cpol
R12_SAS,igcc,2015,2015.0,M1,0.0,0.0,1295.59,sv_cpol
R12_SAS,igcc,2015,2020.0,M1,0.0,,1295.59,sv_cpol
R12_SAS,igcc,2015,2025.0,M1,0.0,,1295.59,sv_cpol
R12_SAS,igcc,2015,2030.0,M1,0.0,,1295.59,sv_cpol
R12_SAS,igcc,2015,2035.0,M1,0.0,0.0,1295.59,sv_cpol
R12_SAS,igcc,2015,2040.0,M1,0.0,0.0,1295.59,sv_cpol
R12_SAS,igcc,2020,2020.0,M1,0.0,0.0,1296.0,sv_cpol
R12_SAS,igcc,2020,2025.0,M1,0.0,,1296.0,sv_cpol
R12_SAS,igcc,2020,2030.0,M1,0.0,,1296.0,sv_cpol
R12_SAS,igcc,2020,2035.0,M1,0.0,0.0,1296.0,sv_cpol
R12_SAS,igcc,2020,2040.0,M1,0.0,0.0,1296.0,sv_cpol
R12_SAS,igcc,2020,2045.0,M1,0.0,0.0,1296.0,sv_cpol
R12_SAS,igcc,2025,2025.0,M1,0.0,0.0,1296.0,sv_cpol
R12_SAS,igcc,2025,2030.0,M1,0.0,,1296.0,sv_cpol
R12_SAS,igcc,2025,2035.0,M1,0.0,0.0,1296.0,sv_cpol
R12_SAS,igcc,2025,2040.0,M1,0.0,0.0,1296.0,sv_cpol
R12_SAS,igcc,2025,2045.0,M1,0.0,0.0,1296.0,sv_cpol
R12_SAS,igcc,2025,2050.0,M1,0.0,0.0,1296.0,sv_cpol
R12_SAS,igcc,2030,2030.0,M1,0.0,0.0,1234.752100406148,sv_cpol
R12_SAS,igcc,2030,2035.0,M1,0.0,0.0,1234.752100406148,sv_cpol
R12_SAS,igcc,2030,2040.0,M1,0.0,0.0,1234.752100406148,sv_cpol
R12_SAS,igcc,2030,2045.0,M1,0.0,0.0,1234.752100406148,sv_cpol
R12_SAS,igcc,2030,2050.0,M1,0.0,0.0,1234.752100406148,sv_cpol
R12_SAS,igcc,2030,2055.0,M1,0.0,0.0,1234.752100406148,sv_cpol
R12_SAS,igcc,2035,2035.0,M1,0.0,0.0,1187.3882403530977,sv_cpol
R12_SAS,igcc,2035,2040.0,M1,0.0,0.0,1187.3882403530977,sv_cpol
R12_SAS,igcc,2035,2045.0,M1,0.0,0.0,1187.3882403530977,sv_cpol
R12_SAS,igcc,2035,2050.0,M1,0.0,0.0,1187.3882403530977,sv_cpol
R12_SAS,igcc,2035,2055.0,M1,0.0,0.0,1187.3882403530977,sv_cpol
R12_SAS,igcc,2035,2060.0,M1,0.0,0.0,1187.3882403530977,sv_cpol
R12_SAS,igcc,2040,2040.0,M1,0.0,0.0,1151.737829876362,sv_cpol
R12_SAS,igcc,2040,2045.0,M1,0.0,0.0,1151.737829876362,sv_cpol
R12_SAS,igcc,2040,2050.0,M1,0.0,0.0,1151.737829876362,sv_cpol
R12_SAS,igcc,2040,2055.0,M1,0.0,0.0,1151.737829876362,sv_cpol
R12_SAS,igcc,2040,2060.0,M1,0.0,0.0,1151.737829876362,sv_cpol
R12_SAS,igcc,2040,2070.0,M1,0.0,0.0,1151.737829876362,sv_cpol
R12_SAS,igcc,2045,2045.0,M1,0.0,0.0,1125.9916220485622,sv_cpol
R12_SAS,igcc,2045,2050.0,M1,0.0,0.0,1125.9916220485622,sv_cpol
R12_SAS,igcc,2045,2055.0,M1,0.0,0.0,1125.9916220485622,sv_cpol
R12_SAS,igcc,2045,2060.0,M1,0.0,0.0,1125.9916220485622,sv_cpol
R12_SAS,igcc,2045,2070.0,M1,0.0,0.0,1125.9916220485622,sv_cpol
R12_SAS,igcc,2050,2050.0,M1,0.0,0.0,1108.6893037440536,sv_cpol
R12_SAS,igcc,2050,2055.0,M1,0.0,0.0,1108.6893037440536,sv_cpol
R12_SAS,igcc,2050,2060.0,M1,0.0,0.0,1108.6893037440536,sv_cpol
R12_SAS,igcc,2050,2070.0,M1,0.0,0.0,1108.6893037440536,sv_cpol
R12_SAS,igcc,2050,2080.0,M1,0.0,0.0,1108.6893037440536,sv_cpol
R12_SAS,igcc,2055,2055.0,M1,0.0,0.0,1098.0716438825777,sv_cpol
R12_SAS,igcc,2055,2060.0,M1,0.0,0.0,1098.0716438825777,sv_cpol
R12_SAS,igcc,2055,2070.0,M1,0.0,0.0,1098.0716438825777,sv_cpol
R12_SAS,igcc,2055,2080.0,M1,0.0,0.0,1098.0716438825777,sv_cpol
R12_SAS,igcc,2060,2060.0,M1,0.0,0.0,1093.120087704303,sv_cpol
R12_SAS,igcc,2060,2070.0,M1,0.0,0.0,1093.120087704303,sv_cpol
R12_SAS,igcc,2060,2080.0,M1,0.0,0.0,1093.120087704303,sv_cpol
R12_SAS,igcc,2060,2090.0,M1,0.0,0.0,1093.120087704303,sv_cpol
R12_SAS,igcc,2070,2070.0,M1,0.0,0.0,1096.4558141009595,sv_cpol
R12_SAS,igcc,2070,2080.0,M1,0.0,0.0,1096.4558141009595,sv_cpol
R12_SAS,igcc,2070,2090.0,M1,0.0,0.0,1096.4558141009595,sv_cpol
R12_SAS,igcc,2080,2080.0,M1,0.0,0.0,1112.2044794727753,sv_cpol
R12_SAS,igcc,2080,2090.0,M1,0.0,0.0,1112.2044794727753,sv_cpol
R12_SAS,igcc,2080,2100.0,M1,0.0,0.0,1112.2044794727753,sv_cpol
R12_SAS,igcc,2090,2090.0,M1,0.0,0.0,1133.3890660849843,sv_cpol
R12_SAS,igcc,2090,2100.0,M1,0.0,0.0,1133.3890660849843,sv_cpol
R12_SAS,igcc,2090,2110.0,M1,0.0,0.0,1133.3890660849843,sv_cpol
R12_SAS,igcc,2100,2100.0,M1,0.0,0.0,1157.8023644064774,sv_cpol
R12_SAS,igcc,2100,2110.0,M1,0.0,0.0,1157.8023644064774,sv_cpol
R12_SAS,igcc,2110,2110.0,M1,0.0,0.0,1157.8023644064774,sv_cpol
R12_SAS,igcc_ccs,2030,2030.0,M1,0.0,0.0,3229.5379172270646,sv_cpol
R12_SAS,igcc_ccs,2030,2035.0,M1,0.0,0.0,3229.5379172270646,sv_cpol
R12_SAS,igcc_ccs,2030,2040.0,M1,0.0,0.0,3229.5379172270646,sv_cpol
R12_SAS,igcc_ccs,2030,2045.0,M1,0.0,0.0,3229.5379172270646,sv_cpol
R12_SAS,igcc_ccs,2030,2050.0,M1,0.0,0.0,3229.5379172270646,sv_cpol
R12_SAS,igcc_ccs,2030,2055.0,M1,0.0,0.0,3229.5379172270646,sv_cpol
R12_SAS,igcc_ccs,2035,2035.0,M1,0.0,0.0,3090.749495700869,sv_cpol
R12_SAS,igcc_ccs,2035,2040.0,M1,0.0,0.0,3090.749495700869,sv_cpol
R12_SAS,igcc_ccs,2035,2045.0,M1,0.0,0.0,3090.749495700869,sv_cpol
R12_SAS,igcc_ccs,2035,2050.0,M1,0.0,0.0,3090.749495700869,sv_cpol
R12_SAS,igcc_ccs,2035,2055.0,M1,0.0,0.0,3090.749495700869,sv_cpol
R12_SAS,igcc_ccs,2035,2060.0,M1,0.0,0.0,3090.749495700869,sv_cpol
R12_SAS,igcc_ccs,2040,2040.0,M1,0.0,0.0,2983.5929414900866,sv_cpol
R12_SAS,igcc_ccs,2040,2045.0,M1,0.0,0.0,2983.5929414900866,sv_cpol
R12_SAS,igcc_ccs,2040,2050.0,M1,0.0,0.0,2983.5929414900866,sv_cpol
R12_SAS,igcc_ccs,2040,2055.0,M1,0.0,0.0,2983.5929414900866,sv_cpol
R12_SAS,igcc_ccs,2040,2060.0,M1,0.0,0.0,2983.5929414900866,sv_cpol
R12_SAS,igcc_ccs,2040,2070.0,M1,0.0,0.0,2983.5929414900866,sv_cpol
R12_SAS,igcc_ccs,2045,2045.0,M1,0.0,0.0,2902.6786865248187,sv_cpol
R12_SAS,igcc_ccs,2045,2050.0,M1,0.0,0.0,2902.6786865248187,sv_cpol
R12_SAS,igcc_ccs,2045,2055.0,M1,0.0,0.0,2902.6786865248187,sv_cpol
R12_SAS,igcc_ccs,2045,2060.0,M1,0.0,0.0,2902.6786865248187,sv_cpol
R12_SAS,igcc_ccs,2045,2070.0,M1,0.0,0.0,2902.6786865248187,sv_cpol
R12_SAS,igcc_ccs,2050,2050.0,M1,0.0,0.0,2843.67123908905,sv_cpol
R12_SAS,igcc_ccs,2050,2055.0,M1,0.0,0.0,2843.67123908905,sv_cpol
R12_SAS,igcc_ccs,2050,2060.0,M1,0.0,0.0,2843.67123908905,sv_cpol
R12_SAS,igcc_ccs,2050,2070.0,M1,0.0,0.0,2843.67123908905,sv_cpol
R12_SAS,igcc_ccs,2050,2080.0,M1,0.0,0.0,2843.67123908905,sv_cpol
R12_SAS,igcc_ccs,2055,2055.0,M1,0.0,0.0,2802.070609996991,sv_cpol
R12_SAS,igcc_ccs,2055,2060.0,M1,0.0,0.0,2802.070609996991,sv_cpol
R12_SAS,igcc_ccs,2055,2070.0,M1,0.0,0.0,2802.070609996991,sv_cpol
R12_SAS,igcc_ccs,2055,2080.0,M1,0.0,0.0,2802.070609996991,sv_cpol
R12_SAS,igcc_ccs,2060,2060.0,M1,0.0,0.0,2774.954000835659,sv_cpol
R12_SAS,igcc_ccs,2060,2070.0,M1,0.0,0.0,2774.954000835659,sv_cpol
R12_SAS,igcc_ccs,2060,2080.0,M1,0.0,0.0,2774.954000835659,sv_cpol
R12_SAS,igcc_ccs,2060,2090.0,M1,0.0,0.0,2774.954000835659,sv_cpol
R12_SAS,igcc_ccs,2070,2070.0,M1,0.0,0.0,2754.1281862100714,sv_cpol
R12_SAS,igcc_ccs,2070,2080.0,M1,0.0,0.0,2754.1281862100714,sv_cpol
R12_SAS,igcc_ccs,2070,2090.0,M1,0.0,0.0,2754.1281862100714,sv_cpol
R12_SAS,igcc_ccs,2080,2080.0,M1,0.0,0.0,2764.514100913078,sv_cpol
R12_SAS,igcc_ccs,2080,2090.0,M1,0.0,0.0,2764.514100913078,sv_cpol
R12_SAS,igcc_ccs,2080,2100.0,M1,0.0,0.0,2764.514100913078,sv_cpol
R12_SAS,igcc_ccs,2090,2090.0,M1,0.0,0.0,2790.51049553304,sv_cpol
R12_SAS,igcc_ccs,2090,2100.0,M1,0.0,0.0,2790.51049553304,sv_cpol
R12_SAS,igcc_ccs,2090,2110.0,M1,0.0,0.0,2790.51049553304,sv_cpol
R12_SAS,igcc_ccs,2100,2100.0,M1,0.0,0.0,2826.0669428428287,sv_cpol
R12_SAS,igcc_ccs,2100,2110.0,M1,0.0,0.0,2826.0669428428287,sv_cpol
R12_SAS,igcc_ccs,2110,2110.0,M1,0.0,0.0,2826.0669428428287,sv_cpol
R12_CHN,coal_adv,hist,1990.0,M1,0.0,,,sv_cpol
R12_CHN,coal_adv,hist,1995.0,M1,2.2011203529737213,,,sv_cpol
R12_CHN,coal_adv,hist,2000.0,M1,5.095469729373608,,,sv_cpol
R12_CHN,coal_adv,hist,2005.0,M1,15.248005685070531,,,sv_cpol
R12_CHN,coal_adv,hist,2010.0,M1,64.27008717209043,,,sv_cpol
R12_CHN,coal_adv,hist,2015.0,M1,102.36984660494238,,,sv_cpol
R12_CHN,coal_adv,hist,2020.0,M1,135.12771197296524,,,sv_cpol
R12_CHN,coal_adv,hist,2025.0,M1,201.48024163562138,,,sv_cpol
R12_CHN,coal_adv,hist,2030.0,M1,260.8991525,,,sv_cpol
R12_CHN,coal_adv,hist,1960.0,,,0.0,,sv_cpol
R12_CHN,coal_adv,hist,1965.0,,,0.0,,sv_cpol
R12_CHN,coal_adv,hist,1970.0,,,0.0,,sv_cpol
R12_CHN,coal_adv,hist,1975.0,,,0.0,,sv_cpol
R12_CHN,coal_adv,hist,1980.0,,,0.0,,sv_cpol
R12_CHN,coal_adv,hist,1985.0,,,0.0,,sv_cpol
R12_CHN,coal_adv,hist,1990.0,,,0.0,,sv_cpol
R12_CHN,coal_adv,hist,1995.0,,,0.468,,sv_cpol
R12_CHN,coal_adv,hist,2000.0,,,0.988,,sv_cpol
R12_CHN,coal_adv,hist,2005.0,,,1.984,,sv_cpol
R12_CHN,coal_adv,hist,2010.0,,,21.626,,sv_cpol
R12_CHN,coal_adv,hist,2015.0,,,18.0088,,sv_cpol
R12_CHN,coal_adv,hist,2020.0,,,8.654,,sv_cpol
R12_CHN,coal_adv,hist,2025.0,,,52.5446,,sv_cpol
R12_CHN,coal_adv,hist,2030.0,,,0.0,,sv_cpol
R12_CHN,coal_adv_ccs,hist,2030.0,M1,0.0,,,sv_cpol
R12_CHN,coal_adv_ccs,hist,2030.0,,,0.0,,sv_cpol
R12_CHN,coal_ppl,hist,1990.0,M1,14.525293594072362,,,sv_cpol
R12_CHN,coal_ppl,hist,1995.0,M1,24.805419259696965,,,sv_cpol
R12_CHN,coal_ppl,hist,2000.0,M1,36.385746268713916,,,sv_cpol
R12_CHN,coal_ppl,hist,2005.0,M1,79.90450976751882,,,sv_cpol
R12_CHN,coal_ppl,hist,2010.0,M1,135.83955253198602,,,sv_cpol
R12_CHN,coal_ppl,hist,2015.0,M1,178.80862065340423,,,sv_cpol
R12_CHN,coal_ppl,hist,2020.0,M1,232.26271425000002,,,sv_cpol
R12_CHN,coal_ppl,hist,2025.0,M1,210.95115243678472,,,sv_cpol
R12_CHN,coal_ppl,hist,2030.0,M1,262.9012563625,,,sv_cpol
R12_CHN,coal_ppl,hist,1960.0,,,0.0,,sv_cpol
R12_CHN,coal_ppl,hist,1965.0,,,0.0,,sv_cpol
R12_CHN,coal_ppl,hist,1970.0,,,0.0,,sv_cpol
R12_CHN,coal_ppl,hist,1975.0,,,0.0,,sv_cpol
R12_CHN,coal_ppl,hist,1980.0,,,0.0626,,sv_cpol
R12_CHN,coal_ppl,hist,1985.0,,,0.178,,sv_cpol
R12_CHN,coal_ppl,hist,1990.0,,,1.286,,sv_cpol
R12_CHN,coal_ppl,hist,1995.0,,,2.18575,,sv_cpol
R12_CHN,coal_ppl,hist,2000.0,,,3.9530000000000003,,sv_cpol
R12_CHN,coal_ppl,hist,2005.0,,,8.5044,,sv_cpol
R12_CHN,coal_ppl,hist,2010.0,,,24.67564,,sv_cpol
R12_CHN,coal_ppl,hist,2015.0,,,20.3104,,sv_cpol
R12_CHN,coal_ppl,hist,2020.0,,,14.3768,,sv_cpol
R12_CHN,coal_ppl,hist,2025.0,,,13.8768,,sv_cpol
R12_CHN,coal_ppl,hist,2030.0,,,13.3768,,sv_cpol
R12_CHN,coal_ppl_u,hist,1990.0,M1,39.10050640592764,,,sv_cpol
R12_CHN,coal_ppl_u,hist,1995.0,M1,60.95006038732931,,,sv_cpol
R12_CHN,coal_ppl_u,hist,2000.0,M1,81.72768400191248,,,sv_cpol
R12_CHN,coal_ppl_u,hist,2005.0,M1,133.99158454741067,,,sv_cpol
R12_CHN,coal_ppl_u,hist,2010.0,M1,173.10376029592354,,,sv_cpol
R12_CHN,coal_ppl_u,hist,2015.0,M1,191.08123274165337,,,sv_cpol
R12_CHN,coal_ppl_u,hist,2020.0,M1,195.75985015,,,sv_cpol
R12_CHN,coal_ppl_u,hist,2025.0,M1,163.50750549000006,,,sv_cpol
R12_CHN,coal_ppl_u,hist,2030.0,M1,149.3908665025,,,sv_cpol
R12_CHN,coal_ppl_u,hist,1960.0,,,0.146,,sv_cpol
R12_CHN,coal_ppl_u,hist,1965.0,,,0.0,,sv_cpol
R12_CHN,coal_ppl_u,hist,1970.0,,,0.01,,sv_cpol
R12_CHN,coal_ppl_u,hist,1975.0,,,0.2756,,sv_cpol
R12_CHN,coal_ppl_u,hist,1980.0,,,0.5772,,sv_cpol
R12_CHN,coal_ppl_u,hist,1985.0,,,1.7686,,sv_cpol
R12_CHN,coal_ppl_u,hist,1990.0,,,4.3918,,sv_cpol
R12_CHN,coal_ppl_u,hist,1995.0,,,5.8937100000000004,,sv_cpol
R12_CHN,coal_ppl_u,hist,2000.0,,,8.998,,sv_cpol
R12_CHN,coal_ppl_u,hist,2005.0,,,13.054680000000001,,sv_cpol
R12_CHN,coal_ppl_u,hist,2010.0,,,22.221400000000003,,sv_cpol
R12_CHN,coal_ppl_u,hist,2015.0,,,11.33,,sv_cpol
R12_CHN,coal_ppl_u,hist,2020.0,,,1.6238,,sv_cpol
R12_CHN,coal_ppl_u,hist,2025.0,,,0.0,,sv_cpol
R12_CHN,coal_ppl_u,hist,2030.0,,,0.0,,sv_cpol
R12_CHN,gas_cc,hist,1990.0,M1,0.24031832042962137,,,sv_cpol
R12_CHN,gas_cc,hist,1995.0,M1,0.2718083490856925,,,sv_cpol
R12_CHN,gas_cc,hist,2000.0,M1,1.8679975943501175,,,sv_cpol
R12_CHN,gas_cc,hist,2005.0,M1,2.427138311025822,,,sv_cpol
R12_CHN,gas_cc,hist,2010.0,M1,9.618044409284082,,,sv_cpol
R12_CHN,gas_cc,hist,2015.0,M1,17.016165572676538,,,sv_cpol
R12_CHN,gas_cc,hist,2020.0,M1,27.967719141562405,,,sv_cpol
R12_CHN,gas_cc,hist,2025.0,M1,74.42726953699122,,,sv_cpol
R12_CHN,gas_cc,hist,2030.0,M1,108.57309300534234,,,sv_cpol
R12_CHN,gas_cc_ccs,hist,2030.0,M1,0.0,,,sv_cpol
R12_CHN,gas_ct,hist,1990.0,M1,0.051626653423220766,,,sv_cpol
R12_CHN,gas_ct,hist,1995.0,M1,0.0537200867475218,,,sv_cpol
R12_CHN,gas_ct,hist,2000.0,M1,0.06595376557691,,,sv_cpol
R12_CHN,gas_ct,hist,2005.0,M1,0.07186757872836676,,,sv_cpol
R12_CHN,gas_ct,hist,2010.0,M1,0.21610375177432495,,,sv_cpol
R12_CHN,gas_ct,hist,2015.0,M1,0.23880565365990458,,,sv_cpol
R12_CHN,gas_ct,hist,2020.0,M1,0.28308889366943035,,,sv_cpol
R12_CHN,gas_ct,hist,2025.0,M1,55.005726545951944,,,sv_cpol
R12_CHN,gas_ct,hist,2030.0,M1,60.986566392041475,,,sv_cpol
R12_CHN,gas_ppl,hist,1990.0,M1,0.02435502614715791,,,sv_cpol
R12_CHN,gas_ppl,hist,1995.0,M1,0.025071564166785732,,,sv_cpol
R12_CHN,gas_ppl,hist,2000.0,M1,0.12234864007297236,,,sv_cpol
R12_CHN,gas_ppl,hist,2005.0,M1,0.17359411024581145,,,sv_cpol
R12_CHN,gas_ppl,hist,2010.0,M1,0.7206518389415939,,,sv_cpol
R12_CHN,gas_ppl,hist,2015.0,M1,0.8039287736635573,,,sv_cpol
R12_CHN,gas_ppl,hist,2020.0,M1,1.1352914647681587,,,sv_cpol
R12_CHN,gas_ppl,hist,2025.0,M1,0.0,,,sv_cpol
R12_CHN,gas_ppl,hist,2030.0,M1,0.0,,,sv_cpol
R12_CHN,igcc,hist,1990.0,M1,0.0,,,sv_cpol
R12_CHN,igcc,hist,1995.0,M1,0.0,,,sv_cpol
R12_CHN,igcc,hist,2000.0,M1,0.0,,,sv_cpol
R12_CHN,igcc,hist,2005.0,M1,0.0,,,sv_cpol
R12_CHN,igcc,hist,2010.0,M1,0.0,,,sv_cpol
R12_CHN,igcc,hist,2015.0,M1,0.0,,,sv_cpol
R12_CHN,igcc,hist,2020.0,M1,0.0,,,sv_cpol
R12_CHN,igcc,hist,2025.0,M1,0.0,,,sv_cpol
R12_CHN,igcc,hist,2030.0,M1,0.0,,,sv_cpol
R12_CHN,igcc,hist,1960.0,,,0.0,,sv_cpol
R12_CHN,igcc,hist,1965.0,,,0.0,,sv_cpol
R12_CHN,igcc,hist,1970.0,,,0.0,,sv_cpol
R12_CHN,igcc,hist,1975.0,,,0.0,,sv_cpol
R12_CHN,igcc,hist,1980.0,,,0.0,,sv_cpol
R12_CHN,igcc,hist,1985.0,,,0.0,,sv_cpol
R12_CHN,igcc,hist,1990.0,,,0.0,,sv_cpol
R12_CHN,igcc,hist,1995.0,,,0.0,,sv_cpol
R12_CHN,igcc,hist,2000.0,,,0.0,,sv_cpol
R12_CHN,igcc,hist,2005.0,,,0.0,,sv_cpol
R12_CHN,igcc,hist,2010.0,,,0.0,,sv_cpol
R12_CHN,igcc,hist,2015.0,,,0.0,,sv_cpol
R12_CHN,igcc,hist,2020.0,,,0.0,,sv_cpol
R12_CHN,igcc,hist,2025.0,,,0.0,,sv_cpol
R12_CHN,igcc,hist,2030.0,,,0.0,,sv_cpol
R12_CHN,igcc_ccs,hist,2030.0,M1,0.0,,,sv_cpol
R12_CHN,igcc_ccs,hist,2030.0,,,0.0,,sv_cpol
R12_PAS,coal_adv,hist,1990.0,M1,0.0,,,sv_cpol
R12_PAS,coal_adv,hist,1995.0,M1,2.032589490389237,,,sv_cpol
R12_PAS,coal_adv,hist,2000.0,M1,8.649953027443823,,,sv_cpol
R12_PAS,coal_adv,hist,2005.0,M1,14.515402597403549,,,sv_cpol
R12_PAS,coal_adv,hist,2010.0,M1,14.51540259740355,,,sv_cpol
R12_PAS,coal_adv,hist,2015.0,M1,17.851454199864456,,,sv_cpol
R12_PAS,coal_adv,hist,2020.0,M1,18.438210000000005,,,sv_cpol
R12_PAS,coal_adv,hist,2025.0,M1,18.7820325,,,sv_cpol
R12_PAS,coal_adv,hist,2030.0,M1,9.772155,,,sv_cpol
R12_PAS,coal_adv,hist,1960.0,,,0.0,,sv_cpol
R12_PAS,coal_adv,hist,1965.0,,,0.0,,sv_cpol
R12_PAS,coal_adv,hist,1970.0,,,0.0,,sv_cpol
R12_PAS,coal_adv,hist,1975.0,,,0.0,,sv_cpol
R12_PAS,coal_adv,hist,1980.0,,,0.0,,sv_cpol
R12_PAS,coal_adv,hist,1985.0,,,0.0,,sv_cpol
R12_PAS,coal_adv,hist,1990.0,,,0.0,,sv_cpol
R12_PAS,coal_adv,hist,1995.0,,,0.5,,sv_cpol
R12_PAS,coal_adv,hist,2000.0,,,1.78,,sv_cpol
R12_PAS,coal_adv,hist,2005.0,,,1.08,,sv_cpol
R12_PAS,coal_adv,hist,2010.0,,,0.0,,sv_cpol
R12_PAS,coal_adv,hist,2015.0,,,0.9380000000000001,,sv_cpol
R12_PAS,coal_adv,hist,2020.0,,,0.364,,sv_cpol
R12_PAS,coal_adv,hist,2025.0,,,0.0,,sv_cpol
R12_PAS,coal_adv,hist,2030.0,,,0.0,,sv_cpol
R12_PAS,coal_adv_ccs,hist,2030.0,M1,0.0,,,sv_cpol
R12_PAS,coal_adv_ccs,hist,2030.0,,,0.0,,sv_cpol
R12_PAS,coal_ppl,hist,1990.0,M1,3.205569662506565,,,sv_cpol
R12_PAS,coal_ppl,hist,1995.0,M1,6.950006021701617,,,sv_cpol
R12_PAS,coal_ppl,hist,2000.0,M1,11.51078219431879,,,sv_cpol
R12_PAS,coal_ppl,hist,2005.0,M1,16.687584536990652,,,sv_cpol
R12_PAS,coal_ppl,hist,2010.0,M1,28.788043537267733,,,sv_cpol
R12_PAS,coal_ppl,hist,2015.0,M1,31.124417757618072,,,sv_cpol
R12_PAS,coal_ppl,hist,2020.0,M1,37.58401075,,,sv_cpol
R12_PAS,coal_ppl,hist,2025.0,M1,54.04038849999999,,,sv_cpol
R12_PAS,coal_ppl,hist,2030.0,M1,43.77077234268347,,,sv_cpol
R12_PAS,coal_ppl,hist,1960.0,,,0.0,,sv_cpol
R12_PAS,coal_ppl,hist,1965.0,,,0.0,,sv_cpol
R12_PAS,coal_ppl,hist,1970.0,,,0.0,,sv_cpol
R12_PAS,coal_ppl,hist,1975.0,,,0.0,,sv_cpol
R12_PAS,coal_ppl,hist,1980.0,,,0.04,,sv_cpol
R12_PAS,coal_ppl,hist,1985.0,,,0.734,,sv_cpol
R12_PAS,coal_ppl,hist,1990.0,,,0.24789099999999997,,sv_cpol
R12_PAS,coal_ppl,hist,1995.0,,,0.9211,,sv_cpol
R12_PAS,coal_ppl,hist,2000.0,,,1.2268000000000001,,sv_cpol
R12_PAS,coal_ppl,hist,2005.0,,,0.9531999999999999,,sv_cpol
R12_PAS,coal_ppl,hist,2010.0,,,2.6586,,sv_cpol
R12_PAS,coal_ppl,hist,2015.0,,,0.65692,,sv_cpol
R12_PAS,coal_ppl,hist,2020.0,,,4.1258,,sv_cpol
R12_PAS,coal_ppl,hist,2025.0,,,3.8758,,sv_cpol
R12_PAS,coal_ppl,hist,2030.0,,,3.6258,,sv_cpol
R12_PAS,coal_ppl_u,hist,1990.0,M1,4.542930337493436,,,sv_cpol
R12_PAS,coal_ppl_u,hist,1995.0,M1,6.199204487909147,,,sv_cpol
R12_PAS,coal_ppl_u,hist,2000.0,M1,11.173864778237387,,,sv_cpol
R12_PAS,coal_ppl_u,hist,2005.0,M1,11.895912865605792,,,sv_cpol
R12_PAS,coal_ppl_u,hist,2010.0,M1,14.708853865328715,,,sv_cpol
R12_PAS,coal_ppl_u,hist,2015.0,M1,21.94302804251747,,,sv_cpol
R12_PAS,coal_ppl_u,hist,2020.0,M1,23.952881264,,,sv_cpol
R12_PAS,coal_ppl_u,hist,2025.0,M1,24.606884847999996,,,sv_cpol
R12_PAS,coal_ppl_u,hist,2030.0,M1,13.76186645336189,,,sv_cpol
R12_PAS,coal_ppl_u,hist,1960.0,,,0.0,,sv_cpol
R12_PAS,coal_ppl_u,hist,1965.0,,,0.003,,sv_cpol
R12_PAS,coal_ppl_u,hist,1970.0,,,0.016,,sv_cpol
R12_PAS,coal_ppl_u,hist,1975.0,,,0.36225,,sv_cpol
R12_PAS,coal_ppl_u,hist,1980.0,,,0.012,,sv_cpol
R12_PAS,coal_ppl_u,hist,1985.0,,,0.2598202,,sv_cpol
R12_PAS,coal_ppl_u,hist,1990.0,,,0.4265918,,sv_cpol
R12_PAS,coal_ppl_u,hist,1995.0,,,0.501906,,sv_cpol
R12_PAS,coal_ppl_u,hist,2000.0,,,1.672663,,sv_cpol
R12_PAS,coal_ppl_u,hist,2005.0,,,0.16866799999999998,,sv_cpol
R12_PAS,coal_ppl_u,hist,2010.0,,,0.7959518,,sv_cpol
R12_PAS,coal_ppl_u,hist,2015.0,,,2.4154199999999997,,sv_cpol
R12_PAS,coal_ppl_u,hist,2020.0,,,1.540774,,sv_cpol
R12_PAS,coal_ppl_u,hist,2025.0,,,0.0,,sv_cpol
R12_PAS,coal_ppl_u,hist,2030.0,,,0.0,,sv_cpol
R12_PAS,gas_cc,hist,1990.0,M1,1.7160937664435234,,,sv_cpol
R12_PAS,gas_cc,hist,1995.0,M1,9.19828249291816,,,sv_cpol
R12_PAS,gas_cc,hist,2000.0,M1,16.92403624100804,,,sv_cpol
R12_PAS,gas_cc,hist,2005.0,M1,29.87570059090028,,,sv_cpol
R12_PAS,gas_cc,hist,2010.0,M1,43.930454696985045,,,sv_cpol
R12_PAS,gas_cc,hist,2015.0,M1,52.330678517845655,,,sv_cpol
R12_PAS,gas_cc,hist,2020.0,M1,56.03639753426513,,,sv_cpol
R12_PAS,gas_cc,hist,2025.0,M1,69.2601102121039,,,sv_cpol
R12_PAS,gas_cc,hist,2030.0,M1,89.50052793042616,,,sv_cpol
R12_PAS,gas_cc_ccs,hist,2030.0,M1,0.0,,,sv_cpol
R12_PAS,gas_ct,hist,1990.0,M1,0.6494648981786108,,,sv_cpol
R12_PAS,gas_ct,hist,1995.0,M1,1.7593929539176256,,,sv_cpol
R12_PAS,gas_ct,hist,2000.0,M1,1.9004680694301657,,,sv_cpol
R12_PAS,gas_ct,hist,2005.0,M1,2.4549709415788064,,,sv_cpol
R12_PAS,gas_ct,hist,2010.0,M1,2.530963314445119,,,sv_cpol
R12_PAS,gas_ct,hist,2015.0,M1,2.6810612971508685,,,sv_cpol
R12_PAS,gas_ct,hist,2020.0,M1,2.8210152307742202,,,sv_cpol
R12_PAS,gas_ct,hist,2025.0,M1,2.350064979803135,,,sv_cpol
R12_PAS,gas_ct,hist,2030.0,M1,3.544715299249001,,,sv_cpol
R12_PAS,gas_ppl,hist,1990.0,M1,1.8563413353778662,,,sv_cpol
R12_PAS,gas_ppl,hist,1995.0,M1,3.0385245531642138,,,sv_cpol
R12_PAS,gas_ppl,hist,2000.0,M1,3.7308956895617946,,,sv_cpol
R12_PAS,gas_ppl,hist,2005.0,M1,4.551028467520916,,,sv_cpol
R12_PAS,gas_ppl,hist,2010.0,M1,5.553381988569837,,,sv_cpol
R12_PAS,gas_ppl,hist,2015.0,M1,6.123160185003473,,,sv_cpol
R12_PAS,gas_ppl,hist,2020.0,M1,6.472587234960646,,,sv_cpol
R12_PAS,gas_ppl,hist,2025.0,M1,3.119591175,,,sv_cpol
R12_PAS,gas_ppl,hist,2030.0,M1,0.0,,,sv_cpol
R12_PAS,igcc,hist,1990.0,M1,0.0,,,sv_cpol
R12_PAS,igcc,hist,1995.0,M1,0.0,,,sv_cpol
R12_PAS,igcc,hist,2000.0,M1,0.0,,,sv_cpol
R12_PAS,igcc,hist,2005.0,M1,0.0,,,sv_cpol
R12_PAS,igcc,hist,2010.0,M1,0.0,,,sv_cpol
R12_PAS,igcc,hist,2015.0,M1,0.0,,,sv_cpol
R12_PAS,igcc,hist,2020.0,M1,0.0,,,sv_cpol
R12_PAS,igcc,hist,2025.0,M1,0.0,,,sv_cpol
R12_PAS,igcc,hist,2030.0,M1,0.0,,,sv_cpol
R12_PAS,igcc,hist,1960.0,,,0.0,,sv_cpol
R12_PAS,igcc,hist,1965.0,,,0.0,,sv_cpol
R12_PAS,igcc,hist,1970.0,,,0.0,,sv_cpol
R12_PAS,igcc,hist,1975.0,,,0.0,,sv_cpol
R12_PAS,igcc,hist,1980.0,,,0.0,,sv_cpol
R12_PAS,igcc,hist,1985.0,,,0.0,,sv_cpol
R12_PAS,igcc,hist,1990.0,,,0.0,,sv_cpol
R12_PAS,igcc,hist,1995.0,,,0.0,,sv_cpol
R12_PAS,igcc,hist,2000.0,,,0.0,,sv_cpol
R12_PAS,igcc,hist,2005.0,,,0.0,,sv_cpol
R12_PAS,igcc,hist,2010.0,,,0.0,,sv_cpol
R12_PAS,igcc,hist,2015.0,,,0.0,,sv_cpol
R12_PAS,igcc,hist,2020.0,,,0.0,,sv_cpol
R12_PAS,igcc,hist,2025.0,,,0.0,,sv_cpol
R12_PAS,igcc,hist,2030.0,,,0.0,,sv_cpol
R12_PAS,igcc_ccs,hist,2030.0,M1,0.0,,,sv_cpol
R12_PAS,igcc_ccs,hist,2030.0,,,0.0,,sv_cpol
R12_RCPA,coal_adv,hist,1990.0,M1,0.0,,,sv_cpol
R12_RCPA,coal_adv,hist,1995.0,M1,0.0,,,sv_cpol
R12_RCPA,coal_adv,hist,2000.0,M1,0.0,,,sv_cpol
R12_RCPA,coal_adv,hist,2005.0,M1,0.0,,,sv_cpol
R12_RCPA,coal_adv,hist,2010.0,M1,0.0,,,sv_cpol
R12_RCPA,coal_adv,hist,2015.0,M1,0.5820283780926199,,,sv_cpol
R12_RCPA,coal_adv,hist,2020.0,M1,1.5185520000000001,,,sv_cpol
R12_RCPA,coal_adv,hist,2025.0,M1,5.584099488978294,,,sv_cpol
R12_RCPA,coal_adv,hist,2030.0,M1,11.915262381249786,,,sv_cpol
R12_RCPA,coal_adv,hist,1960.0,,,0.0,,sv_cpol
R12_RCPA,coal_adv,hist,1965.0,,,0.0,,sv_cpol
R12_RCPA,coal_adv,hist,1970.0,,,0.0,,sv_cpol
R12_RCPA,coal_adv,hist,1975.0,,,0.0,,sv_cpol
R12_RCPA,coal_adv,hist,1980.0,,,0.0,,sv_cpol
R12_RCPA,coal_adv,hist,1985.0,,,0.0,,sv_cpol
R12_RCPA,coal_adv,hist,1990.0,,,0.0,,sv_cpol
R12_RCPA,coal_adv,hist,1995.0,,,0.0,,sv_cpol
R12_RCPA,coal_adv,hist,2000.0,,,0.0,,sv_cpol
R12_RCPA,coal_adv,hist,2005.0,,,0.0,,sv_cpol
R12_RCPA,coal_adv,hist,2010.0,,,0.0,,sv_cpol
R12_RCPA,coal_adv,hist,2015.0,,,0.24880000000000002,,sv_cpol
R12_RCPA,coal_adv,hist,2020.0,,,0.1376,,sv_cpol
R12_RCPA,coal_adv,hist,2025.0,,,1.006143513460921,,sv_cpol
R12_RCPA,coal_adv,hist,2030.0,,,1.5207235724192223,,sv_cpol
R12_RCPA,coal_adv_ccs,hist,2030.0,M1,0.0,,,sv_cpol
R12_RCPA,coal_adv_ccs,hist,2030.0,,,0.0,,sv_cpol
R12_RCPA,coal_ppl,hist,1990.0,M1,0.0,,,sv_cpol
R12_RCPA,coal_ppl,hist,1995.0,M1,0.0,,,sv_cpol
R12_RCPA,coal_ppl,hist,2000.0,M1,0.0,,,sv_cpol
R12_RCPA,coal_ppl,hist,2005.0,M1,1.01363052905464,,,sv_cpol
R12_RCPA,coal_ppl,hist,2010.0,M1,1.126910908161992,,,sv_cpol
R12_RCPA,coal_ppl,hist,2015.0,M1,1.4357040991114527,,,sv_cpol
R12_RCPA,coal_ppl,hist,2020.0,M1,5.592087255413575,,,sv_cpol
R12_RCPA,coal_ppl,hist,2025.0,M1,11.556893186004313,,,sv_cpol
R12_RCPA,coal_ppl,hist,2030.0,M1,19.659583945545386,,,sv_cpol
R12_RCPA,coal_ppl,hist,1960.0,,,0.0,,sv_cpol
R12_RCPA,coal_ppl,hist,1965.0,,,0.0,,sv_cpol
R12_RCPA,coal_ppl,hist,1970.0,,,0.0,,sv_cpol
R12_RCPA,coal_ppl,hist,1975.0,,,0.0,,sv_cpol
R12_RCPA,coal_ppl,hist,1980.0,,,0.0,,sv_cpol
R12_RCPA,coal_ppl,hist,1985.0,,,0.0,,sv_cpol
R12_RCPA,coal_ppl,hist,1990.0,,,0.0,,sv_cpol
R12_RCPA,coal_ppl,hist,1995.0,,,0.0,,sv_cpol
R12_RCPA,coal_ppl,hist,2000.0,,,0.0,,sv_cpol
R12_RCPA,coal_ppl,hist,2005.0,,,0.23850130095403294,,sv_cpol
R12_RCPA,coal_ppl,hist,2010.0,,,0.06,,sv_cpol
R12_RCPA,coal_ppl,hist,2015.0,,,0.132,,sv_cpol
R12_RCPA,coal_ppl,hist,2020.0,,,0.9780849094775979,,sv_cpol
R12_RCPA,coal_ppl,hist,2025.0,,,1.4520309148169614,,sv_cpol
R12_RCPA,coal_ppl,hist,2030.0,,,1.922736632791647,,sv_cpol
R12_RCPA,coal_ppl_u,hist,1990.0,M1,1.8469000000000004,,,sv_cpol
R12_RCPA,coal_ppl_u,hist,1995.0,M1,1.4844,,,sv_cpol
R12_RCPA,coal_ppl_u,hist,2000.0,M1,1.6429,,,sv_cpol
R12_RCPA,coal_ppl_u,hist,2005.0,M1,1.77506947094536,,,sv_cpol
R12_RCPA,coal_ppl_u,hist,2010.0,M1,2.223689091838008,,,sv_cpol
R12_RCPA,coal_ppl_u,hist,2015.0,M1,5.757967522795926,,,sv_cpol
R12_RCPA,coal_ppl_u,hist,2020.0,M1,9.105676500000001,,,sv_cpol
R12_RCPA,coal_ppl_u,hist,2025.0,M1,10.060303875000002,,,sv_cpol
R12_RCPA,coal_ppl_u,hist,2030.0,M1,10.82986875,,,sv_cpol
R12_RCPA,coal_ppl_u,hist,1960.0,,,0.0,,sv_cpol
R12_RCPA,coal_ppl_u,hist,1965.0,,,0.0658,,sv_cpol
R12_RCPA,coal_ppl_u,hist,1970.0,,,0.0716,,sv_cpol
R12_RCPA,coal_ppl_u,hist,1975.0,,,0.2802,,sv_cpol
R12_RCPA,coal_ppl_u,hist,1980.0,,,0.08199999999999999,,sv_cpol
R12_RCPA,coal_ppl_u,hist,1985.0,,,0.2808,,sv_cpol
R12_RCPA,coal_ppl_u,hist,1990.0,,,0.0936,,sv_cpol
R12_RCPA,coal_ppl_u,hist,1995.0,,,0.04,,sv_cpol
R12_RCPA,coal_ppl_u,hist,2000.0,,,0.0112,,sv_cpol
R12_RCPA,coal_ppl_u,hist,2005.0,,,0.02,,sv_cpol
R12_RCPA,coal_ppl_u,hist,2010.0,,,0.30601999999999996,,sv_cpol
R12_RCPA,coal_ppl_u,hist,2015.0,,,2.0144,,sv_cpol
R12_RCPA,coal_ppl_u,hist,2020.0,,,0.6508,,sv_cpol
R12_RCPA,coal_ppl_u,hist,2025.0,,,0.0,,sv_cpol
R12_RCPA,coal_ppl_u,hist,2030.0,,,0.0,,sv_cpol
R12_RCPA,gas_cc,hist,1990.0,M1,0.00023333333333333333,,,sv_cpol
R12_RCPA,gas_cc,hist,1995.0,M1,0.08493333333333333,,,sv_cpol
R12_RCPA,gas_cc,hist,2000.0,M1,0.38805515839598936,,,sv_cpol
R12_RCPA,gas_cc,hist,2005.0,M1,2.437401594511986,,,sv_cpol
R12_RCPA,gas_cc,hist,2010.0,M1,4.8341370966336275,,,sv_cpol
R12_RCPA,gas_cc,hist,2015.0,M1,5.146989678158469,,,sv_cpol
R12_RCPA,gas_cc,hist,2020.0,M1,3.73891534238577,,,sv_cpol
R12_RCPA,gas_cc,hist,2025.0,M1,8.177373828957471,,,sv_cpol
R12_RCPA,gas_cc,hist,2030.0,M1,14.340939061226411,,,sv_cpol
R12_RCPA,gas_cc_ccs,hist,2030.0,M1,0.0,,,sv_cpol
R12_RCPA,gas_ct,hist,1990.0,M1,0.00023333333333333333,,,sv_cpol
R12_RCPA,gas_ct,hist,1995.0,M1,0.00023333333333333333,,,sv_cpol
R12_RCPA,gas_ct,hist,2000.0,M1,0.10782614371865114,,,sv_cpol
R12_RCPA,gas_ct,hist,2005.0,M1,0.10782614371865114,,,sv_cpol
R12_RCPA,gas_ct,hist,2010.0,M1,0.10782614371865115,,,sv_cpol
R12_RCPA,gas_ct,hist,2015.0,M1,0.10782614371865114,,,sv_cpol
R12_RCPA,gas_ct,hist,2020.0,M1,0.07832788644802584,,,sv_cpol
R12_RCPA,gas_ct,hist,2025.0,M1,0.1768282951084741,,,sv_cpol
R12_RCPA,gas_ct,hist,2030.0,M1,0.0,,,sv_cpol
R12_RCPA,gas_ppl,hist,1990.0,M1,0.00023333333333333333,,,sv_cpol
R12_RCPA,gas_ppl,hist,1995.0,M1,0.00023333333333333333,,,sv_cpol
R12_RCPA,gas_ppl,hist,2000.0,M1,0.0014186978853596272,,,sv_cpol
R12_RCPA,gas_ppl,hist,2005.0,M1,0.002572261769362937,,,sv_cpol
R12_RCPA,gas_ppl,hist,2010.0,M1,0.09773675964772223,,,sv_cpol
R12_RCPA,gas_ppl,hist,2015.0,M1,0.24148417812287962,,,sv_cpol
R12_RCPA,gas_ppl,hist,2020.0,M1,0.17542077116620428,,,sv_cpol
R12_RCPA,gas_ppl,hist,2025.0,M1,0.0,,,sv_cpol
R12_RCPA,gas_ppl,hist,2030.0,M1,0.0,,,sv_cpol
R12_RCPA,igcc,hist,1990.0,M1,0.0,,,sv_cpol
R12_RCPA,igcc,hist,1995.0,M1,0.0,,,sv_cpol
R12_RCPA,igcc,hist,2000.0,M1,0.0,,,sv_cpol
R12_RCPA,igcc,hist,2005.0,M1,0.0,,,sv_cpol
R12_RCPA,igcc,hist,2010.0,M1,0.0,,,sv_cpol
R12_RCPA,igcc,hist,2015.0,M1,0.0,,,sv_cpol
R12_RCPA,igcc,hist,2020.0,M1,0.0,,,sv_cpol
R12_RCPA,igcc,hist,2025.0,M1,0.0,,,sv_cpol
R12_RCPA,igcc,hist,2030.0,M1,0.0,,,sv_cpol
R12_RCPA,igcc,hist,1960.0,,,0.0,,sv_cpol
R12_RCPA,igcc,hist,1965.0,,,0.0,,sv_cpol
R12_RCPA,igcc,hist,1970.0,,,0.0,,sv_cpol
R12_RCPA,igcc,hist,1975.0,,,0.0,,sv_cpol
R12_RCPA,igcc,hist,1980.0,,,0.0,,sv_cpol
R12_RCPA,igcc,hist,1985.0,,,0.0,,sv_cpol
R12_RCPA,igcc,hist,1990.0,,,0.0,,sv_cpol
R12_RCPA,igcc,hist,1995.0,,,0.0,,sv_cpol
R12_RCPA,igcc,hist,2000.0,,,0.0,,sv_cpol
R12_RCPA,igcc,hist,2005.0,,,0.0,,sv_cpol
R12_RCPA,igcc,hist,2010.0,,,0.0,,sv_cpol
R12_RCPA,igcc,hist,2015.0,,,0.0,,sv_cpol
R12_RCPA,igcc,hist,2020.0,,,0.0,,sv_cpol
R12_RCPA,igcc,hist,2025.0,,,0.0,,sv_cpol
R12_RCPA,igcc,hist,2030.0,,,0.0,,sv_cpol
R12_RCPA,igcc_ccs,hist,2030.0,M1,0.0,,,sv_cpol
R12_RCPA,igcc_ccs,hist,2030.0,,,0.0,,sv_cpol
R12_SAS,coal_adv,hist,1990.0,M1,0.0,,,sv_cpol
R12_SAS,coal_adv,hist,1995.0,M1,0.0,,,sv_cpol
R12_SAS,coal_adv,hist,2000.0,M1,0.0,,,sv_cpol
R12_SAS,coal_adv,hist,2005.0,M1,0.0,,,sv_cpol
R12_SAS,coal_adv,hist,2010.0,M1,0.0,,,sv_cpol
R12_SAS,coal_adv,hist,2015.0,M1,17.25838217288207,,,sv_cpol
R12_SAS,coal_adv,hist,2020.0,M1,23.903849571618682,,,sv_cpol
R12_SAS,coal_adv,hist,2025.0,M1,38.05589779918299,,,sv_cpol
R12_SAS,coal_adv,hist,2030.0,M1,58.849899604170915,,,sv_cpol
R12_SAS,coal_adv,hist,1960.0,,,0.0,,sv_cpol
R12_SAS,coal_adv,hist,1965.0,,,0.0,,sv_cpol
R12_SAS,coal_adv,hist,1970.0,,,0.0,,sv_cpol
R12_SAS,coal_adv,hist,1975.0,,,0.0,,sv_cpol
R12_SAS,coal_adv,hist,1980.0,,,0.0,,sv_cpol
R12_SAS,coal_adv,hist,1985.0,,,0.0,,sv_cpol
R12_SAS,coal_adv,hist,1990.0,,,0.0,,sv_cpol
R12_SAS,coal_adv,hist,1995.0,,,0.0,,sv_cpol
R12_SAS,coal_adv,hist,2000.0,,,0.0,,sv_cpol
R12_SAS,coal_adv,hist,2005.0,,,0.0,,sv_cpol
R12_SAS,coal_adv,hist,2010.0,,,0.0,,sv_cpol
R12_SAS,coal_adv,hist,2015.0,,,6.139,,sv_cpol
R12_SAS,coal_adv,hist,2020.0,,,6.481,,sv_cpol
R12_SAS,coal_adv,hist,2025.0,,,0.7685643042712995,,sv_cpol
R12_SAS,coal_adv,hist,2030.0,,,2.8458907589482623,,sv_cpol
R12_SAS,coal_adv_ccs,hist,2030.0,M1,0.0,,,sv_cpol
R12_SAS,coal_adv_ccs,hist,2030.0,,,0.0,,sv_cpol
R12_SAS,coal_ppl,hist,1990.0,M1,0.008563546762180485,,,sv_cpol
R12_SAS,coal_ppl,hist,1995.0,M1,0.008563546762180485,,,sv_cpol
R12_SAS,coal_ppl,hist,2000.0,M1,0.6272350139325067,,,sv_cpol
R12_SAS,coal_ppl,hist,2005.0,M1,0.6272350139325067,,,sv_cpol
R12_SAS,coal_ppl,hist,2010.0,M1,1.8294024367249468,,,sv_cpol
R12_SAS,coal_ppl,hist,2015.0,M1,3.431825932170912,,,sv_cpol
R12_SAS,coal_ppl,hist,2020.0,M1,4.127066774048149,,,sv_cpol
R12_SAS,coal_ppl,hist,2025.0,M1,14.704150907550051,,,sv_cpol
R12_SAS,coal_ppl,hist,2030.0,M1,36.115898013428,,,sv_cpol
R12_SAS,coal_ppl,hist,1960.0,,,0.0,,sv_cpol
R12_SAS,coal_ppl,hist,1965.0,,,0.0,,sv_cpol
R12_SAS,coal_ppl,hist,1970.0,,,0.0,,sv_cpol
R12_SAS,coal_ppl,hist,1975.0,,,0.0,,sv_cpol
R12_SAS,coal_ppl,hist,1980.0,,,0.0,,sv_cpol
R12_SAS,coal_ppl,hist,1985.0,,,0.1,,sv_cpol
R12_SAS,coal_ppl,hist,1990.0,,,0.001,,sv_cpol
R12_SAS,coal_ppl,hist,1995.0,,,0.0,,sv_cpol
R12_SAS,coal_ppl,hist,2000.0,,,0.1,,sv_cpol
R12_SAS,coal_ppl,hist,2005.0,,,0.0,,sv_cpol
R12_SAS,coal_ppl,hist,2010.0,,,0.2936,,sv_cpol
R12_SAS,coal_ppl,hist,2015.0,,,0.5700000000000001,,sv_cpol
R12_SAS,coal_ppl,hist,2020.0,,,0.67,,sv_cpol
R12_SAS,coal_ppl,hist,2025.0,,,2.704388953222657,,sv_cpol
R12_SAS,coal_ppl,hist,2030.0,,,5.6250173953092055,,sv_cpol
R12_SAS,coal_ppl_u,hist,1990.0,M1,21.588036453237816,,,sv_cpol
R12_SAS,coal_ppl_u,hist,1995.0,M1,33.576736453237814,,,sv_cpol
R12_SAS,coal_ppl_u,hist,2000.0,M1,43.523864986067494,,,sv_cpol
R12_SAS,coal_ppl_u,hist,2005.0,M1,53.83246498606749,,,sv_cpol
R12_SAS,coal_ppl_u,hist,2010.0,M1,73.44039756327506,,,sv_cpol
R12_SAS,coal_ppl_u,hist,2015.0,M1,97.884091894947,,,sv_cpol
R12_SAS,coal_ppl_u,hist,2020.0,M1,101.31901859999999,,,sv_cpol
R12_SAS,coal_ppl_u,hist,2025.0,M1,103.15814269999998,,,sv_cpol
R12_SAS,coal_ppl_u,hist,2030.0,M1,104.73036679999998,,,sv_cpol
R12_SAS,coal_ppl_u,hist,1960.0,,,0.021,,sv_cpol
R12_SAS,coal_ppl_u,hist,1965.0,,,0.064,,sv_cpol
R12_SAS,coal_ppl_u,hist,1970.0,,,0.0805,,sv_cpol
R12_SAS,coal_ppl_u,hist,1975.0,,,0.14154000000000003,,sv_cpol
R12_SAS,coal_ppl_u,hist,1980.0,,,0.6448100000000001,,sv_cpol
R12_SAS,coal_ppl_u,hist,1985.0,,,1.8487,,sv_cpol
R12_SAS,coal_ppl_u,hist,1990.0,,,3.06112,,sv_cpol
R12_SAS,coal_ppl_u,hist,1995.0,,,2.1217599999999996,,sv_cpol
R12_SAS,coal_ppl_u,hist,2000.0,,,2.009776,,sv_cpol
R12_SAS,coal_ppl_u,hist,2005.0,,,1.8705,,sv_cpol
R12_SAS,coal_ppl_u,hist,2010.0,,,6.16734,,sv_cpol
R12_SAS,coal_ppl_u,hist,2015.0,,,11.052833999999999,,sv_cpol
R12_SAS,coal_ppl_u,hist,2020.0,,,4.35474,,sv_cpol
R12_SAS,coal_ppl_u,hist,2025.0,,,0.0,,sv_cpol
R12_SAS,coal_ppl_u,hist,2030.0,,,0.0,,sv_cpol
R12_SAS,gas_cc,hist,1990.0,M1,2.2629664377283354,,,sv_cpol
R12_SAS,gas_cc,hist,1995.0,M1,4.234956337110847,,,sv_cpol
R12_SAS,gas_cc,hist,2000.0,M1,7.6254432314340725,,,sv_cpol
R12_SAS,gas_cc,hist,2005.0,M1,11.620969305814,,,sv_cpol
R12_SAS,gas_cc,hist,2010.0,M1,14.305204609477617,,,sv_cpol
R12_SAS,gas_cc,hist,2015.0,M1,12.496597608371008,,,sv_cpol
R12_SAS,gas_cc,hist,2020.0,M1,15.901113460077411,,,sv_cpol
R12_SAS,gas_cc,hist,2025.0,M1,26.897734904557357,,,sv_cpol
R12_SAS,gas_cc,hist,2030.0,M1,43.97068385884114,,,sv_cpol
R12_SAS,gas_cc_ccs,hist,2030.0,M1,0.0,,,sv_cpol
R12_SAS,gas_ct,hist,1990.0,M1,0.1465887337264551,,,sv_cpol
R12_SAS,gas_ct,hist,1995.0,M1,0.20028337009441394,,,sv_cpol
R12_SAS,gas_ct,hist,2000.0,M1,0.30123151756777905,,,sv_cpol
R12_SAS,gas_ct,hist,2005.0,M1,0.5224609459219425,,,sv_cpol
R12_SAS,gas_ct,hist,2010.0,M1,0.6593807408608038,,,sv_cpol
R12_SAS,gas_ct,hist,2015.0,M1,0.5605649749475847,,,sv_cpol
R12_SAS,gas_ct,hist,2020.0,M1,0.6662853572695004,,,sv_cpol
R12_SAS,gas_ct,hist,2025.0,M1,21.991073335194674,,,sv_cpol
R12_SAS,gas_ct,hist,2030.0,M1,36.73044542117647,,,sv_cpol
R12_SAS,gas_ppl,hist,1990.0,M1,0.9171448285452097,,,sv_cpol
R12_SAS,gas_ppl,hist,1995.0,M1,1.755160292794739,,,sv_cpol
R12_SAS,gas_ppl,hist,2000.0,M1,2.5445252509981504,,,sv_cpol
R12_SAS,gas_ppl,hist,2005.0,M1,3.923169748264057,,,sv_cpol
R12_SAS,gas_ppl,hist,2010.0,M1,4.629814649661579,,,sv_cpol
R12_SAS,gas_ppl,hist,2015.0,M1,3.977537416681407,,,sv_cpol
R12_SAS,gas_ppl,hist,2020.0,M1,4.212282682653086,,,sv_cpol
R12_SAS,gas_ppl,hist,2025.0,M1,0.0,,,sv_cpol
R12_SAS,gas_ppl,hist,2030.0,M1,0.0,,,sv_cpol
R12_SAS,igcc,hist,1990.0,M1,0.0,,,sv_cpol
R12_SAS,igcc,hist,1995.0,M1,0.0,,,sv_cpol
R12_SAS,igcc,hist,2000.0,M1,0.0,,,sv_cpol
R12_SAS,igcc,hist,2005.0,M1,0.0,,,sv_cpol
R12_SAS,igcc,hist,2010.0,M1,0.0,,,sv_cpol
R12_SAS,igcc,hist,2015.0,M1,0.0,,,sv_cpol
R12_SAS,igcc,hist,2020.0,M1,0.0,,,sv_cpol
R12_SAS,igcc,hist,2025.0,M1,0.0,,,sv_cpol
R12_SAS,igcc,hist,2030.0,M1,0.0,,,sv_cpol
R12_SAS,igcc,hist,1960.0,,,0.0,,sv_cpol
R12_SAS,igcc,hist,1965.0,,,0.0,,sv_cpol
R12_SAS,igcc,hist,1970.0,,,0.0,,sv_cpol
R12_SAS,igcc,hist,1975.0,,,0.0,,sv_cpol
R12_SAS,igcc,hist,1980.0,,,0.0,,sv_cpol
R12_SAS,igcc,hist,1985.0,,,0.0,,sv_cpol
R12_SAS,igcc,hist,1990.0,,,0.0,,sv_cpol
R12_SAS,igcc,hist,1995.0,,,0.0,,sv_cpol
R12_SAS,igcc,hist,2000.0,,,0.0,,sv_cpol
R12_SAS,igcc,hist,2005.0,,,0.0,,sv_cpol
R12_SAS,igcc,hist,2010.0,,,0.0,,sv_cpol
R12_SAS,igcc,hist,2015.0,,,0.0,,sv_cpol
R12_SAS,igcc,hist,2020.0,,,0.0,,sv_cpol
R12_SAS,igcc,hist,2025.0,,,0.0,,sv_cpol
R12_SAS,igcc,hist,2030.0,,,0.0,,sv_cpol
R12_SAS,igcc_ccs,hist,2030.0,M1,0.0,,,sv_cpol
R12_SAS,igcc_ccs,hist,2030.0,,,0.0,,sv_cpol
R12_SAS,coal_ppl_u,2025,2025.0,,,0.0,564.4444444444445,sv_cpol
R12_SAS,coal_ppl_u,2025,2035.0,,,0.0,564.4444444444445,sv_cpol
R12_SAS,coal_ppl_u,2025,2040.0,,,0.0,564.4444444444445,sv_cpol
R12_SAS,coal_ppl_u,2025,2045.0,,,0.0,564.4444444444445,sv_cpol
R12_SAS,coal_ppl_u,2025,2050.0,,,0.0,564.4444444444445,sv_cpol
R12_SAS,coal_ppl_u,2030,2030.0,,,0.0,575.1882040351363,sv_cpol
R12_SAS,coal_ppl_u,2030,2035.0,,,0.0,575.1882040351363,sv_cpol
R12_SAS,coal_ppl_u,2030,2040.0,,,0.0,575.1882040351363,sv_cpol
R12_SAS,coal_ppl_u,2030,2045.0,,,0.0,575.1882040351363,sv_cpol
R12_SAS,coal_ppl_u,2030,2050.0,,,0.0,575.1882040351363,sv_cpol
R12_SAS,coal_ppl_u,2035,2035.0,,,0.0,585.9017685855003,sv_cpol
R12_SAS,coal_ppl_u,2035,2040.0,,,0.0,585.9017685855003,sv_cpol
R12_SAS,coal_ppl_u,2035,2045.0,,,0.0,585.9017685855003,sv_cpol
R12_SAS,coal_ppl_u,2035,2050.0,,,0.0,585.9017685855003,sv_cpol
R12_SAS,coal_ppl_u,2040,2040.0,,,0.0,596.8557876244395,sv_cpol
R12_SAS,coal_ppl_u,2040,2045.0,,,0.0,596.8557876244395,sv_cpol
R12_SAS,coal_ppl_u,2040,2050.0,,,0.0,596.8557876244395,sv_cpol
R12_SAS,coal_ppl_u,2045,2045.0,,,0.0,608.2841566840157,sv_cpol
R12_SAS,coal_ppl_u,2045,2050.0,,,0.0,608.2841566840157,sv_cpol
R12_SAS,coal_ppl_u,2050,2050.0,,,0.0,620.4093294048754,sv_cpol
R12_PAS,coal_ppl_u,2025,2025.0,,,0.0,564.4444444444445,sv_cpol
R12_PAS,coal_ppl_u,2025,2035.0,,,0.0,564.4444444444445,sv_cpol
R12_PAS,coal_ppl_u,2025,2040.0,,,0.0,564.4444444444445,sv_cpol
R12_PAS,coal_ppl_u,2025,2045.0,,,0.0,564.4444444444445,sv_cpol
R12_PAS,coal_ppl_u,2025,2050.0,,,0.0,564.4444444444445,sv_cpol
R12_PAS,coal_ppl_u,2030,2030.0,,,0.0,578.9577484526048,sv_cpol
R12_PAS,coal_ppl_u,2030,2035.0,,,0.0,578.9577484526048,sv_cpol
R12_PAS,coal_ppl_u,2030,2040.0,,,0.0,578.9577484526048,sv_cpol
R12_PAS,coal_ppl_u,2030,2045.0,,,0.0,578.9577484526048,sv_cpol
R12_PAS,coal_ppl_u,2030,2050.0,,,0.0,578.9577484526048,sv_cpol
R12_PAS,coal_ppl_u,2035,2035.0,,,0.0,592.2947675258064,sv_cpol
R12_PAS,coal_ppl_u,2035,2040.0,,,0.0,592.2947675258064,sv_cpol
R12_PAS,coal_ppl_u,2035,2045.0,,,0.0,592.2947675258064,sv_cpol
R12_PAS,coal_ppl_u,2035,2050.0,,,0.0,592.2947675258064,sv_cpol
R12_PAS,coal_ppl_u,2040,2040.0,,,0.0,603.647166560098,sv_cpol
R12_PAS,coal_ppl_u,2040,2045.0,,,0.0,603.647166560098,sv_cpol
R12_PAS,coal_ppl_u,2040,2050.0,,,0.0,603.647166560098,sv_cpol
R12_PAS,coal_ppl_u,2045,2045.0,,,0.0,613.7374109291784,sv_cpol
R12_PAS,coal_ppl_u,2045,2050.0,,,0.0,613.7374109291784,sv_cpol
R12_PAS,coal_ppl_u,2050,2050.0,,,0.0,623.2473759626346,sv_cpol
R12_CHN,coal_ppl_u,2025,2025.0,,,0.0,338.6666666666667,sv_cpol
R12_CHN,coal_ppl_u,2025,2035.0,,,0.0,338.6666666666667,sv_cpol
R12_CHN,coal_ppl_u,2025,2040.0,,,0.0,338.6666666666667,sv_cpol
R12_CHN,coal_ppl_u,2025,2045.0,,,0.0,338.6666666666667,sv_cpol
R12_CHN,coal_ppl_u,2025,2050.0,,,0.0,338.6666666666667,sv_cpol
R12_CHN,coal_ppl_u,2030,2030.0,,,0.0,381.54189805787837,sv_cpol
R12_CHN,coal_ppl_u,2030,2035.0,,,0.0,381.54189805787837,sv_cpol
R12_CHN,coal_ppl_u,2030,2040.0,,,0.0,381.54189805787837,sv_cpol
R12_CHN,coal_ppl_u,2030,2045.0,,,0.0,381.54189805787837,sv_cpol
R12_CHN,coal_ppl_u,2030,2050.0,,,0.0,381.54189805787837,sv_cpol
R12_CHN,coal_ppl_u,2035,2035.0,,,0.0,419.96008043403737,sv_cpol
R12_CHN,coal_ppl_u,2035,2040.0,,,0.0,419.96008043403737,sv_cpol
R12_CHN,coal_ppl_u,2035,2045.0,,,0.0,419.96008043403737,sv_cpol
R12_CHN,coal_ppl_u,2035,2050.0,,,0.0,419.96008043403737,sv_cpol
R12_CHN,coal_ppl_u,2040,2040.0,,,0.0,448.6053618968265,sv_cpol
R12_CHN,coal_ppl_u,2040,2045.0,,,0.0,448.6053618968265,sv_cpol
R12_CHN,coal_ppl_u,2040,2050.0,,,0.0,448.6053618968265,sv_cpol
R12_CHN,coal_ppl_u,2045,2045.0,,,0.0,477.5081716922484,sv_cpol
R12_CHN,coal_ppl_u,2045,2050.0,,,0.0,477.5081716922484,sv_cpol
R12_CHN,coal_ppl_u,2050,2050.0,,,0.0,507.38785812199455,sv_cpol
R12_RCPA,coal_ppl_u,2025,2025.0,,,0.0,338.6666666666667,sv_cpol
R12_RCPA,coal_ppl_u,2025,2035.0,,,0.0,338.6666666666667,sv_cpol
R12_RCPA,coal_ppl_u,2025,2040.0,,,0.0,338.6666666666667,sv_cpol
R12_RCPA,coal_ppl_u,2025,2045.0,,,0.0,338.6666666666667,sv_cpol
R12_RCPA,coal_ppl_u,2025,2050.0,,,0.0,338.6666666666667,sv_cpol
R12_RCPA,coal_ppl_u,2030,2030.0,,,0.0,371.38986260539684,sv_cpol
R12_RCPA,coal_ppl_u,2030,2035.0,,,0.0,371.38986260539684,sv_cpol
R12_RCPA,coal_ppl_u,2030,2040.0,,,0.0,371.38986260539684,sv_cpol
R12_RCPA,coal_ppl_u,2030,2045.0,,,0.0,371.38986260539684,sv_cpol
R12_RCPA,coal_ppl_u,2030,2050.0,,,0.0,371.38986260539684,sv_cpol
R12_RCPA,coal_ppl_u,2035,2035.0,,,0.0,406.40609286984443,sv_cpol
R12_RCPA,coal_ppl_u,2035,2040.0,,,0.0,406.40609286984443,sv_cpol
R12_RCPA,coal_ppl_u,2035,2045.0,,,0.0,406.40609286984443,sv_cpol
R12_RCPA,coal_ppl_u,2035,2050.0,,,0.0,406.40609286984443,sv_cpol
R12_RCPA,coal_ppl_u,2040,2040.0,,,0.0,436.9557489473925,sv_cpol
R12_RCPA,coal_ppl_u,2040,2045.0,,,0.0,436.9557489473925,sv_cpol
R12_RCPA,coal_ppl_u,2040,2050.0,,,0.0,436.9557489473925,sv_cpol
R12_RCPA,coal_ppl_u,2045,2045.0,,,0.0,464.26301404839813,sv_cpol
R12_RCPA,coal_ppl_u,2045,2050.0,,,0.0,464.26301404839813,sv_cpol
R12_RCPA,coal_ppl_u,2050,2050.0,,,0.0,489.51999970858043,sv_cpol
R12_RCPA,coal_ppl_u,2055,,,,,513.565741636931,sv_cpol
R12_RCPA,coal_ppl_u,2060,,,,,537.625916656709,sv_cpol
R12_RCPA,coal_ppl_u,2070,,,,,587.1156280704553,sv_cpol
R12_RCPA,coal_ppl_u,2080,,,,,634.0206591827482,sv_cpol
R12_RCPA,coal_ppl_u,2090,,,,,676.1474262780533,sv_cpol
R12_RCPA,coal_ppl_u,2100,,,,,718.1436235826596,sv_cpol
R12_RCPA,coal_ppl_u,2110,,,,,718.1436235826596,sv_cpol
R12_CHN,coal_ppl_u,2055,,,,,535.8714956769537,sv_cpol
R12_CHN,coal_ppl_u,2060,,,,,567.0755587322473,sv_cpol
R12_CHN,coal_ppl_u,2070,,,,,629.1023855489412,sv_cpol
R12_CHN,coal_ppl_u,2080,,,,,677.3779266681518,sv_cpol
R12_CHN,coal_ppl_u,2090,,,,,716.933366701558,sv_cpol
R12_CHN,coal_ppl_u,2100,,,,,748.812305420161,sv_cpol
R12_CHN,coal_ppl_u,2110,,,,,748.812305420161,sv_cpol
R12_PAS,coal_ppl_u,2055,,,,,632.4952191349776,sv_cpol
R12_PAS,coal_ppl_u,2060,,,,,642.0584273352091,sv_cpol
R12_PAS,coal_ppl_u,2070,,,,,662.0178700605437,sv_cpol
R12_PAS,coal_ppl_u,2080,,,,,682.3726831678389,sv_cpol
R12_PAS,coal_ppl_u,2090,,,,,701.5693936468234,sv_cpol
R12_PAS,coal_ppl_u,2100,,,,,720.1016909198786,sv_cpol
R12_PAS,coal_ppl_u,2110,,,,,720.1016909198786,sv_cpol
R12_SAS,coal_ppl_u,2055,,,,,633.0147296015606,sv_cpol
R12_SAS,coal_ppl_u,2060,,,,,646.2003021690823,sv_cpol
R12_SAS,coal_ppl_u,2070,,,,,674.1757041791531,sv_cpol
R12_SAS,coal_ppl_u,2080,,,,,703.600855759588,sv_cpol
R12_SAS,coal_ppl_u,2090,,,,,731.8174156668762,sv_cpol
R12_SAS,coal_ppl_u,2100,,,,,758.8860577641482,sv_cpol
R12_SAS,coal_ppl_u,2110,,,,,758.8860577641482,sv_cpol
R12_CHN,coal_adv,1995,1995.0,M1,0.0,0.0,566.82,sv_2c_cf
R12_CHN,coal_adv,1995,1995.0,M2,0.0,0.0,566.82,sv_2c_cf
R12_CHN,coal_adv,1995,2000.0,M1,0.0,,566.82,sv_2c_cf
R12_CHN,coal_adv,1995,2000.0,M2,0.0,,566.82,sv_2c_cf
R12_CHN,coal_adv,1995,2005.0,M1,0.0,,566.82,sv_2c_cf
R12_CHN,coal_adv,1995,2005.0,M2,0.0,,566.82,sv_2c_cf
R12_CHN,coal_adv,1995,2010.0,M1,0.0,,566.82,sv_2c_cf
R12_CHN,coal_adv,1995,2010.0,M2,0.0,,566.82,sv_2c_cf
R12_CHN,coal_adv,1995,2015.0,M1,0.0,,566.82,sv_2c_cf
R12_CHN,coal_adv,1995,2015.0,M2,0.0,,566.82,sv_2c_cf
R12_CHN,coal_adv,1995,2020.0,M1,0.0,,566.82,sv_2c_cf
R12_CHN,coal_adv,1995,2020.0,M2,0.0,,566.82,sv_2c_cf
R12_CHN,coal_adv,1995,2025.0,M1,0.0,,566.82,sv_2c_cf
R12_CHN,coal_adv,1995,2025.0,M2,0.0,,566.82,sv_2c_cf
R12_CHN,coal_adv,2000,2000.0,M1,0.0,0.0,566.82,sv_2c_cf
R12_CHN,coal_adv,2000,2000.0,M2,0.0,0.0,566.82,sv_2c_cf
R12_CHN,coal_adv,2000,2005.0,M1,0.0,,566.82,sv_2c_cf
R12_CHN,coal_adv,2000,2005.0,M2,0.0,,566.82,sv_2c_cf
R12_CHN,coal_adv,2000,2010.0,M1,0.0,,566.82,sv_2c_cf
R12_CHN,coal_adv,2000,2010.0,M2,0.0,,566.82,sv_2c_cf
R12_CHN,coal_adv,2000,2015.0,M1,0.0,,566.82,sv_2c_cf
R12_CHN,coal_adv,2000,2015.0,M2,0.0,,566.82,sv_2c_cf
R12_CHN,coal_adv,2000,2020.0,M1,0.0,,566.82,sv_2c_cf
R12_CHN,coal_adv,2000,2020.0,M2,0.0,,566.82,sv_2c_cf
R12_CHN,coal_adv,2000,2025.0,M1,0.0,,566.82,sv_2c_cf
R12_CHN,coal_adv,2000,2025.0,M2,0.0,,566.82,sv_2c_cf
R12_CHN,coal_adv,2005,2005.0,M1,0.0,0.0,566.82,sv_2c_cf
R12_CHN,coal_adv,2005,2005.0,M2,0.0,0.0,566.82,sv_2c_cf
R12_CHN,coal_adv,2005,2010.0,M1,0.0,,566.82,sv_2c_cf
R12_CHN,coal_adv,2005,2010.0,M2,0.0,,566.82,sv_2c_cf
R12_CHN,coal_adv,2005,2015.0,M1,0.0,,566.82,sv_2c_cf
R12_CHN,coal_adv,2005,2015.0,M2,0.0,,566.82,sv_2c_cf
R12_CHN,coal_adv,2005,2020.0,M1,0.0,,566.82,sv_2c_cf
R12_CHN,coal_adv,2005,2020.0,M2,0.0,,566.82,sv_2c_cf
R12_CHN,coal_adv,2005,2025.0,M1,0.0,,566.82,sv_2c_cf
R12_CHN,coal_adv,2005,2025.0,M2,0.0,,566.82,sv_2c_cf
R12_CHN,coal_adv,2005,2030.0,M1,5.0344,9.92,566.82,sv_2c_cf
R12_CHN,coal_adv,2005,2030.0,M2,0.0,9.92,566.82,sv_2c_cf
R12_CHN,coal_adv,2010,2010.0,M1,0.0,0.0,566.82,sv_2c_cf
R12_CHN,coal_adv,2010,2010.0,M2,0.0,0.0,566.82,sv_2c_cf
R12_CHN,coal_adv,2010,2015.0,M1,0.0,,566.82,sv_2c_cf
R12_CHN,coal_adv,2010,2015.0,M2,0.0,,566.82,sv_2c_cf
R12_CHN,coal_adv,2010,2020.0,M1,0.0,,566.82,sv_2c_cf
R12_CHN,coal_adv,2010,2020.0,M2,0.0,,566.82,sv_2c_cf
R12_CHN,coal_adv,2010,2025.0,M1,0.0,,566.82,sv_2c_cf
R12_CHN,coal_adv,2010,2025.0,M2,0.0,,566.82,sv_2c_cf
R12_CHN,coal_adv,2010,2030.0,M1,54.875975,108.13000000000001,566.82,sv_2c_cf
R12_CHN,coal_adv,2010,2030.0,M2,0.0,108.13000000000001,566.82,sv_2c_cf
R12_CHN,coal_adv,2010,2035.0,M1,27.062360706103824,57.274837473235614,566.82,sv_2c_cf
R12_CHN,coal_adv,2010,2035.0,M2,0.0,57.274837473235614,566.82,sv_2c_cf
R12_CHN,coal_adv,2015,2015.0,M1,0.0,0.0,566.82,sv_2c_cf
R12_CHN,coal_adv,2015,2015.0,M2,0.0,0.0,566.82,sv_2c_cf
R12_CHN,coal_adv,2015,2020.0,M1,0.0,,566.82,sv_2c_cf
R12_CHN,coal_adv,2015,2020.0,M2,0.0,,566.82,sv_2c_cf
R12_CHN,coal_adv,2015,2025.0,M1,0.0,,566.82,sv_2c_cf
R12_CHN,coal_adv,2015,2025.0,M2,0.0,,566.82,sv_2c_cf
R12_CHN,coal_adv,2015,2030.0,M1,45.69733,90.04400000000001,566.82,sv_2c_cf
R12_CHN,coal_adv,2015,2030.0,M2,0.0,90.04400000000001,566.82,sv_2c_cf
R12_CHN,coal_adv,2015,2035.0,M1,42.545790000000004,90.04400000000001,566.82,sv_2c_cf
R12_CHN,coal_adv,2015,2035.0,M2,0.0,90.04400000000001,566.82,sv_2c_cf
R12_CHN,coal_adv,2015,2040.0,M1,0.0,0.0,566.82,sv_2c_cf
R12_CHN,coal_adv,2015,2040.0,M2,0.0,0.0,566.82,sv_2c_cf
R12_CHN,coal_adv,2020,2020.0,M1,0.0,0.0,567.0000000000001,sv_2c_cf
R12_CHN,coal_adv,2020,2020.0,M2,0.0,0.0,567.0000000000001,sv_2c_cf
R12_CHN,coal_adv,2020,2025.0,M1,0.0,,567.0000000000001,sv_2c_cf
R12_CHN,coal_adv,2020,2025.0,M2,0.0,,567.0000000000001,sv_2c_cf
R12_CHN,coal_adv,2020,2030.0,M1,21.959524999999996,43.269999999999996,567.0000000000001,sv_2c_cf
R12_CHN,coal_adv,2020,2030.0,M2,0.0,43.269999999999996,567.0000000000001,sv_2c_cf
R12_CHN,coal_adv,2020,2035.0,M1,20.445074999999996,43.269999999999996,567.0000000000001,sv_2c_cf
R12_CHN,coal_adv,2020,2035.0,M2,0.0,43.269999999999996,567.0000000000001,sv_2c_cf
R12_CHN,coal_adv,2020,2040.0,M1,0.0,0.0,567.0000000000001,sv_2c_cf
R12_CHN,coal_adv,2020,2040.0,M2,0.0,0.0,567.0000000000001,sv_2c_cf
R12_CHN,coal_adv,2020,2045.0,M1,0.0,0.0,567.0000000000001,sv_2c_cf
R12_CHN,coal_adv,2020,2045.0,M2,0.0,0.0,567.0000000000001,sv_2c_cf
R12_CHN,coal_adv,2025,2025.0,M1,0.0,0.0,567.0000000000001,sv_2c_cf
R12_CHN,coal_adv,2025,2025.0,M2,0.0,0.0,567.0000000000001,sv_2c_cf
R12_CHN,coal_adv,2025,2030.0,M1,133.3319225,262.723,567.0000000000001,sv_2c_cf
R12_CHN,coal_adv,2025,2030.0,M2,0.0,262.723,567.0000000000001,sv_2c_cf
R12_CHN,coal_adv,2025,2035.0,M1,124.1366175,262.723,567.0000000000001,sv_2c_cf
R12_CHN,coal_adv,2025,2035.0,M2,0.0,262.723,567.0000000000001,sv_2c_cf
R12_CHN,coal_adv,2025,2040.0,M1,119.72789157540038,140.8563430298828,567.0000000000001,sv_2c_cf
R12_CHN,coal_adv,2025,2040.0,M2,0.0,140.8563430298828,567.0000000000001,sv_2c_cf
R12_CHN,coal_adv,2025,2045.0,M1,6.092115758525151,7.167195010029589,567.0000000000001,sv_2c_cf
R12_CHN,coal_adv,2025,2045.0,M2,0.0,7.167195010029589,567.0000000000001,sv_2c_cf
R12_CHN,coal_adv,2025,2050.0,M1,0.0,0.0,567.0000000000001,sv_2c_cf
R12_CHN,coal_adv,2025,2050.0,M2,0.0,0.0,567.0000000000001,sv_2c_cf
R12_CHN,coal_adv,2030,2030.0,M1,0.0,0.0,599.6764468462759,sv_2c_cf
R12_CHN,coal_adv,2030,2030.0,M2,0.0,0.0,599.6764468462759,sv_2c_cf
R12_CHN,coal_adv,2030,2035.0,M1,0.0,0.0,599.6764468462759,sv_2c_cf
R12_CHN,coal_adv,2030,2035.0,M2,0.0,0.0,599.6764468462759,sv_2c_cf
R12_CHN,coal_adv,2030,2040.0,M1,0.0,0.0,599.6764468462759,sv_2c_cf
R12_CHN,coal_adv,2030,2040.0,M2,0.0,0.0,599.6764468462759,sv_2c_cf
R12_CHN,coal_adv,2030,2045.0,M1,0.0,0.0,599.6764468462759,sv_2c_cf
R12_CHN,coal_adv,2030,2045.0,M2,0.0,0.0,599.6764468462759,sv_2c_cf
R12_CHN,coal_adv,2030,2050.0,M1,0.0,0.0,599.6764468462759,sv_2c_cf
R12_CHN,coal_adv,2030,2050.0,M2,0.0,0.0,599.6764468462759,sv_2c_cf
R12_CHN,coal_adv,2030,2055.0,M1,0.0,0.0,599.6764468462759,sv_2c_cf
R12_CHN,coal_adv,2030,2055.0,M2,0.0,0.0,599.6764468462759,sv_2c_cf
R12_CHN,coal_adv,2035,2035.0,M1,0.0,0.0,625.5989237464436,sv_2c_cf
R12_CHN,coal_adv,2035,2035.0,M2,0.0,0.0,625.5989237464436,sv_2c_cf
R12_CHN,coal_adv,2035,2040.0,M1,0.0,0.0,625.5989237464436,sv_2c_cf
R12_CHN,coal_adv,2035,2040.0,M2,0.0,0.0,625.5989237464436,sv_2c_cf
R12_CHN,coal_adv,2035,2045.0,M1,0.0,0.0,625.5989237464436,sv_2c_cf
R12_CHN,coal_adv,2035,2045.0,M2,0.0,0.0,625.5989237464436,sv_2c_cf
R12_CHN,coal_adv,2035,2050.0,M1,0.0,0.0,625.5989237464436,sv_2c_cf
R12_CHN,coal_adv,2035,2050.0,M2,0.0,0.0,625.5989237464436,sv_2c_cf
R12_CHN,coal_adv,2035,2055.0,M1,0.0,0.0,625.5989237464436,sv_2c_cf
R12_CHN,coal_adv,2035,2055.0,M2,0.0,0.0,625.5989237464436,sv_2c_cf
R12_CHN,coal_adv,2035,2060.0,M1,0.0,0.0,625.5989237464436,sv_2c_cf
R12_CHN,coal_adv,2035,2060.0,M2,0.0,0.0,625.5989237464436,sv_2c_cf
R12_CHN,coal_adv,2040,2040.0,M1,0.0,0.0,638.800591695254,sv_2c_cf
R12_CHN,coal_adv,2040,2040.0,M2,0.0,0.0,638.800591695254,sv_2c_cf
R12_CHN,coal_adv,2040,2045.0,M1,0.0,0.0,638.800591695254,sv_2c_cf
R12_CHN,coal_adv,2040,2045.0,M2,0.0,0.0,638.800591695254,sv_2c_cf
R12_CHN,coal_adv,2040,2050.0,M1,0.0,0.0,638.800591695254,sv_2c_cf
R12_CHN,coal_adv,2040,2050.0,M2,0.0,0.0,638.800591695254,sv_2c_cf
R12_CHN,coal_adv,2040,2055.0,M1,0.0,0.0,638.800591695254,sv_2c_cf
R12_CHN,coal_adv,2040,2055.0,M2,0.0,0.0,638.800591695254,sv_2c_cf
R12_CHN,coal_adv,2040,2060.0,M1,0.0,0.0,638.800591695254,sv_2c_cf
R12_CHN,coal_adv,2040,2060.0,M2,0.0,0.0,638.800591695254,sv_2c_cf
R12_CHN,coal_adv,2040,2070.0,M1,0.0,0.0,638.800591695254,sv_2c_cf
R12_CHN,coal_adv,2040,2070.0,M2,0.0,0.0,638.800591695254,sv_2c_cf
R12_CHN,coal_adv,2045,2045.0,M1,0.0,0.0,654.8437837161323,sv_2c_cf
R12_CHN,coal_adv,2045,2045.0,M2,0.0,0.0,654.8437837161323,sv_2c_cf
R12_CHN,coal_adv,2045,2050.0,M1,0.0,0.0,654.8437837161323,sv_2c_cf
R12_CHN,coal_adv,2045,2050.0,M2,0.0,0.0,654.8437837161323,sv_2c_cf
R12_CHN,coal_adv,2045,2055.0,M1,0.0,0.0,654.8437837161323,sv_2c_cf
R12_CHN,coal_adv,2045,2055.0,M2,0.0,0.0,654.8437837161323,sv_2c_cf
R12_CHN,coal_adv,2045,2060.0,M1,0.0,0.0,654.8437837161323,sv_2c_cf
R12_CHN,coal_adv,2045,2060.0,M2,0.0,0.0,654.8437837161323,sv_2c_cf
R12_CHN,coal_adv,2045,2070.0,M1,0.0,0.0,654.8437837161323,sv_2c_cf
R12_CHN,coal_adv,2045,2070.0,M2,0.0,0.0,654.8437837161323,sv_2c_cf
R12_CHN,coal_adv,2050,2050.0,M1,0.0,0.0,674.4563938287969,sv_2c_cf
R12_CHN,coal_adv,2050,2050.0,M2,0.0,0.0,674.4563938287969,sv_2c_cf
R12_CHN,coal_adv,2050,2055.0,M1,0.0,0.0,674.4563938287969,sv_2c_cf
R12_CHN,coal_adv,2050,2055.0,M2,0.0,0.0,674.4563938287969,sv_2c_cf
R12_CHN,coal_adv,2050,2060.0,M1,0.0,0.0,674.4563938287969,sv_2c_cf
R12_CHN,coal_adv,2050,2060.0,M2,0.0,0.0,674.4563938287969,sv_2c_cf
R12_CHN,coal_adv,2050,2070.0,M1,0.0,0.0,674.4563938287969,sv_2c_cf
R12_CHN,coal_adv,2050,2070.0,M2,0.0,0.0,674.4563938287969,sv_2c_cf
R12_CHN,coal_adv,2050,2080.0,M1,0.0,0.0,674.4563938287969,sv_2c_cf
R12_CHN,coal_adv,2050,2080.0,M2,0.0,0.0,674.4563938287969,sv_2c_cf
R12_CHN,coal_adv,2055,2055.0,M1,0.0,0.0,694.2551951130628,sv_2c_cf
R12_CHN,coal_adv,2055,2055.0,M2,0.0,0.0,694.2551951130628,sv_2c_cf
R12_CHN,coal_adv,2055,2060.0,M1,0.0,0.0,694.2551951130628,sv_2c_cf
R12_CHN,coal_adv,2055,2060.0,M2,0.0,0.0,694.2551951130628,sv_2c_cf
R12_CHN,coal_adv,2055,2070.0,M1,0.0,0.0,694.2551951130628,sv_2c_cf
R12_CHN,coal_adv,2055,2070.0,M2,0.0,0.0,694.2551951130628,sv_2c_cf
R12_CHN,coal_adv,2055,2080.0,M1,0.0,0.0,694.2551951130628,sv_2c_cf
R12_CHN,coal_adv,2055,2080.0,M2,0.0,0.0,694.2551951130628,sv_2c_cf
R12_CHN,coal_adv,2060,2060.0,M1,0.0,0.0,719.3783251919585,sv_2c_cf
R12_CHN,coal_adv,2060,2060.0,M2,0.0,0.0,719.3783251919585,sv_2c_cf
R12_CHN,coal_adv,2060,2070.0,M1,0.0,0.0,719.3783251919585,sv_2c_cf
R12_CHN,coal_adv,2060,2070.0,M2,0.0,0.0,719.3783251919585,sv_2c_cf
R12_CHN,coal_adv,2060,2080.0,M1,0.0,0.0,719.3783251919585,sv_2c_cf
R12_CHN,coal_adv,2060,2080.0,M2,0.0,0.0,719.3783251919585,sv_2c_cf
R12_CHN,coal_adv,2060,2090.0,M1,0.0,0.0,719.3783251919585,sv_2c_cf
R12_CHN,coal_adv,2060,2090.0,M2,0.0,0.0,719.3783251919585,sv_2c_cf
R12_CHN,coal_adv,2070,2070.0,M1,0.0,0.0,773.5903031724201,sv_2c_cf
R12_CHN,coal_adv,2070,2070.0,M2,0.0,0.0,773.5903031724201,sv_2c_cf
R12_CHN,coal_adv,2070,2080.0,M1,0.0,0.0,773.5903031724201,sv_2c_cf
R12_CHN,coal_adv,2070,2080.0,M2,0.0,0.0,773.5903031724201,sv_2c_cf
R12_CHN,coal_adv,2070,2090.0,M1,0.0,0.0,773.5903031724201,sv_2c_cf
R12_CHN,coal_adv,2070,2090.0,M2,0.0,0.0,773.5903031724201,sv_2c_cf
R12_CHN,coal_adv,2080,2080.0,M1,0.0,0.0,816.0634620154908,sv_2c_cf
R12_CHN,coal_adv,2080,2080.0,M2,0.0,0.0,816.0634620154908,sv_2c_cf
R12_CHN,coal_adv,2080,2090.0,M1,0.0,0.0,816.0634620154908,sv_2c_cf
R12_CHN,coal_adv,2080,2090.0,M2,0.0,0.0,816.0634620154908,sv_2c_cf
R12_CHN,coal_adv,2080,2100.0,M1,0.0,0.0,816.0634620154908,sv_2c_cf
R12_CHN,coal_adv,2080,2100.0,M2,0.0,0.0,816.0634620154908,sv_2c_cf
R12_CHN,coal_adv,2090,2090.0,M1,0.0,0.0,852.2597836036772,sv_2c_cf
R12_CHN,coal_adv,2090,2090.0,M2,0.0,0.0,852.2597836036772,sv_2c_cf
R12_CHN,coal_adv,2090,2100.0,M1,0.0,0.0,852.2597836036772,sv_2c_cf
R12_CHN,coal_adv,2090,2100.0,M2,0.0,0.0,852.2597836036772,sv_2c_cf
R12_CHN,coal_adv,2090,2110.0,M1,0.0,0.0,852.2597836036772,sv_2c_cf
R12_CHN,coal_adv,2090,2110.0,M2,0.0,0.0,852.2597836036772,sv_2c_cf
R12_CHN,coal_adv,2100,2100.0,M1,0.0,0.0,882.4858720651135,sv_2c_cf
R12_CHN,coal_adv,2100,2100.0,M2,0.0,0.0,882.4858720651135,sv_2c_cf
R12_CHN,coal_adv,2100,2110.0,M1,0.0,0.0,882.4858720651135,sv_2c_cf
R12_CHN,coal_adv,2100,2110.0,M2,0.0,0.0,882.4858720651135,sv_2c_cf
R12_CHN,coal_adv,2110,2110.0,M1,0.0,0.0,882.4858720651135,sv_2c_cf
R12_CHN,coal_adv,2110,2110.0,M2,0.0,0.0,882.4858720651135,sv_2c_cf
R12_CHN,coal_adv_ccs,2030,2030.0,M1,0.0,0.0,2691.2971365009917,sv_2c_cf
R12_CHN,coal_adv_ccs,2030,2035.0,M1,0.0,0.0,2691.2971365009917,sv_2c_cf
R12_CHN,coal_adv_ccs,2030,2040.0,M1,0.0,0.0,2691.2971365009917,sv_2c_cf
R12_CHN,coal_adv_ccs,2030,2045.0,M1,0.0,0.0,2691.2971365009917,sv_2c_cf
R12_CHN,coal_adv_ccs,2030,2050.0,M1,0.0,0.0,2691.2971365009917,sv_2c_cf
R12_CHN,coal_adv_ccs,2030,2055.0,M1,0.0,0.0,2691.2971365009917,sv_2c_cf
R12_CHN,coal_adv_ccs,2035,2035.0,M1,0.0,0.0,2640.7240760694826,sv_2c_cf
R12_CHN,coal_adv_ccs,2035,2040.0,M1,0.0,0.0,2640.7240760694826,sv_2c_cf
R12_CHN,coal_adv_ccs,2035,2045.0,M1,0.0,0.0,2640.7240760694826,sv_2c_cf
R12_CHN,coal_adv_ccs,2035,2050.0,M1,0.0,0.0,2640.7240760694826,sv_2c_cf
R12_CHN,coal_adv_ccs,2035,2055.0,M1,0.0,0.0,2640.7240760694826,sv_2c_cf
R12_CHN,coal_adv_ccs,2035,2060.0,M1,0.0,0.0,2640.7240760694826,sv_2c_cf
R12_CHN,coal_adv_ccs,2040,2040.0,M1,0.0,0.0,2588.369106763621,sv_2c_cf
R12_CHN,coal_adv_ccs,2040,2045.0,M1,0.0,0.0,2588.369106763621,sv_2c_cf
R12_CHN,coal_adv_ccs,2040,2050.0,M1,0.0,0.0,2588.369106763621,sv_2c_cf
R12_CHN,coal_adv_ccs,2040,2055.0,M1,0.0,0.0,2588.369106763621,sv_2c_cf
R12_CHN,coal_adv_ccs,2040,2060.0,M1,0.0,0.0,2588.369106763621,sv_2c_cf
R12_CHN,coal_adv_ccs,2040,2070.0,M1,0.0,0.0,2588.369106763621,sv_2c_cf
R12_CHN,coal_adv_ccs,2045,2045.0,M1,0.0,0.0,2555.0564534482146,sv_2c_cf
R12_CHN,coal_adv_ccs,2045,2050.0,M1,0.0,0.0,2555.0564534482146,sv_2c_cf
R12_CHN,coal_adv_ccs,2045,2055.0,M1,0.0,0.0,2555.0564534482146,sv_2c_cf
R12_CHN,coal_adv_ccs,2045,2060.0,M1,0.0,0.0,2555.0564534482146,sv_2c_cf
R12_CHN,coal_adv_ccs,2045,2070.0,M1,0.0,0.0,2555.0564534482146,sv_2c_cf
R12_CHN,coal_adv_ccs,2050,2050.0,M1,0.0,0.0,2539.0231166082663,sv_2c_cf
R12_CHN,coal_adv_ccs,2050,2055.0,M1,0.0,0.0,2539.0231166082663,sv_2c_cf
R12_CHN,coal_adv_ccs,2050,2060.0,M1,0.0,0.0,2539.0231166082663,sv_2c_cf
R12_CHN,coal_adv_ccs,2050,2070.0,M1,0.0,0.0,2539.0231166082663,sv_2c_cf
R12_CHN,coal_adv_ccs,2050,2080.0,M1,0.0,0.0,2539.0231166082663,sv_2c_cf
R12_CHN,coal_adv_ccs,2055,2055.0,M1,0.0,0.0,2532.6254195078677,sv_2c_cf
R12_CHN,coal_adv_ccs,2055,2060.0,M1,0.0,0.0,2532.6254195078677,sv_2c_cf
R12_CHN,coal_adv_ccs,2055,2070.0,M1,0.0,0.0,2532.6254195078677,sv_2c_cf
R12_CHN,coal_adv_ccs,2055,2080.0,M1,0.0,0.0,2532.6254195078677,sv_2c_cf
R12_CHN,coal_adv_ccs,2060,2060.0,M1,0.0,0.0,2542.0744668446355,sv_2c_cf
R12_CHN,coal_adv_ccs,2060,2070.0,M1,0.0,0.0,2542.0744668446355,sv_2c_cf
R12_CHN,coal_adv_ccs,2060,2080.0,M1,0.0,0.0,2542.0744668446355,sv_2c_cf
R12_CHN,coal_adv_ccs,2060,2090.0,M1,0.0,0.0,2542.0744668446355,sv_2c_cf
R12_CHN,coal_adv_ccs,2070,2070.0,M1,0.0,0.0,2583.975325804082,sv_2c_cf
R12_CHN,coal_adv_ccs,2070,2080.0,M1,0.0,0.0,2583.975325804082,sv_2c_cf
R12_CHN,coal_adv_ccs,2070,2090.0,M1,0.0,0.0,2583.975325804082,sv_2c_cf
R12_CHN,coal_adv_ccs,2080,2080.0,M1,0.0,0.0,2622.9728681667425,sv_2c_cf
R12_CHN,coal_adv_ccs,2080,2090.0,M1,0.0,0.0,2622.9728681667425,sv_2c_cf
R12_CHN,coal_adv_ccs,2080,2100.0,M1,0.0,0.0,2622.9728681667425,sv_2c_cf
R12_CHN,coal_adv_ccs,2090,2090.0,M1,0.0,0.0,2662.0692277054027,sv_2c_cf
R12_CHN,coal_adv_ccs,2090,2100.0,M1,0.0,0.0,2662.0692277054027,sv_2c_cf
R12_CHN,coal_adv_ccs,2090,2110.0,M1,0.0,0.0,2662.0692277054027,sv_2c_cf
R12_CHN,coal_adv_ccs,2100,2100.0,M1,0.0,0.0,2698.169125595051,sv_2c_cf
R12_CHN,coal_adv_ccs,2100,2110.0,M1,0.0,0.0,2698.169125595051,sv_2c_cf
R12_CHN,coal_adv_ccs,2110,2110.0,M1,0.0,0.0,2698.169125595051,sv_2c_cf
R12_CHN,coal_ppl,1980,1980.0,M1,0.0,0.0,485.85,sv_2c_cf
R12_CHN,coal_ppl,1980,1985.0,M1,0.0,,485.85,sv_2c_cf
R12_CHN,coal_ppl,1980,1990.0,M1,0.0,,485.85,sv_2c_cf
R12_CHN,coal_ppl,1980,1995.0,M1,0.0,,485.85,sv_2c_cf
R12_CHN,coal_ppl,1980,2000.0,M1,0.0,,485.85,sv_2c_cf
R12_CHN,coal_ppl,1980,2005.0,M1,0.0,,485.85,sv_2c_cf
R12_CHN,coal_ppl,1980,2010.0,M1,0.0,,485.85,sv_2c_cf
R12_CHN,coal_ppl,1980,2015.0,M1,0.0,,485.85,sv_2c_cf
R12_CHN,coal_ppl,1980,2020.0,M1,0.0,,485.85,sv_2c_cf
R12_CHN,coal_ppl,1980,2025.0,M1,0.0,,485.85,sv_2c_cf
R12_CHN,coal_ppl,1985,1985.0,M1,0.0,0.0,485.85,sv_2c_cf
R12_CHN,coal_ppl,1985,1990.0,M1,0.0,,485.85,sv_2c_cf
R12_CHN,coal_ppl,1985,1995.0,M1,0.0,,485.85,sv_2c_cf
R12_CHN,coal_ppl,1985,2000.0,M1,0.0,,485.85,sv_2c_cf
R12_CHN,coal_ppl,1985,2005.0,M1,0.0,,485.85,sv_2c_cf
R12_CHN,coal_ppl,1985,2010.0,M1,0.0,,485.85,sv_2c_cf
R12_CHN,coal_ppl,1985,2015.0,M1,0.0,,485.85,sv_2c_cf
R12_CHN,coal_ppl,1985,2020.0,M1,0.0,,485.85,sv_2c_cf
R12_CHN,coal_ppl,1985,2025.0,M1,0.0,,485.85,sv_2c_cf
R12_CHN,coal_ppl,1990,1990.0,M1,0.0,0.0,485.85,sv_2c_cf
R12_CHN,coal_ppl,1990,1995.0,M1,0.0,,485.85,sv_2c_cf
R12_CHN,coal_ppl,1990,2000.0,M1,0.0,,485.85,sv_2c_cf
R12_CHN,coal_ppl,1990,2005.0,M1,0.0,,485.85,sv_2c_cf
R12_CHN,coal_ppl,1990,2010.0,M1,0.0,,485.85,sv_2c_cf
R12_CHN,coal_ppl,1990,2015.0,M1,0.0,,485.85,sv_2c_cf
R12_CHN,coal_ppl,1990,2020.0,M1,0.0,,485.85,sv_2c_cf
R12_CHN,coal_ppl,1990,2025.0,M1,0.0,,485.85,sv_2c_cf
R12_CHN,coal_ppl,1990,2030.0,M1,0.0,0.0,485.85,sv_2c_cf
R12_CHN,coal_ppl,1995,1995.0,M1,0.0,0.0,485.85,sv_2c_cf
R12_CHN,coal_ppl,1995,1995.0,M2,0.0,0.0,485.85,sv_2c_cf
R12_CHN,coal_ppl,1995,2000.0,M1,0.0,,485.85,sv_2c_cf
R12_CHN,coal_ppl,1995,2000.0,M2,0.0,,485.85,sv_2c_cf
R12_CHN,coal_ppl,1995,2005.0,M1,0.0,,485.85,sv_2c_cf
R12_CHN,coal_ppl,1995,2005.0,M2,0.0,,485.85,sv_2c_cf
R12_CHN,coal_ppl,1995,2010.0,M1,0.0,,485.85,sv_2c_cf
R12_CHN,coal_ppl,1995,2010.0,M2,0.0,,485.85,sv_2c_cf
R12_CHN,coal_ppl,1995,2015.0,M1,0.0,,485.85,sv_2c_cf
R12_CHN,coal_ppl,1995,2015.0,M2,0.0,,485.85,sv_2c_cf
R12_CHN,coal_ppl,1995,2020.0,M1,0.0,,485.85,sv_2c_cf
R12_CHN,coal_ppl,1995,2020.0,M2,0.0,,485.85,sv_2c_cf
R12_CHN,coal_ppl,1995,2025.0,M1,0.0,,485.85,sv_2c_cf
R12_CHN,coal_ppl,1995,2025.0,M2,0.0,,485.85,sv_2c_cf
R12_CHN,coal_ppl,1995,2030.0,M1,0.0,0.0,485.85,sv_2c_cf
R12_CHN,coal_ppl,2000,2000.0,M1,0.0,0.0,485.85,sv_2c_cf
R12_CHN,coal_ppl,2000,2000.0,M2,0.0,0.0,485.85,sv_2c_cf
R12_CHN,coal_ppl,2000,2005.0,M1,0.0,,485.85,sv_2c_cf
R12_CHN,coal_ppl,2000,2005.0,M2,0.0,,485.85,sv_2c_cf
R12_CHN,coal_ppl,2000,2010.0,M1,0.0,,485.85,sv_2c_cf
R12_CHN,coal_ppl,2000,2010.0,M2,0.0,,485.85,sv_2c_cf
R12_CHN,coal_ppl,2000,2015.0,M1,0.0,,485.85,sv_2c_cf
R12_CHN,coal_ppl,2000,2015.0,M2,0.0,,485.85,sv_2c_cf
R12_CHN,coal_ppl,2000,2020.0,M1,0.0,,485.85,sv_2c_cf
R12_CHN,coal_ppl,2000,2020.0,M2,0.0,,485.85,sv_2c_cf
R12_CHN,coal_ppl,2000,2025.0,M1,0.0,,485.85,sv_2c_cf
R12_CHN,coal_ppl,2000,2025.0,M2,0.0,,485.85,sv_2c_cf
R12_CHN,coal_ppl,2000,2030.0,M1,0.0,0.0,485.85,sv_2c_cf
R12_CHN,coal_ppl,2000,2035.0,M1,0.0,0.0,485.85,sv_2c_cf
R12_CHN,coal_ppl,2005,2005.0,M1,0.0,0.0,485.85,sv_2c_cf
R12_CHN,coal_ppl,2005,2005.0,M2,0.0,0.0,485.85,sv_2c_cf
R12_CHN,coal_ppl,2005,2010.0,M1,0.0,,485.85,sv_2c_cf
R12_CHN,coal_ppl,2005,2010.0,M2,0.0,,485.85,sv_2c_cf
R12_CHN,coal_ppl,2005,2015.0,M1,0.0,,485.85,sv_2c_cf
R12_CHN,coal_ppl,2005,2015.0,M2,0.0,,485.85,sv_2c_cf
R12_CHN,coal_ppl,2005,2020.0,M1,0.0,,485.85,sv_2c_cf
R12_CHN,coal_ppl,2005,2020.0,M2,0.0,,485.85,sv_2c_cf
R12_CHN,coal_ppl,2005,2025.0,M1,0.0,,485.85,sv_2c_cf
R12_CHN,coal_ppl,2005,2025.0,M2,0.0,,485.85,sv_2c_cf
R12_CHN,coal_ppl,2005,2030.0,M1,0.0,0.0,485.85,sv_2c_cf
R12_CHN,coal_ppl,2005,2030.0,M2,0.0,0.0,485.85,sv_2c_cf
R12_CHN,coal_ppl,2005,2035.0,M1,0.0,0.0,485.85,sv_2c_cf
R12_CHN,coal_ppl,2010,2010.0,M1,0.0,0.0,485.85,sv_2c_cf
R12_CHN,coal_ppl,2010,2010.0,M2,0.0,0.0,485.85,sv_2c_cf
R12_CHN,coal_ppl,2010,2015.0,M1,0.0,,485.85,sv_2c_cf
R12_CHN,coal_ppl,2010,2015.0,M2,0.0,,485.85,sv_2c_cf
R12_CHN,coal_ppl,2010,2020.0,M1,0.0,,485.85,sv_2c_cf
R12_CHN,coal_ppl,2010,2020.0,M2,0.0,,485.85,sv_2c_cf
R12_CHN,coal_ppl,2010,2025.0,M1,0.0,,485.85,sv_2c_cf
R12_CHN,coal_ppl,2010,2025.0,M2,0.0,,485.85,sv_2c_cf
R12_CHN,coal_ppl,2010,2030.0,M1,0.0,0.0,485.85,sv_2c_cf
R12_CHN,coal_ppl,2010,2030.0,M2,0.0,0.0,485.85,sv_2c_cf
R12_CHN,coal_ppl,2010,2035.0,M1,0.0,0.0,485.85,sv_2c_cf
R12_CHN,coal_ppl,2010,2035.0,M2,0.0,0.0,485.85,sv_2c_cf
R12_CHN,coal_ppl,2010,2040.0,M1,0.0,0.0,485.85,sv_2c_cf
R12_CHN,coal_ppl,2015,2015.0,M1,0.0,0.0,485.85,sv_2c_cf
R12_CHN,coal_ppl,2015,2015.0,M2,0.0,0.0,485.85,sv_2c_cf
R12_CHN,coal_ppl,2015,2020.0,M1,0.0,,485.85,sv_2c_cf
R12_CHN,coal_ppl,2015,2020.0,M2,0.0,,485.85,sv_2c_cf
R12_CHN,coal_ppl,2015,2025.0,M1,0.0,,485.85,sv_2c_cf
R12_CHN,coal_ppl,2015,2025.0,M2,0.0,,485.85,sv_2c_cf
R12_CHN,coal_ppl,2015,2030.0,M1,0.0,0.0,485.85,sv_2c_cf
R12_CHN,coal_ppl,2015,2030.0,M2,0.0,0.0,485.85,sv_2c_cf
R12_CHN,coal_ppl,2015,2035.0,M1,0.0,0.0,485.85,sv_2c_cf
R12_CHN,coal_ppl,2015,2035.0,M2,0.0,0.0,485.85,sv_2c_cf
R12_CHN,coal_ppl,2015,2040.0,M1,0.0,0.0,485.85,sv_2c_cf
R12_CHN,coal_ppl,2015,2040.0,M2,0.0,0.0,485.85,sv_2c_cf
R12_CHN,coal_ppl,2020,2020.0,M1,0.0,0.0,486.00000000000006,sv_2c_cf
R12_CHN,coal_ppl,2020,2020.0,M2,0.0,0.0,486.00000000000006,sv_2c_cf
R12_CHN,coal_ppl,2020,2025.0,M1,0.0,,486.00000000000006,sv_2c_cf
R12_CHN,coal_ppl,2020,2025.0,M2,0.0,,486.00000000000006,sv_2c_cf
R12_CHN,coal_ppl,2020,2030.0,M1,7.125438927233165,24.30459699914808,486.00000000000006,sv_2c_cf
R12_CHN,coal_ppl,2020,2030.0,M2,5.336743184079991,24.30459699914808,486.00000000000006,sv_2c_cf
R12_CHN,coal_ppl,2020,2035.0,M1,0.0,24.30459699914808,486.00000000000006,sv_2c_cf
R12_CHN,coal_ppl,2020,2035.0,M2,11.538607425345553,24.30459699914808,486.00000000000006,sv_2c_cf
R12_CHN,coal_ppl,2020,2040.0,M1,0.0,24.30459699914808,486.00000000000006,sv_2c_cf
R12_CHN,coal_ppl,2020,2040.0,M2,0.0,24.30459699914808,486.00000000000006,sv_2c_cf
R12_CHN,coal_ppl,2020,2045.0,M1,0.0,24.30459699914808,486.00000000000006,sv_2c_cf
R12_CHN,coal_ppl,2020,2045.0,M2,20.65890744927587,24.30459699914808,486.00000000000006,sv_2c_cf
R12_CHN,coal_ppl,2025,2025.0,M1,0.0,0.0,486.00000000000006,sv_2c_cf
R12_CHN,coal_ppl,2025,2025.0,M2,0.0,0.0,486.00000000000006,sv_2c_cf
R12_CHN,coal_ppl,2025,2030.0,M1,35.57664599999993,69.384,486.00000000000006,sv_2c_cf
R12_CHN,coal_ppl,2025,2030.0,M2,0.0,69.384,486.00000000000006,sv_2c_cf
R12_CHN,coal_ppl,2025,2035.0,M1,29.140665204174454,69.384,486.00000000000006,sv_2c_cf
R12_CHN,coal_ppl,2025,2035.0,M2,3.799388795825548,69.384,486.00000000000006,sv_2c_cf
R12_CHN,coal_ppl,2025,2040.0,M1,10.963065542894618,69.384,486.00000000000006,sv_2c_cf
R12_CHN,coal_ppl,2025,2040.0,M2,48.01333445710538,69.384,486.00000000000006,sv_2c_cf
R12_CHN,coal_ppl,2025,2045.0,M1,25.375181147942254,69.384,486.00000000000006,sv_2c_cf
R12_CHN,coal_ppl,2025,2045.0,M2,33.60121885205775,69.384,486.00000000000006,sv_2c_cf
R12_CHN,coal_ppl,2025,2050.0,M1,29.9446870889131,69.384,486.00000000000006,sv_2c_cf
R12_CHN,coal_ppl,2025,2050.0,M2,29.0317129110869,69.384,486.00000000000006,sv_2c_cf
R12_CHN,coal_ppl,2030,2030.0,M1,34.29477099999993,66.884,527.6652318238936,sv_2c_cf
R12_CHN,coal_ppl,2030,2030.0,M2,0.0,66.884,527.6652318238936,sv_2c_cf
R12_CHN,coal_ppl,2030,2035.0,M1,8.077025860193727,17.013219294773513,527.6652318238936,sv_2c_cf
R12_CHN,coal_ppl,2030,2035.0,M2,0.0,17.013219294773513,527.6652318238936,sv_2c_cf
R12_CHN,coal_ppl,2030,2040.0,M1,8.45553614276345,17.013219294773513,527.6652318238936,sv_2c_cf
R12_CHN,coal_ppl,2030,2040.0,M2,0.0,17.013219294773513,527.6652318238936,sv_2c_cf
R12_CHN,coal_ppl,2030,2045.0,M1,0.0,17.013219294773513,527.6652318238936,sv_2c_cf
R12_CHN,coal_ppl,2030,2045.0,M2,14.461236400557489,17.013219294773513,527.6652318238936,sv_2c_cf
R12_CHN,coal_ppl,2030,2050.0,M1,0.0,17.013219294773513,527.6652318238936,sv_2c_cf
R12_CHN,coal_ppl,2030,2050.0,M2,14.461236400557489,17.013219294773513,527.6652318238936,sv_2c_cf
R12_CHN,coal_ppl,2030,2055.0,M1,1.9436350684614965,17.013219294773513,527.6652318238936,sv_2c_cf
R12_CHN,coal_ppl,2030,2055.0,M2,0.0,17.013219294773513,527.6652318238936,sv_2c_cf
R12_CHN,coal_ppl,2035,2035.0,M1,30.566304,64.384,562.7473980757577,sv_2c_cf
R12_CHN,coal_ppl,2035,2035.0,M2,0.0,64.384,562.7473980757577,sv_2c_cf
R12_CHN,coal_ppl,2035,2040.0,M1,0.0,41.523219857121724,562.7473980757577,sv_2c_cf
R12_CHN,coal_ppl,2035,2040.0,M2,0.0,41.523219857121724,562.7473980757577,sv_2c_cf
R12_CHN,coal_ppl,2035,2045.0,M1,35.294736878553465,41.523219857121724,562.7473980757577,sv_2c_cf
R12_CHN,coal_ppl,2035,2045.0,M2,0.0,41.523219857121724,562.7473980757577,sv_2c_cf
R12_CHN,coal_ppl,2035,2050.0,M1,35.294736878553465,41.523219857121724,562.7473980757577,sv_2c_cf
R12_CHN,coal_ppl,2035,2050.0,M2,0.0,41.523219857121724,562.7473980757577,sv_2c_cf
R12_CHN,coal_ppl,2035,2055.0,M1,20.39938809974748,41.523219857121724,562.7473980757577,sv_2c_cf
R12_CHN,coal_ppl,2035,2055.0,M2,14.895348778805985,41.523219857121724,562.7473980757577,sv_2c_cf
R12_CHN,coal_ppl,2035,2060.0,M1,0.0,0.0,562.7473980757577,sv_2c_cf
R12_CHN,coal_ppl,2035,2060.0,M2,0.0,0.0,562.7473980757577,sv_2c_cf
R12_CHN,coal_ppl,2040,2040.0,M1,52.6014,61.884,585.2141988565324,sv_2c_cf
R12_CHN,coal_ppl,2040,2040.0,M2,0.0,61.884,585.2141988565324,sv_2c_cf
R12_CHN,coal_ppl,2040,2045.0,M1,42.41212602634094,49.896618854518756,585.2141988565324,sv_2c_cf
R12_CHN,coal_ppl,2040,2045.0,M2,0.0,49.896618854518756,585.2141988565324,sv_2c_cf
R12_CHN,coal_ppl,2040,2050.0,M1,0.0,0.0,585.2141988565324,sv_2c_cf
R12_CHN,coal_ppl,2040,2050.0,M2,0.0,0.0,585.2141988565324,sv_2c_cf
R12_CHN,coal_ppl,2040,2055.0,M1,0.0,0.0,585.2141988565324,sv_2c_cf
R12_CHN,coal_ppl,2040,2055.0,M2,0.0,0.0,585.2141988565324,sv_2c_cf
R12_CHN,coal_ppl,2040,2060.0,M1,0.0,0.0,585.2141988565324,sv_2c_cf
R12_CHN,coal_ppl,2040,2060.0,M2,0.0,0.0,585.2141988565324,sv_2c_cf
R12_CHN,coal_ppl,2040,2070.0,M1,0.0,0.0,585.2141988565324,sv_2c_cf
R12_CHN,coal_ppl,2040,2070.0,M2,0.0,0.0,585.2141988565324,sv_2c_cf
R12_CHN,coal_ppl,2045,2045.0,M1,0.0,0.0,608.9300182286962,sv_2c_cf
R12_CHN,coal_ppl,2045,2045.0,M2,0.0,0.0,608.9300182286962,sv_2c_cf
R12_CHN,coal_ppl,2045,2050.0,M1,0.0,0.0,608.9300182286962,sv_2c_cf
R12_CHN,coal_ppl,2045,2050.0,M2,0.0,0.0,608.9300182286962,sv_2c_cf
R12_CHN,coal_ppl,2045,2055.0,M1,0.0,0.0,608.9300182286962,sv_2c_cf
R12_CHN,coal_ppl,2045,2055.0,M2,0.0,0.0,608.9300182286962,sv_2c_cf
R12_CHN,coal_ppl,2045,2060.0,M1,0.0,0.0,608.9300182286962,sv_2c_cf
R12_CHN,coal_ppl,2045,2060.0,M2,0.0,0.0,608.9300182286962,sv_2c_cf
R12_CHN,coal_ppl,2045,2070.0,M1,0.0,0.0,608.9300182286962,sv_2c_cf
R12_CHN,coal_ppl,2045,2070.0,M2,0.0,0.0,608.9300182286962,sv_2c_cf
R12_CHN,coal_ppl,2050,2050.0,M1,0.0,0.0,634.761896649998,sv_2c_cf
R12_CHN,coal_ppl,2050,2050.0,M2,0.0,0.0,634.761896649998,sv_2c_cf
R12_CHN,coal_ppl,2050,2055.0,M1,0.0,0.0,634.761896649998,sv_2c_cf
R12_CHN,coal_ppl,2050,2055.0,M2,0.0,0.0,634.761896649998,sv_2c_cf
R12_CHN,coal_ppl,2050,2060.0,M1,0.0,0.0,634.761896649998,sv_2c_cf
R12_CHN,coal_ppl,2050,2060.0,M2,0.0,0.0,634.761896649998,sv_2c_cf
R12_CHN,coal_ppl,2050,2070.0,M1,0.0,0.0,634.761896649998,sv_2c_cf
R12_CHN,coal_ppl,2050,2070.0,M2,0.0,0.0,634.761896649998,sv_2c_cf
R12_CHN,coal_ppl,2050,2080.0,M1,0.0,0.0,634.761896649998,sv_2c_cf
R12_CHN,coal_ppl,2050,2080.0,M2,0.0,0.0,634.761896649998,sv_2c_cf
R12_CHN,coal_ppl,2055,2055.0,M1,0.0,0.0,659.6960810514456,sv_2c_cf
R12_CHN,coal_ppl,2055,2055.0,M2,0.0,0.0,659.6960810514456,sv_2c_cf
R12_CHN,coal_ppl,2055,2060.0,M1,0.0,0.0,659.6960810514456,sv_2c_cf
R12_CHN,coal_ppl,2055,2060.0,M2,0.0,0.0,659.6960810514456,sv_2c_cf
R12_CHN,coal_ppl,2055,2070.0,M1,0.0,0.0,659.6960810514456,sv_2c_cf
R12_CHN,coal_ppl,2055,2070.0,M2,0.0,0.0,659.6960810514456,sv_2c_cf
R12_CHN,coal_ppl,2055,2080.0,M1,0.0,0.0,659.6960810514456,sv_2c_cf
R12_CHN,coal_ppl,2055,2080.0,M2,0.0,0.0,659.6960810514456,sv_2c_cf
R12_CHN,coal_ppl,2060,2060.0,M1,0.0,0.0,688.762303549878,sv_2c_cf
R12_CHN,coal_ppl,2060,2060.0,M2,0.0,0.0,688.762303549878,sv_2c_cf
R12_CHN,coal_ppl,2060,2070.0,M1,0.0,0.0,688.762303549878,sv_2c_cf
R12_CHN,coal_ppl,2060,2070.0,M2,0.0,0.0,688.762303549878,sv_2c_cf
R12_CHN,coal_ppl,2060,2080.0,M1,0.0,0.0,688.762303549878,sv_2c_cf
R12_CHN,coal_ppl,2060,2080.0,M2,0.0,0.0,688.762303549878,sv_2c_cf
R12_CHN,coal_ppl,2060,2090.0,M1,0.0,0.0,688.762303549878,sv_2c_cf
R12_CHN,coal_ppl,2060,2090.0,M2,0.0,0.0,688.762303549878,sv_2c_cf
R12_CHN,coal_ppl,2070,2070.0,M1,0.0,0.0,748.4685239191364,sv_2c_cf
R12_CHN,coal_ppl,2070,2070.0,M2,0.0,0.0,748.4685239191364,sv_2c_cf
R12_CHN,coal_ppl,2070,2080.0,M1,0.0,0.0,748.4685239191364,sv_2c_cf
R12_CHN,coal_ppl,2070,2080.0,M2,0.0,0.0,748.4685239191364,sv_2c_cf
R12_CHN,coal_ppl,2070,2090.0,M1,0.0,0.0,748.4685239191364,sv_2c_cf
R12_CHN,coal_ppl,2070,2090.0,M2,0.0,0.0,748.4685239191364,sv_2c_cf
R12_CHN,coal_ppl,2080,2080.0,M1,0.0,0.0,794.4323550071263,sv_2c_cf
R12_CHN,coal_ppl,2080,2080.0,M2,0.0,0.0,794.4323550071263,sv_2c_cf
R12_CHN,coal_ppl,2080,2090.0,M1,0.0,0.0,794.4323550071263,sv_2c_cf
R12_CHN,coal_ppl,2080,2090.0,M2,0.0,0.0,794.4323550071263,sv_2c_cf
R12_CHN,coal_ppl,2080,2100.0,M1,0.0,0.0,794.4323550071263,sv_2c_cf
R12_CHN,coal_ppl,2080,2100.0,M2,0.0,0.0,794.4323550071263,sv_2c_cf
R12_CHN,coal_ppl,2090,2090.0,M1,0.0,0.0,832.5475393517307,sv_2c_cf
R12_CHN,coal_ppl,2090,2090.0,M2,0.0,0.0,832.5475393517307,sv_2c_cf
R12_CHN,coal_ppl,2090,2100.0,M1,0.0,0.0,832.5475393517307,sv_2c_cf
R12_CHN,coal_ppl,2090,2100.0,M2,0.0,0.0,832.5475393517307,sv_2c_cf
R12_CHN,coal_ppl,2090,2110.0,M1,0.0,0.0,832.5475393517307,sv_2c_cf
R12_CHN,coal_ppl,2090,2110.0,M2,0.0,0.0,832.5475393517307,sv_2c_cf
R12_CHN,coal_ppl,2100,2100.0,M1,0.0,0.0,863.6758082885558,sv_2c_cf
R12_CHN,coal_ppl,2100,2100.0,M2,0.0,0.0,863.6758082885558,sv_2c_cf
R12_CHN,coal_ppl,2100,2110.0,M1,0.0,0.0,863.6758082885558,sv_2c_cf
R12_CHN,coal_ppl,2100,2110.0,M2,0.0,0.0,863.6758082885558,sv_2c_cf
R12_CHN,coal_ppl,2110,2110.0,M1,0.0,0.0,863.6758082885558,sv_2c_cf
R12_CHN,coal_ppl,2110,2110.0,M2,0.0,0.0,863.6758082885558,sv_2c_cf
R12_CHN,coal_ppl_u,1960,1960.0,M1,0.0,0.0,338.58,sv_2c_cf
R12_CHN,coal_ppl_u,1960,1965.0,M1,0.0,,338.58,sv_2c_cf
R12_CHN,coal_ppl_u,1960,1970.0,M1,0.0,,338.58,sv_2c_cf
R12_CHN,coal_ppl_u,1960,1975.0,M1,0.0,,338.58,sv_2c_cf
R12_CHN,coal_ppl_u,1960,1980.0,M1,0.0,,338.58,sv_2c_cf
R12_CHN,coal_ppl_u,1960,1985.0,M1,0.0,,338.58,sv_2c_cf
R12_CHN,coal_ppl_u,1960,1990.0,M1,0.0,,338.58,sv_2c_cf
R12_CHN,coal_ppl_u,1960,1995.0,M1,0.0,,338.58,sv_2c_cf
R12_CHN,coal_ppl_u,1960,2000.0,M1,0.0,,338.58,sv_2c_cf
R12_CHN,coal_ppl_u,1960,2005.0,M1,0.0,,338.58,sv_2c_cf
R12_CHN,coal_ppl_u,1960,2010.0,M1,0.0,,338.58,sv_2c_cf
R12_CHN,coal_ppl_u,1960,2015.0,M1,0.0,,338.58,sv_2c_cf
R12_CHN,coal_ppl_u,1960,2020.0,M1,0.0,,338.58,sv_2c_cf
R12_CHN,coal_ppl_u,1960,2025.0,M1,0.0,,338.58,sv_2c_cf
R12_CHN,coal_ppl_u,1965,1965.0,M1,0.0,0.0,338.58,sv_2c_cf
R12_CHN,coal_ppl_u,1965,1970.0,M1,0.0,,338.58,sv_2c_cf
R12_CHN,coal_ppl_u,1965,1975.0,M1,0.0,,338.58,sv_2c_cf
R12_CHN,coal_ppl_u,1965,1980.0,M1,0.0,,338.58,sv_2c_cf
R12_CHN,coal_ppl_u,1965,1985.0,M1,0.0,,338.58,sv_2c_cf
R12_CHN,coal_ppl_u,1965,1990.0,M1,0.0,,338.58,sv_2c_cf
R12_CHN,coal_ppl_u,1965,1995.0,M1,0.0,,338.58,sv_2c_cf
R12_CHN,coal_ppl_u,1965,2000.0,M1,0.0,,338.58,sv_2c_cf
R12_CHN,coal_ppl_u,1965,2005.0,M1,0.0,,338.58,sv_2c_cf
R12_CHN,coal_ppl_u,1965,2010.0,M1,0.0,,338.58,sv_2c_cf
R12_CHN,coal_ppl_u,1965,2015.0,M1,0.0,,338.58,sv_2c_cf
R12_CHN,coal_ppl_u,1965,2020.0,M1,0.0,,338.58,sv_2c_cf
R12_CHN,coal_ppl_u,1965,2025.0,M1,0.0,,338.58,sv_2c_cf
R12_CHN,coal_ppl_u,1970,1970.0,M1,0.0,0.0,338.58,sv_2c_cf
R12_CHN,coal_ppl_u,1970,1975.0,M1,0.0,,338.58,sv_2c_cf
R12_CHN,coal_ppl_u,1970,1980.0,M1,0.0,,338.58,sv_2c_cf
R12_CHN,coal_ppl_u,1970,1985.0,M1,0.0,,338.58,sv_2c_cf
R12_CHN,coal_ppl_u,1970,1990.0,M1,0.0,,338.58,sv_2c_cf
R12_CHN,coal_ppl_u,1970,1995.0,M1,0.0,,338.58,sv_2c_cf
R12_CHN,coal_ppl_u,1970,2000.0,M1,0.0,,338.58,sv_2c_cf
R12_CHN,coal_ppl_u,1970,2005.0,M1,0.0,,338.58,sv_2c_cf
R12_CHN,coal_ppl_u,1970,2010.0,M1,0.0,,338.58,sv_2c_cf
R12_CHN,coal_ppl_u,1970,2015.0,M1,0.0,,338.58,sv_2c_cf
R12_CHN,coal_ppl_u,1970,2020.0,M1,0.0,,338.58,sv_2c_cf
R12_CHN,coal_ppl_u,1970,2025.0,M1,0.0,,338.58,sv_2c_cf
R12_CHN,coal_ppl_u,1970,2030.0,M1,0.0,0.0,338.58,sv_2c_cf
R12_CHN,coal_ppl_u,1975,1975.0,M1,0.0,0.0,338.58,sv_2c_cf
R12_CHN,coal_ppl_u,1975,1980.0,M1,0.0,,338.58,sv_2c_cf
R12_CHN,coal_ppl_u,1975,1985.0,M1,0.0,,338.58,sv_2c_cf
R12_CHN,coal_ppl_u,1975,1990.0,M1,0.0,,338.58,sv_2c_cf
R12_CHN,coal_ppl_u,1975,1995.0,M1,0.0,,338.58,sv_2c_cf
R12_CHN,coal_ppl_u,1975,2000.0,M1,0.0,,338.58,sv_2c_cf
R12_CHN,coal_ppl_u,1975,2005.0,M1,0.0,,338.58,sv_2c_cf
R12_CHN,coal_ppl_u,1975,2010.0,M1,0.0,,338.58,sv_2c_cf
R12_CHN,coal_ppl_u,1975,2015.0,M1,0.0,,338.58,sv_2c_cf
R12_CHN,coal_ppl_u,1975,2020.0,M1,0.0,,338.58,sv_2c_cf
R12_CHN,coal_ppl_u,1975,2025.0,M1,0.0,,338.58,sv_2c_cf
R12_CHN,coal_ppl_u,1975,2030.0,M1,0.0,0.0,338.58,sv_2c_cf
R12_CHN,coal_ppl_u,1980,1980.0,M1,0.0,0.0,338.58,sv_2c_cf
R12_CHN,coal_ppl_u,1980,1985.0,M1,0.0,,338.58,sv_2c_cf
R12_CHN,coal_ppl_u,1980,1990.0,M1,0.0,,338.58,sv_2c_cf
R12_CHN,coal_ppl_u,1980,1995.0,M1,0.0,,338.58,sv_2c_cf
R12_CHN,coal_ppl_u,1980,2000.0,M1,0.0,,338.58,sv_2c_cf
R12_CHN,coal_ppl_u,1980,2005.0,M1,0.0,,338.58,sv_2c_cf
R12_CHN,coal_ppl_u,1980,2010.0,M1,0.0,,338.58,sv_2c_cf
R12_CHN,coal_ppl_u,1980,2015.0,M1,0.0,,338.58,sv_2c_cf
R12_CHN,coal_ppl_u,1980,2020.0,M1,0.0,,338.58,sv_2c_cf
R12_CHN,coal_ppl_u,1980,2025.0,M1,0.0,,338.58,sv_2c_cf
R12_CHN,coal_ppl_u,1980,2030.0,M1,0.0,0.0,338.58,sv_2c_cf
R12_CHN,coal_ppl_u,1980,2035.0,M1,0.0,0.0,338.58,sv_2c_cf
R12_CHN,coal_ppl_u,1985,1985.0,M1,0.0,0.0,338.58,sv_2c_cf
R12_CHN,coal_ppl_u,1985,1990.0,M1,0.0,,338.58,sv_2c_cf
R12_CHN,coal_ppl_u,1985,1995.0,M1,0.0,,338.58,sv_2c_cf
R12_CHN,coal_ppl_u,1985,2000.0,M1,0.0,,338.58,sv_2c_cf
R12_CHN,coal_ppl_u,1985,2005.0,M1,0.0,,338.58,sv_2c_cf
R12_CHN,coal_ppl_u,1985,2010.0,M1,0.0,,338.58,sv_2c_cf
R12_CHN,coal_ppl_u,1985,2015.0,M1,0.0,,338.58,sv_2c_cf
R12_CHN,coal_ppl_u,1985,2020.0,M1,0.0,,338.58,sv_2c_cf
R12_CHN,coal_ppl_u,1985,2025.0,M1,0.0,,338.58,sv_2c_cf
R12_CHN,coal_ppl_u,1985,2030.0,M1,0.0,0.0,338.58,sv_2c_cf
R12_CHN,coal_ppl_u,1985,2035.0,M1,0.0,0.0,338.58,sv_2c_cf
R12_CHN,coal_ppl_u,1990,1990.0,M1,0.0,0.0,338.58,sv_2c_cf
R12_CHN,coal_ppl_u,1990,1995.0,M1,0.0,,338.58,sv_2c_cf
R12_CHN,coal_ppl_u,1990,2000.0,M1,0.0,,338.58,sv_2c_cf
R12_CHN,coal_ppl_u,1990,2005.0,M1,0.0,,338.58,sv_2c_cf
R12_CHN,coal_ppl_u,1990,2010.0,M1,0.0,,338.58,sv_2c_cf
R12_CHN,coal_ppl_u,1990,2015.0,M1,0.0,,338.58,sv_2c_cf
R12_CHN,coal_ppl_u,1990,2020.0,M1,0.0,,338.58,sv_2c_cf
R12_CHN,coal_ppl_u,1990,2025.0,M1,0.0,,338.58,sv_2c_cf
R12_CHN,coal_ppl_u,1990,2030.0,M1,7.31920535133712,17.183250032485315,338.58,sv_2c_cf
R12_CHN,coal_ppl_u,1990,2035.0,M1,0.0,0.0,338.58,sv_2c_cf
R12_CHN,coal_ppl_u,1990,2040.0,M1,0.0,0.0,338.58,sv_2c_cf
R12_CHN,coal_ppl_u,1995,1995.0,M1,0.0,0.0,338.58,sv_2c_cf
R12_CHN,coal_ppl_u,1995,1995.0,M2,0.0,0.0,338.58,sv_2c_cf
R12_CHN,coal_ppl_u,1995,2000.0,M1,0.0,,338.58,sv_2c_cf
R12_CHN,coal_ppl_u,1995,2000.0,M2,0.0,,338.58,sv_2c_cf
R12_CHN,coal_ppl_u,1995,2005.0,M1,0.0,,338.58,sv_2c_cf
R12_CHN,coal_ppl_u,1995,2005.0,M2,0.0,,338.58,sv_2c_cf
R12_CHN,coal_ppl_u,1995,2010.0,M1,0.0,,338.58,sv_2c_cf
R12_CHN,coal_ppl_u,1995,2010.0,M2,0.0,,338.58,sv_2c_cf
R12_CHN,coal_ppl_u,1995,2015.0,M1,0.0,,338.58,sv_2c_cf
R12_CHN,coal_ppl_u,1995,2015.0,M2,0.0,,338.58,sv_2c_cf
R12_CHN,coal_ppl_u,1995,2020.0,M1,0.0,,338.58,sv_2c_cf
R12_CHN,coal_ppl_u,1995,2020.0,M2,0.0,,338.58,sv_2c_cf
R12_CHN,coal_ppl_u,1995,2025.0,M1,0.0,,338.58,sv_2c_cf
R12_CHN,coal_ppl_u,1995,2025.0,M2,0.0,,338.58,sv_2c_cf
R12_CHN,coal_ppl_u,1995,2030.0,M1,0.0,0.0,338.58,sv_2c_cf
R12_CHN,coal_ppl_u,1995,2035.0,M1,0.0,0.0,338.58,sv_2c_cf
R12_CHN,coal_ppl_u,1995,2040.0,M1,0.0,0.0,338.58,sv_2c_cf
R12_CHN,coal_ppl_u,2000,2000.0,M1,0.0,0.0,338.58,sv_2c_cf
R12_CHN,coal_ppl_u,2000,2000.0,M2,0.0,0.0,338.58,sv_2c_cf
R12_CHN,coal_ppl_u,2000,2005.0,M1,0.0,,338.58,sv_2c_cf
R12_CHN,coal_ppl_u,2000,2005.0,M2,0.0,,338.58,sv_2c_cf
R12_CHN,coal_ppl_u,2000,2010.0,M1,0.0,,338.58,sv_2c_cf
R12_CHN,coal_ppl_u,2000,2010.0,M2,0.0,,338.58,sv_2c_cf
R12_CHN,coal_ppl_u,2000,2015.0,M1,0.0,,338.58,sv_2c_cf
R12_CHN,coal_ppl_u,2000,2015.0,M2,0.0,,338.58,sv_2c_cf
R12_CHN,coal_ppl_u,2000,2020.0,M1,0.0,,338.58,sv_2c_cf
R12_CHN,coal_ppl_u,2000,2020.0,M2,0.0,,338.58,sv_2c_cf
R12_CHN,coal_ppl_u,2000,2025.0,M1,0.0,,338.58,sv_2c_cf
R12_CHN,coal_ppl_u,2000,2025.0,M2,0.0,,338.58,sv_2c_cf
R12_CHN,coal_ppl_u,2000,2030.0,M1,0.0,0.0,338.58,sv_2c_cf
R12_CHN,coal_ppl_u,2000,2035.0,M1,0.0,0.0,338.58,sv_2c_cf
R12_CHN,coal_ppl_u,2000,2040.0,M1,0.0,0.0,338.58,sv_2c_cf
R12_CHN,coal_ppl_u,2000,2045.0,M1,0.0,0.0,338.58,sv_2c_cf
R12_CHN,coal_ppl_u,2005,2005.0,M1,0.0,0.0,338.58,sv_2c_cf
R12_CHN,coal_ppl_u,2005,2005.0,M2,0.0,0.0,338.58,sv_2c_cf
R12_CHN,coal_ppl_u,2005,2010.0,M1,0.0,,338.58,sv_2c_cf
R12_CHN,coal_ppl_u,2005,2010.0,M2,0.0,,338.58,sv_2c_cf
R12_CHN,coal_ppl_u,2005,2015.0,M1,0.0,,338.58,sv_2c_cf
R12_CHN,coal_ppl_u,2005,2015.0,M2,0.0,,338.58,sv_2c_cf
R12_CHN,coal_ppl_u,2005,2020.0,M1,0.0,,338.58,sv_2c_cf
R12_CHN,coal_ppl_u,2005,2020.0,M2,0.0,,338.58,sv_2c_cf
R12_CHN,coal_ppl_u,2005,2025.0,M1,0.0,,338.58,sv_2c_cf
R12_CHN,coal_ppl_u,2005,2025.0,M2,0.0,,338.58,sv_2c_cf
R12_CHN,coal_ppl_u,2005,2030.0,M1,0.0,0.0,338.58,sv_2c_cf
R12_CHN,coal_ppl_u,2005,2030.0,M2,0.0,0.0,338.58,sv_2c_cf
R12_CHN,coal_ppl_u,2005,2035.0,M1,0.0,0.0,338.58,sv_2c_cf
R12_CHN,coal_ppl_u,2005,2040.0,M1,0.0,0.0,338.58,sv_2c_cf
R12_CHN,coal_ppl_u,2005,2045.0,M1,0.0,0.0,338.58,sv_2c_cf
R12_CHN,coal_ppl_u,2010,2010.0,M1,0.0,0.0,338.58,sv_2c_cf
R12_CHN,coal_ppl_u,2010,2010.0,M2,0.0,0.0,338.58,sv_2c_cf
R12_CHN,coal_ppl_u,2010,2015.0,M1,0.0,,338.58,sv_2c_cf
R12_CHN,coal_ppl_u,2010,2015.0,M2,0.0,,338.58,sv_2c_cf
R12_CHN,coal_ppl_u,2010,2020.0,M1,0.0,,338.58,sv_2c_cf
R12_CHN,coal_ppl_u,2010,2020.0,M2,0.0,,338.58,sv_2c_cf
R12_CHN,coal_ppl_u,2010,2025.0,M1,0.0,,338.58,sv_2c_cf
R12_CHN,coal_ppl_u,2010,2025.0,M2,0.0,,338.58,sv_2c_cf
R12_CHN,coal_ppl_u,2010,2030.0,M1,47.32602665,111.10700000000001,338.58,sv_2c_cf
R12_CHN,coal_ppl_u,2010,2030.0,M2,0.0,111.10700000000001,338.58,sv_2c_cf
R12_CHN,coal_ppl_u,2010,2035.0,M1,0.0,0.0,338.58,sv_2c_cf
R12_CHN,coal_ppl_u,2010,2035.0,M2,0.0,0.0,338.58,sv_2c_cf
R12_CHN,coal_ppl_u,2010,2040.0,M1,0.0,0.0,338.58,sv_2c_cf
R12_CHN,coal_ppl_u,2010,2045.0,M1,0.0,0.0,338.58,sv_2c_cf
R12_CHN,coal_ppl_u,2010,2050.0,M1,0.0,0.0,338.58,sv_2c_cf
R12_CHN,coal_ppl_u,2015,2015.0,M1,0.0,0.0,338.58,sv_2c_cf
R12_CHN,coal_ppl_u,2015,2015.0,M2,0.0,0.0,338.58,sv_2c_cf
R12_CHN,coal_ppl_u,2015,2020.0,M1,0.0,,338.58,sv_2c_cf
R12_CHN,coal_ppl_u,2015,2020.0,M2,0.0,,338.58,sv_2c_cf
R12_CHN,coal_ppl_u,2015,2025.0,M1,0.0,,338.58,sv_2c_cf
R12_CHN,coal_ppl_u,2015,2025.0,M2,0.0,,338.58,sv_2c_cf
R12_CHN,coal_ppl_u,2015,2030.0,M1,24.1300675,56.65,338.58,sv_2c_cf
R12_CHN,coal_ppl_u,2015,2030.0,M2,0.0,56.65,338.58,sv_2c_cf
R12_CHN,coal_ppl_u,2015,2035.0,M1,0.0,0.0,338.58,sv_2c_cf
R12_CHN,coal_ppl_u,2015,2035.0,M2,0.0,0.0,338.58,sv_2c_cf
R12_CHN,coal_ppl_u,2015,2040.0,M1,0.0,0.0,338.58,sv_2c_cf
R12_CHN,coal_ppl_u,2015,2040.0,M2,0.0,0.0,338.58,sv_2c_cf
R12_CHN,coal_ppl_u,2015,2045.0,M1,0.0,0.0,338.58,sv_2c_cf
R12_CHN,coal_ppl_u,2020,2020.0,M1,0.0,0.0,338.6666666666667,sv_2c_cf
R12_CHN,coal_ppl_u,2020,2020.0,M2,0.0,0.0,338.6666666666667,sv_2c_cf
R12_CHN,coal_ppl_u,2020,2025.0,M1,0.0,,338.6666666666667,sv_2c_cf
R12_CHN,coal_ppl_u,2020,2025.0,M2,0.0,,338.6666666666667,sv_2c_cf
R12_CHN,coal_ppl_u,2020,2030.0,M1,3.4582880499999997,8.119,338.6666666666667,sv_2c_cf
R12_CHN,coal_ppl_u,2020,2030.0,M2,0.0,8.119,338.6666666666667,sv_2c_cf
R12_CHN,coal_ppl_u,2020,2035.0,M1,0.0,0.0,338.6666666666667,sv_2c_cf
R12_CHN,coal_ppl_u,2020,2035.0,M2,0.0,0.0,338.6666666666667,sv_2c_cf
R12_CHN,coal_ppl_u,2020,2040.0,M1,0.0,0.0,338.6666666666667,sv_2c_cf
R12_CHN,coal_ppl_u,2020,2040.0,M2,0.0,0.0,338.6666666666667,sv_2c_cf
R12_CHN,coal_ppl_u,2020,2045.0,M1,0.0,0.0,338.6666666666667,sv_2c_cf
R12_CHN,coal_ppl_u,2020,2045.0,M2,0.0,0.0,338.6666666666667,sv_2c_cf
R12_CHN,gas_cc,1980,1980.0,M1,0.0,,,sv_2c_cf
R12_CHN,gas_cc,1980,1985.0,M1,0.0,,,sv_2c_cf
R12_CHN,gas_cc,1980,1990.0,M1,0.0,,,sv_2c_cf
R12_CHN,gas_cc,1980,1995.0,M1,0.0,,,sv_2c_cf
R12_CHN,gas_cc,1980,2000.0,M1,0.0,,,sv_2c_cf
R12_CHN,gas_cc,1980,2005.0,M1,0.0,,,sv_2c_cf
R12_CHN,gas_cc,1980,2010.0,M1,0.0,,,sv_2c_cf
R12_CHN,gas_cc,1980,2015.0,M1,0.0,,,sv_2c_cf
R12_CHN,gas_cc,1980,2020.0,M1,0.0,,,sv_2c_cf
R12_CHN,gas_cc,1980,2025.0,M1,0.0,,,sv_2c_cf
R12_CHN,gas_cc,1985,1985.0,M1,0.0,,,sv_2c_cf
R12_CHN,gas_cc,1985,1990.0,M1,0.0,,,sv_2c_cf
R12_CHN,gas_cc,1985,1995.0,M1,0.0,,,sv_2c_cf
R12_CHN,gas_cc,1985,2000.0,M1,0.0,,,sv_2c_cf
R12_CHN,gas_cc,1985,2005.0,M1,0.0,,,sv_2c_cf
R12_CHN,gas_cc,1985,2010.0,M1,0.0,,,sv_2c_cf
R12_CHN,gas_cc,1985,2015.0,M1,0.0,,,sv_2c_cf
R12_CHN,gas_cc,1985,2020.0,M1,0.0,,,sv_2c_cf
R12_CHN,gas_cc,1985,2025.0,M1,0.0,,,sv_2c_cf
R12_CHN,gas_cc,1990,1990.0,M1,0.0,,,sv_2c_cf
R12_CHN,gas_cc,1990,1995.0,M1,0.0,,,sv_2c_cf
R12_CHN,gas_cc,1990,2000.0,M1,0.0,,,sv_2c_cf
R12_CHN,gas_cc,1990,2005.0,M1,0.0,,,sv_2c_cf
R12_CHN,gas_cc,1990,2010.0,M1,0.0,,,sv_2c_cf
R12_CHN,gas_cc,1990,2015.0,M1,0.0,,,sv_2c_cf
R12_CHN,gas_cc,1990,2020.0,M1,0.0,,,sv_2c_cf
R12_CHN,gas_cc,1990,2025.0,M1,0.0,,,sv_2c_cf
R12_CHN,gas_cc,1990,2030.0,M1,0.21856937499999998,,,sv_2c_cf
R12_CHN,gas_cc,1995,1995.0,M1,0.0,,,sv_2c_cf
R12_CHN,gas_cc,1995,2000.0,M1,0.0,,,sv_2c_cf
R12_CHN,gas_cc,1995,2005.0,M1,0.0,,,sv_2c_cf
R12_CHN,gas_cc,1995,2010.0,M1,0.0,,,sv_2c_cf
R12_CHN,gas_cc,1995,2015.0,M1,0.0,,,sv_2c_cf
R12_CHN,gas_cc,1995,2020.0,M1,0.0,,,sv_2c_cf
R12_CHN,gas_cc,1995,2025.0,M1,0.0,,,sv_2c_cf
R12_CHN,gas_cc,1995,2030.0,M1,0.5172875,,,sv_2c_cf
R12_CHN,gas_cc,2000,2000.0,M1,0.0,,,sv_2c_cf
R12_CHN,gas_cc,2000,2005.0,M1,0.0,,,sv_2c_cf
R12_CHN,gas_cc,2000,2010.0,M1,0.0,,,sv_2c_cf
R12_CHN,gas_cc,2000,2015.0,M1,0.0,,,sv_2c_cf
R12_CHN,gas_cc,2000,2020.0,M1,0.0,,,sv_2c_cf
R12_CHN,gas_cc,2000,2025.0,M1,0.0,,,sv_2c_cf
R12_CHN,gas_cc,2000,2030.0,M1,2.2257499999999997,,,sv_2c_cf
R12_CHN,gas_cc,2000,2035.0,M1,2.4176249999999997,,,sv_2c_cf
R12_CHN,gas_cc,2005,2005.0,M1,0.0,,,sv_2c_cf
R12_CHN,gas_cc,2005,2010.0,M1,0.0,,,sv_2c_cf
R12_CHN,gas_cc,2005,2015.0,M1,0.0,,,sv_2c_cf
R12_CHN,gas_cc,2005,2020.0,M1,0.0,,,sv_2c_cf
R12_CHN,gas_cc,2005,2025.0,M1,0.0,,,sv_2c_cf
R12_CHN,gas_cc,2005,2030.0,M1,4.3580475000000005,,,sv_2c_cf
R12_CHN,gas_cc,2005,2035.0,M1,4.7337412500000005,,,sv_2c_cf
R12_CHN,gas_cc,2010,2010.0,M1,0.0,,,sv_2c_cf
R12_CHN,gas_cc,2010,2015.0,M1,0.0,,,sv_2c_cf
R12_CHN,gas_cc,2010,2020.0,M1,0.0,,,sv_2c_cf
R12_CHN,gas_cc,2010,2025.0,M1,0.0,,,sv_2c_cf
R12_CHN,gas_cc,2010,2030.0,M1,17.574942500000002,,,sv_2c_cf
R12_CHN,gas_cc,2010,2035.0,M1,19.09002375,,,sv_2c_cf
R12_CHN,gas_cc,2010,2040.0,M1,20.605105000000002,,,sv_2c_cf
R12_CHN,gas_cc,2015,2015.0,M1,0.0,,,sv_2c_cf
R12_CHN,gas_cc,2015,2020.0,M1,0.0,,,sv_2c_cf
R12_CHN,gas_cc,2015,2025.0,M1,0.0,,,sv_2c_cf
R12_CHN,gas_cc,2015,2030.0,M1,23.629925,,,sv_2c_cf
R12_CHN,gas_cc,2015,2035.0,M1,25.6669875,,,sv_2c_cf
R12_CHN,gas_cc,2015,2040.0,M1,27.704050000000002,,,sv_2c_cf
R12_CHN,gas_cc,2020,2020.0,M1,0.0,,,sv_2c_cf
R12_CHN,gas_cc,2020,2025.0,M1,0.0,,,sv_2c_cf
R12_CHN,gas_cc,2020,2030.0,M1,15.090875,,,sv_2c_cf
R12_CHN,gas_cc,2020,2035.0,M1,16.3918125,,,sv_2c_cf
R12_CHN,gas_cc,2020,2040.0,M1,17.69275,,,sv_2c_cf
R12_CHN,gas_cc,2020,2045.0,M1,17.69275,,,sv_2c_cf
R12_CHN,gas_cc,2025,2025.0,M1,0.0,,,sv_2c_cf
R12_CHN,gas_cc,2025,2030.0,M1,17.833313184348874,,,sv_2c_cf
R12_CHN,gas_cc,2025,2035.0,M1,19.370667769206538,,,sv_2c_cf
R12_CHN,gas_cc,2025,2040.0,M1,20.908022354064197,,,sv_2c_cf
R12_CHN,gas_cc,2025,2045.0,M1,20.908022354064197,,,sv_2c_cf
R12_CHN,gas_cc,2025,2050.0,M1,0.0,,,sv_2c_cf
R12_CHN,gas_cc,2030,2030.0,M1,28.371944557988016,,,sv_2c_cf
R12_CHN,gas_cc,2030,2035.0,M1,30.817801847469738,,,sv_2c_cf
R12_CHN,gas_cc,2030,2040.0,M1,33.26365913695147,,,sv_2c_cf
R12_CHN,gas_cc,2030,2045.0,M1,33.26365913695147,,,sv_2c_cf
R12_CHN,gas_cc,2030,2050.0,M1,8.303221231231612,,,sv_2c_cf
R12_CHN,gas_cc,2030,2055.0,M1,33.26365913695147,,,sv_2c_cf
R12_CHN,gas_cc,2035,2035.0,M1,44.0881676094363,,,sv_2c_cf
R12_CHN,gas_cc,2035,2040.0,M1,47.587228530820134,,,sv_2c_cf
R12_CHN,gas_cc,2035,2045.0,M1,47.587228530820134,,,sv_2c_cf
R12_CHN,gas_cc,2035,2050.0,M1,47.587228530820134,,,sv_2c_cf
R12_CHN,gas_cc,2035,2055.0,M1,47.587228530820134,,,sv_2c_cf
R12_CHN,gas_cc,2035,2060.0,M1,0.0,,,sv_2c_cf
R12_CHN,gas_cc,2040,2040.0,M1,48.17687662259815,,,sv_2c_cf
R12_CHN,gas_cc,2040,2045.0,M1,48.17687662259815,,,sv_2c_cf
R12_CHN,gas_cc,2040,2050.0,M1,48.17687662259815,,,sv_2c_cf
R12_CHN,gas_cc,2040,2055.0,M1,48.17687662259815,,,sv_2c_cf
R12_CHN,gas_cc,2040,2060.0,M1,0.0,,,sv_2c_cf
R12_CHN,gas_cc,2040,2070.0,M1,0.0,,,sv_2c_cf
R12_CHN,gas_cc,2045,2045.0,M1,0.0,,,sv_2c_cf
R12_CHN,gas_cc,2045,2050.0,M1,0.0,,,sv_2c_cf
R12_CHN,gas_cc,2045,2055.0,M1,0.0,,,sv_2c_cf
R12_CHN,gas_cc,2045,2060.0,M1,0.0,,,sv_2c_cf
R12_CHN,gas_cc,2045,2070.0,M1,0.0,,,sv_2c_cf
R12_CHN,gas_cc,2050,2050.0,M1,0.0,,,sv_2c_cf
R12_CHN,gas_cc,2050,2055.0,M1,0.0,,,sv_2c_cf
R12_CHN,gas_cc,2050,2060.0,M1,0.0,,,sv_2c_cf
R12_CHN,gas_cc,2050,2070.0,M1,0.0,,,sv_2c_cf
R12_CHN,gas_cc,2050,2080.0,M1,0.0,,,sv_2c_cf
R12_CHN,gas_cc,2055,2055.0,M1,0.0,,,sv_2c_cf
R12_CHN,gas_cc,2055,2060.0,M1,0.0,,,sv_2c_cf
R12_CHN,gas_cc,2055,2070.0,M1,0.0,,,sv_2c_cf
R12_CHN,gas_cc,2055,2080.0,M1,0.0,,,sv_2c_cf
R12_CHN,gas_cc,2060,2060.0,M1,0.0,,,sv_2c_cf
R12_CHN,gas_cc,2060,2070.0,M1,0.0,,,sv_2c_cf
R12_CHN,gas_cc,2060,2080.0,M1,0.0,,,sv_2c_cf
R12_CHN,gas_cc,2060,2090.0,M1,0.0,,,sv_2c_cf
R12_CHN,gas_cc,2070,2070.0,M1,0.0,,,sv_2c_cf
R12_CHN,gas_cc,2070,2080.0,M1,0.0,,,sv_2c_cf
R12_CHN,gas_cc,2070,2090.0,M1,0.0,,,sv_2c_cf
R12_CHN,gas_cc,2080,2080.0,M1,0.0,,,sv_2c_cf
R12_CHN,gas_cc,2080,2090.0,M1,0.0,,,sv_2c_cf
R12_CHN,gas_cc,2080,2100.0,M1,0.0,,,sv_2c_cf
R12_CHN,gas_cc,2090,2090.0,M1,0.0,,,sv_2c_cf
R12_CHN,gas_cc,2090,2100.0,M1,0.0,,,sv_2c_cf
R12_CHN,gas_cc,2090,2110.0,M1,0.0,,,sv_2c_cf
R12_CHN,gas_cc,2100,2100.0,M1,0.0,,,sv_2c_cf
R12_CHN,gas_cc,2100,2110.0,M1,0.0,,,sv_2c_cf
R12_CHN,gas_cc,2110,2110.0,M1,0.0,,,sv_2c_cf
R12_CHN,gas_cc_ccs,2030,2030.0,M1,0.0,,,sv_2c_cf
R12_CHN,gas_cc_ccs,2030,2035.0,M1,0.0,,,sv_2c_cf
R12_CHN,gas_cc_ccs,2030,2040.0,M1,0.0,,,sv_2c_cf
R12_CHN,gas_cc_ccs,2030,2045.0,M1,0.0,,,sv_2c_cf
R12_CHN,gas_cc_ccs,2030,2050.0,M1,0.0,,,sv_2c_cf
R12_CHN,gas_cc_ccs,2030,2055.0,M1,0.0,,,sv_2c_cf
R12_CHN,gas_cc_ccs,2035,2035.0,M1,0.0,,,sv_2c_cf
R12_CHN,gas_cc_ccs,2035,2040.0,M1,0.0,,,sv_2c_cf
R12_CHN,gas_cc_ccs,2035,2045.0,M1,0.0,,,sv_2c_cf
R12_CHN,gas_cc_ccs,2035,2050.0,M1,0.0,,,sv_2c_cf
R12_CHN,gas_cc_ccs,2035,2055.0,M1,0.0,,,sv_2c_cf
R12_CHN,gas_cc_ccs,2035,2060.0,M1,0.0,,,sv_2c_cf
R12_CHN,gas_cc_ccs,2040,2040.0,M1,0.0,,,sv_2c_cf
R12_CHN,gas_cc_ccs,2040,2045.0,M1,0.0,,,sv_2c_cf
R12_CHN,gas_cc_ccs,2040,2050.0,M1,0.0,,,sv_2c_cf
R12_CHN,gas_cc_ccs,2040,2055.0,M1,0.0,,,sv_2c_cf
R12_CHN,gas_cc_ccs,2040,2060.0,M1,0.0,,,sv_2c_cf
R12_CHN,gas_cc_ccs,2040,2070.0,M1,0.0,,,sv_2c_cf
R12_CHN,gas_cc_ccs,2045,2045.0,M1,0.0,,,sv_2c_cf
R12_CHN,gas_cc_ccs,2045,2050.0,M1,0.0,,,sv_2c_cf
R12_CHN,gas_cc_ccs,2045,2055.0,M1,0.0,,,sv_2c_cf
R12_CHN,gas_cc_ccs,2045,2060.0,M1,0.0,,,sv_2c_cf
R12_CHN,gas_cc_ccs,2045,2070.0,M1,0.0,,,sv_2c_cf
R12_CHN,gas_cc_ccs,2050,2050.0,M1,0.0,,,sv_2c_cf
R12_CHN,gas_cc_ccs,2050,2055.0,M1,0.0,,,sv_2c_cf
R12_CHN,gas_cc_ccs,2050,2060.0,M1,0.0,,,sv_2c_cf
R12_CHN,gas_cc_ccs,2050,2070.0,M1,0.0,,,sv_2c_cf
R12_CHN,gas_cc_ccs,2050,2080.0,M1,0.0,,,sv_2c_cf
R12_CHN,gas_cc_ccs,2055,2055.0,M1,0.0,,,sv_2c_cf
R12_CHN,gas_cc_ccs,2055,2060.0,M1,0.0,,,sv_2c_cf
R12_CHN,gas_cc_ccs,2055,2070.0,M1,0.0,,,sv_2c_cf
R12_CHN,gas_cc_ccs,2055,2080.0,M1,0.0,,,sv_2c_cf
R12_CHN,gas_cc_ccs,2060,2060.0,M1,0.0,,,sv_2c_cf
R12_CHN,gas_cc_ccs,2060,2070.0,M1,0.0,,,sv_2c_cf
R12_CHN,gas_cc_ccs,2060,2080.0,M1,0.0,,,sv_2c_cf
R12_CHN,gas_cc_ccs,2060,2090.0,M1,0.0,,,sv_2c_cf
R12_CHN,gas_cc_ccs,2070,2070.0,M1,0.0,,,sv_2c_cf
R12_CHN,gas_cc_ccs,2070,2080.0,M1,0.0,,,sv_2c_cf
R12_CHN,gas_cc_ccs,2070,2090.0,M1,0.0,,,sv_2c_cf
R12_CHN,gas_cc_ccs,2080,2080.0,M1,0.0,,,sv_2c_cf
R12_CHN,gas_cc_ccs,2080,2090.0,M1,0.0,,,sv_2c_cf
R12_CHN,gas_cc_ccs,2080,2100.0,M1,0.0,,,sv_2c_cf
R12_CHN,gas_cc_ccs,2090,2090.0,M1,0.0,,,sv_2c_cf
R12_CHN,gas_cc_ccs,2090,2100.0,M1,0.0,,,sv_2c_cf
R12_CHN,gas_cc_ccs,2090,2110.0,M1,0.0,,,sv_2c_cf
R12_CHN,gas_cc_ccs,2100,2100.0,M1,0.0,,,sv_2c_cf
R12_CHN,gas_cc_ccs,2100,2110.0,M1,0.0,,,sv_2c_cf
R12_CHN,gas_cc_ccs,2110,2110.0,M1,0.0,,,sv_2c_cf
R12_CHN,gas_ct,1970,1970.0,M1,0.0,,,sv_2c_cf
R12_CHN,gas_ct,1970,1975.0,M1,0.0,,,sv_2c_cf
R12_CHN,gas_ct,1970,1980.0,M1,0.0,,,sv_2c_cf
R12_CHN,gas_ct,1970,1985.0,M1,0.0,,,sv_2c_cf
R12_CHN,gas_ct,1970,1990.0,M1,0.0,,,sv_2c_cf
R12_CHN,gas_ct,1970,1995.0,M1,0.0,,,sv_2c_cf
R12_CHN,gas_ct,1970,2000.0,M1,0.0,,,sv_2c_cf
R12_CHN,gas_ct,1970,2005.0,M1,0.0,,,sv_2c_cf
R12_CHN,gas_ct,1970,2010.0,M1,0.0,,,sv_2c_cf
R12_CHN,gas_ct,1970,2015.0,M1,0.0,,,sv_2c_cf
R12_CHN,gas_ct,1970,2020.0,M1,0.0,,,sv_2c_cf
R12_CHN,gas_ct,1970,2025.0,M1,0.0,,,sv_2c_cf
R12_CHN,gas_ct,1975,1975.0,M1,0.0,,,sv_2c_cf
R12_CHN,gas_ct,1975,1980.0,M1,0.0,,,sv_2c_cf
R12_CHN,gas_ct,1975,1985.0,M1,0.0,,,sv_2c_cf
R12_CHN,gas_ct,1975,1990.0,M1,0.0,,,sv_2c_cf
R12_CHN,gas_ct,1975,1995.0,M1,0.0,,,sv_2c_cf
R12_CHN,gas_ct,1975,2000.0,M1,0.0,,,sv_2c_cf
R12_CHN,gas_ct,1975,2005.0,M1,0.0,,,sv_2c_cf
R12_CHN,gas_ct,1975,2010.0,M1,0.0,,,sv_2c_cf
R12_CHN,gas_ct,1975,2015.0,M1,0.0,,,sv_2c_cf
R12_CHN,gas_ct,1975,2020.0,M1,0.0,,,sv_2c_cf
R12_CHN,gas_ct,1975,2025.0,M1,0.0,,,sv_2c_cf
R12_CHN,gas_ct,1980,1980.0,M1,0.0,,,sv_2c_cf
R12_CHN,gas_ct,1980,1985.0,M1,0.0,,,sv_2c_cf
R12_CHN,gas_ct,1980,1990.0,M1,0.0,,,sv_2c_cf
R12_CHN,gas_ct,1980,1995.0,M1,0.0,,,sv_2c_cf
R12_CHN,gas_ct,1980,2000.0,M1,0.0,,,sv_2c_cf
R12_CHN,gas_ct,1980,2005.0,M1,0.0,,,sv_2c_cf
R12_CHN,gas_ct,1980,2010.0,M1,0.0,,,sv_2c_cf
R12_CHN,gas_ct,1980,2015.0,M1,0.0,,,sv_2c_cf
R12_CHN,gas_ct,1980,2020.0,M1,0.0,,,sv_2c_cf
R12_CHN,gas_ct,1980,2025.0,M1,0.0,,,sv_2c_cf
R12_CHN,gas_ct,1980,2030.0,M1,0.0,,,sv_2c_cf
R12_CHN,gas_ct,1985,1985.0,M1,0.0,,,sv_2c_cf
R12_CHN,gas_ct,1985,1990.0,M1,0.0,,,sv_2c_cf
R12_CHN,gas_ct,1985,1995.0,M1,0.0,,,sv_2c_cf
R12_CHN,gas_ct,1985,2000.0,M1,0.0,,,sv_2c_cf
R12_CHN,gas_ct,1985,2005.0,M1,0.0,,,sv_2c_cf
R12_CHN,gas_ct,1985,2010.0,M1,0.0,,,sv_2c_cf
R12_CHN,gas_ct,1985,2015.0,M1,0.0,,,sv_2c_cf
R12_CHN,gas_ct,1985,2020.0,M1,0.0,,,sv_2c_cf
R12_CHN,gas_ct,1985,2025.0,M1,0.0,,,sv_2c_cf
R12_CHN,gas_ct,1985,2030.0,M1,0.0,,,sv_2c_cf
R12_CHN,gas_ct,1990,1990.0,M1,0.0,,,sv_2c_cf
R12_CHN,gas_ct,1990,1995.0,M1,0.0,,,sv_2c_cf
R12_CHN,gas_ct,1990,2000.0,M1,0.0,,,sv_2c_cf
R12_CHN,gas_ct,1990,2005.0,M1,0.0,,,sv_2c_cf
R12_CHN,gas_ct,1990,2010.0,M1,0.0,,,sv_2c_cf
R12_CHN,gas_ct,1990,2015.0,M1,0.0,,,sv_2c_cf
R12_CHN,gas_ct,1990,2020.0,M1,0.0,,,sv_2c_cf
R12_CHN,gas_ct,1990,2025.0,M1,0.0,,,sv_2c_cf
R12_CHN,gas_ct,1990,2030.0,M1,0.07707000000000001,,,sv_2c_cf
R12_CHN,gas_ct,1990,2035.0,M1,0.08624500000000002,,,sv_2c_cf
R12_CHN,gas_ct,1995,1995.0,M1,0.0,,,sv_2c_cf
R12_CHN,gas_ct,1995,2000.0,M1,0.0,,,sv_2c_cf
R12_CHN,gas_ct,1995,2005.0,M1,0.0,,,sv_2c_cf
R12_CHN,gas_ct,1995,2010.0,M1,0.0,,,sv_2c_cf
R12_CHN,gas_ct,1995,2015.0,M1,0.0,,,sv_2c_cf
R12_CHN,gas_ct,1995,2020.0,M1,0.0,,,sv_2c_cf
R12_CHN,gas_ct,1995,2025.0,M1,0.0,,,sv_2c_cf
R12_CHN,gas_ct,1995,2030.0,M1,0.0557025,,,sv_2c_cf
R12_CHN,gas_ct,1995,2035.0,M1,0.06233375,,,sv_2c_cf
R12_CHN,gas_ct,2000,2000.0,M1,0.0,,,sv_2c_cf
R12_CHN,gas_ct,2000,2005.0,M1,0.0,,,sv_2c_cf
R12_CHN,gas_ct,2000,2010.0,M1,0.0,,,sv_2c_cf
R12_CHN,gas_ct,2000,2015.0,M1,0.0,,,sv_2c_cf
R12_CHN,gas_ct,2000,2020.0,M1,0.0,,,sv_2c_cf
R12_CHN,gas_ct,2000,2025.0,M1,0.0,,,sv_2c_cf
R12_CHN,gas_ct,2000,2030.0,M1,0.026250000000000002,,,sv_2c_cf
R12_CHN,gas_ct,2000,2035.0,M1,0.029375000000000002,,,sv_2c_cf
R12_CHN,gas_ct,2000,2040.0,M1,0.0,,,sv_2c_cf
R12_CHN,gas_ct,2005,2005.0,M1,0.0,,,sv_2c_cf
R12_CHN,gas_ct,2005,2010.0,M1,0.0,,,sv_2c_cf
R12_CHN,gas_ct,2005,2015.0,M1,0.0,,,sv_2c_cf
R12_CHN,gas_ct,2005,2020.0,M1,0.0,,,sv_2c_cf
R12_CHN,gas_ct,2005,2025.0,M1,0.0,,,sv_2c_cf
R12_CHN,gas_ct,2005,2030.0,M1,0.06304725,,,sv_2c_cf
R12_CHN,gas_ct,2005,2035.0,M1,0.070552875,,,sv_2c_cf
R12_CHN,gas_ct,2005,2040.0,M1,0.0,,,sv_2c_cf
R12_CHN,gas_ct,2010,2010.0,M1,0.0,,,sv_2c_cf
R12_CHN,gas_ct,2010,2015.0,M1,0.0,,,sv_2c_cf
R12_CHN,gas_ct,2010,2020.0,M1,0.0,,,sv_2c_cf
R12_CHN,gas_ct,2010,2025.0,M1,0.0,,,sv_2c_cf
R12_CHN,gas_ct,2010,2030.0,M1,0.43396500000000005,,,sv_2c_cf
R12_CHN,gas_ct,2010,2035.0,M1,0.48562750000000005,,,sv_2c_cf
R12_CHN,gas_ct,2010,2040.0,M1,0.0,,,sv_2c_cf
R12_CHN,gas_ct,2010,2045.0,M1,0.0,,,sv_2c_cf
R12_CHN,gas_ct,2015,2015.0,M1,0.0,,,sv_2c_cf
R12_CHN,gas_ct,2015,2020.0,M1,0.0,,,sv_2c_cf
R12_CHN,gas_ct,2015,2025.0,M1,0.0,,,sv_2c_cf
R12_CHN,gas_ct,2015,2030.0,M1,0.10501574999999999,,,sv_2c_cf
R12_CHN,gas_ct,2015,2035.0,M1,0.117517625,,,sv_2c_cf
R12_CHN,gas_ct,2015,2040.0,M1,0.0,,,sv_2c_cf
R12_CHN,gas_ct,2015,2045.0,M1,0.0,,,sv_2c_cf
R12_CHN,gas_ct,2020,2020.0,M1,0.0,,,sv_2c_cf
R12_CHN,gas_ct,2020,2025.0,M1,0.0,,,sv_2c_cf
R12_CHN,gas_ct,2020,2030.0,M1,0.07612500000000001,,,sv_2c_cf
R12_CHN,gas_ct,2020,2035.0,M1,0.0,,,sv_2c_cf
R12_CHN,gas_ct,2020,2040.0,M1,0.0,,,sv_2c_cf
R12_CHN,gas_ct,2020,2045.0,M1,0.0,,,sv_2c_cf
R12_CHN,gas_ct,2020,2050.0,M1,0.0,,,sv_2c_cf
R12_CHN,gas_ct,2025,2025.0,M1,0.0,,,sv_2c_cf
R12_CHN,gas_ct,2025,2030.0,M1,61.591992335945456,,,sv_2c_cf
R12_CHN,gas_ct,2025,2035.0,M1,54.48085817300636,,,sv_2c_cf
R12_CHN,gas_ct,2025,2040.0,M1,29.57549131665877,,,sv_2c_cf
R12_CHN,gas_ct,2025,2045.0,M1,0.0,,,sv_2c_cf
R12_CHN,gas_ct,2025,2050.0,M1,0.0,,,sv_2c_cf
R12_CHN,gas_ct,2030,2030.0,M1,38.425679257760464,,,sv_2c_cf
R12_CHN,gas_ct,2030,2035.0,M1,43.00016488368433,,,sv_2c_cf
R12_CHN,gas_ct,2030,2040.0,M1,0.0,,,sv_2c_cf
R12_CHN,gas_ct,2030,2045.0,M1,0.0,,,sv_2c_cf
R12_CHN,gas_ct,2030,2050.0,M1,0.0,,,sv_2c_cf
R12_CHN,gas_ct,2030,2055.0,M1,0.0,,,sv_2c_cf
R12_CHN,gas_ct,2035,2035.0,M1,0.0,,,sv_2c_cf
R12_CHN,gas_ct,2035,2040.0,M1,0.0,,,sv_2c_cf
R12_CHN,gas_ct,2035,2045.0,M1,0.0,,,sv_2c_cf
R12_CHN,gas_ct,2035,2050.0,M1,0.0,,,sv_2c_cf
R12_CHN,gas_ct,2035,2055.0,M1,0.0,,,sv_2c_cf
R12_CHN,gas_ct,2035,2060.0,M1,0.0,,,sv_2c_cf
R12_CHN,gas_ct,2040,2040.0,M1,0.0,,,sv_2c_cf
R12_CHN,gas_ct,2040,2045.0,M1,0.0,,,sv_2c_cf
R12_CHN,gas_ct,2040,2050.0,M1,0.0,,,sv_2c_cf
R12_CHN,gas_ct,2040,2055.0,M1,0.0,,,sv_2c_cf
R12_CHN,gas_ct,2040,2060.0,M1,0.0,,,sv_2c_cf
R12_CHN,gas_ct,2040,2070.0,M1,0.0,,,sv_2c_cf
R12_CHN,gas_ct,2045,2045.0,M1,0.0,,,sv_2c_cf
R12_CHN,gas_ct,2045,2050.0,M1,0.0,,,sv_2c_cf
R12_CHN,gas_ct,2045,2055.0,M1,0.0,,,sv_2c_cf
R12_CHN,gas_ct,2045,2060.0,M1,0.0,,,sv_2c_cf
R12_CHN,gas_ct,2045,2070.0,M1,0.0,,,sv_2c_cf
R12_CHN,gas_ct,2050,2050.0,M1,0.0,,,sv_2c_cf
R12_CHN,gas_ct,2050,2055.0,M1,0.0,,,sv_2c_cf
R12_CHN,gas_ct,2050,2060.0,M1,0.0,,,sv_2c_cf
R12_CHN,gas_ct,2050,2070.0,M1,0.0,,,sv_2c_cf
R12_CHN,gas_ct,2050,2080.0,M1,0.0,,,sv_2c_cf
R12_CHN,gas_ct,2055,2055.0,M1,0.0,,,sv_2c_cf
R12_CHN,gas_ct,2055,2060.0,M1,0.0,,,sv_2c_cf
R12_CHN,gas_ct,2055,2070.0,M1,0.0,,,sv_2c_cf
R12_CHN,gas_ct,2055,2080.0,M1,0.0,,,sv_2c_cf
R12_CHN,gas_ct,2060,2060.0,M1,0.0,,,sv_2c_cf
R12_CHN,gas_ct,2060,2070.0,M1,0.0,,,sv_2c_cf
R12_CHN,gas_ct,2060,2080.0,M1,0.0,,,sv_2c_cf
R12_CHN,gas_ct,2060,2090.0,M1,0.0,,,sv_2c_cf
R12_CHN,gas_ct,2070,2070.0,M1,0.0,,,sv_2c_cf
R12_CHN,gas_ct,2070,2080.0,M1,0.0,,,sv_2c_cf
R12_CHN,gas_ct,2070,2090.0,M1,0.0,,,sv_2c_cf
R12_CHN,gas_ct,2080,2080.0,M1,0.0,,,sv_2c_cf
R12_CHN,gas_ct,2080,2090.0,M1,0.0,,,sv_2c_cf
R12_CHN,gas_ct,2080,2100.0,M1,0.0,,,sv_2c_cf
R12_CHN,gas_ct,2090,2090.0,M1,0.0,,,sv_2c_cf
R12_CHN,gas_ct,2090,2100.0,M1,0.0,,,sv_2c_cf
R12_CHN,gas_ct,2090,2110.0,M1,0.0,,,sv_2c_cf
R12_CHN,gas_ct,2100,2100.0,M1,0.0,,,sv_2c_cf
R12_CHN,gas_ct,2100,2110.0,M1,0.0,,,sv_2c_cf
R12_CHN,gas_ct,2110,2110.0,M1,0.0,,,sv_2c_cf
R12_CHN,gas_ppl,1970,1970.0,M1,0.0,,,sv_2c_cf
R12_CHN,gas_ppl,1970,1975.0,M1,0.0,,,sv_2c_cf
R12_CHN,gas_ppl,1970,1980.0,M1,0.0,,,sv_2c_cf
R12_CHN,gas_ppl,1970,1985.0,M1,0.0,,,sv_2c_cf
R12_CHN,gas_ppl,1970,1990.0,M1,0.0,,,sv_2c_cf
R12_CHN,gas_ppl,1970,1995.0,M1,0.0,,,sv_2c_cf
R12_CHN,gas_ppl,1970,2000.0,M1,0.0,,,sv_2c_cf
R12_CHN,gas_ppl,1970,2005.0,M1,0.0,,,sv_2c_cf
R12_CHN,gas_ppl,1970,2010.0,M1,0.0,,,sv_2c_cf
R12_CHN,gas_ppl,1970,2015.0,M1,0.0,,,sv_2c_cf
R12_CHN,gas_ppl,1970,2020.0,M1,0.0,,,sv_2c_cf
R12_CHN,gas_ppl,1970,2025.0,M1,0.0,,,sv_2c_cf
R12_CHN,gas_ppl,1975,1975.0,M1,0.0,,,sv_2c_cf
R12_CHN,gas_ppl,1975,1980.0,M1,0.0,,,sv_2c_cf
R12_CHN,gas_ppl,1975,1985.0,M1,0.0,,,sv_2c_cf
R12_CHN,gas_ppl,1975,1990.0,M1,0.0,,,sv_2c_cf
R12_CHN,gas_ppl,1975,1995.0,M1,0.0,,,sv_2c_cf
R12_CHN,gas_ppl,1975,2000.0,M1,0.0,,,sv_2c_cf
R12_CHN,gas_ppl,1975,2005.0,M1,0.0,,,sv_2c_cf
R12_CHN,gas_ppl,1975,2010.0,M1,0.0,,,sv_2c_cf
R12_CHN,gas_ppl,1975,2015.0,M1,0.0,,,sv_2c_cf
R12_CHN,gas_ppl,1975,2020.0,M1,0.0,,,sv_2c_cf
R12_CHN,gas_ppl,1975,2025.0,M1,0.0,,,sv_2c_cf
R12_CHN,gas_ppl,1980,1980.0,M1,0.0,,,sv_2c_cf
R12_CHN,gas_ppl,1980,1985.0,M1,0.0,,,sv_2c_cf
R12_CHN,gas_ppl,1980,1990.0,M1,0.0,,,sv_2c_cf
R12_CHN,gas_ppl,1980,1995.0,M1,0.0,,,sv_2c_cf
R12_CHN,gas_ppl,1980,2000.0,M1,0.0,,,sv_2c_cf
R12_CHN,gas_ppl,1980,2005.0,M1,0.0,,,sv_2c_cf
R12_CHN,gas_ppl,1980,2010.0,M1,0.0,,,sv_2c_cf
R12_CHN,gas_ppl,1980,2015.0,M1,0.0,,,sv_2c_cf
R12_CHN,gas_ppl,1980,2020.0,M1,0.0,,,sv_2c_cf
R12_CHN,gas_ppl,1980,2025.0,M1,0.0,,,sv_2c_cf
R12_CHN,gas_ppl,1980,2030.0,M1,0.0,,,sv_2c_cf
R12_CHN,gas_ppl,1985,1985.0,M1,0.0,,,sv_2c_cf
R12_CHN,gas_ppl,1985,1990.0,M1,0.0,,,sv_2c_cf
R12_CHN,gas_ppl,1985,1995.0,M1,0.0,,,sv_2c_cf
R12_CHN,gas_ppl,1985,2000.0,M1,0.0,,,sv_2c_cf
R12_CHN,gas_ppl,1985,2005.0,M1,0.0,,,sv_2c_cf
R12_CHN,gas_ppl,1985,2010.0,M1,0.0,,,sv_2c_cf
R12_CHN,gas_ppl,1985,2015.0,M1,0.0,,,sv_2c_cf
R12_CHN,gas_ppl,1985,2020.0,M1,0.0,,,sv_2c_cf
R12_CHN,gas_ppl,1985,2025.0,M1,0.0,,,sv_2c_cf
R12_CHN,gas_ppl,1985,2030.0,M1,0.0,,,sv_2c_cf
R12_CHN,gas_ppl,1990,1990.0,M1,0.0,,,sv_2c_cf
R12_CHN,gas_ppl,1990,1995.0,M1,0.0,,,sv_2c_cf
R12_CHN,gas_ppl,1990,2000.0,M1,0.0,,,sv_2c_cf
R12_CHN,gas_ppl,1990,2005.0,M1,0.0,,,sv_2c_cf
R12_CHN,gas_ppl,1990,2010.0,M1,0.0,,,sv_2c_cf
R12_CHN,gas_ppl,1990,2015.0,M1,0.0,,,sv_2c_cf
R12_CHN,gas_ppl,1990,2020.0,M1,0.0,,,sv_2c_cf
R12_CHN,gas_ppl,1990,2025.0,M1,0.0,,,sv_2c_cf
R12_CHN,gas_ppl,1990,2030.0,M1,0.0,,,sv_2c_cf
R12_CHN,gas_ppl,1990,2035.0,M1,0.0,,,sv_2c_cf
R12_CHN,gas_ppl,1995,1995.0,M1,0.0,,,sv_2c_cf
R12_CHN,gas_ppl,1995,2000.0,M1,0.0,,,sv_2c_cf
R12_CHN,gas_ppl,1995,2005.0,M1,0.0,,,sv_2c_cf
R12_CHN,gas_ppl,1995,2010.0,M1,0.0,,,sv_2c_cf
R12_CHN,gas_ppl,1995,2015.0,M1,0.0,,,sv_2c_cf
R12_CHN,gas_ppl,1995,2020.0,M1,0.0,,,sv_2c_cf
R12_CHN,gas_ppl,1995,2025.0,M1,0.0,,,sv_2c_cf
R12_CHN,gas_ppl,1995,2030.0,M1,0.0,,,sv_2c_cf
R12_CHN,gas_ppl,1995,2035.0,M1,0.0,,,sv_2c_cf
R12_CHN,gas_ppl,2000,2000.0,M1,0.0,,,sv_2c_cf
R12_CHN,gas_ppl,2000,2005.0,M1,0.0,,,sv_2c_cf
R12_CHN,gas_ppl,2000,2010.0,M1,0.0,,,sv_2c_cf
R12_CHN,gas_ppl,2000,2015.0,M1,0.0,,,sv_2c_cf
R12_CHN,gas_ppl,2000,2020.0,M1,0.0,,,sv_2c_cf
R12_CHN,gas_ppl,2000,2025.0,M1,0.0,,,sv_2c_cf
R12_CHN,gas_ppl,2000,2030.0,M1,0.0,,,sv_2c_cf
R12_CHN,gas_ppl,2000,2035.0,M1,0.0,,,sv_2c_cf
R12_CHN,gas_ppl,2000,2040.0,M1,0.0,,,sv_2c_cf
R12_CHN,gas_ppl,2005,2005.0,M1,0.0,,,sv_2c_cf
R12_CHN,gas_ppl,2005,2010.0,M1,0.0,,,sv_2c_cf
R12_CHN,gas_ppl,2005,2015.0,M1,0.0,,,sv_2c_cf
R12_CHN,gas_ppl,2005,2020.0,M1,0.0,,,sv_2c_cf
R12_CHN,gas_ppl,2005,2025.0,M1,0.0,,,sv_2c_cf
R12_CHN,gas_ppl,2005,2030.0,M1,0.0,,,sv_2c_cf
R12_CHN,gas_ppl,2005,2035.0,M1,0.0,,,sv_2c_cf
R12_CHN,gas_ppl,2005,2040.0,M1,0.0,,,sv_2c_cf
R12_CHN,gas_ppl,2010,2010.0,M1,0.0,,,sv_2c_cf
R12_CHN,gas_ppl,2010,2015.0,M1,0.0,,,sv_2c_cf
R12_CHN,gas_ppl,2010,2020.0,M1,0.0,,,sv_2c_cf
R12_CHN,gas_ppl,2010,2025.0,M1,0.0,,,sv_2c_cf
R12_CHN,gas_ppl,2010,2030.0,M1,0.0,,,sv_2c_cf
R12_CHN,gas_ppl,2010,2035.0,M1,0.0,,,sv_2c_cf
R12_CHN,gas_ppl,2010,2040.0,M1,0.0,,,sv_2c_cf
R12_CHN,gas_ppl,2010,2045.0,M1,0.0,,,sv_2c_cf
R12_CHN,gas_ppl,2015,2015.0,M1,0.0,,,sv_2c_cf
R12_CHN,gas_ppl,2015,2020.0,M1,0.0,,,sv_2c_cf
R12_CHN,gas_ppl,2015,2025.0,M1,0.0,,,sv_2c_cf
R12_CHN,gas_ppl,2015,2030.0,M1,0.0,,,sv_2c_cf
R12_CHN,gas_ppl,2015,2035.0,M1,0.0,,,sv_2c_cf
R12_CHN,gas_ppl,2015,2040.0,M1,0.0,,,sv_2c_cf
R12_CHN,gas_ppl,2015,2045.0,M1,0.0,,,sv_2c_cf
R12_CHN,gas_ppl,2020,2020.0,M1,0.0,,,sv_2c_cf
R12_CHN,gas_ppl,2020,2025.0,M1,0.0,,,sv_2c_cf
R12_CHN,gas_ppl,2020,2030.0,M1,0.0,,,sv_2c_cf
R12_CHN,gas_ppl,2020,2035.0,M1,0.0,,,sv_2c_cf
R12_CHN,gas_ppl,2020,2040.0,M1,0.0,,,sv_2c_cf
R12_CHN,gas_ppl,2020,2045.0,M1,0.0,,,sv_2c_cf
R12_CHN,gas_ppl,2020,2050.0,M1,0.0,,,sv_2c_cf
R12_CHN,gas_ppl,2025,2025.0,M1,0.0,,,sv_2c_cf
R12_CHN,gas_ppl,2025,2030.0,M1,0.0,,,sv_2c_cf
R12_CHN,gas_ppl,2025,2035.0,M1,0.0,,,sv_2c_cf
R12_CHN,gas_ppl,2025,2040.0,M1,0.0,,,sv_2c_cf
R12_CHN,gas_ppl,2025,2045.0,M1,0.0,,,sv_2c_cf
R12_CHN,gas_ppl,2025,2050.0,M1,0.0,,,sv_2c_cf
R12_CHN,gas_ppl,2030,2030.0,M1,0.0,,,sv_2c_cf
R12_CHN,gas_ppl,2030,2035.0,M1,0.0,,,sv_2c_cf
R12_CHN,gas_ppl,2030,2040.0,M1,0.0,,,sv_2c_cf
R12_CHN,gas_ppl,2030,2045.0,M1,0.0,,,sv_2c_cf
R12_CHN,gas_ppl,2030,2050.0,M1,0.0,,,sv_2c_cf
R12_CHN,gas_ppl,2030,2055.0,M1,0.0,,,sv_2c_cf
R12_CHN,gas_ppl,2035,2035.0,M1,0.0,,,sv_2c_cf
R12_CHN,gas_ppl,2035,2040.0,M1,0.0,,,sv_2c_cf
R12_CHN,gas_ppl,2035,2045.0,M1,0.0,,,sv_2c_cf
R12_CHN,gas_ppl,2035,2050.0,M1,0.0,,,sv_2c_cf
R12_CHN,gas_ppl,2035,2055.0,M1,0.0,,,sv_2c_cf
R12_CHN,gas_ppl,2035,2060.0,M1,0.0,,,sv_2c_cf
R12_CHN,gas_ppl,2040,2040.0,M1,0.0,,,sv_2c_cf
R12_CHN,gas_ppl,2040,2045.0,M1,0.0,,,sv_2c_cf
R12_CHN,gas_ppl,2040,2050.0,M1,0.0,,,sv_2c_cf
R12_CHN,gas_ppl,2040,2055.0,M1,0.0,,,sv_2c_cf
R12_CHN,gas_ppl,2040,2060.0,M1,0.0,,,sv_2c_cf
R12_CHN,gas_ppl,2040,2070.0,M1,0.0,,,sv_2c_cf
R12_CHN,gas_ppl,2045,2045.0,M1,0.0,,,sv_2c_cf
R12_CHN,gas_ppl,2045,2050.0,M1,0.0,,,sv_2c_cf
R12_CHN,gas_ppl,2045,2055.0,M1,0.0,,,sv_2c_cf
R12_CHN,gas_ppl,2045,2060.0,M1,0.0,,,sv_2c_cf
R12_CHN,gas_ppl,2045,2070.0,M1,0.0,,,sv_2c_cf
R12_CHN,gas_ppl,2050,2050.0,M1,0.0,,,sv_2c_cf
R12_CHN,gas_ppl,2050,2055.0,M1,0.0,,,sv_2c_cf
R12_CHN,gas_ppl,2050,2060.0,M1,0.0,,,sv_2c_cf
R12_CHN,gas_ppl,2050,2070.0,M1,0.0,,,sv_2c_cf
R12_CHN,gas_ppl,2050,2080.0,M1,0.0,,,sv_2c_cf
R12_CHN,gas_ppl,2055,2055.0,M1,0.0,,,sv_2c_cf
R12_CHN,gas_ppl,2055,2060.0,M1,0.0,,,sv_2c_cf
R12_CHN,gas_ppl,2055,2070.0,M1,0.0,,,sv_2c_cf
R12_CHN,gas_ppl,2055,2080.0,M1,0.0,,,sv_2c_cf
R12_CHN,gas_ppl,2060,2060.0,M1,0.0,,,sv_2c_cf
R12_CHN,gas_ppl,2060,2070.0,M1,0.0,,,sv_2c_cf
R12_CHN,gas_ppl,2060,2080.0,M1,0.0,,,sv_2c_cf
R12_CHN,gas_ppl,2060,2090.0,M1,0.0,,,sv_2c_cf
R12_CHN,gas_ppl,2070,2070.0,M1,0.0,,,sv_2c_cf
R12_CHN,gas_ppl,2070,2080.0,M1,0.0,,,sv_2c_cf
R12_CHN,gas_ppl,2070,2090.0,M1,0.0,,,sv_2c_cf
R12_CHN,gas_ppl,2080,2080.0,M1,0.0,,,sv_2c_cf
R12_CHN,gas_ppl,2080,2090.0,M1,0.0,,,sv_2c_cf
R12_CHN,gas_ppl,2080,2100.0,M1,0.0,,,sv_2c_cf
R12_CHN,gas_ppl,2090,2090.0,M1,0.0,,,sv_2c_cf
R12_CHN,gas_ppl,2090,2100.0,M1,0.0,,,sv_2c_cf
R12_CHN,gas_ppl,2090,2110.0,M1,0.0,,,sv_2c_cf
R12_CHN,gas_ppl,2100,2100.0,M1,0.0,,,sv_2c_cf
R12_CHN,gas_ppl,2100,2110.0,M1,0.0,,,sv_2c_cf
R12_CHN,gas_ppl,2110,2110.0,M1,0.0,,,sv_2c_cf
R12_CHN,igcc,2010,2010.0,M1,0.0,0.0,890.72,sv_2c_cf
R12_CHN,igcc,2010,2015.0,M1,0.0,,890.72,sv_2c_cf
R12_CHN,igcc,2010,2020.0,M1,0.0,,890.72,sv_2c_cf
R12_CHN,igcc,2010,2025.0,M1,0.0,,890.72,sv_2c_cf
R12_CHN,igcc,2010,2030.0,M1,0.0,0.0,890.72,sv_2c_cf
R12_CHN,igcc,2010,2035.0,M1,0.0,0.0,890.72,sv_2c_cf
R12_CHN,igcc,2015,2015.0,M1,0.0,0.0,890.72,sv_2c_cf
R12_CHN,igcc,2015,2020.0,M1,0.0,,890.72,sv_2c_cf
R12_CHN,igcc,2015,2025.0,M1,0.0,,890.72,sv_2c_cf
R12_CHN,igcc,2015,2030.0,M1,0.0,0.0,890.72,sv_2c_cf
R12_CHN,igcc,2015,2035.0,M1,0.0,0.0,890.72,sv_2c_cf
R12_CHN,igcc,2015,2040.0,M1,0.0,0.0,890.72,sv_2c_cf
R12_CHN,igcc,2020,2020.0,M1,0.0,0.0,891.0,sv_2c_cf
R12_CHN,igcc,2020,2025.0,M1,0.0,,891.0,sv_2c_cf
R12_CHN,igcc,2020,2030.0,M1,0.0,0.0,891.0,sv_2c_cf
R12_CHN,igcc,2020,2035.0,M1,0.0,0.0,891.0,sv_2c_cf
R12_CHN,igcc,2020,2040.0,M1,0.0,0.0,891.0,sv_2c_cf
R12_CHN,igcc,2020,2045.0,M1,0.0,0.0,891.0,sv_2c_cf
R12_CHN,igcc,2025,2025.0,M1,0.0,0.0,891.0,sv_2c_cf
R12_CHN,igcc,2025,2030.0,M1,0.0,0.0,891.0,sv_2c_cf
R12_CHN,igcc,2025,2035.0,M1,0.0,0.0,891.0,sv_2c_cf
R12_CHN,igcc,2025,2040.0,M1,0.0,0.0,891.0,sv_2c_cf
R12_CHN,igcc,2025,2045.0,M1,0.0,0.0,891.0,sv_2c_cf
R12_CHN,igcc,2025,2050.0,M1,0.0,0.0,891.0,sv_2c_cf
R12_CHN,igcc,2030,2030.0,M1,0.0,0.0,908.6548057246912,sv_2c_cf
R12_CHN,igcc,2030,2035.0,M1,0.0,0.0,908.6548057246912,sv_2c_cf
R12_CHN,igcc,2030,2040.0,M1,0.0,0.0,908.6548057246912,sv_2c_cf
R12_CHN,igcc,2030,2045.0,M1,0.0,0.0,908.6548057246912,sv_2c_cf
R12_CHN,igcc,2030,2050.0,M1,0.0,0.0,908.6548057246912,sv_2c_cf
R12_CHN,igcc,2030,2055.0,M1,0.0,0.0,908.6548057246912,sv_2c_cf
R12_CHN,igcc,2035,2035.0,M1,0.0,0.0,922.5341344455016,sv_2c_cf
R12_CHN,igcc,2035,2040.0,M1,0.0,0.0,922.5341344455016,sv_2c_cf
R12_CHN,igcc,2035,2045.0,M1,0.0,0.0,922.5341344455016,sv_2c_cf
R12_CHN,igcc,2035,2050.0,M1,0.0,0.0,922.5341344455016,sv_2c_cf
R12_CHN,igcc,2035,2055.0,M1,0.0,0.0,922.5341344455016,sv_2c_cf
R12_CHN,igcc,2035,2060.0,M1,0.0,0.0,922.5341344455016,sv_2c_cf
R12_CHN,igcc,2040,2040.0,M1,0.0,0.0,925.554797533371,sv_2c_cf
R12_CHN,igcc,2040,2045.0,M1,0.0,0.0,925.554797533371,sv_2c_cf
R12_CHN,igcc,2040,2050.0,M1,0.0,0.0,925.554797533371,sv_2c_cf
R12_CHN,igcc,2040,2055.0,M1,0.0,0.0,925.554797533371,sv_2c_cf
R12_CHN,igcc,2040,2060.0,M1,0.0,0.0,925.554797533371,sv_2c_cf
R12_CHN,igcc,2040,2070.0,M1,0.0,0.0,925.554797533371,sv_2c_cf
R12_CHN,igcc,2045,2045.0,M1,0.0,0.0,933.8381995493356,sv_2c_cf
R12_CHN,igcc,2045,2050.0,M1,0.0,0.0,933.8381995493356,sv_2c_cf
R12_CHN,igcc,2045,2055.0,M1,0.0,0.0,933.8381995493356,sv_2c_cf
R12_CHN,igcc,2045,2060.0,M1,0.0,0.0,933.8381995493356,sv_2c_cf
R12_CHN,igcc,2045,2070.0,M1,0.0,0.0,933.8381995493356,sv_2c_cf
R12_CHN,igcc,2050,2050.0,M1,0.0,0.0,947.7218827947911,sv_2c_cf
R12_CHN,igcc,2050,2055.0,M1,0.0,0.0,947.7218827947911,sv_2c_cf
R12_CHN,igcc,2050,2060.0,M1,0.0,0.0,947.7218827947911,sv_2c_cf
R12_CHN,igcc,2050,2070.0,M1,0.0,0.0,947.7218827947911,sv_2c_cf
R12_CHN,igcc,2050,2080.0,M1,0.0,0.0,947.7218827947911,sv_2c_cf
R12_CHN,igcc,2055,2055.0,M1,0.0,0.0,963.2268256092744,sv_2c_cf
R12_CHN,igcc,2055,2060.0,M1,0.0,0.0,963.2268256092744,sv_2c_cf
R12_CHN,igcc,2055,2070.0,M1,0.0,0.0,963.2268256092744,sv_2c_cf
R12_CHN,igcc,2055,2080.0,M1,0.0,0.0,963.2268256092744,sv_2c_cf
R12_CHN,igcc,2060,2060.0,M1,0.0,0.0,985.5746584684226,sv_2c_cf
R12_CHN,igcc,2060,2070.0,M1,0.0,0.0,985.5746584684226,sv_2c_cf
R12_CHN,igcc,2060,2080.0,M1,0.0,0.0,985.5746584684226,sv_2c_cf
R12_CHN,igcc,2060,2090.0,M1,0.0,0.0,985.5746584684226,sv_2c_cf
R12_CHN,igcc,2070,2070.0,M1,0.0,0.0,1037.0714043931946,sv_2c_cf
R12_CHN,igcc,2070,2080.0,M1,0.0,0.0,1037.0714043931946,sv_2c_cf
R12_CHN,igcc,2070,2090.0,M1,0.0,0.0,1037.0714043931946,sv_2c_cf
R12_CHN,igcc,2080,2080.0,M1,0.0,0.0,1078.356143976155,sv_2c_cf
R12_CHN,igcc,2080,2090.0,M1,0.0,0.0,1078.356143976155,sv_2c_cf
R12_CHN,igcc,2080,2100.0,M1,0.0,0.0,1078.356143976155,sv_2c_cf
R12_CHN,igcc,2090,2090.0,M1,0.0,0.0,1114.4317210041932,sv_2c_cf
R12_CHN,igcc,2090,2100.0,M1,0.0,0.0,1114.4317210041932,sv_2c_cf
R12_CHN,igcc,2090,2110.0,M1,0.0,0.0,1114.4317210041932,sv_2c_cf
R12_CHN,igcc,2100,2100.0,M1,0.0,0.0,1145.0823008310808,sv_2c_cf
R12_CHN,igcc,2100,2110.0,M1,0.0,0.0,1145.0823008310808,sv_2c_cf
R12_CHN,igcc,2110,2110.0,M1,0.0,0.0,1145.0823008310808,sv_2c_cf
R12_CHN,igcc_ccs,2030,2030.0,M1,0.0,0.0,2843.5503319311647,sv_2c_cf
R12_CHN,igcc_ccs,2030,2035.0,M1,0.0,0.0,2843.5503319311647,sv_2c_cf
R12_CHN,igcc_ccs,2030,2040.0,M1,0.0,0.0,2843.5503319311647,sv_2c_cf
R12_CHN,igcc_ccs,2030,2045.0,M1,0.0,0.0,2843.5503319311647,sv_2c_cf
R12_CHN,igcc_ccs,2030,2050.0,M1,0.0,0.0,2843.5503319311647,sv_2c_cf
R12_CHN,igcc_ccs,2030,2055.0,M1,0.0,0.0,2843.5503319311647,sv_2c_cf
R12_CHN,igcc_ccs,2035,2035.0,M1,0.0,0.0,2791.5379358540617,sv_2c_cf
R12_CHN,igcc_ccs,2035,2040.0,M1,0.0,0.0,2791.5379358540617,sv_2c_cf
R12_CHN,igcc_ccs,2035,2045.0,M1,0.0,0.0,2791.5379358540617,sv_2c_cf
R12_CHN,igcc_ccs,2035,2050.0,M1,0.0,0.0,2791.5379358540617,sv_2c_cf
R12_CHN,igcc_ccs,2035,2055.0,M1,0.0,0.0,2791.5379358540617,sv_2c_cf
R12_CHN,igcc_ccs,2035,2060.0,M1,0.0,0.0,2791.5379358540617,sv_2c_cf
R12_CHN,igcc_ccs,2040,2040.0,M1,0.0,0.0,2737.17172452401,sv_2c_cf
R12_CHN,igcc_ccs,2040,2045.0,M1,0.0,0.0,2737.17172452401,sv_2c_cf
R12_CHN,igcc_ccs,2040,2050.0,M1,0.0,0.0,2737.17172452401,sv_2c_cf
R12_CHN,igcc_ccs,2040,2055.0,M1,0.0,0.0,2737.17172452401,sv_2c_cf
R12_CHN,igcc_ccs,2040,2060.0,M1,0.0,0.0,2737.17172452401,sv_2c_cf
R12_CHN,igcc_ccs,2040,2070.0,M1,0.0,0.0,2737.17172452401,sv_2c_cf
R12_CHN,igcc_ccs,2045,2045.0,M1,0.0,0.0,2702.871524225099,sv_2c_cf
R12_CHN,igcc_ccs,2045,2050.0,M1,0.0,0.0,2702.871524225099,sv_2c_cf
R12_CHN,igcc_ccs,2045,2055.0,M1,0.0,0.0,2702.871524225099,sv_2c_cf
R12_CHN,igcc_ccs,2045,2060.0,M1,0.0,0.0,2702.871524225099,sv_2c_cf
R12_CHN,igcc_ccs,2045,2070.0,M1,0.0,0.0,2702.871524225099,sv_2c_cf
R12_CHN,igcc_ccs,2050,2050.0,M1,0.0,0.0,2686.817440216417,sv_2c_cf
R12_CHN,igcc_ccs,2050,2055.0,M1,0.0,0.0,2686.817440216417,sv_2c_cf
R12_CHN,igcc_ccs,2050,2060.0,M1,0.0,0.0,2686.817440216417,sv_2c_cf
R12_CHN,igcc_ccs,2050,2070.0,M1,0.0,0.0,2686.817440216417,sv_2c_cf
R12_CHN,igcc_ccs,2050,2080.0,M1,0.0,0.0,2686.817440216417,sv_2c_cf
R12_CHN,igcc_ccs,2055,2055.0,M1,0.0,0.0,2680.869151011246,sv_2c_cf
R12_CHN,igcc_ccs,2055,2060.0,M1,0.0,0.0,2680.869151011246,sv_2c_cf
R12_CHN,igcc_ccs,2055,2070.0,M1,0.0,0.0,2680.869151011246,sv_2c_cf
R12_CHN,igcc_ccs,2055,2080.0,M1,0.0,0.0,2680.869151011246,sv_2c_cf
R12_CHN,igcc_ccs,2060,2060.0,M1,0.0,0.0,2691.7326491003814,sv_2c_cf
R12_CHN,igcc_ccs,2060,2070.0,M1,0.0,0.0,2691.7326491003814,sv_2c_cf
R12_CHN,igcc_ccs,2060,2080.0,M1,0.0,0.0,2691.7326491003814,sv_2c_cf
R12_CHN,igcc_ccs,2060,2090.0,M1,0.0,0.0,2691.7326491003814,sv_2c_cf
R12_CHN,igcc_ccs,2070,2070.0,M1,0.0,0.0,2737.7193971289903,sv_2c_cf
R12_CHN,igcc_ccs,2070,2080.0,M1,0.0,0.0,2737.7193971289903,sv_2c_cf
R12_CHN,igcc_ccs,2070,2090.0,M1,0.0,0.0,2737.7193971289903,sv_2c_cf
R12_CHN,igcc_ccs,2080,2080.0,M1,0.0,0.0,2780.214571741419,sv_2c_cf
R12_CHN,igcc_ccs,2080,2090.0,M1,0.0,0.0,2780.214571741419,sv_2c_cf
R12_CHN,igcc_ccs,2080,2100.0,M1,0.0,0.0,2780.214571741419,sv_2c_cf
R12_CHN,igcc_ccs,2090,2090.0,M1,0.0,0.0,2822.5733680124176,sv_2c_cf
R12_CHN,igcc_ccs,2090,2100.0,M1,0.0,0.0,2822.5733680124176,sv_2c_cf
R12_CHN,igcc_ccs,2090,2110.0,M1,0.0,0.0,2822.5733680124176,sv_2c_cf
R12_CHN,igcc_ccs,2100,2100.0,M1,0.0,0.0,2861.563485025729,sv_2c_cf
R12_CHN,igcc_ccs,2100,2110.0,M1,0.0,0.0,2861.563485025729,sv_2c_cf
R12_CHN,igcc_ccs,2110,2110.0,M1,0.0,0.0,2861.563485025729,sv_2c_cf
R12_PAS,coal_adv,1995,1995.0,M1,0.0,0.0,971.7,sv_2c_cf
R12_PAS,coal_adv,1995,1995.0,M2,0.0,0.0,971.7,sv_2c_cf
R12_PAS,coal_adv,1995,2000.0,M1,0.0,,971.7,sv_2c_cf
R12_PAS,coal_adv,1995,2000.0,M2,0.0,,971.7,sv_2c_cf
R12_PAS,coal_adv,1995,2005.0,M1,0.0,,971.7,sv_2c_cf
R12_PAS,coal_adv,1995,2005.0,M2,0.0,,971.7,sv_2c_cf
R12_PAS,coal_adv,1995,2010.0,M1,0.0,,971.7,sv_2c_cf
R12_PAS,coal_adv,1995,2010.0,M2,0.0,,971.7,sv_2c_cf
R12_PAS,coal_adv,1995,2015.0,M1,0.0,,971.7,sv_2c_cf
R12_PAS,coal_adv,1995,2015.0,M2,0.0,,971.7,sv_2c_cf
R12_PAS,coal_adv,1995,2020.0,M1,0.0,,971.7,sv_2c_cf
R12_PAS,coal_adv,1995,2020.0,M2,0.0,,971.7,sv_2c_cf
R12_PAS,coal_adv,1995,2025.0,M1,0.0,,971.7,sv_2c_cf
R12_PAS,coal_adv,1995,2025.0,M2,0.0,,971.7,sv_2c_cf
R12_PAS,coal_adv,2000,2000.0,M1,0.0,0.0,971.7,sv_2c_cf
R12_PAS,coal_adv,2000,2000.0,M2,0.0,0.0,971.7,sv_2c_cf
R12_PAS,coal_adv,2000,2005.0,M1,0.0,,971.7,sv_2c_cf
R12_PAS,coal_adv,2000,2005.0,M2,0.0,,971.7,sv_2c_cf
R12_PAS,coal_adv,2000,2010.0,M1,0.0,,971.7,sv_2c_cf
R12_PAS,coal_adv,2000,2010.0,M2,0.0,,971.7,sv_2c_cf
R12_PAS,coal_adv,2000,2015.0,M1,0.0,,971.7,sv_2c_cf
R12_PAS,coal_adv,2000,2015.0,M2,0.0,,971.7,sv_2c_cf
R12_PAS,coal_adv,2000,2020.0,M1,0.0,,971.7,sv_2c_cf
R12_PAS,coal_adv,2000,2020.0,M2,0.0,,971.7,sv_2c_cf
R12_PAS,coal_adv,2000,2025.0,M1,0.0,,971.7,sv_2c_cf
R12_PAS,coal_adv,2000,2025.0,M2,0.0,,971.7,sv_2c_cf
R12_PAS,coal_adv,2005,2005.0,M1,0.0,0.0,971.7,sv_2c_cf
R12_PAS,coal_adv,2005,2005.0,M2,0.0,0.0,971.7,sv_2c_cf
R12_PAS,coal_adv,2005,2010.0,M1,0.0,,971.7,sv_2c_cf
R12_PAS,coal_adv,2005,2010.0,M2,0.0,,971.7,sv_2c_cf
R12_PAS,coal_adv,2005,2015.0,M1,0.0,,971.7,sv_2c_cf
R12_PAS,coal_adv,2005,2015.0,M2,0.0,,971.7,sv_2c_cf
R12_PAS,coal_adv,2005,2020.0,M1,0.0,,971.7,sv_2c_cf
R12_PAS,coal_adv,2005,2020.0,M2,0.0,,971.7,sv_2c_cf
R12_PAS,coal_adv,2005,2025.0,M1,0.0,,971.7,sv_2c_cf
R12_PAS,coal_adv,2005,2025.0,M2,0.0,,971.7,sv_2c_cf
R12_PAS,coal_adv,2005,2030.0,M1,4.430700000000001,5.4,971.7,sv_2c_cf
R12_PAS,coal_adv,2005,2030.0,M2,0.0,5.4,971.7,sv_2c_cf
R12_PAS,coal_adv,2010,2010.0,M1,0.0,0.0,971.7,sv_2c_cf
R12_PAS,coal_adv,2010,2010.0,M2,0.0,0.0,971.7,sv_2c_cf
R12_PAS,coal_adv,2010,2015.0,M1,0.0,,971.7,sv_2c_cf
R12_PAS,coal_adv,2010,2015.0,M2,0.0,,971.7,sv_2c_cf
R12_PAS,coal_adv,2010,2020.0,M1,0.0,,971.7,sv_2c_cf
R12_PAS,coal_adv,2010,2020.0,M2,0.0,,971.7,sv_2c_cf
R12_PAS,coal_adv,2010,2025.0,M1,0.0,,971.7,sv_2c_cf
R12_PAS,coal_adv,2010,2025.0,M2,0.0,,971.7,sv_2c_cf
R12_PAS,coal_adv,2010,2030.0,M1,0.0,0.0,971.7,sv_2c_cf
R12_PAS,coal_adv,2010,2030.0,M2,0.0,0.0,971.7,sv_2c_cf
R12_PAS,coal_adv,2010,2035.0,M1,0.0,0.0,971.7,sv_2c_cf
R12_PAS,coal_adv,2010,2035.0,M2,0.0,0.0,971.7,sv_2c_cf
R12_PAS,coal_adv,2015,2015.0,M1,0.0,0.0,971.7,sv_2c_cf
R12_PAS,coal_adv,2015,2015.0,M2,0.0,0.0,971.7,sv_2c_cf
R12_PAS,coal_adv,2015,2020.0,M1,0.0,,971.7,sv_2c_cf
R12_PAS,coal_adv,2015,2020.0,M2,0.0,,971.7,sv_2c_cf
R12_PAS,coal_adv,2015,2025.0,M1,0.0,,971.7,sv_2c_cf
R12_PAS,coal_adv,2015,2025.0,M2,0.0,,971.7,sv_2c_cf
R12_PAS,coal_adv,2015,2030.0,M1,3.848145,4.69,971.7,sv_2c_cf
R12_PAS,coal_adv,2015,2030.0,M2,0.0,4.69,971.7,sv_2c_cf
R12_PAS,coal_adv,2015,2035.0,M1,3.9173225000000005,4.69,971.7,sv_2c_cf
R12_PAS,coal_adv,2015,2035.0,M2,0.0,4.69,971.7,sv_2c_cf
R12_PAS,coal_adv,2015,2040.0,M1,3.9865000000000004,4.69,971.7,sv_2c_cf
R12_PAS,coal_adv,2015,2040.0,M2,0.0,4.69,971.7,sv_2c_cf
R12_PAS,coal_adv,2020,2020.0,M1,0.0,0.0,972.0,sv_2c_cf
R12_PAS,coal_adv,2020,2020.0,M2,0.0,0.0,972.0,sv_2c_cf
R12_PAS,coal_adv,2020,2025.0,M1,0.0,,972.0,sv_2c_cf
R12_PAS,coal_adv,2020,2025.0,M2,0.0,,972.0,sv_2c_cf
R12_PAS,coal_adv,2020,2030.0,M1,1.49331,1.8199999999999998,972.0,sv_2c_cf
R12_PAS,coal_adv,2020,2030.0,M2,0.0,1.8199999999999998,972.0,sv_2c_cf
R12_PAS,coal_adv,2020,2035.0,M1,1.520155,1.8199999999999998,972.0,sv_2c_cf
R12_PAS,coal_adv,2020,2035.0,M2,0.0,1.8199999999999998,972.0,sv_2c_cf
R12_PAS,coal_adv,2020,2040.0,M1,1.547,1.8199999999999998,972.0,sv_2c_cf
R12_PAS,coal_adv,2020,2040.0,M2,0.0,1.8199999999999998,972.0,sv_2c_cf
R12_PAS,coal_adv,2020,2045.0,M1,0.0,0.0,972.0,sv_2c_cf
R12_PAS,coal_adv,2020,2045.0,M2,0.0,0.0,972.0,sv_2c_cf
R12_PAS,coal_adv,2025,2025.0,M1,0.0,0.0,972.0,sv_2c_cf
R12_PAS,coal_adv,2025,2025.0,M2,0.0,0.0,972.0,sv_2c_cf
R12_PAS,coal_adv,2025,2030.0,M1,0.0,0.0,972.0,sv_2c_cf
R12_PAS,coal_adv,2025,2030.0,M2,0.0,0.0,972.0,sv_2c_cf
R12_PAS,coal_adv,2025,2035.0,M1,0.0,0.0,972.0,sv_2c_cf
R12_PAS,coal_adv,2025,2035.0,M2,0.0,0.0,972.0,sv_2c_cf
R12_PAS,coal_adv,2025,2040.0,M1,0.0,0.0,972.0,sv_2c_cf
R12_PAS,coal_adv,2025,2040.0,M2,0.0,0.0,972.0,sv_2c_cf
R12_PAS,coal_adv,2025,2045.0,M1,0.0,0.0,972.0,sv_2c_cf
R12_PAS,coal_adv,2025,2045.0,M2,0.0,0.0,972.0,sv_2c_cf
R12_PAS,coal_adv,2025,2050.0,M1,0.0,0.0,972.0,sv_2c_cf
R12_PAS,coal_adv,2025,2050.0,M2,0.0,0.0,972.0,sv_2c_cf
R12_PAS,coal_adv,2030,2030.0,M1,0.0,0.0,934.4909907853679,sv_2c_cf
R12_PAS,coal_adv,2030,2030.0,M2,0.0,0.0,934.4909907853679,sv_2c_cf
R12_PAS,coal_adv,2030,2035.0,M1,0.0,0.0,934.4909907853679,sv_2c_cf
R12_PAS,coal_adv,2030,2035.0,M2,0.0,0.0,934.4909907853679,sv_2c_cf
R12_PAS,coal_adv,2030,2040.0,M1,0.0,0.0,934.4909907853679,sv_2c_cf
R12_PAS,coal_adv,2030,2040.0,M2,0.0,0.0,934.4909907853679,sv_2c_cf
R12_PAS,coal_adv,2030,2045.0,M1,0.0,0.0,934.4909907853679,sv_2c_cf
R12_PAS,coal_adv,2030,2045.0,M2,0.0,0.0,934.4909907853679,sv_2c_cf
R12_PAS,coal_adv,2030,2050.0,M1,0.0,0.0,934.4909907853679,sv_2c_cf
R12_PAS,coal_adv,2030,2050.0,M2,0.0,0.0,934.4909907853679,sv_2c_cf
R12_PAS,coal_adv,2030,2055.0,M1,0.0,0.0,934.4909907853679,sv_2c_cf
R12_PAS,coal_adv,2030,2055.0,M2,0.0,0.0,934.4909907853679,sv_2c_cf
R12_PAS,coal_adv,2035,2035.0,M1,0.0,0.0,904.8615713800205,sv_2c_cf
R12_PAS,coal_adv,2035,2035.0,M2,0.0,0.0,904.8615713800205,sv_2c_cf
R12_PAS,coal_adv,2035,2040.0,M1,0.0,0.0,904.8615713800205,sv_2c_cf
R12_PAS,coal_adv,2035,2040.0,M2,0.0,0.0,904.8615713800205,sv_2c_cf
R12_PAS,coal_adv,2035,2045.0,M1,0.0,0.0,904.8615713800205,sv_2c_cf
R12_PAS,coal_adv,2035,2045.0,M2,0.0,0.0,904.8615713800205,sv_2c_cf
R12_PAS,coal_adv,2035,2050.0,M1,0.0,0.0,904.8615713800205,sv_2c_cf
R12_PAS,coal_adv,2035,2050.0,M2,0.0,0.0,904.8615713800205,sv_2c_cf
R12_PAS,coal_adv,2035,2055.0,M1,0.0,0.0,904.8615713800205,sv_2c_cf
R12_PAS,coal_adv,2035,2055.0,M2,0.0,0.0,904.8615713800205,sv_2c_cf
R12_PAS,coal_adv,2035,2060.0,M1,0.0,0.0,904.8615713800205,sv_2c_cf
R12_PAS,coal_adv,2035,2060.0,M2,0.0,0.0,904.8615713800205,sv_2c_cf
R12_PAS,coal_adv,2040,2040.0,M1,0.0,0.0,880.5461209258247,sv_2c_cf
R12_PAS,coal_adv,2040,2040.0,M2,0.0,0.0,880.5461209258247,sv_2c_cf
R12_PAS,coal_adv,2040,2045.0,M1,0.0,0.0,880.5461209258247,sv_2c_cf
R12_PAS,coal_adv,2040,2045.0,M2,0.0,0.0,880.5461209258247,sv_2c_cf
R12_PAS,coal_adv,2040,2050.0,M1,0.0,0.0,880.5461209258247,sv_2c_cf
R12_PAS,coal_adv,2040,2050.0,M2,0.0,0.0,880.5461209258247,sv_2c_cf
R12_PAS,coal_adv,2040,2055.0,M1,0.0,0.0,880.5461209258247,sv_2c_cf
R12_PAS,coal_adv,2040,2055.0,M2,0.0,0.0,880.5461209258247,sv_2c_cf
R12_PAS,coal_adv,2040,2060.0,M1,0.0,0.0,880.5461209258247,sv_2c_cf
R12_PAS,coal_adv,2040,2060.0,M2,0.0,0.0,880.5461209258247,sv_2c_cf
R12_PAS,coal_adv,2040,2070.0,M1,0.0,0.0,880.5461209258247,sv_2c_cf
R12_PAS,coal_adv,2040,2070.0,M2,0.0,0.0,880.5461209258247,sv_2c_cf
R12_PAS,coal_adv,2045,2045.0,M1,0.0,0.0,861.367364497406,sv_2c_cf
R12_PAS,coal_adv,2045,2045.0,M2,0.0,0.0,861.367364497406,sv_2c_cf
R12_PAS,coal_adv,2045,2050.0,M1,0.0,0.0,861.367364497406,sv_2c_cf
R12_PAS,coal_adv,2045,2050.0,M2,0.0,0.0,861.367364497406,sv_2c_cf
R12_PAS,coal_adv,2045,2055.0,M1,0.0,0.0,861.367364497406,sv_2c_cf
R12_PAS,coal_adv,2045,2055.0,M2,0.0,0.0,861.367364497406,sv_2c_cf
R12_PAS,coal_adv,2045,2060.0,M1,0.0,0.0,861.367364497406,sv_2c_cf
R12_PAS,coal_adv,2045,2060.0,M2,0.0,0.0,861.367364497406,sv_2c_cf
R12_PAS,coal_adv,2045,2070.0,M1,0.0,0.0,861.367364497406,sv_2c_cf
R12_PAS,coal_adv,2045,2070.0,M2,0.0,0.0,861.367364497406,sv_2c_cf
R12_PAS,coal_adv,2050,2050.0,M1,0.0,0.0,847.1107246493111,sv_2c_cf
R12_PAS,coal_adv,2050,2050.0,M2,0.0,0.0,847.1107246493111,sv_2c_cf
R12_PAS,coal_adv,2050,2055.0,M1,0.0,0.0,847.1107246493111,sv_2c_cf
R12_PAS,coal_adv,2050,2055.0,M2,0.0,0.0,847.1107246493111,sv_2c_cf
R12_PAS,coal_adv,2050,2060.0,M1,0.0,0.0,847.1107246493111,sv_2c_cf
R12_PAS,coal_adv,2050,2060.0,M2,0.0,0.0,847.1107246493111,sv_2c_cf
R12_PAS,coal_adv,2050,2070.0,M1,0.0,0.0,847.1107246493111,sv_2c_cf
R12_PAS,coal_adv,2050,2070.0,M2,0.0,0.0,847.1107246493111,sv_2c_cf
R12_PAS,coal_adv,2050,2080.0,M1,0.0,0.0,847.1107246493111,sv_2c_cf
R12_PAS,coal_adv,2050,2080.0,M2,0.0,0.0,847.1107246493111,sv_2c_cf
R12_PAS,coal_adv,2055,2055.0,M1,0.0,0.0,837.1821054464501,sv_2c_cf
R12_PAS,coal_adv,2055,2055.0,M2,0.0,0.0,837.1821054464501,sv_2c_cf
R12_PAS,coal_adv,2055,2060.0,M1,0.0,0.0,837.1821054464501,sv_2c_cf
R12_PAS,coal_adv,2055,2060.0,M2,0.0,0.0,837.1821054464501,sv_2c_cf
R12_PAS,coal_adv,2055,2070.0,M1,0.0,0.0,837.1821054464501,sv_2c_cf
R12_PAS,coal_adv,2055,2070.0,M2,0.0,0.0,837.1821054464501,sv_2c_cf
R12_PAS,coal_adv,2055,2080.0,M1,0.0,0.0,837.1821054464501,sv_2c_cf
R12_PAS,coal_adv,2055,2080.0,M2,0.0,0.0,837.1821054464501,sv_2c_cf
R12_PAS,coal_adv,2060,2060.0,M1,0.0,0.0,831.4416779376297,sv_2c_cf
R12_PAS,coal_adv,2060,2060.0,M2,0.0,0.0,831.4416779376297,sv_2c_cf
R12_PAS,coal_adv,2060,2070.0,M1,0.0,0.0,831.4416779376297,sv_2c_cf
R12_PAS,coal_adv,2060,2070.0,M2,0.0,0.0,831.4416779376297,sv_2c_cf
R12_PAS,coal_adv,2060,2080.0,M1,0.0,0.0,831.4416779376297,sv_2c_cf
R12_PAS,coal_adv,2060,2080.0,M2,0.0,0.0,831.4416779376297,sv_2c_cf
R12_PAS,coal_adv,2060,2090.0,M1,0.0,0.0,831.4416779376297,sv_2c_cf
R12_PAS,coal_adv,2060,2090.0,M2,0.0,0.0,831.4416779376297,sv_2c_cf
R12_PAS,coal_adv,2070,2070.0,M1,0.0,0.0,829.6113872185383,sv_2c_cf
R12_PAS,coal_adv,2070,2070.0,M2,0.0,0.0,829.6113872185383,sv_2c_cf
R12_PAS,coal_adv,2070,2080.0,M1,0.0,0.0,829.6113872185383,sv_2c_cf
R12_PAS,coal_adv,2070,2080.0,M2,0.0,0.0,829.6113872185383,sv_2c_cf
R12_PAS,coal_adv,2070,2090.0,M1,0.0,0.0,829.6113872185383,sv_2c_cf
R12_PAS,coal_adv,2070,2090.0,M2,0.0,0.0,829.6113872185383,sv_2c_cf
R12_PAS,coal_adv,2080,2080.0,M1,0.0,0.0,836.4356163737359,sv_2c_cf
R12_PAS,coal_adv,2080,2080.0,M2,0.0,0.0,836.4356163737359,sv_2c_cf
R12_PAS,coal_adv,2080,2090.0,M1,0.0,0.0,836.4356163737359,sv_2c_cf
R12_PAS,coal_adv,2080,2090.0,M2,0.0,0.0,836.4356163737359,sv_2c_cf
R12_PAS,coal_adv,2080,2100.0,M1,0.0,0.0,836.4356163737359,sv_2c_cf
R12_PAS,coal_adv,2080,2100.0,M2,0.0,0.0,836.4356163737359,sv_2c_cf
R12_PAS,coal_adv,2090,2090.0,M1,0.0,0.0,847.3450940842453,sv_2c_cf
R12_PAS,coal_adv,2090,2090.0,M2,0.0,0.0,847.3450940842453,sv_2c_cf
R12_PAS,coal_adv,2090,2100.0,M1,0.0,0.0,847.3450940842453,sv_2c_cf
R12_PAS,coal_adv,2090,2100.0,M2,0.0,0.0,847.3450940842453,sv_2c_cf
R12_PAS,coal_adv,2090,2110.0,M1,0.0,0.0,847.3450940842453,sv_2c_cf
R12_PAS,coal_adv,2090,2110.0,M2,0.0,0.0,847.3450940842453,sv_2c_cf
R12_PAS,coal_adv,2100,2100.0,M1,0.0,0.0,861.1043052483562,sv_2c_cf
R12_PAS,coal_adv,2100,2100.0,M2,0.0,0.0,861.1043052483562,sv_2c_cf
R12_PAS,coal_adv,2100,2110.0,M1,0.0,0.0,861.1043052483562,sv_2c_cf
R12_PAS,coal_adv,2100,2110.0,M2,0.0,0.0,861.1043052483562,sv_2c_cf
R12_PAS,coal_adv,2110,2110.0,M1,0.0,0.0,861.1043052483562,sv_2c_cf
R12_PAS,coal_adv,2110,2110.0,M2,0.0,0.0,861.1043052483562,sv_2c_cf
R12_PAS,coal_adv_ccs,2030,2030.0,M1,0.0,0.0,3007.156508411763,sv_2c_cf
R12_PAS,coal_adv_ccs,2030,2035.0,M1,0.0,0.0,3007.156508411763,sv_2c_cf
R12_PAS,coal_adv_ccs,2030,2040.0,M1,0.0,0.0,3007.156508411763,sv_2c_cf
R12_PAS,coal_adv_ccs,2030,2045.0,M1,0.0,0.0,3007.156508411763,sv_2c_cf
R12_PAS,coal_adv_ccs,2030,2050.0,M1,0.0,0.0,3007.156508411763,sv_2c_cf
R12_PAS,coal_adv_ccs,2030,2055.0,M1,0.0,0.0,3007.156508411763,sv_2c_cf
R12_PAS,coal_adv_ccs,2035,2035.0,M1,0.0,0.0,2886.3476435090506,sv_2c_cf
R12_PAS,coal_adv_ccs,2035,2040.0,M1,0.0,0.0,2886.3476435090506,sv_2c_cf
R12_PAS,coal_adv_ccs,2035,2045.0,M1,0.0,0.0,2886.3476435090506,sv_2c_cf
R12_PAS,coal_adv_ccs,2035,2050.0,M1,0.0,0.0,2886.3476435090506,sv_2c_cf
R12_PAS,coal_adv_ccs,2035,2055.0,M1,0.0,0.0,2886.3476435090506,sv_2c_cf
R12_PAS,coal_adv_ccs,2035,2060.0,M1,0.0,0.0,2886.3476435090506,sv_2c_cf
R12_PAS,coal_adv_ccs,2040,2040.0,M1,0.0,0.0,2788.5065473171308,sv_2c_cf
R12_PAS,coal_adv_ccs,2040,2045.0,M1,0.0,0.0,2788.5065473171308,sv_2c_cf
R12_PAS,coal_adv_ccs,2040,2050.0,M1,0.0,0.0,2788.5065473171308,sv_2c_cf
R12_PAS,coal_adv_ccs,2040,2055.0,M1,0.0,0.0,2788.5065473171308,sv_2c_cf
R12_PAS,coal_adv_ccs,2040,2060.0,M1,0.0,0.0,2788.5065473171308,sv_2c_cf
R12_PAS,coal_adv_ccs,2040,2070.0,M1,0.0,0.0,2788.5065473171308,sv_2c_cf
R12_PAS,coal_adv_ccs,2045,2045.0,M1,0.0,0.0,2710.7199233668925,sv_2c_cf
R12_PAS,coal_adv_ccs,2045,2050.0,M1,0.0,0.0,2710.7199233668925,sv_2c_cf
R12_PAS,coal_adv_ccs,2045,2055.0,M1,0.0,0.0,2710.7199233668925,sv_2c_cf
R12_PAS,coal_adv_ccs,2045,2060.0,M1,0.0,0.0,2710.7199233668925,sv_2c_cf
R12_PAS,coal_adv_ccs,2045,2070.0,M1,0.0,0.0,2710.7199233668925,sv_2c_cf
R12_PAS,coal_adv_ccs,2050,2050.0,M1,0.0,0.0,2650.5181860137377,sv_2c_cf
R12_PAS,coal_adv_ccs,2050,2055.0,M1,0.0,0.0,2650.5181860137377,sv_2c_cf
R12_PAS,coal_adv_ccs,2050,2060.0,M1,0.0,0.0,2650.5181860137377,sv_2c_cf
R12_PAS,coal_adv_ccs,2050,2070.0,M1,0.0,0.0,2650.5181860137377,sv_2c_cf
R12_PAS,coal_adv_ccs,2050,2080.0,M1,0.0,0.0,2650.5181860137377,sv_2c_cf
R12_PAS,coal_adv_ccs,2055,2055.0,M1,0.0,0.0,2605.1265208990385,sv_2c_cf
R12_PAS,coal_adv_ccs,2055,2060.0,M1,0.0,0.0,2605.1265208990385,sv_2c_cf
R12_PAS,coal_adv_ccs,2055,2070.0,M1,0.0,0.0,2605.1265208990385,sv_2c_cf
R12_PAS,coal_adv_ccs,2055,2080.0,M1,0.0,0.0,2605.1265208990385,sv_2c_cf
R12_PAS,coal_adv_ccs,2060,2060.0,M1,0.0,0.0,2572.9577274417015,sv_2c_cf
R12_PAS,coal_adv_ccs,2060,2070.0,M1,0.0,0.0,2572.9577274417015,sv_2c_cf
R12_PAS,coal_adv_ccs,2060,2080.0,M1,0.0,0.0,2572.9577274417015,sv_2c_cf
R12_PAS,coal_adv_ccs,2060,2090.0,M1,0.0,0.0,2572.9577274417015,sv_2c_cf
R12_PAS,coal_adv_ccs,2070,2070.0,M1,0.0,0.0,2538.758769385601,sv_2c_cf
R12_PAS,coal_adv_ccs,2070,2080.0,M1,0.0,0.0,2538.758769385601,sv_2c_cf
R12_PAS,coal_adv_ccs,2070,2090.0,M1,0.0,0.0,2538.758769385601,sv_2c_cf
R12_PAS,coal_adv_ccs,2080,2080.0,M1,0.0,0.0,2531.945303850548,sv_2c_cf
R12_PAS,coal_adv_ccs,2080,2090.0,M1,0.0,0.0,2531.945303850548,sv_2c_cf
R12_PAS,coal_adv_ccs,2080,2100.0,M1,0.0,0.0,2531.945303850548,sv_2c_cf
R12_PAS,coal_adv_ccs,2090,2090.0,M1,0.0,0.0,2539.92317993809,sv_2c_cf
R12_PAS,coal_adv_ccs,2090,2100.0,M1,0.0,0.0,2539.92317993809,sv_2c_cf
R12_PAS,coal_adv_ccs,2090,2110.0,M1,0.0,0.0,2539.92317993809,sv_2c_cf
R12_PAS,coal_adv_ccs,2100,2100.0,M1,0.0,0.0,2557.8183979108144,sv_2c_cf
R12_PAS,coal_adv_ccs,2100,2110.0,M1,0.0,0.0,2557.8183979108144,sv_2c_cf
R12_PAS,coal_adv_ccs,2110,2110.0,M1,0.0,0.0,2557.8183979108144,sv_2c_cf
R12_PAS,coal_ppl,1970,1970.0,M1,0.0,0.0,809.75,sv_2c_cf
R12_PAS,coal_ppl,1970,1975.0,M1,0.0,,809.75,sv_2c_cf
R12_PAS,coal_ppl,1970,1980.0,M1,0.0,,809.75,sv_2c_cf
R12_PAS,coal_ppl,1970,1985.0,M1,0.0,,809.75,sv_2c_cf
R12_PAS,coal_ppl,1970,1990.0,M1,0.0,,809.75,sv_2c_cf
R12_PAS,coal_ppl,1970,1995.0,M1,0.0,,809.75,sv_2c_cf
R12_PAS,coal_ppl,1970,2000.0,M1,0.0,,809.75,sv_2c_cf
R12_PAS,coal_ppl,1970,2005.0,M1,0.0,,809.75,sv_2c_cf
R12_PAS,coal_ppl,1970,2010.0,M1,0.0,,809.75,sv_2c_cf
R12_PAS,coal_ppl,1970,2015.0,M1,0.0,,809.75,sv_2c_cf
R12_PAS,coal_ppl,1970,2020.0,M1,0.0,,809.75,sv_2c_cf
R12_PAS,coal_ppl,1970,2025.0,M1,0.0,,809.75,sv_2c_cf
R12_PAS,coal_ppl,1975,1975.0,M1,0.0,0.0,809.75,sv_2c_cf
R12_PAS,coal_ppl,1975,1980.0,M1,0.0,,809.75,sv_2c_cf
R12_PAS,coal_ppl,1975,1985.0,M1,0.0,,809.75,sv_2c_cf
R12_PAS,coal_ppl,1975,1990.0,M1,0.0,,809.75,sv_2c_cf
R12_PAS,coal_ppl,1975,1995.0,M1,0.0,,809.75,sv_2c_cf
R12_PAS,coal_ppl,1975,2000.0,M1,0.0,,809.75,sv_2c_cf
R12_PAS,coal_ppl,1975,2005.0,M1,0.0,,809.75,sv_2c_cf
R12_PAS,coal_ppl,1975,2010.0,M1,0.0,,809.75,sv_2c_cf
R12_PAS,coal_ppl,1975,2015.0,M1,0.0,,809.75,sv_2c_cf
R12_PAS,coal_ppl,1975,2020.0,M1,0.0,,809.75,sv_2c_cf
R12_PAS,coal_ppl,1975,2025.0,M1,0.0,,809.75,sv_2c_cf
R12_PAS,coal_ppl,1980,1980.0,M1,0.0,0.0,809.75,sv_2c_cf
R12_PAS,coal_ppl,1980,1985.0,M1,0.0,,809.75,sv_2c_cf
R12_PAS,coal_ppl,1980,1990.0,M1,0.0,,809.75,sv_2c_cf
R12_PAS,coal_ppl,1980,1995.0,M1,0.0,,809.75,sv_2c_cf
R12_PAS,coal_ppl,1980,2000.0,M1,0.0,,809.75,sv_2c_cf
R12_PAS,coal_ppl,1980,2005.0,M1,0.0,,809.75,sv_2c_cf
R12_PAS,coal_ppl,1980,2010.0,M1,0.0,,809.75,sv_2c_cf
R12_PAS,coal_ppl,1980,2015.0,M1,0.0,,809.75,sv_2c_cf
R12_PAS,coal_ppl,1980,2020.0,M1,0.0,,809.75,sv_2c_cf
R12_PAS,coal_ppl,1980,2025.0,M1,0.0,,809.75,sv_2c_cf
R12_PAS,coal_ppl,1980,2030.0,M1,0.0,0.0,809.75,sv_2c_cf
R12_PAS,coal_ppl,1985,1985.0,M1,0.0,0.0,809.75,sv_2c_cf
R12_PAS,coal_ppl,1985,1990.0,M1,0.0,,809.75,sv_2c_cf
R12_PAS,coal_ppl,1985,1995.0,M1,0.0,,809.75,sv_2c_cf
R12_PAS,coal_ppl,1985,2000.0,M1,0.0,,809.75,sv_2c_cf
R12_PAS,coal_ppl,1985,2005.0,M1,0.0,,809.75,sv_2c_cf
R12_PAS,coal_ppl,1985,2010.0,M1,0.0,,809.75,sv_2c_cf
R12_PAS,coal_ppl,1985,2015.0,M1,0.0,,809.75,sv_2c_cf
R12_PAS,coal_ppl,1985,2020.0,M1,0.0,,809.75,sv_2c_cf
R12_PAS,coal_ppl,1985,2025.0,M1,0.0,,809.75,sv_2c_cf
R12_PAS,coal_ppl,1985,2030.0,M1,0.0,0.0,809.75,sv_2c_cf
R12_PAS,coal_ppl,1990,1990.0,M1,0.0,0.0,809.75,sv_2c_cf
R12_PAS,coal_ppl,1990,1995.0,M1,0.0,,809.75,sv_2c_cf
R12_PAS,coal_ppl,1990,2000.0,M1,0.0,,809.75,sv_2c_cf
R12_PAS,coal_ppl,1990,2005.0,M1,0.0,,809.75,sv_2c_cf
R12_PAS,coal_ppl,1990,2010.0,M1,0.0,,809.75,sv_2c_cf
R12_PAS,coal_ppl,1990,2015.0,M1,0.0,,809.75,sv_2c_cf
R12_PAS,coal_ppl,1990,2020.0,M1,0.0,,809.75,sv_2c_cf
R12_PAS,coal_ppl,1990,2025.0,M1,0.0,,809.75,sv_2c_cf
R12_PAS,coal_ppl,1990,2030.0,M1,0.0,0.0,809.75,sv_2c_cf
R12_PAS,coal_ppl,1990,2035.0,M1,0.0,0.0,809.75,sv_2c_cf
R12_PAS,coal_ppl,1995,1995.0,M1,0.0,0.0,809.75,sv_2c_cf
R12_PAS,coal_ppl,1995,1995.0,M2,0.0,0.0,809.75,sv_2c_cf
R12_PAS,coal_ppl,1995,2000.0,M1,0.0,,809.75,sv_2c_cf
R12_PAS,coal_ppl,1995,2000.0,M2,0.0,,809.75,sv_2c_cf
R12_PAS,coal_ppl,1995,2005.0,M1,0.0,,809.75,sv_2c_cf
R12_PAS,coal_ppl,1995,2005.0,M2,0.0,,809.75,sv_2c_cf
R12_PAS,coal_ppl,1995,2010.0,M1,0.0,,809.75,sv_2c_cf
R12_PAS,coal_ppl,1995,2010.0,M2,0.0,,809.75,sv_2c_cf
R12_PAS,coal_ppl,1995,2015.0,M1,0.0,,809.75,sv_2c_cf
R12_PAS,coal_ppl,1995,2015.0,M2,0.0,,809.75,sv_2c_cf
R12_PAS,coal_ppl,1995,2020.0,M1,0.0,,809.75,sv_2c_cf
R12_PAS,coal_ppl,1995,2020.0,M2,0.0,,809.75,sv_2c_cf
R12_PAS,coal_ppl,1995,2025.0,M1,0.0,,809.75,sv_2c_cf
R12_PAS,coal_ppl,1995,2025.0,M2,0.0,,809.75,sv_2c_cf
R12_PAS,coal_ppl,1995,2030.0,M1,0.0,0.0,809.75,sv_2c_cf
R12_PAS,coal_ppl,1995,2035.0,M1,0.0,0.0,809.75,sv_2c_cf
R12_PAS,coal_ppl,2000,2000.0,M1,0.0,0.0,809.75,sv_2c_cf
R12_PAS,coal_ppl,2000,2000.0,M2,0.0,0.0,809.75,sv_2c_cf
R12_PAS,coal_ppl,2000,2005.0,M1,0.0,,809.75,sv_2c_cf
R12_PAS,coal_ppl,2000,2005.0,M2,0.0,,809.75,sv_2c_cf
R12_PAS,coal_ppl,2000,2010.0,M1,0.0,,809.75,sv_2c_cf
R12_PAS,coal_ppl,2000,2010.0,M2,0.0,,809.75,sv_2c_cf
R12_PAS,coal_ppl,2000,2015.0,M1,0.0,,809.75,sv_2c_cf
R12_PAS,coal_ppl,2000,2015.0,M2,0.0,,809.75,sv_2c_cf
R12_PAS,coal_ppl,2000,2020.0,M1,0.0,,809.75,sv_2c_cf
R12_PAS,coal_ppl,2000,2020.0,M2,0.0,,809.75,sv_2c_cf
R12_PAS,coal_ppl,2000,2025.0,M1,0.0,,809.75,sv_2c_cf
R12_PAS,coal_ppl,2000,2025.0,M2,0.0,,809.75,sv_2c_cf
R12_PAS,coal_ppl,2000,2030.0,M1,0.0,0.0,809.75,sv_2c_cf
R12_PAS,coal_ppl,2000,2035.0,M1,0.0,0.0,809.75,sv_2c_cf
R12_PAS,coal_ppl,2000,2040.0,M1,0.0,0.0,809.75,sv_2c_cf
R12_PAS,coal_ppl,2005,2005.0,M1,0.0,0.0,809.75,sv_2c_cf
R12_PAS,coal_ppl,2005,2005.0,M2,0.0,0.0,809.75,sv_2c_cf
R12_PAS,coal_ppl,2005,2010.0,M1,0.0,,809.75,sv_2c_cf
R12_PAS,coal_ppl,2005,2010.0,M2,0.0,,809.75,sv_2c_cf
R12_PAS,coal_ppl,2005,2015.0,M1,0.0,,809.75,sv_2c_cf
R12_PAS,coal_ppl,2005,2015.0,M2,0.0,,809.75,sv_2c_cf
R12_PAS,coal_ppl,2005,2020.0,M1,0.0,,809.75,sv_2c_cf
R12_PAS,coal_ppl,2005,2020.0,M2,0.0,,809.75,sv_2c_cf
R12_PAS,coal_ppl,2005,2025.0,M1,0.0,,809.75,sv_2c_cf
R12_PAS,coal_ppl,2005,2025.0,M2,0.0,,809.75,sv_2c_cf
R12_PAS,coal_ppl,2005,2030.0,M1,0.0,0.0,809.75,sv_2c_cf
R12_PAS,coal_ppl,2005,2030.0,M2,0.0,0.0,809.75,sv_2c_cf
R12_PAS,coal_ppl,2005,2035.0,M1,0.0,0.0,809.75,sv_2c_cf
R12_PAS,coal_ppl,2005,2040.0,M1,0.0,0.0,809.75,sv_2c_cf
R12_PAS,coal_ppl,2010,2010.0,M1,0.0,0.0,809.75,sv_2c_cf
R12_PAS,coal_ppl,2010,2010.0,M2,0.0,0.0,809.75,sv_2c_cf
R12_PAS,coal_ppl,2010,2015.0,M1,0.0,,809.75,sv_2c_cf
R12_PAS,coal_ppl,2010,2015.0,M2,0.0,,809.75,sv_2c_cf
R12_PAS,coal_ppl,2010,2020.0,M1,0.0,,809.75,sv_2c_cf
R12_PAS,coal_ppl,2010,2020.0,M2,0.0,,809.75,sv_2c_cf
R12_PAS,coal_ppl,2010,2025.0,M1,0.0,,809.75,sv_2c_cf
R12_PAS,coal_ppl,2010,2025.0,M2,0.0,,809.75,sv_2c_cf
R12_PAS,coal_ppl,2010,2030.0,M1,0.0,0.0,809.75,sv_2c_cf
R12_PAS,coal_ppl,2010,2030.0,M2,0.0,0.0,809.75,sv_2c_cf
R12_PAS,coal_ppl,2010,2035.0,M1,0.0,0.0,809.75,sv_2c_cf
R12_PAS,coal_ppl,2010,2035.0,M2,0.0,0.0,809.75,sv_2c_cf
R12_PAS,coal_ppl,2010,2040.0,M1,0.0,0.0,809.75,sv_2c_cf
R12_PAS,coal_ppl,2010,2045.0,M1,0.0,0.0,809.75,sv_2c_cf
R12_PAS,coal_ppl,2015,2015.0,M1,0.0,0.0,809.75,sv_2c_cf
R12_PAS,coal_ppl,2015,2015.0,M2,0.0,0.0,809.75,sv_2c_cf
R12_PAS,coal_ppl,2015,2020.0,M1,0.0,,809.75,sv_2c_cf
R12_PAS,coal_ppl,2015,2020.0,M2,0.0,,809.75,sv_2c_cf
R12_PAS,coal_ppl,2015,2025.0,M1,0.0,,809.75,sv_2c_cf
R12_PAS,coal_ppl,2015,2025.0,M2,0.0,,809.75,sv_2c_cf
R12_PAS,coal_ppl,2015,2030.0,M1,0.0,0.0,809.75,sv_2c_cf
R12_PAS,coal_ppl,2015,2030.0,M2,0.0,0.0,809.75,sv_2c_cf
R12_PAS,coal_ppl,2015,2035.0,M1,0.0,0.0,809.75,sv_2c_cf
R12_PAS,coal_ppl,2015,2035.0,M2,0.0,0.0,809.75,sv_2c_cf
R12_PAS,coal_ppl,2015,2040.0,M1,0.0,0.0,809.75,sv_2c_cf
R12_PAS,coal_ppl,2015,2040.0,M2,0.0,0.0,809.75,sv_2c_cf
R12_PAS,coal_ppl,2015,2045.0,M1,0.0,0.0,809.75,sv_2c_cf
R12_PAS,coal_ppl,2020,2020.0,M1,0.0,0.0,810.0,sv_2c_cf
R12_PAS,coal_ppl,2020,2020.0,M2,0.0,0.0,810.0,sv_2c_cf
R12_PAS,coal_ppl,2020,2025.0,M1,0.0,,810.0,sv_2c_cf
R12_PAS,coal_ppl,2020,2025.0,M2,0.0,,810.0,sv_2c_cf
R12_PAS,coal_ppl,2020,2030.0,M1,14.300840963999999,20.628999999999998,810.0,sv_2c_cf
R12_PAS,coal_ppl,2020,2030.0,M2,1.1709090360000003,20.628999999999998,810.0,sv_2c_cf
R12_PAS,coal_ppl,2020,2035.0,M1,5.608449846683283,20.628999999999998,810.0,sv_2c_cf
R12_PAS,coal_ppl,2020,2035.0,M2,0.0,20.628999999999998,810.0,sv_2c_cf
R12_PAS,coal_ppl,2020,2040.0,M1,0.0,20.628999999999998,810.0,sv_2c_cf
R12_PAS,coal_ppl,2020,2040.0,M2,0.0,20.628999999999998,810.0,sv_2c_cf
R12_PAS,coal_ppl,2020,2045.0,M1,0.0,20.628999999999998,810.0,sv_2c_cf
R12_PAS,coal_ppl,2020,2045.0,M2,0.0,20.628999999999998,810.0,sv_2c_cf
R12_PAS,coal_ppl,2020,2050.0,M1,0.0,20.628999999999998,810.0,sv_2c_cf
R12_PAS,coal_ppl,2025,2025.0,M1,0.0,0.0,810.0,sv_2c_cf
R12_PAS,coal_ppl,2025,2025.0,M2,0.0,0.0,810.0,sv_2c_cf
R12_PAS,coal_ppl,2025,2030.0,M1,14.534249999999998,19.378999999999998,810.0,sv_2c_cf
R12_PAS,coal_ppl,2025,2030.0,M2,0.0,19.378999999999998,810.0,sv_2c_cf
R12_PAS,coal_ppl,2025,2035.0,M1,0.0,19.378999999999998,810.0,sv_2c_cf
R12_PAS,coal_ppl,2025,2035.0,M2,0.0,19.378999999999998,810.0,sv_2c_cf
R12_PAS,coal_ppl,2025,2040.0,M1,0.0,12.990142900830486,810.0,sv_2c_cf
R12_PAS,coal_ppl,2025,2040.0,M2,0.0,12.990142900830486,810.0,sv_2c_cf
R12_PAS,coal_ppl,2025,2045.0,M1,0.0,12.990142900830486,810.0,sv_2c_cf
R12_PAS,coal_ppl,2025,2045.0,M2,0.0,12.990142900830486,810.0,sv_2c_cf
R12_PAS,coal_ppl,2025,2050.0,M1,0.0,12.990142900830486,810.0,sv_2c_cf
R12_PAS,coal_ppl,2025,2050.0,M2,0.0,12.990142900830486,810.0,sv_2c_cf
R12_PAS,coal_ppl,2030,2030.0,M1,13.596749999999998,18.128999999999998,800.6876207004158,sv_2c_cf
R12_PAS,coal_ppl,2030,2030.0,M2,0.0,18.128999999999998,800.6876207004158,sv_2c_cf
R12_PAS,coal_ppl,2030,2035.0,M1,14.5032,18.128999999999998,800.6876207004158,sv_2c_cf
R12_PAS,coal_ppl,2030,2035.0,M2,0.0,18.128999999999998,800.6876207004158,sv_2c_cf
R12_PAS,coal_ppl,2030,2040.0,M1,8.76741153136468,18.128999999999998,800.6876207004158,sv_2c_cf
R12_PAS,coal_ppl,2030,2040.0,M2,0.0,18.128999999999998,800.6876207004158,sv_2c_cf
R12_PAS,coal_ppl,2030,2045.0,M1,3.9939537915587953,18.128999999999998,800.6876207004158,sv_2c_cf
R12_PAS,coal_ppl,2030,2045.0,M2,0.0,18.128999999999998,800.6876207004158,sv_2c_cf
R12_PAS,coal_ppl,2030,2050.0,M1,0.0,18.128999999999998,800.6876207004158,sv_2c_cf
R12_PAS,coal_ppl,2030,2050.0,M2,0.0,18.128999999999998,800.6876207004158,sv_2c_cf
R12_PAS,coal_ppl,2030,2055.0,M1,0.0,18.128999999999998,800.6876207004158,sv_2c_cf
R12_PAS,coal_ppl,2030,2055.0,M2,0.0,18.128999999999998,800.6876207004158,sv_2c_cf
R12_PAS,coal_ppl,2035,2035.0,M1,9.626297321662912,16.878999999999998,793.6762441195559,sv_2c_cf
R12_PAS,coal_ppl,2035,2035.0,M2,3.876902678337087,16.878999999999998,793.6762441195559,sv_2c_cf
R12_PAS,coal_ppl,2035,2040.0,M1,0.0,16.878999999999998,793.6762441195559,sv_2c_cf
R12_PAS,coal_ppl,2035,2040.0,M2,0.0,16.878999999999998,793.6762441195559,sv_2c_cf
R12_PAS,coal_ppl,2035,2045.0,M1,0.0,16.878999999999998,793.6762441195559,sv_2c_cf
R12_PAS,coal_ppl,2035,2045.0,M2,0.0,16.878999999999998,793.6762441195559,sv_2c_cf
R12_PAS,coal_ppl,2035,2050.0,M1,0.0,16.878999999999998,793.6762441195559,sv_2c_cf
R12_PAS,coal_ppl,2035,2050.0,M2,0.0,16.878999999999998,793.6762441195559,sv_2c_cf
R12_PAS,coal_ppl,2035,2055.0,M1,0.0,16.878999999999998,793.6762441195559,sv_2c_cf
R12_PAS,coal_ppl,2035,2055.0,M2,0.0,16.878999999999998,793.6762441195559,sv_2c_cf
R12_PAS,coal_ppl,2035,2060.0,M1,0.0,0.0,793.6762441195559,sv_2c_cf
R12_PAS,coal_ppl,2035,2060.0,M2,0.0,0.0,793.6762441195559,sv_2c_cf
R12_PAS,coal_ppl,2040,2040.0,M1,7.409680072234192,15.629,787.4691721846372,sv_2c_cf
R12_PAS,coal_ppl,2040,2040.0,M2,5.874969927765807,15.629,787.4691721846372,sv_2c_cf
R12_PAS,coal_ppl,2040,2045.0,M1,0.0,15.629,787.4691721846372,sv_2c_cf
R12_PAS,coal_ppl,2040,2045.0,M2,0.0,15.629,787.4691721846372,sv_2c_cf
R12_PAS,coal_ppl,2040,2050.0,M1,0.0,15.629,787.4691721846372,sv_2c_cf
R12_PAS,coal_ppl,2040,2050.0,M2,0.0,15.629,787.4691721846372,sv_2c_cf
R12_PAS,coal_ppl,2040,2055.0,M1,0.0,15.629,787.4691721846372,sv_2c_cf
R12_PAS,coal_ppl,2040,2055.0,M2,0.0,15.629,787.4691721846372,sv_2c_cf
R12_PAS,coal_ppl,2040,2060.0,M1,0.0,0.2670214869038112,787.4691721846372,sv_2c_cf
R12_PAS,coal_ppl,2040,2060.0,M2,0.0,0.2670214869038112,787.4691721846372,sv_2c_cf
R12_PAS,coal_ppl,2040,2070.0,M1,0.0,0.0,787.4691721846372,sv_2c_cf
R12_PAS,coal_ppl,2040,2070.0,M2,0.0,0.0,787.4691721846372,sv_2c_cf
R12_PAS,coal_ppl,2045,2045.0,M1,5.735708483376481,14.379,782.6528528303388,sv_2c_cf
R12_PAS,coal_ppl,2045,2045.0,M2,6.486441516623518,14.379,782.6528528303388,sv_2c_cf
R12_PAS,coal_ppl,2045,2050.0,M1,1.0291696915404795,14.379,782.6528528303388,sv_2c_cf
R12_PAS,coal_ppl,2045,2050.0,M2,0.6861131276936531,14.379,782.6528528303388,sv_2c_cf
R12_PAS,coal_ppl,2045,2055.0,M1,0.0,14.379,782.6528528303388,sv_2c_cf
R12_PAS,coal_ppl,2045,2055.0,M2,0.0,14.379,782.6528528303388,sv_2c_cf
R12_PAS,coal_ppl,2045,2060.0,M1,0.0,14.379,782.6528528303388,sv_2c_cf
R12_PAS,coal_ppl,2045,2060.0,M2,0.0,14.379,782.6528528303388,sv_2c_cf
R12_PAS,coal_ppl,2045,2070.0,M1,0.0,0.0,782.6528528303388,sv_2c_cf
R12_PAS,coal_ppl,2045,2070.0,M2,0.0,0.0,782.6528528303388,sv_2c_cf
R12_PAS,coal_ppl,2050,2050.0,M1,0.0,0.0,779.7066487015863,sv_2c_cf
R12_PAS,coal_ppl,2050,2050.0,M2,0.0,0.0,779.7066487015863,sv_2c_cf
R12_PAS,coal_ppl,2050,2055.0,M1,0.0,0.0,779.7066487015863,sv_2c_cf
R12_PAS,coal_ppl,2050,2055.0,M2,0.0,0.0,779.7066487015863,sv_2c_cf
R12_PAS,coal_ppl,2050,2060.0,M1,0.0,0.0,779.7066487015863,sv_2c_cf
R12_PAS,coal_ppl,2050,2060.0,M2,0.0,0.0,779.7066487015863,sv_2c_cf
R12_PAS,coal_ppl,2050,2070.0,M1,0.0,0.0,779.7066487015863,sv_2c_cf
R12_PAS,coal_ppl,2050,2070.0,M2,0.0,0.0,779.7066487015863,sv_2c_cf
R12_PAS,coal_ppl,2050,2080.0,M1,0.0,0.0,779.7066487015863,sv_2c_cf
R12_PAS,coal_ppl,2050,2080.0,M2,0.0,0.0,779.7066487015863,sv_2c_cf
R12_PAS,coal_ppl,2055,2055.0,M1,0.0,0.0,778.6467851215191,sv_2c_cf
R12_PAS,coal_ppl,2055,2055.0,M2,0.0,0.0,778.6467851215191,sv_2c_cf
R12_PAS,coal_ppl,2055,2060.0,M1,0.0,0.0,778.6467851215191,sv_2c_cf
R12_PAS,coal_ppl,2055,2060.0,M2,0.0,0.0,778.6467851215191,sv_2c_cf
R12_PAS,coal_ppl,2055,2070.0,M1,0.0,0.0,778.6467851215191,sv_2c_cf
R12_PAS,coal_ppl,2055,2070.0,M2,0.0,0.0,778.6467851215191,sv_2c_cf
R12_PAS,coal_ppl,2055,2080.0,M1,0.0,0.0,778.6467851215191,sv_2c_cf
R12_PAS,coal_ppl,2055,2080.0,M2,0.0,0.0,778.6467851215191,sv_2c_cf
R12_PAS,coal_ppl,2060,2060.0,M1,0.0,0.0,779.8354815602511,sv_2c_cf
R12_PAS,coal_ppl,2060,2060.0,M2,0.0,0.0,779.8354815602511,sv_2c_cf
R12_PAS,coal_ppl,2060,2070.0,M1,0.0,0.0,779.8354815602511,sv_2c_cf
R12_PAS,coal_ppl,2060,2070.0,M2,0.0,0.0,779.8354815602511,sv_2c_cf
R12_PAS,coal_ppl,2060,2080.0,M1,0.0,0.0,779.8354815602511,sv_2c_cf
R12_PAS,coal_ppl,2060,2080.0,M2,0.0,0.0,779.8354815602511,sv_2c_cf
R12_PAS,coal_ppl,2060,2090.0,M1,0.0,0.0,779.8354815602511,sv_2c_cf
R12_PAS,coal_ppl,2060,2090.0,M2,0.0,0.0,779.8354815602511,sv_2c_cf
R12_PAS,coal_ppl,2070,2070.0,M1,0.0,0.0,787.6294056331444,sv_2c_cf
R12_PAS,coal_ppl,2070,2070.0,M2,0.0,0.0,787.6294056331444,sv_2c_cf
R12_PAS,coal_ppl,2070,2080.0,M1,0.0,0.0,787.6294056331444,sv_2c_cf
R12_PAS,coal_ppl,2070,2080.0,M2,0.0,0.0,787.6294056331444,sv_2c_cf
R12_PAS,coal_ppl,2070,2090.0,M1,0.0,0.0,787.6294056331444,sv_2c_cf
R12_PAS,coal_ppl,2070,2090.0,M2,0.0,0.0,787.6294056331444,sv_2c_cf
R12_PAS,coal_ppl,2080,2080.0,M1,0.0,0.0,800.2902314045034,sv_2c_cf
R12_PAS,coal_ppl,2080,2080.0,M2,0.0,0.0,800.2902314045034,sv_2c_cf
R12_PAS,coal_ppl,2080,2090.0,M1,0.0,0.0,800.2902314045034,sv_2c_cf
R12_PAS,coal_ppl,2080,2090.0,M2,0.0,0.0,800.2902314045034,sv_2c_cf
R12_PAS,coal_ppl,2080,2100.0,M1,0.0,0.0,800.2902314045034,sv_2c_cf
R12_PAS,coal_ppl,2080,2100.0,M2,0.0,0.0,800.2902314045034,sv_2c_cf
R12_PAS,coal_ppl,2090,2090.0,M1,0.0,0.0,814.7059399012335,sv_2c_cf
R12_PAS,coal_ppl,2090,2090.0,M2,0.0,0.0,814.7059399012335,sv_2c_cf
R12_PAS,coal_ppl,2090,2100.0,M1,0.0,0.0,814.7059399012335,sv_2c_cf
R12_PAS,coal_ppl,2090,2100.0,M2,0.0,0.0,814.7059399012335,sv_2c_cf
R12_PAS,coal_ppl,2090,2110.0,M1,0.0,0.0,814.7059399012335,sv_2c_cf
R12_PAS,coal_ppl,2090,2110.0,M2,0.0,0.0,814.7059399012335,sv_2c_cf
R12_PAS,coal_ppl,2100,2100.0,M1,0.0,0.0,830.5611505759277,sv_2c_cf
R12_PAS,coal_ppl,2100,2100.0,M2,0.0,0.0,830.5611505759277,sv_2c_cf
R12_PAS,coal_ppl,2100,2110.0,M1,0.0,0.0,830.5611505759277,sv_2c_cf
R12_PAS,coal_ppl,2100,2110.0,M2,0.0,0.0,830.5611505759277,sv_2c_cf
R12_PAS,coal_ppl,2110,2110.0,M1,0.0,0.0,830.5611505759277,sv_2c_cf
R12_PAS,coal_ppl,2110,2110.0,M2,0.0,0.0,830.5611505759277,sv_2c_cf
R12_PAS,coal_ppl_u,1965,1965.0,M1,0.0,0.0,564.29,sv_2c_cf
R12_PAS,coal_ppl_u,1965,1970.0,M1,0.0,,564.29,sv_2c_cf
R12_PAS,coal_ppl_u,1965,1975.0,M1,0.0,,564.29,sv_2c_cf
R12_PAS,coal_ppl_u,1965,1980.0,M1,0.0,,564.29,sv_2c_cf
R12_PAS,coal_ppl_u,1965,1985.0,M1,0.0,,564.29,sv_2c_cf
R12_PAS,coal_ppl_u,1965,1990.0,M1,0.0,,564.29,sv_2c_cf
R12_PAS,coal_ppl_u,1965,1995.0,M1,0.0,,564.29,sv_2c_cf
R12_PAS,coal_ppl_u,1965,2000.0,M1,0.0,,564.29,sv_2c_cf
R12_PAS,coal_ppl_u,1965,2005.0,M1,0.0,,564.29,sv_2c_cf
R12_PAS,coal_ppl_u,1965,2010.0,M1,0.0,,564.29,sv_2c_cf
R12_PAS,coal_ppl_u,1965,2015.0,M1,0.0,,564.29,sv_2c_cf
R12_PAS,coal_ppl_u,1965,2020.0,M1,0.0,,564.29,sv_2c_cf
R12_PAS,coal_ppl_u,1965,2025.0,M1,0.0,,564.29,sv_2c_cf
R12_PAS,coal_ppl_u,1970,1970.0,M1,0.0,0.0,564.29,sv_2c_cf
R12_PAS,coal_ppl_u,1970,1975.0,M1,0.0,,564.29,sv_2c_cf
R12_PAS,coal_ppl_u,1970,1980.0,M1,0.0,,564.29,sv_2c_cf
R12_PAS,coal_ppl_u,1970,1985.0,M1,0.0,,564.29,sv_2c_cf
R12_PAS,coal_ppl_u,1970,1990.0,M1,0.0,,564.29,sv_2c_cf
R12_PAS,coal_ppl_u,1970,1995.0,M1,0.0,,564.29,sv_2c_cf
R12_PAS,coal_ppl_u,1970,2000.0,M1,0.0,,564.29,sv_2c_cf
R12_PAS,coal_ppl_u,1970,2005.0,M1,0.0,,564.29,sv_2c_cf
R12_PAS,coal_ppl_u,1970,2010.0,M1,0.0,,564.29,sv_2c_cf
R12_PAS,coal_ppl_u,1970,2015.0,M1,0.0,,564.29,sv_2c_cf
R12_PAS,coal_ppl_u,1970,2020.0,M1,0.0,,564.29,sv_2c_cf
R12_PAS,coal_ppl_u,1970,2025.0,M1,0.0,,564.29,sv_2c_cf
R12_PAS,coal_ppl_u,1975,1975.0,M1,0.0,0.0,564.29,sv_2c_cf
R12_PAS,coal_ppl_u,1975,1980.0,M1,0.0,,564.29,sv_2c_cf
R12_PAS,coal_ppl_u,1975,1985.0,M1,0.0,,564.29,sv_2c_cf
R12_PAS,coal_ppl_u,1975,1990.0,M1,0.0,,564.29,sv_2c_cf
R12_PAS,coal_ppl_u,1975,1995.0,M1,0.0,,564.29,sv_2c_cf
R12_PAS,coal_ppl_u,1975,2000.0,M1,0.0,,564.29,sv_2c_cf
R12_PAS,coal_ppl_u,1975,2005.0,M1,0.0,,564.29,sv_2c_cf
R12_PAS,coal_ppl_u,1975,2010.0,M1,0.0,,564.29,sv_2c_cf
R12_PAS,coal_ppl_u,1975,2015.0,M1,0.0,,564.29,sv_2c_cf
R12_PAS,coal_ppl_u,1975,2020.0,M1,0.0,,564.29,sv_2c_cf
R12_PAS,coal_ppl_u,1975,2025.0,M1,0.0,,564.29,sv_2c_cf
R12_PAS,coal_ppl_u,1975,2030.0,M1,0.0,0.0,564.29,sv_2c_cf
R12_PAS,coal_ppl_u,1980,1980.0,M1,0.0,0.0,564.29,sv_2c_cf
R12_PAS,coal_ppl_u,1980,1985.0,M1,0.0,,564.29,sv_2c_cf
R12_PAS,coal_ppl_u,1980,1990.0,M1,0.0,,564.29,sv_2c_cf
R12_PAS,coal_ppl_u,1980,1995.0,M1,0.0,,564.29,sv_2c_cf
R12_PAS,coal_ppl_u,1980,2000.0,M1,0.0,,564.29,sv_2c_cf
R12_PAS,coal_ppl_u,1980,2005.0,M1,0.0,,564.29,sv_2c_cf
R12_PAS,coal_ppl_u,1980,2010.0,M1,0.0,,564.29,sv_2c_cf
R12_PAS,coal_ppl_u,1980,2015.0,M1,0.0,,564.29,sv_2c_cf
R12_PAS,coal_ppl_u,1980,2020.0,M1,0.0,,564.29,sv_2c_cf
R12_PAS,coal_ppl_u,1980,2025.0,M1,0.0,,564.29,sv_2c_cf
R12_PAS,coal_ppl_u,1980,2030.0,M1,0.0,0.0,564.29,sv_2c_cf
R12_PAS,coal_ppl_u,1985,1985.0,M1,0.0,0.0,564.29,sv_2c_cf
R12_PAS,coal_ppl_u,1985,1990.0,M1,0.0,,564.29,sv_2c_cf
R12_PAS,coal_ppl_u,1985,1995.0,M1,0.0,,564.29,sv_2c_cf
R12_PAS,coal_ppl_u,1985,2000.0,M1,0.0,,564.29,sv_2c_cf
R12_PAS,coal_ppl_u,1985,2005.0,M1,0.0,,564.29,sv_2c_cf
R12_PAS,coal_ppl_u,1985,2010.0,M1,0.0,,564.29,sv_2c_cf
R12_PAS,coal_ppl_u,1985,2015.0,M1,0.0,,564.29,sv_2c_cf
R12_PAS,coal_ppl_u,1985,2020.0,M1,0.0,,564.29,sv_2c_cf
R12_PAS,coal_ppl_u,1985,2025.0,M1,0.0,,564.29,sv_2c_cf
R12_PAS,coal_ppl_u,1985,2030.0,M1,0.0,1.299101,564.29,sv_2c_cf
R12_PAS,coal_ppl_u,1985,2035.0,M1,0.0,1.299101,564.29,sv_2c_cf
R12_PAS,coal_ppl_u,1990,1990.0,M1,0.0,0.0,564.29,sv_2c_cf
R12_PAS,coal_ppl_u,1990,1995.0,M1,0.0,,564.29,sv_2c_cf
R12_PAS,coal_ppl_u,1990,2000.0,M1,0.0,,564.29,sv_2c_cf
R12_PAS,coal_ppl_u,1990,2005.0,M1,0.0,,564.29,sv_2c_cf
R12_PAS,coal_ppl_u,1990,2010.0,M1,0.0,,564.29,sv_2c_cf
R12_PAS,coal_ppl_u,1990,2015.0,M1,0.0,,564.29,sv_2c_cf
R12_PAS,coal_ppl_u,1990,2020.0,M1,0.0,,564.29,sv_2c_cf
R12_PAS,coal_ppl_u,1990,2025.0,M1,0.0,,564.29,sv_2c_cf
R12_PAS,coal_ppl_u,1990,2030.0,M1,0.0,2.132959,564.29,sv_2c_cf
R12_PAS,coal_ppl_u,1990,2035.0,M1,0.0,2.132959,564.29,sv_2c_cf
R12_PAS,coal_ppl_u,1995,1995.0,M1,0.0,0.0,564.29,sv_2c_cf
R12_PAS,coal_ppl_u,1995,1995.0,M2,0.0,0.0,564.29,sv_2c_cf
R12_PAS,coal_ppl_u,1995,2000.0,M1,0.0,,564.29,sv_2c_cf
R12_PAS,coal_ppl_u,1995,2000.0,M2,0.0,,564.29,sv_2c_cf
R12_PAS,coal_ppl_u,1995,2005.0,M1,0.0,,564.29,sv_2c_cf
R12_PAS,coal_ppl_u,1995,2005.0,M2,0.0,,564.29,sv_2c_cf
R12_PAS,coal_ppl_u,1995,2010.0,M1,0.0,,564.29,sv_2c_cf
R12_PAS,coal_ppl_u,1995,2010.0,M2,0.0,,564.29,sv_2c_cf
R12_PAS,coal_ppl_u,1995,2015.0,M1,0.0,,564.29,sv_2c_cf
R12_PAS,coal_ppl_u,1995,2015.0,M2,0.0,,564.29,sv_2c_cf
R12_PAS,coal_ppl_u,1995,2020.0,M1,0.0,,564.29,sv_2c_cf
R12_PAS,coal_ppl_u,1995,2020.0,M2,0.0,,564.29,sv_2c_cf
R12_PAS,coal_ppl_u,1995,2025.0,M1,0.0,,564.29,sv_2c_cf
R12_PAS,coal_ppl_u,1995,2025.0,M2,0.0,,564.29,sv_2c_cf
R12_PAS,coal_ppl_u,1995,2030.0,M1,0.0,2.50953,564.29,sv_2c_cf
R12_PAS,coal_ppl_u,1995,2035.0,M1,0.0,2.50953,564.29,sv_2c_cf
R12_PAS,coal_ppl_u,1995,2040.0,M1,0.0,2.50953,564.29,sv_2c_cf
R12_PAS,coal_ppl_u,2000,2000.0,M1,0.0,0.0,564.29,sv_2c_cf
R12_PAS,coal_ppl_u,2000,2000.0,M2,0.0,0.0,564.29,sv_2c_cf
R12_PAS,coal_ppl_u,2000,2005.0,M1,0.0,,564.29,sv_2c_cf
R12_PAS,coal_ppl_u,2000,2005.0,M2,0.0,,564.29,sv_2c_cf
R12_PAS,coal_ppl_u,2000,2010.0,M1,0.0,,564.29,sv_2c_cf
R12_PAS,coal_ppl_u,2000,2010.0,M2,0.0,,564.29,sv_2c_cf
R12_PAS,coal_ppl_u,2000,2015.0,M1,0.0,,564.29,sv_2c_cf
R12_PAS,coal_ppl_u,2000,2015.0,M2,0.0,,564.29,sv_2c_cf
R12_PAS,coal_ppl_u,2000,2020.0,M1,0.0,,564.29,sv_2c_cf
R12_PAS,coal_ppl_u,2000,2020.0,M2,0.0,,564.29,sv_2c_cf
R12_PAS,coal_ppl_u,2000,2025.0,M1,0.0,,564.29,sv_2c_cf
R12_PAS,coal_ppl_u,2000,2025.0,M2,0.0,,564.29,sv_2c_cf
R12_PAS,coal_ppl_u,2000,2030.0,M1,0.0,8.363315,564.29,sv_2c_cf
R12_PAS,coal_ppl_u,2000,2035.0,M1,0.0,8.363315,564.29,sv_2c_cf
R12_PAS,coal_ppl_u,2000,2040.0,M1,0.0,8.363315,564.29,sv_2c_cf
R12_PAS,coal_ppl_u,2005,2005.0,M1,0.0,0.0,564.29,sv_2c_cf
R12_PAS,coal_ppl_u,2005,2005.0,M2,0.0,0.0,564.29,sv_2c_cf
R12_PAS,coal_ppl_u,2005,2010.0,M1,0.0,,564.29,sv_2c_cf
R12_PAS,coal_ppl_u,2005,2010.0,M2,0.0,,564.29,sv_2c_cf
R12_PAS,coal_ppl_u,2005,2015.0,M1,0.0,,564.29,sv_2c_cf
R12_PAS,coal_ppl_u,2005,2015.0,M2,0.0,,564.29,sv_2c_cf
R12_PAS,coal_ppl_u,2005,2020.0,M1,0.0,,564.29,sv_2c_cf
R12_PAS,coal_ppl_u,2005,2020.0,M2,0.0,,564.29,sv_2c_cf
R12_PAS,coal_ppl_u,2005,2025.0,M1,0.0,,564.29,sv_2c_cf
R12_PAS,coal_ppl_u,2005,2025.0,M2,0.0,,564.29,sv_2c_cf
R12_PAS,coal_ppl_u,2005,2030.0,M1,0.0,0.84334,564.29,sv_2c_cf
R12_PAS,coal_ppl_u,2005,2030.0,M2,0.0,0.84334,564.29,sv_2c_cf
R12_PAS,coal_ppl_u,2005,2035.0,M1,0.0,0.84334,564.29,sv_2c_cf
R12_PAS,coal_ppl_u,2005,2040.0,M1,0.0,0.016583406799943745,564.29,sv_2c_cf
R12_PAS,coal_ppl_u,2005,2045.0,M1,0.0,0.0,564.29,sv_2c_cf
R12_PAS,coal_ppl_u,2010,2010.0,M1,0.0,0.0,564.29,sv_2c_cf
R12_PAS,coal_ppl_u,2010,2010.0,M2,0.0,0.0,564.29,sv_2c_cf
R12_PAS,coal_ppl_u,2010,2015.0,M1,0.0,,564.29,sv_2c_cf
R12_PAS,coal_ppl_u,2010,2015.0,M2,0.0,,564.29,sv_2c_cf
R12_PAS,coal_ppl_u,2010,2020.0,M1,0.0,,564.29,sv_2c_cf
R12_PAS,coal_ppl_u,2010,2020.0,M2,0.0,,564.29,sv_2c_cf
R12_PAS,coal_ppl_u,2010,2025.0,M1,0.0,,564.29,sv_2c_cf
R12_PAS,coal_ppl_u,2010,2025.0,M2,0.0,,564.29,sv_2c_cf
R12_PAS,coal_ppl_u,2010,2030.0,M1,0.0,3.979759,564.29,sv_2c_cf
R12_PAS,coal_ppl_u,2010,2030.0,M2,0.0,3.979759,564.29,sv_2c_cf
R12_PAS,coal_ppl_u,2010,2035.0,M1,0.0,3.979759,564.29,sv_2c_cf
R12_PAS,coal_ppl_u,2010,2035.0,M2,0.0,3.979759,564.29,sv_2c_cf
R12_PAS,coal_ppl_u,2010,2040.0,M1,0.0,3.979759,564.29,sv_2c_cf
R12_PAS,coal_ppl_u,2010,2045.0,M1,0.0,0.0,564.29,sv_2c_cf
R12_PAS,coal_ppl_u,2015,2015.0,M1,0.0,0.0,564.29,sv_2c_cf
R12_PAS,coal_ppl_u,2015,2015.0,M2,0.0,0.0,564.29,sv_2c_cf
R12_PAS,coal_ppl_u,2015,2020.0,M1,0.0,,564.29,sv_2c_cf
R12_PAS,coal_ppl_u,2015,2020.0,M2,0.0,,564.29,sv_2c_cf
R12_PAS,coal_ppl_u,2015,2025.0,M1,0.0,,564.29,sv_2c_cf
R12_PAS,coal_ppl_u,2015,2025.0,M2,0.0,,564.29,sv_2c_cf
R12_PAS,coal_ppl_u,2015,2030.0,M1,0.0,12.077099999999998,564.29,sv_2c_cf
R12_PAS,coal_ppl_u,2015,2030.0,M2,0.0,12.077099999999998,564.29,sv_2c_cf
R12_PAS,coal_ppl_u,2015,2035.0,M1,0.0,12.077099999999998,564.29,sv_2c_cf
R12_PAS,coal_ppl_u,2015,2035.0,M2,0.0,12.077099999999998,564.29,sv_2c_cf
R12_PAS,coal_ppl_u,2015,2040.0,M1,0.0,12.077099999999998,564.29,sv_2c_cf
R12_PAS,coal_ppl_u,2015,2040.0,M2,0.0,12.077099999999998,564.29,sv_2c_cf
R12_PAS,coal_ppl_u,2015,2045.0,M1,0.0,10.308005778623743,564.29,sv_2c_cf
R12_PAS,coal_ppl_u,2020,2020.0,M1,0.0,0.0,564.4444444444445,sv_2c_cf
R12_PAS,coal_ppl_u,2020,2020.0,M2,0.0,0.0,564.4444444444445,sv_2c_cf
R12_PAS,coal_ppl_u,2020,2025.0,M1,0.0,,564.4444444444445,sv_2c_cf
R12_PAS,coal_ppl_u,2020,2025.0,M2,0.0,,564.4444444444445,sv_2c_cf
R12_PAS,coal_ppl_u,2020,2030.0,M1,3.3367913553393036,7.70387,564.4444444444445,sv_2c_cf
R12_PAS,coal_ppl_u,2020,2030.0,M2,0.0,7.70387,564.4444444444445,sv_2c_cf
R12_PAS,coal_ppl_u,2020,2035.0,M1,0.0,7.70387,564.4444444444445,sv_2c_cf
R12_PAS,coal_ppl_u,2020,2035.0,M2,0.0,7.70387,564.4444444444445,sv_2c_cf
R12_PAS,coal_ppl_u,2020,2040.0,M1,0.0,7.70387,564.4444444444445,sv_2c_cf
R12_PAS,coal_ppl_u,2020,2040.0,M2,0.0,7.70387,564.4444444444445,sv_2c_cf
R12_PAS,coal_ppl_u,2020,2045.0,M1,0.0,7.70387,564.4444444444445,sv_2c_cf
R12_PAS,coal_ppl_u,2020,2045.0,M2,0.0,7.70387,564.4444444444445,sv_2c_cf
R12_PAS,gas_cc,1985,1985.0,M1,0.0,,,sv_2c_cf
R12_PAS,gas_cc,1985,1990.0,M1,0.0,,,sv_2c_cf
R12_PAS,gas_cc,1985,1995.0,M1,0.0,,,sv_2c_cf
R12_PAS,gas_cc,1985,2000.0,M1,0.0,,,sv_2c_cf
R12_PAS,gas_cc,1985,2005.0,M1,0.0,,,sv_2c_cf
R12_PAS,gas_cc,1985,2010.0,M1,0.0,,,sv_2c_cf
R12_PAS,gas_cc,1985,2015.0,M1,0.0,,,sv_2c_cf
R12_PAS,gas_cc,1985,2020.0,M1,0.0,,,sv_2c_cf
R12_PAS,gas_cc,1985,2025.0,M1,0.0,,,sv_2c_cf
R12_PAS,gas_cc,1990,1990.0,M1,0.0,,,sv_2c_cf
R12_PAS,gas_cc,1990,1995.0,M1,0.0,,,sv_2c_cf
R12_PAS,gas_cc,1990,2000.0,M1,0.0,,,sv_2c_cf
R12_PAS,gas_cc,1990,2005.0,M1,0.0,,,sv_2c_cf
R12_PAS,gas_cc,1990,2010.0,M1,0.0,,,sv_2c_cf
R12_PAS,gas_cc,1990,2015.0,M1,0.0,,,sv_2c_cf
R12_PAS,gas_cc,1990,2020.0,M1,0.0,,,sv_2c_cf
R12_PAS,gas_cc,1990,2025.0,M1,0.0,,,sv_2c_cf
R12_PAS,gas_cc,1995,1995.0,M1,0.0,,,sv_2c_cf
R12_PAS,gas_cc,1995,2000.0,M1,0.0,,,sv_2c_cf
R12_PAS,gas_cc,1995,2005.0,M1,0.0,,,sv_2c_cf
R12_PAS,gas_cc,1995,2010.0,M1,0.0,,,sv_2c_cf
R12_PAS,gas_cc,1995,2015.0,M1,0.0,,,sv_2c_cf
R12_PAS,gas_cc,1995,2020.0,M1,0.0,,,sv_2c_cf
R12_PAS,gas_cc,1995,2025.0,M1,0.0,,,sv_2c_cf
R12_PAS,gas_cc,1995,2030.0,M1,9.24280025,,,sv_2c_cf
R12_PAS,gas_cc,2000,2000.0,M1,0.0,,,sv_2c_cf
R12_PAS,gas_cc,2000,2005.0,M1,0.0,,,sv_2c_cf
R12_PAS,gas_cc,2000,2010.0,M1,0.0,,,sv_2c_cf
R12_PAS,gas_cc,2000,2015.0,M1,0.0,,,sv_2c_cf
R12_PAS,gas_cc,2000,2020.0,M1,0.0,,,sv_2c_cf
R12_PAS,gas_cc,2000,2025.0,M1,0.0,,,sv_2c_cf
R12_PAS,gas_cc,2000,2030.0,M1,16.04393825,,,sv_2c_cf
R12_PAS,gas_cc,2005,2005.0,M1,0.0,,,sv_2c_cf
R12_PAS,gas_cc,2005,2010.0,M1,0.0,,,sv_2c_cf
R12_PAS,gas_cc,2005,2015.0,M1,0.0,,,sv_2c_cf
R12_PAS,gas_cc,2005,2020.0,M1,0.0,,,sv_2c_cf
R12_PAS,gas_cc,2005,2025.0,M1,0.0,,,sv_2c_cf
R12_PAS,gas_cc,2005,2030.0,M1,14.3044762,,,sv_2c_cf
R12_PAS,gas_cc,2005,2035.0,M1,15.537620700000002,,,sv_2c_cf
R12_PAS,gas_cc,2010,2010.0,M1,0.0,,,sv_2c_cf
R12_PAS,gas_cc,2010,2015.0,M1,0.0,,,sv_2c_cf
R12_PAS,gas_cc,2010,2020.0,M1,0.0,,,sv_2c_cf
R12_PAS,gas_cc,2010,2025.0,M1,0.0,,,sv_2c_cf
R12_PAS,gas_cc,2010,2030.0,M1,14.459700150000002,,,sv_2c_cf
R12_PAS,gas_cc,2010,2035.0,M1,15.706226025000001,,,sv_2c_cf
R12_PAS,gas_cc,2015,2015.0,M1,0.0,,,sv_2c_cf
R12_PAS,gas_cc,2015,2020.0,M1,0.0,,,sv_2c_cf
R12_PAS,gas_cc,2015,2025.0,M1,0.0,,,sv_2c_cf
R12_PAS,gas_cc,2015,2030.0,M1,20.546966174999998,,,sv_2c_cf
R12_PAS,gas_cc,2015,2035.0,M1,22.318256362499998,,,sv_2c_cf
R12_PAS,gas_cc,2015,2040.0,M1,24.089546549999998,,,sv_2c_cf
R12_PAS,gas_cc,2020,2020.0,M1,0.0,,,sv_2c_cf
R12_PAS,gas_cc,2020,2025.0,M1,0.0,,,sv_2c_cf
R12_PAS,gas_cc,2020,2030.0,M1,14.83516895,,,sv_2c_cf
R12_PAS,gas_cc,2020,2035.0,M1,16.114062825,,,sv_2c_cf
R12_PAS,gas_cc,2020,2040.0,M1,17.3929567,,,sv_2c_cf
R12_PAS,gas_cc,2020,2045.0,M1,17.3929567,,,sv_2c_cf
R12_PAS,gas_cc,2025,2025.0,M1,0.0,,,sv_2c_cf
R12_PAS,gas_cc,2025,2030.0,M1,0.0,,,sv_2c_cf
R12_PAS,gas_cc,2025,2035.0,M1,0.0,,,sv_2c_cf
R12_PAS,gas_cc,2025,2040.0,M1,0.0,,,sv_2c_cf
R12_PAS,gas_cc,2025,2045.0,M1,0.0,,,sv_2c_cf
R12_PAS,gas_cc,2025,2050.0,M1,0.0,,,sv_2c_cf
R12_PAS,gas_cc,2030,2030.0,M1,0.0,,,sv_2c_cf
R12_PAS,gas_cc,2030,2035.0,M1,0.0,,,sv_2c_cf
R12_PAS,gas_cc,2030,2040.0,M1,0.0,,,sv_2c_cf
R12_PAS,gas_cc,2030,2045.0,M1,0.0,,,sv_2c_cf
R12_PAS,gas_cc,2030,2050.0,M1,0.0,,,sv_2c_cf
R12_PAS,gas_cc,2030,2055.0,M1,0.0,,,sv_2c_cf
R12_PAS,gas_cc,2035,2035.0,M1,14.519214965949297,,,sv_2c_cf
R12_PAS,gas_cc,2035,2040.0,M1,15.671533614040511,,,sv_2c_cf
R12_PAS,gas_cc,2035,2045.0,M1,15.671533614040511,,,sv_2c_cf
R12_PAS,gas_cc,2035,2050.0,M1,15.671533614040511,,,sv_2c_cf
R12_PAS,gas_cc,2035,2055.0,M1,0.7976649194873744,,,sv_2c_cf
R12_PAS,gas_cc,2035,2060.0,M1,0.0,,,sv_2c_cf
R12_PAS,gas_cc,2040,2040.0,M1,12.489356756281024,,,sv_2c_cf
R12_PAS,gas_cc,2040,2045.0,M1,12.489356756281024,,,sv_2c_cf
R12_PAS,gas_cc,2040,2050.0,M1,12.489356756281024,,,sv_2c_cf
R12_PAS,gas_cc,2040,2055.0,M1,12.489356756281024,,,sv_2c_cf
R12_PAS,gas_cc,2040,2060.0,M1,0.0,,,sv_2c_cf
R12_PAS,gas_cc,2040,2070.0,M1,0.0,,,sv_2c_cf
R12_PAS,gas_cc,2045,2045.0,M1,3.584187409504139,,,sv_2c_cf
R12_PAS,gas_cc,2045,2050.0,M1,3.584187409504139,,,sv_2c_cf
R12_PAS,gas_cc,2045,2055.0,M1,3.584187409504139,,,sv_2c_cf
R12_PAS,gas_cc,2045,2060.0,M1,0.0,,,sv_2c_cf
R12_PAS,gas_cc,2045,2070.0,M1,0.0,,,sv_2c_cf
R12_PAS,gas_cc,2050,2050.0,M1,1.7711294164503517,,,sv_2c_cf
R12_PAS,gas_cc,2050,2055.0,M1,1.7711294164503517,,,sv_2c_cf
R12_PAS,gas_cc,2050,2060.0,M1,0.0,,,sv_2c_cf
R12_PAS,gas_cc,2050,2070.0,M1,0.0,,,sv_2c_cf
R12_PAS,gas_cc,2050,2080.0,M1,0.0,,,sv_2c_cf
R12_PAS,gas_cc,2055,2055.0,M1,0.0,,,sv_2c_cf
R12_PAS,gas_cc,2055,2060.0,M1,0.0,,,sv_2c_cf
R12_PAS,gas_cc,2055,2070.0,M1,0.0,,,sv_2c_cf
R12_PAS,gas_cc,2055,2080.0,M1,0.0,,,sv_2c_cf
R12_PAS,gas_cc,2060,2060.0,M1,0.0,,,sv_2c_cf
R12_PAS,gas_cc,2060,2070.0,M1,0.0,,,sv_2c_cf
R12_PAS,gas_cc,2060,2080.0,M1,0.0,,,sv_2c_cf
R12_PAS,gas_cc,2060,2090.0,M1,0.0,,,sv_2c_cf
R12_PAS,gas_cc,2070,2070.0,M1,0.0,,,sv_2c_cf
R12_PAS,gas_cc,2070,2080.0,M1,0.0,,,sv_2c_cf
R12_PAS,gas_cc,2070,2090.0,M1,0.0,,,sv_2c_cf
R12_PAS,gas_cc,2080,2080.0,M1,0.0,,,sv_2c_cf
R12_PAS,gas_cc,2080,2090.0,M1,0.0,,,sv_2c_cf
R12_PAS,gas_cc,2080,2100.0,M1,0.0,,,sv_2c_cf
R12_PAS,gas_cc,2090,2090.0,M1,0.0,,,sv_2c_cf
R12_PAS,gas_cc,2090,2100.0,M1,0.0,,,sv_2c_cf
R12_PAS,gas_cc,2090,2110.0,M1,0.0,,,sv_2c_cf
R12_PAS,gas_cc,2100,2100.0,M1,0.0,,,sv_2c_cf
R12_PAS,gas_cc,2100,2110.0,M1,0.0,,,sv_2c_cf
R12_PAS,gas_cc,2110,2110.0,M1,0.0,,,sv_2c_cf
R12_PAS,gas_cc_ccs,2030,2030.0,M1,0.0,,,sv_2c_cf
R12_PAS,gas_cc_ccs,2030,2035.0,M1,0.0,,,sv_2c_cf
R12_PAS,gas_cc_ccs,2030,2040.0,M1,0.0,,,sv_2c_cf
R12_PAS,gas_cc_ccs,2030,2045.0,M1,0.0,,,sv_2c_cf
R12_PAS,gas_cc_ccs,2030,2050.0,M1,0.0,,,sv_2c_cf
R12_PAS,gas_cc_ccs,2030,2055.0,M1,0.0,,,sv_2c_cf
R12_PAS,gas_cc_ccs,2035,2035.0,M1,0.0,,,sv_2c_cf
R12_PAS,gas_cc_ccs,2035,2040.0,M1,0.0,,,sv_2c_cf
R12_PAS,gas_cc_ccs,2035,2045.0,M1,0.0,,,sv_2c_cf
R12_PAS,gas_cc_ccs,2035,2050.0,M1,0.0,,,sv_2c_cf
R12_PAS,gas_cc_ccs,2035,2055.0,M1,0.0,,,sv_2c_cf
R12_PAS,gas_cc_ccs,2035,2060.0,M1,0.0,,,sv_2c_cf
R12_PAS,gas_cc_ccs,2040,2040.0,M1,0.0,,,sv_2c_cf
R12_PAS,gas_cc_ccs,2040,2045.0,M1,0.0,,,sv_2c_cf
R12_PAS,gas_cc_ccs,2040,2050.0,M1,0.0,,,sv_2c_cf
R12_PAS,gas_cc_ccs,2040,2055.0,M1,0.0,,,sv_2c_cf
R12_PAS,gas_cc_ccs,2040,2060.0,M1,0.0,,,sv_2c_cf
R12_PAS,gas_cc_ccs,2040,2070.0,M1,0.0,,,sv_2c_cf
R12_PAS,gas_cc_ccs,2045,2045.0,M1,0.0,,,sv_2c_cf
R12_PAS,gas_cc_ccs,2045,2050.0,M1,0.0,,,sv_2c_cf
R12_PAS,gas_cc_ccs,2045,2055.0,M1,0.0,,,sv_2c_cf
R12_PAS,gas_cc_ccs,2045,2060.0,M1,0.0,,,sv_2c_cf
R12_PAS,gas_cc_ccs,2045,2070.0,M1,0.0,,,sv_2c_cf
R12_PAS,gas_cc_ccs,2050,2050.0,M1,0.0,,,sv_2c_cf
R12_PAS,gas_cc_ccs,2050,2055.0,M1,0.0,,,sv_2c_cf
R12_PAS,gas_cc_ccs,2050,2060.0,M1,0.0,,,sv_2c_cf
R12_PAS,gas_cc_ccs,2050,2070.0,M1,0.0,,,sv_2c_cf
R12_PAS,gas_cc_ccs,2050,2080.0,M1,0.0,,,sv_2c_cf
R12_PAS,gas_cc_ccs,2055,2055.0,M1,0.0,,,sv_2c_cf
R12_PAS,gas_cc_ccs,2055,2060.0,M1,0.0,,,sv_2c_cf
R12_PAS,gas_cc_ccs,2055,2070.0,M1,0.0,,,sv_2c_cf
R12_PAS,gas_cc_ccs,2055,2080.0,M1,0.0,,,sv_2c_cf
R12_PAS,gas_cc_ccs,2060,2060.0,M1,0.0,,,sv_2c_cf
R12_PAS,gas_cc_ccs,2060,2070.0,M1,0.0,,,sv_2c_cf
R12_PAS,gas_cc_ccs,2060,2080.0,M1,0.0,,,sv_2c_cf
R12_PAS,gas_cc_ccs,2060,2090.0,M1,0.0,,,sv_2c_cf
R12_PAS,gas_cc_ccs,2070,2070.0,M1,0.0,,,sv_2c_cf
R12_PAS,gas_cc_ccs,2070,2080.0,M1,0.0,,,sv_2c_cf
R12_PAS,gas_cc_ccs,2070,2090.0,M1,0.0,,,sv_2c_cf
R12_PAS,gas_cc_ccs,2080,2080.0,M1,0.0,,,sv_2c_cf
R12_PAS,gas_cc_ccs,2080,2090.0,M1,0.0,,,sv_2c_cf
R12_PAS,gas_cc_ccs,2080,2100.0,M1,0.0,,,sv_2c_cf
R12_PAS,gas_cc_ccs,2090,2090.0,M1,0.0,,,sv_2c_cf
R12_PAS,gas_cc_ccs,2090,2100.0,M1,0.0,,,sv_2c_cf
R12_PAS,gas_cc_ccs,2090,2110.0,M1,0.0,,,sv_2c_cf
R12_PAS,gas_cc_ccs,2100,2100.0,M1,0.0,,,sv_2c_cf
R12_PAS,gas_cc_ccs,2100,2110.0,M1,0.0,,,sv_2c_cf
R12_PAS,gas_cc_ccs,2110,2110.0,M1,0.0,,,sv_2c_cf
R12_PAS,gas_ct,1970,1970.0,M1,0.0,,,sv_2c_cf
R12_PAS,gas_ct,1970,1975.0,M1,0.0,,,sv_2c_cf
R12_PAS,gas_ct,1970,1980.0,M1,0.0,,,sv_2c_cf
R12_PAS,gas_ct,1970,1985.0,M1,0.0,,,sv_2c_cf
R12_PAS,gas_ct,1970,1990.0,M1,0.0,,,sv_2c_cf
R12_PAS,gas_ct,1970,1995.0,M1,0.0,,,sv_2c_cf
R12_PAS,gas_ct,1970,2000.0,M1,0.0,,,sv_2c_cf
R12_PAS,gas_ct,1970,2005.0,M1,0.0,,,sv_2c_cf
R12_PAS,gas_ct,1970,2010.0,M1,0.0,,,sv_2c_cf
R12_PAS,gas_ct,1970,2015.0,M1,0.0,,,sv_2c_cf
R12_PAS,gas_ct,1970,2020.0,M1,0.0,,,sv_2c_cf
R12_PAS,gas_ct,1970,2025.0,M1,0.0,,,sv_2c_cf
R12_PAS,gas_ct,1975,1975.0,M1,0.0,,,sv_2c_cf
R12_PAS,gas_ct,1975,1980.0,M1,0.0,,,sv_2c_cf
R12_PAS,gas_ct,1975,1985.0,M1,0.0,,,sv_2c_cf
R12_PAS,gas_ct,1975,1990.0,M1,0.0,,,sv_2c_cf
R12_PAS,gas_ct,1975,1995.0,M1,0.0,,,sv_2c_cf
R12_PAS,gas_ct,1975,2000.0,M1,0.0,,,sv_2c_cf
R12_PAS,gas_ct,1975,2005.0,M1,0.0,,,sv_2c_cf
R12_PAS,gas_ct,1975,2010.0,M1,0.0,,,sv_2c_cf
R12_PAS,gas_ct,1975,2015.0,M1,0.0,,,sv_2c_cf
R12_PAS,gas_ct,1975,2020.0,M1,0.0,,,sv_2c_cf
R12_PAS,gas_ct,1975,2025.0,M1,0.0,,,sv_2c_cf
R12_PAS,gas_ct,1980,1980.0,M1,0.0,,,sv_2c_cf
R12_PAS,gas_ct,1980,1985.0,M1,0.0,,,sv_2c_cf
R12_PAS,gas_ct,1980,1990.0,M1,0.0,,,sv_2c_cf
R12_PAS,gas_ct,1980,1995.0,M1,0.0,,,sv_2c_cf
R12_PAS,gas_ct,1980,2000.0,M1,0.0,,,sv_2c_cf
R12_PAS,gas_ct,1980,2005.0,M1,0.0,,,sv_2c_cf
R12_PAS,gas_ct,1980,2010.0,M1,0.0,,,sv_2c_cf
R12_PAS,gas_ct,1980,2015.0,M1,0.0,,,sv_2c_cf
R12_PAS,gas_ct,1980,2020.0,M1,0.0,,,sv_2c_cf
R12_PAS,gas_ct,1980,2025.0,M1,0.0,,,sv_2c_cf
R12_PAS,gas_ct,1980,2030.0,M1,0.0,,,sv_2c_cf
R12_PAS,gas_ct,1985,1985.0,M1,0.0,,,sv_2c_cf
R12_PAS,gas_ct,1985,1990.0,M1,0.0,,,sv_2c_cf
R12_PAS,gas_ct,1985,1995.0,M1,0.0,,,sv_2c_cf
R12_PAS,gas_ct,1985,2000.0,M1,0.0,,,sv_2c_cf
R12_PAS,gas_ct,1985,2005.0,M1,0.0,,,sv_2c_cf
R12_PAS,gas_ct,1985,2010.0,M1,0.0,,,sv_2c_cf
R12_PAS,gas_ct,1985,2015.0,M1,0.0,,,sv_2c_cf
R12_PAS,gas_ct,1985,2020.0,M1,0.0,,,sv_2c_cf
R12_PAS,gas_ct,1985,2025.0,M1,0.0,,,sv_2c_cf
R12_PAS,gas_ct,1985,2030.0,M1,0.0,,,sv_2c_cf
R12_PAS,gas_ct,1990,1990.0,M1,0.0,,,sv_2c_cf
R12_PAS,gas_ct,1990,1995.0,M1,0.0,,,sv_2c_cf
R12_PAS,gas_ct,1990,2000.0,M1,0.0,,,sv_2c_cf
R12_PAS,gas_ct,1990,2005.0,M1,0.0,,,sv_2c_cf
R12_PAS,gas_ct,1990,2010.0,M1,0.0,,,sv_2c_cf
R12_PAS,gas_ct,1990,2015.0,M1,0.0,,,sv_2c_cf
R12_PAS,gas_ct,1990,2020.0,M1,0.0,,,sv_2c_cf
R12_PAS,gas_ct,1990,2025.0,M1,0.0,,,sv_2c_cf
R12_PAS,gas_ct,1990,2030.0,M1,0.0,,,sv_2c_cf
R12_PAS,gas_ct,1990,2035.0,M1,0.0,,,sv_2c_cf
R12_PAS,gas_ct,1995,1995.0,M1,0.0,,,sv_2c_cf
R12_PAS,gas_ct,1995,2000.0,M1,0.0,,,sv_2c_cf
R12_PAS,gas_ct,1995,2005.0,M1,0.0,,,sv_2c_cf
R12_PAS,gas_ct,1995,2010.0,M1,0.0,,,sv_2c_cf
R12_PAS,gas_ct,1995,2015.0,M1,0.0,,,sv_2c_cf
R12_PAS,gas_ct,1995,2020.0,M1,0.0,,,sv_2c_cf
R12_PAS,gas_ct,1995,2025.0,M1,0.0,,,sv_2c_cf
R12_PAS,gas_ct,1995,2030.0,M1,0.0,,,sv_2c_cf
R12_PAS,gas_ct,1995,2035.0,M1,0.0,,,sv_2c_cf
R12_PAS,gas_ct,2000,2000.0,M1,0.0,,,sv_2c_cf
R12_PAS,gas_ct,2000,2005.0,M1,0.0,,,sv_2c_cf
R12_PAS,gas_ct,2000,2010.0,M1,0.0,,,sv_2c_cf
R12_PAS,gas_ct,2000,2015.0,M1,0.0,,,sv_2c_cf
R12_PAS,gas_ct,2000,2020.0,M1,0.0,,,sv_2c_cf
R12_PAS,gas_ct,2000,2025.0,M1,0.0,,,sv_2c_cf
R12_PAS,gas_ct,2000,2030.0,M1,0.0,,,sv_2c_cf
R12_PAS,gas_ct,2000,2035.0,M1,0.0,,,sv_2c_cf
R12_PAS,gas_ct,2000,2040.0,M1,0.0,,,sv_2c_cf
R12_PAS,gas_ct,2005,2005.0,M1,0.0,,,sv_2c_cf
R12_PAS,gas_ct,2005,2010.0,M1,0.0,,,sv_2c_cf
R12_PAS,gas_ct,2005,2015.0,M1,0.0,,,sv_2c_cf
R12_PAS,gas_ct,2005,2020.0,M1,0.0,,,sv_2c_cf
R12_PAS,gas_ct,2005,2025.0,M1,0.0,,,sv_2c_cf
R12_PAS,gas_ct,2005,2030.0,M1,0.0,,,sv_2c_cf
R12_PAS,gas_ct,2005,2035.0,M1,0.0,,,sv_2c_cf
R12_PAS,gas_ct,2005,2040.0,M1,0.0,,,sv_2c_cf
R12_PAS,gas_ct,2010,2010.0,M1,0.0,,,sv_2c_cf
R12_PAS,gas_ct,2010,2015.0,M1,0.0,,,sv_2c_cf
R12_PAS,gas_ct,2010,2020.0,M1,0.0,,,sv_2c_cf
R12_PAS,gas_ct,2010,2025.0,M1,0.0,,,sv_2c_cf
R12_PAS,gas_ct,2010,2030.0,M1,0.0,,,sv_2c_cf
R12_PAS,gas_ct,2010,2035.0,M1,0.0,,,sv_2c_cf
R12_PAS,gas_ct,2010,2040.0,M1,0.0,,,sv_2c_cf
R12_PAS,gas_ct,2010,2045.0,M1,0.0,,,sv_2c_cf
R12_PAS,gas_ct,2015,2015.0,M1,0.0,,,sv_2c_cf
R12_PAS,gas_ct,2015,2020.0,M1,0.0,,,sv_2c_cf
R12_PAS,gas_ct,2015,2025.0,M1,0.0,,,sv_2c_cf
R12_PAS,gas_ct,2015,2030.0,M1,0.0,,,sv_2c_cf
R12_PAS,gas_ct,2015,2035.0,M1,0.0,,,sv_2c_cf
R12_PAS,gas_ct,2015,2040.0,M1,0.0,,,sv_2c_cf
R12_PAS,gas_ct,2015,2045.0,M1,0.0,,,sv_2c_cf
R12_PAS,gas_ct,2020,2020.0,M1,0.0,,,sv_2c_cf
R12_PAS,gas_ct,2020,2025.0,M1,0.0,,,sv_2c_cf
R12_PAS,gas_ct,2020,2030.0,M1,0.0,,,sv_2c_cf
R12_PAS,gas_ct,2020,2035.0,M1,0.0,,,sv_2c_cf
R12_PAS,gas_ct,2020,2040.0,M1,0.0,,,sv_2c_cf
R12_PAS,gas_ct,2020,2045.0,M1,0.0,,,sv_2c_cf
R12_PAS,gas_ct,2020,2050.0,M1,0.0,,,sv_2c_cf
R12_PAS,gas_ct,2025,2025.0,M1,0.0,,,sv_2c_cf
R12_PAS,gas_ct,2025,2030.0,M1,0.0,,,sv_2c_cf
R12_PAS,gas_ct,2025,2035.0,M1,0.0,,,sv_2c_cf
R12_PAS,gas_ct,2025,2040.0,M1,0.0,,,sv_2c_cf
R12_PAS,gas_ct,2025,2045.0,M1,0.0,,,sv_2c_cf
R12_PAS,gas_ct,2025,2050.0,M1,0.0,,,sv_2c_cf
R12_PAS,gas_ct,2030,2030.0,M1,0.0,,,sv_2c_cf
R12_PAS,gas_ct,2030,2035.0,M1,0.0,,,sv_2c_cf
R12_PAS,gas_ct,2030,2040.0,M1,0.0,,,sv_2c_cf
R12_PAS,gas_ct,2030,2045.0,M1,0.0,,,sv_2c_cf
R12_PAS,gas_ct,2030,2050.0,M1,0.0,,,sv_2c_cf
R12_PAS,gas_ct,2030,2055.0,M1,0.0,,,sv_2c_cf
R12_PAS,gas_ct,2035,2035.0,M1,0.0,,,sv_2c_cf
R12_PAS,gas_ct,2035,2040.0,M1,0.0,,,sv_2c_cf
R12_PAS,gas_ct,2035,2045.0,M1,0.0,,,sv_2c_cf
R12_PAS,gas_ct,2035,2050.0,M1,0.0,,,sv_2c_cf
R12_PAS,gas_ct,2035,2055.0,M1,0.0,,,sv_2c_cf
R12_PAS,gas_ct,2035,2060.0,M1,0.0,,,sv_2c_cf
R12_PAS,gas_ct,2040,2040.0,M1,0.0,,,sv_2c_cf
R12_PAS,gas_ct,2040,2045.0,M1,0.0,,,sv_2c_cf
R12_PAS,gas_ct,2040,2050.0,M1,0.0,,,sv_2c_cf
R12_PAS,gas_ct,2040,2055.0,M1,0.0,,,sv_2c_cf
R12_PAS,gas_ct,2040,2060.0,M1,0.0,,,sv_2c_cf
R12_PAS,gas_ct,2040,2070.0,M1,0.0,,,sv_2c_cf
R12_PAS,gas_ct,2045,2045.0,M1,0.0,,,sv_2c_cf
R12_PAS,gas_ct,2045,2050.0,M1,0.0,,,sv_2c_cf
R12_PAS,gas_ct,2045,2055.0,M1,0.0,,,sv_2c_cf
R12_PAS,gas_ct,2045,2060.0,M1,0.0,,,sv_2c_cf
R12_PAS,gas_ct,2045,2070.0,M1,0.0,,,sv_2c_cf
R12_PAS,gas_ct,2050,2050.0,M1,0.0,,,sv_2c_cf
R12_PAS,gas_ct,2050,2055.0,M1,0.0,,,sv_2c_cf
R12_PAS,gas_ct,2050,2060.0,M1,0.0,,,sv_2c_cf
R12_PAS,gas_ct,2050,2070.0,M1,0.0,,,sv_2c_cf
R12_PAS,gas_ct,2050,2080.0,M1,0.0,,,sv_2c_cf
R12_PAS,gas_ct,2055,2055.0,M1,0.0,,,sv_2c_cf
R12_PAS,gas_ct,2055,2060.0,M1,0.0,,,sv_2c_cf
R12_PAS,gas_ct,2055,2070.0,M1,0.0,,,sv_2c_cf
R12_PAS,gas_ct,2055,2080.0,M1,0.0,,,sv_2c_cf
R12_PAS,gas_ct,2060,2060.0,M1,0.0,,,sv_2c_cf
R12_PAS,gas_ct,2060,2070.0,M1,0.0,,,sv_2c_cf
R12_PAS,gas_ct,2060,2080.0,M1,0.0,,,sv_2c_cf
R12_PAS,gas_ct,2060,2090.0,M1,0.0,,,sv_2c_cf
R12_PAS,gas_ct,2070,2070.0,M1,0.0,,,sv_2c_cf
R12_PAS,gas_ct,2070,2080.0,M1,0.0,,,sv_2c_cf
R12_PAS,gas_ct,2070,2090.0,M1,0.0,,,sv_2c_cf
R12_PAS,gas_ct,2080,2080.0,M1,0.0,,,sv_2c_cf
R12_PAS,gas_ct,2080,2090.0,M1,0.0,,,sv_2c_cf
R12_PAS,gas_ct,2080,2100.0,M1,0.0,,,sv_2c_cf
R12_PAS,gas_ct,2090,2090.0,M1,0.0,,,sv_2c_cf
R12_PAS,gas_ct,2090,2100.0,M1,0.0,,,sv_2c_cf
R12_PAS,gas_ct,2090,2110.0,M1,0.0,,,sv_2c_cf
R12_PAS,gas_ct,2100,2100.0,M1,0.0,,,sv_2c_cf
R12_PAS,gas_ct,2100,2110.0,M1,0.0,,,sv_2c_cf
R12_PAS,gas_ct,2110,2110.0,M1,0.0,,,sv_2c_cf
R12_PAS,gas_ppl,1970,1970.0,M1,0.0,,,sv_2c_cf
R12_PAS,gas_ppl,1970,1975.0,M1,0.0,,,sv_2c_cf
R12_PAS,gas_ppl,1970,1980.0,M1,0.0,,,sv_2c_cf
R12_PAS,gas_ppl,1970,1985.0,M1,0.0,,,sv_2c_cf
R12_PAS,gas_ppl,1970,1990.0,M1,0.0,,,sv_2c_cf
R12_PAS,gas_ppl,1970,1995.0,M1,0.0,,,sv_2c_cf
R12_PAS,gas_ppl,1970,2000.0,M1,0.0,,,sv_2c_cf
R12_PAS,gas_ppl,1970,2005.0,M1,0.0,,,sv_2c_cf
R12_PAS,gas_ppl,1970,2010.0,M1,0.0,,,sv_2c_cf
R12_PAS,gas_ppl,1970,2015.0,M1,0.0,,,sv_2c_cf
R12_PAS,gas_ppl,1970,2020.0,M1,0.0,,,sv_2c_cf
R12_PAS,gas_ppl,1970,2025.0,M1,0.0,,,sv_2c_cf
R12_PAS,gas_ppl,1975,1975.0,M1,0.0,,,sv_2c_cf
R12_PAS,gas_ppl,1975,1980.0,M1,0.0,,,sv_2c_cf
R12_PAS,gas_ppl,1975,1985.0,M1,0.0,,,sv_2c_cf
R12_PAS,gas_ppl,1975,1990.0,M1,0.0,,,sv_2c_cf
R12_PAS,gas_ppl,1975,1995.0,M1,0.0,,,sv_2c_cf
R12_PAS,gas_ppl,1975,2000.0,M1,0.0,,,sv_2c_cf
R12_PAS,gas_ppl,1975,2005.0,M1,0.0,,,sv_2c_cf
R12_PAS,gas_ppl,1975,2010.0,M1,0.0,,,sv_2c_cf
R12_PAS,gas_ppl,1975,2015.0,M1,0.0,,,sv_2c_cf
R12_PAS,gas_ppl,1975,2020.0,M1,0.0,,,sv_2c_cf
R12_PAS,gas_ppl,1975,2025.0,M1,0.0,,,sv_2c_cf
R12_PAS,gas_ppl,1980,1980.0,M1,0.0,,,sv_2c_cf
R12_PAS,gas_ppl,1980,1985.0,M1,0.0,,,sv_2c_cf
R12_PAS,gas_ppl,1980,1990.0,M1,0.0,,,sv_2c_cf
R12_PAS,gas_ppl,1980,1995.0,M1,0.0,,,sv_2c_cf
R12_PAS,gas_ppl,1980,2000.0,M1,0.0,,,sv_2c_cf
R12_PAS,gas_ppl,1980,2005.0,M1,0.0,,,sv_2c_cf
R12_PAS,gas_ppl,1980,2010.0,M1,0.0,,,sv_2c_cf
R12_PAS,gas_ppl,1980,2015.0,M1,0.0,,,sv_2c_cf
R12_PAS,gas_ppl,1980,2020.0,M1,0.0,,,sv_2c_cf
R12_PAS,gas_ppl,1980,2025.0,M1,0.0,,,sv_2c_cf
R12_PAS,gas_ppl,1980,2030.0,M1,0.0,,,sv_2c_cf
R12_PAS,gas_ppl,1985,1985.0,M1,0.0,,,sv_2c_cf
R12_PAS,gas_ppl,1985,1990.0,M1,0.0,,,sv_2c_cf
R12_PAS,gas_ppl,1985,1995.0,M1,0.0,,,sv_2c_cf
R12_PAS,gas_ppl,1985,2000.0,M1,0.0,,,sv_2c_cf
R12_PAS,gas_ppl,1985,2005.0,M1,0.0,,,sv_2c_cf
R12_PAS,gas_ppl,1985,2010.0,M1,0.0,,,sv_2c_cf
R12_PAS,gas_ppl,1985,2015.0,M1,0.0,,,sv_2c_cf
R12_PAS,gas_ppl,1985,2020.0,M1,0.0,,,sv_2c_cf
R12_PAS,gas_ppl,1985,2025.0,M1,0.0,,,sv_2c_cf
R12_PAS,gas_ppl,1985,2030.0,M1,0.0,,,sv_2c_cf
R12_PAS,gas_ppl,1990,1990.0,M1,0.0,,,sv_2c_cf
R12_PAS,gas_ppl,1990,1995.0,M1,0.0,,,sv_2c_cf
R12_PAS,gas_ppl,1990,2000.0,M1,0.0,,,sv_2c_cf
R12_PAS,gas_ppl,1990,2005.0,M1,0.0,,,sv_2c_cf
R12_PAS,gas_ppl,1990,2010.0,M1,0.0,,,sv_2c_cf
R12_PAS,gas_ppl,1990,2015.0,M1,0.0,,,sv_2c_cf
R12_PAS,gas_ppl,1990,2020.0,M1,0.0,,,sv_2c_cf
R12_PAS,gas_ppl,1990,2025.0,M1,0.0,,,sv_2c_cf
R12_PAS,gas_ppl,1990,2030.0,M1,0.0,,,sv_2c_cf
R12_PAS,gas_ppl,1990,2035.0,M1,0.0,,,sv_2c_cf
R12_PAS,gas_ppl,1995,1995.0,M1,0.0,,,sv_2c_cf
R12_PAS,gas_ppl,1995,2000.0,M1,0.0,,,sv_2c_cf
R12_PAS,gas_ppl,1995,2005.0,M1,0.0,,,sv_2c_cf
R12_PAS,gas_ppl,1995,2010.0,M1,0.0,,,sv_2c_cf
R12_PAS,gas_ppl,1995,2015.0,M1,0.0,,,sv_2c_cf
R12_PAS,gas_ppl,1995,2020.0,M1,0.0,,,sv_2c_cf
R12_PAS,gas_ppl,1995,2025.0,M1,0.0,,,sv_2c_cf
R12_PAS,gas_ppl,1995,2030.0,M1,0.0,,,sv_2c_cf
R12_PAS,gas_ppl,1995,2035.0,M1,0.0,,,sv_2c_cf
R12_PAS,gas_ppl,2000,2000.0,M1,0.0,,,sv_2c_cf
R12_PAS,gas_ppl,2000,2005.0,M1,0.0,,,sv_2c_cf
R12_PAS,gas_ppl,2000,2010.0,M1,0.0,,,sv_2c_cf
R12_PAS,gas_ppl,2000,2015.0,M1,0.0,,,sv_2c_cf
R12_PAS,gas_ppl,2000,2020.0,M1,0.0,,,sv_2c_cf
R12_PAS,gas_ppl,2000,2025.0,M1,0.0,,,sv_2c_cf
R12_PAS,gas_ppl,2000,2030.0,M1,0.0,,,sv_2c_cf
R12_PAS,gas_ppl,2000,2035.0,M1,0.0,,,sv_2c_cf
R12_PAS,gas_ppl,2000,2040.0,M1,0.0,,,sv_2c_cf
R12_PAS,gas_ppl,2005,2005.0,M1,0.0,,,sv_2c_cf
R12_PAS,gas_ppl,2005,2010.0,M1,0.0,,,sv_2c_cf
R12_PAS,gas_ppl,2005,2015.0,M1,0.0,,,sv_2c_cf
R12_PAS,gas_ppl,2005,2020.0,M1,0.0,,,sv_2c_cf
R12_PAS,gas_ppl,2005,2025.0,M1,0.0,,,sv_2c_cf
R12_PAS,gas_ppl,2005,2030.0,M1,0.0,,,sv_2c_cf
R12_PAS,gas_ppl,2005,2035.0,M1,0.0,,,sv_2c_cf
R12_PAS,gas_ppl,2005,2040.0,M1,0.0,,,sv_2c_cf
R12_PAS,gas_ppl,2010,2010.0,M1,0.0,,,sv_2c_cf
R12_PAS,gas_ppl,2010,2015.0,M1,0.0,,,sv_2c_cf
R12_PAS,gas_ppl,2010,2020.0,M1,0.0,,,sv_2c_cf
R12_PAS,gas_ppl,2010,2025.0,M1,0.0,,,sv_2c_cf
R12_PAS,gas_ppl,2010,2030.0,M1,0.0,,,sv_2c_cf
R12_PAS,gas_ppl,2010,2035.0,M1,0.0,,,sv_2c_cf
R12_PAS,gas_ppl,2010,2040.0,M1,0.0,,,sv_2c_cf
R12_PAS,gas_ppl,2010,2045.0,M1,0.0,,,sv_2c_cf
R12_PAS,gas_ppl,2015,2015.0,M1,0.0,,,sv_2c_cf
R12_PAS,gas_ppl,2015,2020.0,M1,0.0,,,sv_2c_cf
R12_PAS,gas_ppl,2015,2025.0,M1,0.0,,,sv_2c_cf
R12_PAS,gas_ppl,2015,2030.0,M1,0.0,,,sv_2c_cf
R12_PAS,gas_ppl,2015,2035.0,M1,0.0,,,sv_2c_cf
R12_PAS,gas_ppl,2015,2040.0,M1,0.0,,,sv_2c_cf
R12_PAS,gas_ppl,2015,2045.0,M1,0.0,,,sv_2c_cf
R12_PAS,gas_ppl,2020,2020.0,M1,0.0,,,sv_2c_cf
R12_PAS,gas_ppl,2020,2025.0,M1,0.0,,,sv_2c_cf
R12_PAS,gas_ppl,2020,2030.0,M1,0.0,,,sv_2c_cf
R12_PAS,gas_ppl,2020,2035.0,M1,0.0,,,sv_2c_cf
R12_PAS,gas_ppl,2020,2040.0,M1,0.0,,,sv_2c_cf
R12_PAS,gas_ppl,2020,2045.0,M1,0.0,,,sv_2c_cf
R12_PAS,gas_ppl,2020,2050.0,M1,0.0,,,sv_2c_cf
R12_PAS,gas_ppl,2025,2025.0,M1,0.0,,,sv_2c_cf
R12_PAS,gas_ppl,2025,2030.0,M1,0.0,,,sv_2c_cf
R12_PAS,gas_ppl,2025,2035.0,M1,0.0,,,sv_2c_cf
R12_PAS,gas_ppl,2025,2040.0,M1,0.0,,,sv_2c_cf
R12_PAS,gas_ppl,2025,2045.0,M1,0.0,,,sv_2c_cf
R12_PAS,gas_ppl,2025,2050.0,M1,0.0,,,sv_2c_cf
R12_PAS,gas_ppl,2030,2030.0,M1,0.0,,,sv_2c_cf
R12_PAS,gas_ppl,2030,2035.0,M1,0.0,,,sv_2c_cf
R12_PAS,gas_ppl,2030,2040.0,M1,0.0,,,sv_2c_cf
R12_PAS,gas_ppl,2030,2045.0,M1,0.0,,,sv_2c_cf
R12_PAS,gas_ppl,2030,2050.0,M1,0.0,,,sv_2c_cf
R12_PAS,gas_ppl,2030,2055.0,M1,0.0,,,sv_2c_cf
R12_PAS,gas_ppl,2035,2035.0,M1,0.0,,,sv_2c_cf
R12_PAS,gas_ppl,2035,2040.0,M1,0.0,,,sv_2c_cf
R12_PAS,gas_ppl,2035,2045.0,M1,0.0,,,sv_2c_cf
R12_PAS,gas_ppl,2035,2050.0,M1,0.0,,,sv_2c_cf
R12_PAS,gas_ppl,2035,2055.0,M1,0.0,,,sv_2c_cf
R12_PAS,gas_ppl,2035,2060.0,M1,0.0,,,sv_2c_cf
R12_PAS,gas_ppl,2040,2040.0,M1,0.0,,,sv_2c_cf
R12_PAS,gas_ppl,2040,2045.0,M1,0.0,,,sv_2c_cf
R12_PAS,gas_ppl,2040,2050.0,M1,0.0,,,sv_2c_cf
R12_PAS,gas_ppl,2040,2055.0,M1,0.0,,,sv_2c_cf
R12_PAS,gas_ppl,2040,2060.0,M1,0.0,,,sv_2c_cf
R12_PAS,gas_ppl,2040,2070.0,M1,0.0,,,sv_2c_cf
R12_PAS,gas_ppl,2045,2045.0,M1,0.0,,,sv_2c_cf
R12_PAS,gas_ppl,2045,2050.0,M1,0.0,,,sv_2c_cf
R12_PAS,gas_ppl,2045,2055.0,M1,0.0,,,sv_2c_cf
R12_PAS,gas_ppl,2045,2060.0,M1,0.0,,,sv_2c_cf
R12_PAS,gas_ppl,2045,2070.0,M1,0.0,,,sv_2c_cf
R12_PAS,gas_ppl,2050,2050.0,M1,0.0,,,sv_2c_cf
R12_PAS,gas_ppl,2050,2055.0,M1,0.0,,,sv_2c_cf
R12_PAS,gas_ppl,2050,2060.0,M1,0.0,,,sv_2c_cf
R12_PAS,gas_ppl,2050,2070.0,M1,0.0,,,sv_2c_cf
R12_PAS,gas_ppl,2050,2080.0,M1,0.0,,,sv_2c_cf
R12_PAS,gas_ppl,2055,2055.0,M1,0.0,,,sv_2c_cf
R12_PAS,gas_ppl,2055,2060.0,M1,0.0,,,sv_2c_cf
R12_PAS,gas_ppl,2055,2070.0,M1,0.0,,,sv_2c_cf
R12_PAS,gas_ppl,2055,2080.0,M1,0.0,,,sv_2c_cf
R12_PAS,gas_ppl,2060,2060.0,M1,0.0,,,sv_2c_cf
R12_PAS,gas_ppl,2060,2070.0,M1,0.0,,,sv_2c_cf
R12_PAS,gas_ppl,2060,2080.0,M1,0.0,,,sv_2c_cf
R12_PAS,gas_ppl,2060,2090.0,M1,0.0,,,sv_2c_cf
R12_PAS,gas_ppl,2070,2070.0,M1,0.0,,,sv_2c_cf
R12_PAS,gas_ppl,2070,2080.0,M1,0.0,,,sv_2c_cf
R12_PAS,gas_ppl,2070,2090.0,M1,0.0,,,sv_2c_cf
R12_PAS,gas_ppl,2080,2080.0,M1,0.0,,,sv_2c_cf
R12_PAS,gas_ppl,2080,2090.0,M1,0.0,,,sv_2c_cf
R12_PAS,gas_ppl,2080,2100.0,M1,0.0,,,sv_2c_cf
R12_PAS,gas_ppl,2090,2090.0,M1,0.0,,,sv_2c_cf
R12_PAS,gas_ppl,2090,2100.0,M1,0.0,,,sv_2c_cf
R12_PAS,gas_ppl,2090,2110.0,M1,0.0,,,sv_2c_cf
R12_PAS,gas_ppl,2100,2100.0,M1,0.0,,,sv_2c_cf
R12_PAS,gas_ppl,2100,2110.0,M1,0.0,,,sv_2c_cf
R12_PAS,gas_ppl,2110,2110.0,M1,0.0,,,sv_2c_cf
R12_PAS,igcc,2010,2010.0,M1,0.0,0.0,1295.59,sv_2c_cf
R12_PAS,igcc,2010,2015.0,M1,0.0,,1295.59,sv_2c_cf
R12_PAS,igcc,2010,2020.0,M1,0.0,,1295.59,sv_2c_cf
R12_PAS,igcc,2010,2025.0,M1,0.0,,1295.59,sv_2c_cf
R12_PAS,igcc,2010,2030.0,M1,0.0,0.0,1295.59,sv_2c_cf
R12_PAS,igcc,2010,2035.0,M1,0.0,0.0,1295.59,sv_2c_cf
R12_PAS,igcc,2015,2015.0,M1,0.0,0.0,1295.59,sv_2c_cf
R12_PAS,igcc,2015,2020.0,M1,0.0,,1295.59,sv_2c_cf
R12_PAS,igcc,2015,2025.0,M1,0.0,,1295.59,sv_2c_cf
R12_PAS,igcc,2015,2030.0,M1,0.0,0.0,1295.59,sv_2c_cf
R12_PAS,igcc,2015,2035.0,M1,0.0,0.0,1295.59,sv_2c_cf
R12_PAS,igcc,2015,2040.0,M1,0.0,0.0,1295.59,sv_2c_cf
R12_PAS,igcc,2020,2020.0,M1,0.0,0.0,1296.0,sv_2c_cf
R12_PAS,igcc,2020,2025.0,M1,0.0,,1296.0,sv_2c_cf
R12_PAS,igcc,2020,2030.0,M1,0.0,0.0,1296.0,sv_2c_cf
R12_PAS,igcc,2020,2035.0,M1,0.0,0.0,1296.0,sv_2c_cf
R12_PAS,igcc,2020,2040.0,M1,0.0,0.0,1296.0,sv_2c_cf
R12_PAS,igcc,2020,2045.0,M1,0.0,0.0,1296.0,sv_2c_cf
R12_PAS,igcc,2025,2025.0,M1,0.0,0.0,1296.0,sv_2c_cf
R12_PAS,igcc,2025,2030.0,M1,0.0,0.0,1296.0,sv_2c_cf
R12_PAS,igcc,2025,2035.0,M1,0.0,0.0,1296.0,sv_2c_cf
R12_PAS,igcc,2025,2040.0,M1,0.0,0.0,1296.0,sv_2c_cf
R12_PAS,igcc,2025,2045.0,M1,0.0,0.0,1296.0,sv_2c_cf
R12_PAS,igcc,2025,2050.0,M1,0.0,0.0,1296.0,sv_2c_cf
R12_PAS,igcc,2030,2030.0,M1,0.0,0.0,1241.099953160243,sv_2c_cf
R12_PAS,igcc,2030,2035.0,M1,0.0,0.0,1241.099953160243,sv_2c_cf
R12_PAS,igcc,2030,2040.0,M1,0.0,0.0,1241.099953160243,sv_2c_cf
R12_PAS,igcc,2030,2045.0,M1,0.0,0.0,1241.099953160243,sv_2c_cf
R12_PAS,igcc,2030,2050.0,M1,0.0,0.0,1241.099953160243,sv_2c_cf
R12_PAS,igcc,2030,2055.0,M1,0.0,0.0,1241.099953160243,sv_2c_cf
R12_PAS,igcc,2035,2035.0,M1,0.0,0.0,1197.5918970548275,sv_2c_cf
R12_PAS,igcc,2035,2040.0,M1,0.0,0.0,1197.5918970548275,sv_2c_cf
R12_PAS,igcc,2035,2045.0,M1,0.0,0.0,1197.5918970548275,sv_2c_cf
R12_PAS,igcc,2035,2050.0,M1,0.0,0.0,1197.5918970548275,sv_2c_cf
R12_PAS,igcc,2035,2055.0,M1,0.0,0.0,1197.5918970548275,sv_2c_cf
R12_PAS,igcc,2035,2060.0,M1,0.0,0.0,1197.5918970548275,sv_2c_cf
R12_PAS,igcc,2040,2040.0,M1,0.0,0.0,1162.0993156793093,sv_2c_cf
R12_PAS,igcc,2040,2045.0,M1,0.0,0.0,1162.0993156793093,sv_2c_cf
R12_PAS,igcc,2040,2050.0,M1,0.0,0.0,1162.0993156793093,sv_2c_cf
R12_PAS,igcc,2040,2055.0,M1,0.0,0.0,1162.0993156793093,sv_2c_cf
R12_PAS,igcc,2040,2060.0,M1,0.0,0.0,1162.0993156793093,sv_2c_cf
R12_PAS,igcc,2040,2070.0,M1,0.0,0.0,1162.0993156793093,sv_2c_cf
R12_PAS,igcc,2045,2045.0,M1,0.0,0.0,1134.0042664727846,sv_2c_cf
R12_PAS,igcc,2045,2050.0,M1,0.0,0.0,1134.0042664727846,sv_2c_cf
R12_PAS,igcc,2045,2055.0,M1,0.0,0.0,1134.0042664727846,sv_2c_cf
R12_PAS,igcc,2045,2060.0,M1,0.0,0.0,1134.0042664727846,sv_2c_cf
R12_PAS,igcc,2045,2070.0,M1,0.0,0.0,1134.0042664727846,sv_2c_cf
R12_PAS,igcc,2050,2050.0,M1,0.0,0.0,1112.7313059384248,sv_2c_cf
R12_PAS,igcc,2050,2055.0,M1,0.0,0.0,1112.7313059384248,sv_2c_cf
R12_PAS,igcc,2050,2060.0,M1,0.0,0.0,1112.7313059384248,sv_2c_cf
R12_PAS,igcc,2050,2070.0,M1,0.0,0.0,1112.7313059384248,sv_2c_cf
R12_PAS,igcc,2050,2080.0,M1,0.0,0.0,1112.7313059384248,sv_2c_cf
R12_PAS,igcc,2055,2055.0,M1,0.0,0.0,1097.3505098248847,sv_2c_cf
R12_PAS,igcc,2055,2060.0,M1,0.0,0.0,1097.3505098248847,sv_2c_cf
R12_PAS,igcc,2055,2070.0,M1,0.0,0.0,1097.3505098248847,sv_2c_cf
R12_PAS,igcc,2055,2080.0,M1,0.0,0.0,1097.3505098248847,sv_2c_cf
R12_PAS,igcc,2060,2060.0,M1,0.0,0.0,1087.490499695518,sv_2c_cf
R12_PAS,igcc,2060,2070.0,M1,0.0,0.0,1087.490499695518,sv_2c_cf
R12_PAS,igcc,2060,2080.0,M1,0.0,0.0,1087.490499695518,sv_2c_cf
R12_PAS,igcc,2060,2090.0,M1,0.0,0.0,1087.490499695518,sv_2c_cf
R12_PAS,igcc,2070,2070.0,M1,0.0,0.0,1080.4377833812378,sv_2c_cf
R12_PAS,igcc,2070,2080.0,M1,0.0,0.0,1080.4377833812378,sv_2c_cf
R12_PAS,igcc,2070,2090.0,M1,0.0,0.0,1080.4377833812378,sv_2c_cf
R12_PAS,igcc,2080,2080.0,M1,0.0,0.0,1084.8033335000953,sv_2c_cf
R12_PAS,igcc,2080,2090.0,M1,0.0,0.0,1084.8033335000953,sv_2c_cf
R12_PAS,igcc,2080,2100.0,M1,0.0,0.0,1084.8033335000953,sv_2c_cf
R12_PAS,igcc,2090,2090.0,M1,0.0,0.0,1094.8631117037762,sv_2c_cf
R12_PAS,igcc,2090,2100.0,M1,0.0,0.0,1094.8631117037762,sv_2c_cf
R12_PAS,igcc,2090,2110.0,M1,0.0,0.0,1094.8631117037762,sv_2c_cf
R12_PAS,igcc,2100,2100.0,M1,0.0,0.0,1108.8295889058886,sv_2c_cf
R12_PAS,igcc,2100,2110.0,M1,0.0,0.0,1108.8295889058886,sv_2c_cf
R12_PAS,igcc,2110,2110.0,M1,0.0,0.0,1108.8295889058886,sv_2c_cf
R12_PAS,igcc_ccs,2030,2030.0,M1,0.0,0.0,3240.607205034082,sv_2c_cf
R12_PAS,igcc_ccs,2030,2035.0,M1,0.0,0.0,3240.607205034082,sv_2c_cf
R12_PAS,igcc_ccs,2030,2040.0,M1,0.0,0.0,3240.607205034082,sv_2c_cf
R12_PAS,igcc_ccs,2030,2045.0,M1,0.0,0.0,3240.607205034082,sv_2c_cf
R12_PAS,igcc_ccs,2030,2050.0,M1,0.0,0.0,3240.607205034082,sv_2c_cf
R12_PAS,igcc_ccs,2030,2055.0,M1,0.0,0.0,3240.607205034082,sv_2c_cf
R12_PAS,igcc_ccs,2035,2035.0,M1,0.0,0.0,3108.5424750106986,sv_2c_cf
R12_PAS,igcc_ccs,2035,2040.0,M1,0.0,0.0,3108.5424750106986,sv_2c_cf
R12_PAS,igcc_ccs,2035,2045.0,M1,0.0,0.0,3108.5424750106986,sv_2c_cf
R12_PAS,igcc_ccs,2035,2050.0,M1,0.0,0.0,3108.5424750106986,sv_2c_cf
R12_PAS,igcc_ccs,2035,2055.0,M1,0.0,0.0,3108.5424750106986,sv_2c_cf
R12_PAS,igcc_ccs,2035,2060.0,M1,0.0,0.0,3108.5424750106986,sv_2c_cf
R12_PAS,igcc_ccs,2040,2040.0,M1,0.0,0.0,3001.661140754344,sv_2c_cf
R12_PAS,igcc_ccs,2040,2045.0,M1,0.0,0.0,3001.661140754344,sv_2c_cf
R12_PAS,igcc_ccs,2040,2050.0,M1,0.0,0.0,3001.661140754344,sv_2c_cf
R12_PAS,igcc_ccs,2040,2055.0,M1,0.0,0.0,3001.661140754344,sv_2c_cf
R12_PAS,igcc_ccs,2040,2060.0,M1,0.0,0.0,3001.661140754344,sv_2c_cf
R12_PAS,igcc_ccs,2040,2070.0,M1,0.0,0.0,3001.661140754344,sv_2c_cf
R12_PAS,igcc_ccs,2045,2045.0,M1,0.0,0.0,2916.651012390412,sv_2c_cf
R12_PAS,igcc_ccs,2045,2050.0,M1,0.0,0.0,2916.651012390412,sv_2c_cf
R12_PAS,igcc_ccs,2045,2055.0,M1,0.0,0.0,2916.651012390412,sv_2c_cf
R12_PAS,igcc_ccs,2045,2060.0,M1,0.0,0.0,2916.651012390412,sv_2c_cf
R12_PAS,igcc_ccs,2045,2070.0,M1,0.0,0.0,2916.651012390412,sv_2c_cf
R12_PAS,igcc_ccs,2050,2050.0,M1,0.0,0.0,2850.7196202250534,sv_2c_cf
R12_PAS,igcc_ccs,2050,2055.0,M1,0.0,0.0,2850.7196202250534,sv_2c_cf
R12_PAS,igcc_ccs,2050,2060.0,M1,0.0,0.0,2850.7196202250534,sv_2c_cf
R12_PAS,igcc_ccs,2050,2070.0,M1,0.0,0.0,2850.7196202250534,sv_2c_cf
R12_PAS,igcc_ccs,2050,2080.0,M1,0.0,0.0,2850.7196202250534,sv_2c_cf
R12_PAS,igcc_ccs,2055,2055.0,M1,0.0,0.0,2800.8131075404485,sv_2c_cf
R12_PAS,igcc_ccs,2055,2060.0,M1,0.0,0.0,2800.8131075404485,sv_2c_cf
R12_PAS,igcc_ccs,2055,2070.0,M1,0.0,0.0,2800.8131075404485,sv_2c_cf
R12_PAS,igcc_ccs,2055,2080.0,M1,0.0,0.0,2800.8131075404485,sv_2c_cf
R12_PAS,igcc_ccs,2060,2060.0,M1,0.0,0.0,2765.1372120224687,sv_2c_cf
R12_PAS,igcc_ccs,2060,2070.0,M1,0.0,0.0,2765.1372120224687,sv_2c_cf
R12_PAS,igcc_ccs,2060,2080.0,M1,0.0,0.0,2765.1372120224687,sv_2c_cf
R12_PAS,igcc_ccs,2060,2090.0,M1,0.0,0.0,2765.1372120224687,sv_2c_cf
R12_PAS,igcc_ccs,2070,2070.0,M1,0.0,0.0,2726.1961910918985,sv_2c_cf
R12_PAS,igcc_ccs,2070,2080.0,M1,0.0,0.0,2726.1961910918985,sv_2c_cf
R12_PAS,igcc_ccs,2070,2090.0,M1,0.0,0.0,2726.1961910918985,sv_2c_cf
R12_PAS,igcc_ccs,2080,2080.0,M1,0.0,0.0,2716.7324048398577,sv_2c_cf
R12_PAS,igcc_ccs,2080,2090.0,M1,0.0,0.0,2716.7324048398577,sv_2c_cf
R12_PAS,igcc_ccs,2080,2100.0,M1,0.0,0.0,2716.7324048398577,sv_2c_cf
R12_PAS,igcc_ccs,2090,2090.0,M1,0.0,0.0,2723.329529999372,sv_2c_cf
R12_PAS,igcc_ccs,2090,2100.0,M1,0.0,0.0,2723.329529999372,sv_2c_cf
R12_PAS,igcc_ccs,2090,2110.0,M1,0.0,0.0,2723.329529999372,sv_2c_cf
R12_PAS,igcc_ccs,2100,2100.0,M1,0.0,0.0,2740.668971635192,sv_2c_cf
R12_PAS,igcc_ccs,2100,2110.0,M1,0.0,0.0,2740.668971635192,sv_2c_cf
R12_PAS,igcc_ccs,2110,2110.0,M1,0.0,0.0,2740.668971635192,sv_2c_cf
R12_RCPA,coal_adv,1995,1995.0,M1,0.0,0.0,566.82,sv_2c_cf
R12_RCPA,coal_adv,1995,1995.0,M2,0.0,0.0,566.82,sv_2c_cf
R12_RCPA,coal_adv,1995,2000.0,M1,0.0,,566.82,sv_2c_cf
R12_RCPA,coal_adv,1995,2000.0,M2,0.0,,566.82,sv_2c_cf
R12_RCPA,coal_adv,1995,2005.0,M1,0.0,,566.82,sv_2c_cf
R12_RCPA,coal_adv,1995,2005.0,M2,0.0,,566.82,sv_2c_cf
R12_RCPA,coal_adv,1995,2010.0,M1,0.0,,566.82,sv_2c_cf
R12_RCPA,coal_adv,1995,2010.0,M2,0.0,,566.82,sv_2c_cf
R12_RCPA,coal_adv,1995,2015.0,M1,0.0,,566.82,sv_2c_cf
R12_RCPA,coal_adv,1995,2015.0,M2,0.0,,566.82,sv_2c_cf
R12_RCPA,coal_adv,1995,2020.0,M1,0.0,,566.82,sv_2c_cf
R12_RCPA,coal_adv,1995,2020.0,M2,0.0,,566.82,sv_2c_cf
R12_RCPA,coal_adv,2000,2000.0,M1,0.0,0.0,566.82,sv_2c_cf
R12_RCPA,coal_adv,2000,2000.0,M2,0.0,0.0,566.82,sv_2c_cf
R12_RCPA,coal_adv,2000,2005.0,M1,0.0,,566.82,sv_2c_cf
R12_RCPA,coal_adv,2000,2005.0,M2,0.0,,566.82,sv_2c_cf
R12_RCPA,coal_adv,2000,2010.0,M1,0.0,,566.82,sv_2c_cf
R12_RCPA,coal_adv,2000,2010.0,M2,0.0,,566.82,sv_2c_cf
R12_RCPA,coal_adv,2000,2015.0,M1,0.0,,566.82,sv_2c_cf
R12_RCPA,coal_adv,2000,2015.0,M2,0.0,,566.82,sv_2c_cf
R12_RCPA,coal_adv,2000,2020.0,M1,0.0,,566.82,sv_2c_cf
R12_RCPA,coal_adv,2000,2020.0,M2,0.0,,566.82,sv_2c_cf
R12_RCPA,coal_adv,2000,2025.0,M1,0.0,,566.82,sv_2c_cf
R12_RCPA,coal_adv,2000,2025.0,M2,0.0,,566.82,sv_2c_cf
R12_RCPA,coal_adv,2005,2005.0,M1,0.0,0.0,566.82,sv_2c_cf
R12_RCPA,coal_adv,2005,2005.0,M2,0.0,0.0,566.82,sv_2c_cf
R12_RCPA,coal_adv,2005,2010.0,M1,0.0,,566.82,sv_2c_cf
R12_RCPA,coal_adv,2005,2010.0,M2,0.0,,566.82,sv_2c_cf
R12_RCPA,coal_adv,2005,2015.0,M1,0.0,,566.82,sv_2c_cf
R12_RCPA,coal_adv,2005,2015.0,M2,0.0,,566.82,sv_2c_cf
R12_RCPA,coal_adv,2005,2020.0,M1,0.0,,566.82,sv_2c_cf
R12_RCPA,coal_adv,2005,2020.0,M2,0.0,,566.82,sv_2c_cf
R12_RCPA,coal_adv,2005,2025.0,M1,0.0,,566.82,sv_2c_cf
R12_RCPA,coal_adv,2005,2025.0,M2,0.0,,566.82,sv_2c_cf
R12_RCPA,coal_adv,2005,2030.0,M1,0.0,0.0,566.82,sv_2c_cf
R12_RCPA,coal_adv,2005,2030.0,M2,0.0,0.0,566.82,sv_2c_cf
R12_RCPA,coal_adv,2010,2010.0,M1,0.0,0.0,566.82,sv_2c_cf
R12_RCPA,coal_adv,2010,2010.0,M2,0.0,0.0,566.82,sv_2c_cf
R12_RCPA,coal_adv,2010,2015.0,M1,0.0,,566.82,sv_2c_cf
R12_RCPA,coal_adv,2010,2015.0,M2,0.0,,566.82,sv_2c_cf
R12_RCPA,coal_adv,2010,2020.0,M1,0.0,,566.82,sv_2c_cf
R12_RCPA,coal_adv,2010,2020.0,M2,0.0,,566.82,sv_2c_cf
R12_RCPA,coal_adv,2010,2025.0,M1,0.0,,566.82,sv_2c_cf
R12_RCPA,coal_adv,2010,2025.0,M2,0.0,,566.82,sv_2c_cf
R12_RCPA,coal_adv,2010,2030.0,M1,0.0,0.0,566.82,sv_2c_cf
R12_RCPA,coal_adv,2010,2030.0,M2,0.0,0.0,566.82,sv_2c_cf
R12_RCPA,coal_adv,2010,2035.0,M1,0.0,0.0,566.82,sv_2c_cf
R12_RCPA,coal_adv,2010,2035.0,M2,0.0,0.0,566.82,sv_2c_cf
R12_RCPA,coal_adv,2015,2015.0,M1,0.0,0.0,566.82,sv_2c_cf
R12_RCPA,coal_adv,2015,2015.0,M2,0.0,0.0,566.82,sv_2c_cf
R12_RCPA,coal_adv,2015,2020.0,M1,0.0,,566.82,sv_2c_cf
R12_RCPA,coal_adv,2015,2020.0,M2,0.0,,566.82,sv_2c_cf
R12_RCPA,coal_adv,2015,2025.0,M1,0.0,,566.82,sv_2c_cf
R12_RCPA,coal_adv,2015,2025.0,M2,0.0,,566.82,sv_2c_cf
R12_RCPA,coal_adv,2015,2030.0,M1,1.017592,1.2440000000000002,566.82,sv_2c_cf
R12_RCPA,coal_adv,2015,2030.0,M2,0.0,1.2440000000000002,566.82,sv_2c_cf
R12_RCPA,coal_adv,2015,2035.0,M1,1.0374960000000002,1.2440000000000002,566.82,sv_2c_cf
R12_RCPA,coal_adv,2015,2035.0,M2,0.0,1.2440000000000002,566.82,sv_2c_cf
R12_RCPA,coal_adv,2015,2040.0,M1,1.0574000000000001,1.2440000000000002,566.82,sv_2c_cf
R12_RCPA,coal_adv,2015,2040.0,M2,0.0,1.2440000000000002,566.82,sv_2c_cf
R12_RCPA,coal_adv,2020,2020.0,M1,0.0,0.0,567.0000000000001,sv_2c_cf
R12_RCPA,coal_adv,2020,2020.0,M2,0.0,0.0,567.0000000000001,sv_2c_cf
R12_RCPA,coal_adv,2020,2025.0,M1,0.0,,567.0000000000001,sv_2c_cf
R12_RCPA,coal_adv,2020,2025.0,M2,0.0,,567.0000000000001,sv_2c_cf
R12_RCPA,coal_adv,2020,2030.0,M1,0.562784,0.688,567.0000000000001,sv_2c_cf
R12_RCPA,coal_adv,2020,2030.0,M2,0.0,0.688,567.0000000000001,sv_2c_cf
R12_RCPA,coal_adv,2020,2035.0,M1,0.573792,0.688,567.0000000000001,sv_2c_cf
R12_RCPA,coal_adv,2020,2035.0,M2,0.0,0.688,567.0000000000001,sv_2c_cf
R12_RCPA,coal_adv,2020,2040.0,M1,0.5848,0.688,567.0000000000001,sv_2c_cf
R12_RCPA,coal_adv,2020,2040.0,M2,0.0,0.688,567.0000000000001,sv_2c_cf
R12_RCPA,coal_adv,2020,2045.0,M1,0.0,0.0,567.0000000000001,sv_2c_cf
R12_RCPA,coal_adv,2020,2045.0,M2,0.0,0.0,567.0000000000001,sv_2c_cf
R12_RCPA,coal_adv,2025,2025.0,M1,0.0,0.0,567.0000000000001,sv_2c_cf
R12_RCPA,coal_adv,2025,2025.0,M2,0.0,0.0,567.0000000000001,sv_2c_cf
R12_RCPA,coal_adv,2025,2030.0,M1,4.115126970055166,5.030717567304604,567.0000000000001,sv_2c_cf
R12_RCPA,coal_adv,2025,2030.0,M2,0.0,5.030717567304604,567.0000000000001,sv_2c_cf
R12_RCPA,coal_adv,2025,2035.0,M1,4.19561845113204,5.030717567304604,567.0000000000001,sv_2c_cf
R12_RCPA,coal_adv,2025,2035.0,M2,0.0,5.030717567304604,567.0000000000001,sv_2c_cf
R12_RCPA,coal_adv,2025,2040.0,M1,4.2761099322089136,5.030717567304604,567.0000000000001,sv_2c_cf
R12_RCPA,coal_adv,2025,2040.0,M2,0.0,5.030717567304604,567.0000000000001,sv_2c_cf
R12_RCPA,coal_adv,2025,2045.0,M1,0.8749172410641369,1.0293144012519257,567.0000000000001,sv_2c_cf
R12_RCPA,coal_adv,2025,2045.0,M2,0.0,1.0293144012519257,567.0000000000001,sv_2c_cf
R12_RCPA,coal_adv,2025,2050.0,M1,0.0,0.0,567.0000000000001,sv_2c_cf
R12_RCPA,coal_adv,2025,2050.0,M2,0.0,0.0,567.0000000000001,sv_2c_cf
R12_RCPA,coal_adv,2030,2030.0,M1,0.3287056481906698,0.40184064570986533,583.7203052550369,sv_2c_cf
R12_RCPA,coal_adv,2030,2030.0,M2,0.0,0.40184064570986533,583.7203052550369,sv_2c_cf
R12_RCPA,coal_adv,2030,2035.0,M1,0.33513509852202766,0.40184064570986533,583.7203052550369,sv_2c_cf
R12_RCPA,coal_adv,2030,2035.0,M2,0.0,0.40184064570986533,583.7203052550369,sv_2c_cf
R12_RCPA,coal_adv,2030,2040.0,M1,0.3415645488533855,0.40184064570986533,583.7203052550369,sv_2c_cf
R12_RCPA,coal_adv,2030,2040.0,M2,0.0,0.40184064570986533,583.7203052550369,sv_2c_cf
R12_RCPA,coal_adv,2030,2045.0,M1,0.0,0.0,583.7203052550369,sv_2c_cf
R12_RCPA,coal_adv,2030,2045.0,M2,0.0,0.0,583.7203052550369,sv_2c_cf
R12_RCPA,coal_adv,2030,2050.0,M1,0.0,0.0,583.7203052550369,sv_2c_cf
R12_RCPA,coal_adv,2030,2050.0,M2,0.0,0.0,583.7203052550369,sv_2c_cf
R12_RCPA,coal_adv,2030,2055.0,M1,0.0,0.0,583.7203052550369,sv_2c_cf
R12_RCPA,coal_adv,2030,2055.0,M2,0.0,0.0,583.7203052550369,sv_2c_cf
R12_RCPA,coal_adv,2035,2035.0,M1,0.0,0.0,605.4080522143967,sv_2c_cf
R12_RCPA,coal_adv,2035,2035.0,M2,0.0,0.0,605.4080522143967,sv_2c_cf
R12_RCPA,coal_adv,2035,2040.0,M1,0.0,0.0,605.4080522143967,sv_2c_cf
R12_RCPA,coal_adv,2035,2040.0,M2,0.0,0.0,605.4080522143967,sv_2c_cf
R12_RCPA,coal_adv,2035,2045.0,M1,0.0,0.0,605.4080522143967,sv_2c_cf
R12_RCPA,coal_adv,2035,2045.0,M2,0.0,0.0,605.4080522143967,sv_2c_cf
R12_RCPA,coal_adv,2035,2050.0,M1,0.0,0.0,605.4080522143967,sv_2c_cf
R12_RCPA,coal_adv,2035,2050.0,M2,0.0,0.0,605.4080522143967,sv_2c_cf
R12_RCPA,coal_adv,2035,2055.0,M1,0.0,0.0,605.4080522143967,sv_2c_cf
R12_RCPA,coal_adv,2035,2055.0,M2,0.0,0.0,605.4080522143967,sv_2c_cf
R12_RCPA,coal_adv,2035,2060.0,M1,0.0,0.0,605.4080522143967,sv_2c_cf
R12_RCPA,coal_adv,2035,2060.0,M2,0.0,0.0,605.4080522143967,sv_2c_cf
R12_RCPA,coal_adv,2040,2040.0,M1,0.0,0.0,622.2118919667147,sv_2c_cf
R12_RCPA,coal_adv,2040,2040.0,M2,0.0,0.0,622.2118919667147,sv_2c_cf
R12_RCPA,coal_adv,2040,2045.0,M1,0.0,0.0,622.2118919667147,sv_2c_cf
R12_RCPA,coal_adv,2040,2045.0,M2,0.0,0.0,622.2118919667147,sv_2c_cf
R12_RCPA,coal_adv,2040,2050.0,M1,0.0,0.0,622.2118919667147,sv_2c_cf
R12_RCPA,coal_adv,2040,2050.0,M2,0.0,0.0,622.2118919667147,sv_2c_cf
R12_RCPA,coal_adv,2040,2055.0,M1,0.0,0.0,622.2118919667147,sv_2c_cf
R12_RCPA,coal_adv,2040,2055.0,M2,0.0,0.0,622.2118919667147,sv_2c_cf
R12_RCPA,coal_adv,2040,2060.0,M1,0.0,0.0,622.2118919667147,sv_2c_cf
R12_RCPA,coal_adv,2040,2060.0,M2,0.0,0.0,622.2118919667147,sv_2c_cf
R12_RCPA,coal_adv,2040,2070.0,M1,0.0,0.0,622.2118919667147,sv_2c_cf
R12_RCPA,coal_adv,2040,2070.0,M2,0.0,0.0,622.2118919667147,sv_2c_cf
R12_RCPA,coal_adv,2045,2045.0,M1,0.0,0.0,636.6796775047613,sv_2c_cf
R12_RCPA,coal_adv,2045,2045.0,M2,0.0,0.0,636.6796775047613,sv_2c_cf
R12_RCPA,coal_adv,2045,2050.0,M1,0.0,0.0,636.6796775047613,sv_2c_cf
R12_RCPA,coal_adv,2045,2050.0,M2,0.0,0.0,636.6796775047613,sv_2c_cf
R12_RCPA,coal_adv,2045,2055.0,M1,0.0,0.0,636.6796775047613,sv_2c_cf
R12_RCPA,coal_adv,2045,2055.0,M2,0.0,0.0,636.6796775047613,sv_2c_cf
R12_RCPA,coal_adv,2045,2060.0,M1,0.0,0.0,636.6796775047613,sv_2c_cf
R12_RCPA,coal_adv,2045,2060.0,M2,0.0,0.0,636.6796775047613,sv_2c_cf
R12_RCPA,coal_adv,2045,2070.0,M1,0.0,0.0,636.6796775047613,sv_2c_cf
R12_RCPA,coal_adv,2045,2070.0,M2,0.0,0.0,636.6796775047613,sv_2c_cf
R12_RCPA,coal_adv,2050,2050.0,M1,0.0,0.0,650.7051527258668,sv_2c_cf
R12_RCPA,coal_adv,2050,2050.0,M2,0.0,0.0,650.7051527258668,sv_2c_cf
R12_RCPA,coal_adv,2050,2055.0,M1,0.0,0.0,650.7051527258668,sv_2c_cf
R12_RCPA,coal_adv,2050,2055.0,M2,0.0,0.0,650.7051527258668,sv_2c_cf
R12_RCPA,coal_adv,2050,2060.0,M1,0.0,0.0,650.7051527258668,sv_2c_cf
R12_RCPA,coal_adv,2050,2060.0,M2,0.0,0.0,650.7051527258668,sv_2c_cf
R12_RCPA,coal_adv,2050,2070.0,M1,0.0,0.0,650.7051527258668,sv_2c_cf
R12_RCPA,coal_adv,2050,2070.0,M2,0.0,0.0,650.7051527258668,sv_2c_cf
R12_RCPA,coal_adv,2050,2080.0,M1,0.0,0.0,650.7051527258668,sv_2c_cf
R12_RCPA,coal_adv,2050,2080.0,M2,0.0,0.0,650.7051527258668,sv_2c_cf
R12_RCPA,coal_adv,2055,2055.0,M1,0.0,0.0,665.356689131443,sv_2c_cf
R12_RCPA,coal_adv,2055,2055.0,M2,0.0,0.0,665.356689131443,sv_2c_cf
R12_RCPA,coal_adv,2055,2060.0,M1,0.0,0.0,665.356689131443,sv_2c_cf
R12_RCPA,coal_adv,2055,2060.0,M2,0.0,0.0,665.356689131443,sv_2c_cf
R12_RCPA,coal_adv,2055,2070.0,M1,0.0,0.0,665.356689131443,sv_2c_cf
R12_RCPA,coal_adv,2055,2070.0,M2,0.0,0.0,665.356689131443,sv_2c_cf
R12_RCPA,coal_adv,2055,2080.0,M1,0.0,0.0,665.356689131443,sv_2c_cf
R12_RCPA,coal_adv,2055,2080.0,M2,0.0,0.0,665.356689131443,sv_2c_cf
R12_RCPA,coal_adv,2060,2060.0,M1,0.0,0.0,682.0192222160421,sv_2c_cf
R12_RCPA,coal_adv,2060,2060.0,M2,0.0,0.0,682.0192222160421,sv_2c_cf
R12_RCPA,coal_adv,2060,2070.0,M1,0.0,0.0,682.0192222160421,sv_2c_cf
R12_RCPA,coal_adv,2060,2070.0,M2,0.0,0.0,682.0192222160421,sv_2c_cf
R12_RCPA,coal_adv,2060,2080.0,M1,0.0,0.0,682.0192222160421,sv_2c_cf
R12_RCPA,coal_adv,2060,2080.0,M2,0.0,0.0,682.0192222160421,sv_2c_cf
R12_RCPA,coal_adv,2060,2090.0,M1,0.0,0.0,682.0192222160421,sv_2c_cf
R12_RCPA,coal_adv,2060,2090.0,M2,0.0,0.0,682.0192222160421,sv_2c_cf
R12_RCPA,coal_adv,2070,2070.0,M1,0.0,0.0,721.9603154420971,sv_2c_cf
R12_RCPA,coal_adv,2070,2070.0,M2,0.0,0.0,721.9603154420971,sv_2c_cf
R12_RCPA,coal_adv,2070,2080.0,M1,0.0,0.0,721.9603154420971,sv_2c_cf
R12_RCPA,coal_adv,2070,2080.0,M2,0.0,0.0,721.9603154420971,sv_2c_cf
R12_RCPA,coal_adv,2070,2090.0,M1,0.0,0.0,721.9603154420971,sv_2c_cf
R12_RCPA,coal_adv,2070,2090.0,M2,0.0,0.0,721.9603154420971,sv_2c_cf
R12_RCPA,coal_adv,2080,2080.0,M1,0.0,0.0,763.8292801582425,sv_2c_cf
R12_RCPA,coal_adv,2080,2080.0,M2,0.0,0.0,763.8292801582425,sv_2c_cf
R12_RCPA,coal_adv,2080,2090.0,M1,0.0,0.0,763.8292801582425,sv_2c_cf
R12_RCPA,coal_adv,2080,2090.0,M2,0.0,0.0,763.8292801582425,sv_2c_cf
R12_RCPA,coal_adv,2080,2100.0,M1,0.0,0.0,763.8292801582425,sv_2c_cf
R12_RCPA,coal_adv,2080,2100.0,M2,0.0,0.0,763.8292801582425,sv_2c_cf
R12_RCPA,coal_adv,2090,2090.0,M1,0.0,0.0,803.7751986005655,sv_2c_cf
R12_RCPA,coal_adv,2090,2090.0,M2,0.0,0.0,803.7751986005655,sv_2c_cf
R12_RCPA,coal_adv,2090,2100.0,M1,0.0,0.0,803.7751986005655,sv_2c_cf
R12_RCPA,coal_adv,2090,2100.0,M2,0.0,0.0,803.7751986005655,sv_2c_cf
R12_RCPA,coal_adv,2090,2110.0,M1,0.0,0.0,803.7751986005655,sv_2c_cf
R12_RCPA,coal_adv,2090,2110.0,M2,0.0,0.0,803.7751986005655,sv_2c_cf
R12_RCPA,coal_adv,2100,2100.0,M1,0.0,0.0,846.3423976048898,sv_2c_cf
R12_RCPA,coal_adv,2100,2100.0,M2,0.0,0.0,846.3423976048898,sv_2c_cf
R12_RCPA,coal_adv,2100,2110.0,M1,0.0,0.0,846.3423976048898,sv_2c_cf
R12_RCPA,coal_adv,2100,2110.0,M2,0.0,0.0,846.3423976048898,sv_2c_cf
R12_RCPA,coal_adv,2110,2110.0,M1,0.0,0.0,846.3423976048898,sv_2c_cf
R12_RCPA,coal_adv,2110,2110.0,M2,0.0,0.0,846.3423976048898,sv_2c_cf
R12_RCPA,coal_adv_ccs,2030,2030.0,M1,0.0,0.0,2666.2231997147587,sv_2c_cf
R12_RCPA,coal_adv_ccs,2030,2035.0,M1,0.0,0.0,2666.2231997147587,sv_2c_cf
R12_RCPA,coal_adv_ccs,2030,2040.0,M1,0.0,0.0,2666.2231997147587,sv_2c_cf
R12_RCPA,coal_adv_ccs,2030,2045.0,M1,0.0,0.0,2666.2231997147587,sv_2c_cf
R12_RCPA,coal_adv_ccs,2030,2050.0,M1,0.0,0.0,2666.2231997147587,sv_2c_cf
R12_RCPA,coal_adv_ccs,2030,2055.0,M1,0.0,0.0,2666.2231997147587,sv_2c_cf
R12_RCPA,coal_adv_ccs,2035,2035.0,M1,0.0,0.0,2608.99556366198,sv_2c_cf
R12_RCPA,coal_adv_ccs,2035,2040.0,M1,0.0,0.0,2608.99556366198,sv_2c_cf
R12_RCPA,coal_adv_ccs,2035,2045.0,M1,0.0,0.0,2608.99556366198,sv_2c_cf
R12_RCPA,coal_adv_ccs,2035,2050.0,M1,0.0,0.0,2608.99556366198,sv_2c_cf
R12_RCPA,coal_adv_ccs,2035,2055.0,M1,0.0,0.0,2608.99556366198,sv_2c_cf
R12_RCPA,coal_adv_ccs,2035,2060.0,M1,0.0,0.0,2608.99556366198,sv_2c_cf
R12_RCPA,coal_adv_ccs,2040,2040.0,M1,0.0,0.0,2562.301150047345,sv_2c_cf
R12_RCPA,coal_adv_ccs,2040,2045.0,M1,0.0,0.0,2562.301150047345,sv_2c_cf
R12_RCPA,coal_adv_ccs,2040,2050.0,M1,0.0,0.0,2562.301150047345,sv_2c_cf
R12_RCPA,coal_adv_ccs,2040,2055.0,M1,0.0,0.0,2562.301150047345,sv_2c_cf
R12_RCPA,coal_adv_ccs,2040,2060.0,M1,0.0,0.0,2562.301150047345,sv_2c_cf
R12_RCPA,coal_adv_ccs,2040,2070.0,M1,0.0,0.0,2562.301150047345,sv_2c_cf
R12_RCPA,coal_adv_ccs,2045,2045.0,M1,0.0,0.0,2526.512857973203,sv_2c_cf
R12_RCPA,coal_adv_ccs,2045,2050.0,M1,0.0,0.0,2526.512857973203,sv_2c_cf
R12_RCPA,coal_adv_ccs,2045,2055.0,M1,0.0,0.0,2526.512857973203,sv_2c_cf
R12_RCPA,coal_adv_ccs,2045,2060.0,M1,0.0,0.0,2526.512857973203,sv_2c_cf
R12_RCPA,coal_adv_ccs,2045,2070.0,M1,0.0,0.0,2526.512857973203,sv_2c_cf
R12_RCPA,coal_adv_ccs,2050,2050.0,M1,0.0,0.0,2501.6997377322336,sv_2c_cf
R12_RCPA,coal_adv_ccs,2050,2055.0,M1,0.0,0.0,2501.6997377322336,sv_2c_cf
R12_RCPA,coal_adv_ccs,2050,2060.0,M1,0.0,0.0,2501.6997377322336,sv_2c_cf
R12_RCPA,coal_adv_ccs,2050,2070.0,M1,0.0,0.0,2501.6997377322336,sv_2c_cf
R12_RCPA,coal_adv_ccs,2050,2080.0,M1,0.0,0.0,2501.6997377322336,sv_2c_cf
R12_RCPA,coal_adv_ccs,2055,2055.0,M1,0.0,0.0,2487.2134815367504,sv_2c_cf
R12_RCPA,coal_adv_ccs,2055,2060.0,M1,0.0,0.0,2487.2134815367504,sv_2c_cf
R12_RCPA,coal_adv_ccs,2055,2070.0,M1,0.0,0.0,2487.2134815367504,sv_2c_cf
R12_RCPA,coal_adv_ccs,2055,2080.0,M1,0.0,0.0,2487.2134815367504,sv_2c_cf
R12_RCPA,coal_adv_ccs,2060,2060.0,M1,0.0,0.0,2483.3673050253383,sv_2c_cf
R12_RCPA,coal_adv_ccs,2060,2070.0,M1,0.0,0.0,2483.3673050253383,sv_2c_cf
R12_RCPA,coal_adv_ccs,2060,2080.0,M1,0.0,0.0,2483.3673050253383,sv_2c_cf
R12_RCPA,coal_adv_ccs,2060,2090.0,M1,0.0,0.0,2483.3673050253383,sv_2c_cf
R12_RCPA,coal_adv_ccs,2070,2070.0,M1,0.0,0.0,2502.8424879421455,sv_2c_cf
R12_RCPA,coal_adv_ccs,2070,2080.0,M1,0.0,0.0,2502.8424879421455,sv_2c_cf
R12_RCPA,coal_adv_ccs,2070,2090.0,M1,0.0,0.0,2502.8424879421455,sv_2c_cf
R12_RCPA,coal_adv_ccs,2080,2080.0,M1,0.0,0.0,2540.8905823910663,sv_2c_cf
R12_RCPA,coal_adv_ccs,2080,2090.0,M1,0.0,0.0,2540.8905823910663,sv_2c_cf
R12_RCPA,coal_adv_ccs,2080,2100.0,M1,0.0,0.0,2540.8905823910663,sv_2c_cf
R12_RCPA,coal_adv_ccs,2090,2090.0,M1,0.0,0.0,2585.8791655576556,sv_2c_cf
R12_RCPA,coal_adv_ccs,2090,2100.0,M1,0.0,0.0,2585.8791655576556,sv_2c_cf
R12_RCPA,coal_adv_ccs,2090,2110.0,M1,0.0,0.0,2585.8791655576556,sv_2c_cf
R12_RCPA,coal_adv_ccs,2100,2100.0,M1,0.0,0.0,2641.3722371575564,sv_2c_cf
R12_RCPA,coal_adv_ccs,2100,2110.0,M1,0.0,0.0,2641.3722371575564,sv_2c_cf
R12_RCPA,coal_adv_ccs,2110,2110.0,M1,0.0,0.0,2641.3722371575564,sv_2c_cf
R12_RCPA,coal_ppl,1980,1980.0,M1,0.0,0.0,485.85,sv_2c_cf
R12_RCPA,coal_ppl,1980,1985.0,M1,0.0,,485.85,sv_2c_cf
R12_RCPA,coal_ppl,1980,1990.0,M1,0.0,,485.85,sv_2c_cf
R12_RCPA,coal_ppl,1980,1995.0,M1,0.0,,485.85,sv_2c_cf
R12_RCPA,coal_ppl,1980,2000.0,M1,0.0,,485.85,sv_2c_cf
R12_RCPA,coal_ppl,1980,2005.0,M1,0.0,,485.85,sv_2c_cf
R12_RCPA,coal_ppl,1980,2010.0,M1,0.0,,485.85,sv_2c_cf
R12_RCPA,coal_ppl,1980,2015.0,M1,0.0,,485.85,sv_2c_cf
R12_RCPA,coal_ppl,1980,2020.0,M1,0.0,,485.85,sv_2c_cf
R12_RCPA,coal_ppl,1980,2025.0,M1,0.0,,485.85,sv_2c_cf
R12_RCPA,coal_ppl,1985,1985.0,M1,0.0,0.0,485.85,sv_2c_cf
R12_RCPA,coal_ppl,1985,1990.0,M1,0.0,,485.85,sv_2c_cf
R12_RCPA,coal_ppl,1985,1995.0,M1,0.0,,485.85,sv_2c_cf
R12_RCPA,coal_ppl,1985,2000.0,M1,0.0,,485.85,sv_2c_cf
R12_RCPA,coal_ppl,1985,2005.0,M1,0.0,,485.85,sv_2c_cf
R12_RCPA,coal_ppl,1985,2010.0,M1,0.0,,485.85,sv_2c_cf
R12_RCPA,coal_ppl,1985,2015.0,M1,0.0,,485.85,sv_2c_cf
R12_RCPA,coal_ppl,1985,2020.0,M1,0.0,,485.85,sv_2c_cf
R12_RCPA,coal_ppl,1985,2025.0,M1,0.0,,485.85,sv_2c_cf
R12_RCPA,coal_ppl,1990,1990.0,M1,0.0,0.0,485.85,sv_2c_cf
R12_RCPA,coal_ppl,1990,1995.0,M1,0.0,,485.85,sv_2c_cf
R12_RCPA,coal_ppl,1990,2000.0,M1,0.0,,485.85,sv_2c_cf
R12_RCPA,coal_ppl,1990,2005.0,M1,0.0,,485.85,sv_2c_cf
R12_RCPA,coal_ppl,1990,2010.0,M1,0.0,,485.85,sv_2c_cf
R12_RCPA,coal_ppl,1990,2015.0,M1,0.0,,485.85,sv_2c_cf
R12_RCPA,coal_ppl,1990,2020.0,M1,0.0,,485.85,sv_2c_cf
R12_RCPA,coal_ppl,1990,2025.0,M1,0.0,,485.85,sv_2c_cf
R12_RCPA,coal_ppl,1990,2030.0,M1,0.0,0.0,485.85,sv_2c_cf
R12_RCPA,coal_ppl,1995,1995.0,M1,0.0,0.0,485.85,sv_2c_cf
R12_RCPA,coal_ppl,1995,1995.0,M2,0.0,0.0,485.85,sv_2c_cf
R12_RCPA,coal_ppl,1995,2000.0,M1,0.0,,485.85,sv_2c_cf
R12_RCPA,coal_ppl,1995,2000.0,M2,0.0,,485.85,sv_2c_cf
R12_RCPA,coal_ppl,1995,2005.0,M1,0.0,,485.85,sv_2c_cf
R12_RCPA,coal_ppl,1995,2005.0,M2,0.0,,485.85,sv_2c_cf
R12_RCPA,coal_ppl,1995,2010.0,M1,0.0,,485.85,sv_2c_cf
R12_RCPA,coal_ppl,1995,2010.0,M2,0.0,,485.85,sv_2c_cf
R12_RCPA,coal_ppl,1995,2015.0,M1,0.0,,485.85,sv_2c_cf
R12_RCPA,coal_ppl,1995,2015.0,M2,0.0,,485.85,sv_2c_cf
R12_RCPA,coal_ppl,1995,2020.0,M1,0.0,,485.85,sv_2c_cf
R12_RCPA,coal_ppl,1995,2020.0,M2,0.0,,485.85,sv_2c_cf
R12_RCPA,coal_ppl,1995,2025.0,M1,0.0,,485.85,sv_2c_cf
R12_RCPA,coal_ppl,1995,2030.0,M1,0.0,0.0,485.85,sv_2c_cf
R12_RCPA,coal_ppl,2000,2000.0,M1,0.0,0.0,485.85,sv_2c_cf
R12_RCPA,coal_ppl,2000,2000.0,M2,0.0,0.0,485.85,sv_2c_cf
R12_RCPA,coal_ppl,2000,2005.0,M1,0.0,,485.85,sv_2c_cf
R12_RCPA,coal_ppl,2000,2005.0,M2,0.0,,485.85,sv_2c_cf
R12_RCPA,coal_ppl,2000,2010.0,M1,0.0,,485.85,sv_2c_cf
R12_RCPA,coal_ppl,2000,2010.0,M2,0.0,,485.85,sv_2c_cf
R12_RCPA,coal_ppl,2000,2015.0,M1,0.0,,485.85,sv_2c_cf
R12_RCPA,coal_ppl,2000,2015.0,M2,0.0,,485.85,sv_2c_cf
R12_RCPA,coal_ppl,2000,2020.0,M1,0.0,,485.85,sv_2c_cf
R12_RCPA,coal_ppl,2000,2020.0,M2,0.0,,485.85,sv_2c_cf
R12_RCPA,coal_ppl,2000,2025.0,M1,0.0,,485.85,sv_2c_cf
R12_RCPA,coal_ppl,2000,2025.0,M2,0.0,,485.85,sv_2c_cf
R12_RCPA,coal_ppl,2000,2030.0,M1,0.0,0.0,485.85,sv_2c_cf
R12_RCPA,coal_ppl,2000,2035.0,M1,0.0,0.0,485.85,sv_2c_cf
R12_RCPA,coal_ppl,2005,2005.0,M1,0.0,0.0,485.85,sv_2c_cf
R12_RCPA,coal_ppl,2005,2005.0,M2,0.0,0.0,485.85,sv_2c_cf
R12_RCPA,coal_ppl,2005,2010.0,M1,0.0,,485.85,sv_2c_cf
R12_RCPA,coal_ppl,2005,2010.0,M2,0.0,,485.85,sv_2c_cf
R12_RCPA,coal_ppl,2005,2015.0,M1,0.0,,485.85,sv_2c_cf
R12_RCPA,coal_ppl,2005,2015.0,M2,0.0,,485.85,sv_2c_cf
R12_RCPA,coal_ppl,2005,2020.0,M1,0.0,,485.85,sv_2c_cf
R12_RCPA,coal_ppl,2005,2020.0,M2,0.0,,485.85,sv_2c_cf
R12_RCPA,coal_ppl,2005,2025.0,M1,0.0,,485.85,sv_2c_cf
R12_RCPA,coal_ppl,2005,2025.0,M2,0.0,,485.85,sv_2c_cf
R12_RCPA,coal_ppl,2005,2030.0,M1,0.0,1.1925065047701646,485.85,sv_2c_cf
R12_RCPA,coal_ppl,2005,2030.0,M2,0.0,1.1925065047701646,485.85,sv_2c_cf
R12_RCPA,coal_ppl,2010,2010.0,M1,0.0,0.0,485.85,sv_2c_cf
R12_RCPA,coal_ppl,2010,2010.0,M2,0.0,0.0,485.85,sv_2c_cf
R12_RCPA,coal_ppl,2010,2015.0,M1,0.0,,485.85,sv_2c_cf
R12_RCPA,coal_ppl,2010,2015.0,M2,0.0,,485.85,sv_2c_cf
R12_RCPA,coal_ppl,2010,2020.0,M1,0.0,,485.85,sv_2c_cf
R12_RCPA,coal_ppl,2010,2020.0,M2,0.0,,485.85,sv_2c_cf
R12_RCPA,coal_ppl,2010,2025.0,M1,0.0,,485.85,sv_2c_cf
R12_RCPA,coal_ppl,2010,2025.0,M2,0.0,,485.85,sv_2c_cf
R12_RCPA,coal_ppl,2010,2030.0,M1,0.0,0.3,485.85,sv_2c_cf
R12_RCPA,coal_ppl,2010,2030.0,M2,0.0,0.3,485.85,sv_2c_cf
R12_RCPA,coal_ppl,2010,2035.0,M1,0.0,0.0,485.85,sv_2c_cf
R12_RCPA,coal_ppl,2010,2035.0,M2,0.0,0.0,485.85,sv_2c_cf
R12_RCPA,coal_ppl,2015,2015.0,M1,0.0,0.0,485.85,sv_2c_cf
R12_RCPA,coal_ppl,2015,2015.0,M2,0.0,0.0,485.85,sv_2c_cf
R12_RCPA,coal_ppl,2015,2020.0,M1,0.0,,485.85,sv_2c_cf
R12_RCPA,coal_ppl,2015,2020.0,M2,0.0,,485.85,sv_2c_cf
R12_RCPA,coal_ppl,2015,2025.0,M1,0.0,,485.85,sv_2c_cf
R12_RCPA,coal_ppl,2015,2025.0,M2,0.0,,485.85,sv_2c_cf
R12_RCPA,coal_ppl,2015,2030.0,M1,0.0,0.66,485.85,sv_2c_cf
R12_RCPA,coal_ppl,2015,2030.0,M2,0.0,0.66,485.85,sv_2c_cf
R12_RCPA,coal_ppl,2015,2035.0,M1,0.0,0.0,485.85,sv_2c_cf
R12_RCPA,coal_ppl,2015,2035.0,M2,0.0,0.0,485.85,sv_2c_cf
R12_RCPA,coal_ppl,2015,2040.0,M1,0.0,0.0,485.85,sv_2c_cf
R12_RCPA,coal_ppl,2015,2040.0,M2,0.0,0.0,485.85,sv_2c_cf
R12_RCPA,coal_ppl,2020,2020.0,M1,0.0,0.0,486.00000000000006,sv_2c_cf
R12_RCPA,coal_ppl,2020,2020.0,M2,0.0,0.0,486.00000000000006,sv_2c_cf
R12_RCPA,coal_ppl,2020,2025.0,M1,0.0,,486.00000000000006,sv_2c_cf
R12_RCPA,coal_ppl,2020,2025.0,M2,0.0,,486.00000000000006,sv_2c_cf
R12_RCPA,coal_ppl,2020,2030.0,M1,0.0,4.8904245473879895,486.00000000000006,sv_2c_cf
R12_RCPA,coal_ppl,2020,2030.0,M2,0.0,4.8904245473879895,486.00000000000006,sv_2c_cf
R12_RCPA,coal_ppl,2020,2035.0,M1,3.50877481508916,4.8904245473879895,486.00000000000006,sv_2c_cf
R12_RCPA,coal_ppl,2020,2035.0,M2,0.0,4.8904245473879895,486.00000000000006,sv_2c_cf
R12_RCPA,coal_ppl,2020,2040.0,M1,0.0,4.8904245473879895,486.00000000000006,sv_2c_cf
R12_RCPA,coal_ppl,2020,2040.0,M2,0.0,4.8904245473879895,486.00000000000006,sv_2c_cf
R12_RCPA,coal_ppl,2020,2045.0,M1,0.0,0.0,486.00000000000006,sv_2c_cf
R12_RCPA,coal_ppl,2020,2045.0,M2,0.0,0.0,486.00000000000006,sv_2c_cf
R12_RCPA,coal_ppl,2025,2025.0,M1,0.0,0.0,486.00000000000006,sv_2c_cf
R12_RCPA,coal_ppl,2025,2025.0,M2,0.0,0.0,486.00000000000006,sv_2c_cf
R12_RCPA,coal_ppl,2025,2030.0,M1,5.247251296079916,7.260154574084807,486.00000000000006,sv_2c_cf
R12_RCPA,coal_ppl,2025,2030.0,M2,0.0,7.260154574084807,486.00000000000006,sv_2c_cf
R12_RCPA,coal_ppl,2025,2035.0,M1,6.069489223934899,7.260154574084807,486.00000000000006,sv_2c_cf
R12_RCPA,coal_ppl,2025,2035.0,M2,0.0,7.260154574084807,486.00000000000006,sv_2c_cf
R12_RCPA,coal_ppl,2025,2040.0,M1,0.0,7.260154574084807,486.00000000000006,sv_2c_cf
R12_RCPA,coal_ppl,2025,2040.0,M2,0.0,7.260154574084807,486.00000000000006,sv_2c_cf
R12_RCPA,coal_ppl,2025,2045.0,M1,0.0,4.841104493485846,486.00000000000006,sv_2c_cf
R12_RCPA,coal_ppl,2025,2045.0,M2,0.0,4.841104493485846,486.00000000000006,sv_2c_cf
R12_RCPA,coal_ppl,2025,2050.0,M1,0.0,0.0,486.00000000000006,sv_2c_cf
R12_RCPA,coal_ppl,2025,2050.0,M2,0.0,0.0,486.00000000000006,sv_2c_cf
R12_RCPA,coal_ppl,2030,2030.0,M1,0.0,0.0,513.6251587210821,sv_2c_cf
R12_RCPA,coal_ppl,2030,2030.0,M2,0.0,0.0,513.6251587210821,sv_2c_cf
R12_RCPA,coal_ppl,2030,2035.0,M1,0.0,0.0,513.6251587210821,sv_2c_cf
R12_RCPA,coal_ppl,2030,2035.0,M2,0.0,0.0,513.6251587210821,sv_2c_cf
R12_RCPA,coal_ppl,2030,2040.0,M1,0.0,0.0,513.6251587210821,sv_2c_cf
R12_RCPA,coal_ppl,2030,2040.0,M2,0.0,0.0,513.6251587210821,sv_2c_cf
R12_RCPA,coal_ppl,2030,2045.0,M1,0.0,0.0,513.6251587210821,sv_2c_cf
R12_RCPA,coal_ppl,2030,2045.0,M2,0.0,0.0,513.6251587210821,sv_2c_cf
R12_RCPA,coal_ppl,2030,2050.0,M1,0.0,0.0,513.6251587210821,sv_2c_cf
R12_RCPA,coal_ppl,2030,2050.0,M2,0.0,0.0,513.6251587210821,sv_2c_cf
R12_RCPA,coal_ppl,2030,2055.0,M1,0.0,0.0,513.6251587210821,sv_2c_cf
R12_RCPA,coal_ppl,2030,2055.0,M2,0.0,0.0,513.6251587210821,sv_2c_cf
R12_RCPA,coal_ppl,2035,2035.0,M1,0.0,0.0,544.5850260059706,sv_2c_cf
R12_RCPA,coal_ppl,2035,2035.0,M2,0.0,0.0,544.5850260059706,sv_2c_cf
R12_RCPA,coal_ppl,2035,2040.0,M1,0.0,0.0,544.5850260059706,sv_2c_cf
R12_RCPA,coal_ppl,2035,2040.0,M2,0.0,0.0,544.5850260059706,sv_2c_cf
R12_RCPA,coal_ppl,2035,2045.0,M1,0.0,0.0,544.5850260059706,sv_2c_cf
R12_RCPA,coal_ppl,2035,2045.0,M2,0.0,0.0,544.5850260059706,sv_2c_cf
R12_RCPA,coal_ppl,2035,2050.0,M1,0.0,0.0,544.5850260059706,sv_2c_cf
R12_RCPA,coal_ppl,2035,2050.0,M2,0.0,0.0,544.5850260059706,sv_2c_cf
R12_RCPA,coal_ppl,2035,2055.0,M1,0.0,0.0,544.5850260059706,sv_2c_cf
R12_RCPA,coal_ppl,2035,2055.0,M2,0.0,0.0,544.5850260059706,sv_2c_cf
R12_RCPA,coal_ppl,2035,2060.0,M1,0.0,0.0,544.5850260059706,sv_2c_cf
R12_RCPA,coal_ppl,2035,2060.0,M2,0.0,0.0,544.5850260059706,sv_2c_cf
R12_RCPA,coal_ppl,2040,2040.0,M1,0.0,0.0,570.0170579209777,sv_2c_cf
R12_RCPA,coal_ppl,2040,2040.0,M2,0.0,0.0,570.0170579209777,sv_2c_cf
R12_RCPA,coal_ppl,2040,2045.0,M1,0.0,0.0,570.0170579209777,sv_2c_cf
R12_RCPA,coal_ppl,2040,2045.0,M2,0.0,0.0,570.0170579209777,sv_2c_cf
R12_RCPA,coal_ppl,2040,2050.0,M1,0.0,0.0,570.0170579209777,sv_2c_cf
R12_RCPA,coal_ppl,2040,2050.0,M2,0.0,0.0,570.0170579209777,sv_2c_cf
R12_RCPA,coal_ppl,2040,2055.0,M1,0.0,0.0,570.0170579209777,sv_2c_cf
R12_RCPA,coal_ppl,2040,2055.0,M2,0.0,0.0,570.0170579209777,sv_2c_cf
R12_RCPA,coal_ppl,2040,2060.0,M1,0.0,0.0,570.0170579209777,sv_2c_cf
R12_RCPA,coal_ppl,2040,2060.0,M2,0.0,0.0,570.0170579209777,sv_2c_cf
R12_RCPA,coal_ppl,2040,2070.0,M1,0.0,0.0,570.0170579209777,sv_2c_cf
R12_RCPA,coal_ppl,2040,2070.0,M2,0.0,0.0,570.0170579209777,sv_2c_cf
R12_RCPA,coal_ppl,2045,2045.0,M1,0.0,0.0,592.0394715037497,sv_2c_cf
R12_RCPA,coal_ppl,2045,2045.0,M2,0.0,0.0,592.0394715037497,sv_2c_cf
R12_RCPA,coal_ppl,2045,2050.0,M1,0.0,0.0,592.0394715037497,sv_2c_cf
R12_RCPA,coal_ppl,2045,2050.0,M2,0.0,0.0,592.0394715037497,sv_2c_cf
R12_RCPA,coal_ppl,2045,2055.0,M1,0.0,0.0,592.0394715037497,sv_2c_cf
R12_RCPA,coal_ppl,2045,2055.0,M2,0.0,0.0,592.0394715037497,sv_2c_cf
R12_RCPA,coal_ppl,2045,2060.0,M1,0.0,0.0,592.0394715037497,sv_2c_cf
R12_RCPA,coal_ppl,2045,2060.0,M2,0.0,0.0,592.0394715037497,sv_2c_cf
R12_RCPA,coal_ppl,2045,2070.0,M1,0.0,0.0,592.0394715037497,sv_2c_cf
R12_RCPA,coal_ppl,2045,2070.0,M2,0.0,0.0,592.0394715037497,sv_2c_cf
R12_RCPA,coal_ppl,2050,2050.0,M1,0.0,0.0,612.4085125198532,sv_2c_cf
R12_RCPA,coal_ppl,2050,2050.0,M2,0.0,0.0,612.4085125198532,sv_2c_cf
R12_RCPA,coal_ppl,2050,2055.0,M1,0.0,0.0,612.4085125198532,sv_2c_cf
R12_RCPA,coal_ppl,2050,2055.0,M2,0.0,0.0,612.4085125198532,sv_2c_cf
R12_RCPA,coal_ppl,2050,2060.0,M1,0.0,0.0,612.4085125198532,sv_2c_cf
R12_RCPA,coal_ppl,2050,2060.0,M2,0.0,0.0,612.4085125198532,sv_2c_cf
R12_RCPA,coal_ppl,2050,2070.0,M1,0.0,0.0,612.4085125198532,sv_2c_cf
R12_RCPA,coal_ppl,2050,2070.0,M2,0.0,0.0,612.4085125198532,sv_2c_cf
R12_RCPA,coal_ppl,2050,2080.0,M1,0.0,0.0,612.4085125198532,sv_2c_cf
R12_RCPA,coal_ppl,2050,2080.0,M2,0.0,0.0,612.4085125198532,sv_2c_cf
R12_RCPA,coal_ppl,2055,2055.0,M1,0.0,0.0,632.236104837351,sv_2c_cf
R12_RCPA,coal_ppl,2055,2055.0,M2,0.0,0.0,632.236104837351,sv_2c_cf
R12_RCPA,coal_ppl,2055,2060.0,M1,0.0,0.0,632.236104837351,sv_2c_cf
R12_RCPA,coal_ppl,2055,2060.0,M2,0.0,0.0,632.236104837351,sv_2c_cf
R12_RCPA,coal_ppl,2055,2070.0,M1,0.0,0.0,632.236104837351,sv_2c_cf
R12_RCPA,coal_ppl,2055,2070.0,M2,0.0,0.0,632.236104837351,sv_2c_cf
R12_RCPA,coal_ppl,2055,2080.0,M1,0.0,0.0,632.236104837351,sv_2c_cf
R12_RCPA,coal_ppl,2055,2080.0,M2,0.0,0.0,632.236104837351,sv_2c_cf
R12_RCPA,coal_ppl,2060,2060.0,M1,0.0,0.0,652.9931666115596,sv_2c_cf
R12_RCPA,coal_ppl,2060,2060.0,M2,0.0,0.0,652.9931666115596,sv_2c_cf
R12_RCPA,coal_ppl,2060,2070.0,M1,0.0,0.0,652.9931666115596,sv_2c_cf
R12_RCPA,coal_ppl,2060,2070.0,M2,0.0,0.0,652.9931666115596,sv_2c_cf
R12_RCPA,coal_ppl,2060,2080.0,M1,0.0,0.0,652.9931666115596,sv_2c_cf
R12_RCPA,coal_ppl,2060,2080.0,M2,0.0,0.0,652.9931666115596,sv_2c_cf
R12_RCPA,coal_ppl,2060,2090.0,M1,0.0,0.0,652.9931666115596,sv_2c_cf
R12_RCPA,coal_ppl,2060,2090.0,M2,0.0,0.0,652.9931666115596,sv_2c_cf
R12_RCPA,coal_ppl,2070,2070.0,M1,0.0,0.0,698.5151822756269,sv_2c_cf
R12_RCPA,coal_ppl,2070,2070.0,M2,0.0,0.0,698.5151822756269,sv_2c_cf
R12_RCPA,coal_ppl,2070,2080.0,M1,0.0,0.0,698.5151822756269,sv_2c_cf
R12_RCPA,coal_ppl,2070,2080.0,M2,0.0,0.0,698.5151822756269,sv_2c_cf
R12_RCPA,coal_ppl,2070,2090.0,M1,0.0,0.0,698.5151822756269,sv_2c_cf
R12_RCPA,coal_ppl,2070,2090.0,M2,0.0,0.0,698.5151822756269,sv_2c_cf
R12_RCPA,coal_ppl,2080,2080.0,M1,0.0,0.0,743.5827262267403,sv_2c_cf
R12_RCPA,coal_ppl,2080,2080.0,M2,0.0,0.0,743.5827262267403,sv_2c_cf
R12_RCPA,coal_ppl,2080,2090.0,M1,0.0,0.0,743.5827262267403,sv_2c_cf
R12_RCPA,coal_ppl,2080,2090.0,M2,0.0,0.0,743.5827262267403,sv_2c_cf
R12_RCPA,coal_ppl,2080,2100.0,M1,0.0,0.0,743.5827262267403,sv_2c_cf
R12_RCPA,coal_ppl,2080,2100.0,M2,0.0,0.0,743.5827262267403,sv_2c_cf
R12_RCPA,coal_ppl,2090,2090.0,M1,0.0,0.0,785.1843729587926,sv_2c_cf
R12_RCPA,coal_ppl,2090,2090.0,M2,0.0,0.0,785.1843729587926,sv_2c_cf
R12_RCPA,coal_ppl,2090,2100.0,M1,0.0,0.0,785.1843729587926,sv_2c_cf
R12_RCPA,coal_ppl,2090,2100.0,M2,0.0,0.0,785.1843729587926,sv_2c_cf
R12_RCPA,coal_ppl,2090,2110.0,M1,0.0,0.0,785.1843729587926,sv_2c_cf
R12_RCPA,coal_ppl,2090,2110.0,M2,0.0,0.0,785.1843729587926,sv_2c_cf
R12_RCPA,coal_ppl,2100,2100.0,M1,0.0,0.0,828.3027269657454,sv_2c_cf
R12_RCPA,coal_ppl,2100,2100.0,M2,0.0,0.0,828.3027269657454,sv_2c_cf
R12_RCPA,coal_ppl,2100,2110.0,M1,0.0,0.0,828.3027269657454,sv_2c_cf
R12_RCPA,coal_ppl,2100,2110.0,M2,0.0,0.0,828.3027269657454,sv_2c_cf
R12_RCPA,coal_ppl,2110,2110.0,M1,0.0,0.0,828.3027269657454,sv_2c_cf
R12_RCPA,coal_ppl,2110,2110.0,M2,0.0,0.0,828.3027269657454,sv_2c_cf
R12_RCPA,coal_ppl_u,1960,1960.0,M1,0.0,0.0,338.58,sv_2c_cf
R12_RCPA,coal_ppl_u,1960,1965.0,M1,0.0,,338.58,sv_2c_cf
R12_RCPA,coal_ppl_u,1960,1970.0,M1,0.0,,338.58,sv_2c_cf
R12_RCPA,coal_ppl_u,1960,1975.0,M1,0.0,,338.58,sv_2c_cf
R12_RCPA,coal_ppl_u,1960,1980.0,M1,0.0,,338.58,sv_2c_cf
R12_RCPA,coal_ppl_u,1960,1985.0,M1,0.0,,338.58,sv_2c_cf
R12_RCPA,coal_ppl_u,1960,1990.0,M1,0.0,,338.58,sv_2c_cf
R12_RCPA,coal_ppl_u,1960,1995.0,M1,0.0,,338.58,sv_2c_cf
R12_RCPA,coal_ppl_u,1960,2000.0,M1,0.0,,338.58,sv_2c_cf
R12_RCPA,coal_ppl_u,1960,2005.0,M1,0.0,,338.58,sv_2c_cf
R12_RCPA,coal_ppl_u,1960,2010.0,M1,0.0,,338.58,sv_2c_cf
R12_RCPA,coal_ppl_u,1960,2015.0,M1,0.0,,338.58,sv_2c_cf
R12_RCPA,coal_ppl_u,1960,2020.0,M1,0.0,,338.58,sv_2c_cf
R12_RCPA,coal_ppl_u,1960,2025.0,M1,0.0,,338.58,sv_2c_cf
R12_RCPA,coal_ppl_u,1965,1965.0,M1,0.0,0.0,338.58,sv_2c_cf
R12_RCPA,coal_ppl_u,1965,1970.0,M1,0.0,,338.58,sv_2c_cf
R12_RCPA,coal_ppl_u,1965,1975.0,M1,0.0,,338.58,sv_2c_cf
R12_RCPA,coal_ppl_u,1965,1980.0,M1,0.0,,338.58,sv_2c_cf
R12_RCPA,coal_ppl_u,1965,1985.0,M1,0.0,,338.58,sv_2c_cf
R12_RCPA,coal_ppl_u,1965,1990.0,M1,0.0,,338.58,sv_2c_cf
R12_RCPA,coal_ppl_u,1965,1995.0,M1,0.0,,338.58,sv_2c_cf
R12_RCPA,coal_ppl_u,1965,2000.0,M1,0.0,,338.58,sv_2c_cf
R12_RCPA,coal_ppl_u,1965,2005.0,M1,0.0,,338.58,sv_2c_cf
R12_RCPA,coal_ppl_u,1965,2010.0,M1,0.0,,338.58,sv_2c_cf
R12_RCPA,coal_ppl_u,1965,2015.0,M1,0.0,,338.58,sv_2c_cf
R12_RCPA,coal_ppl_u,1965,2020.0,M1,0.0,,338.58,sv_2c_cf
R12_RCPA,coal_ppl_u,1965,2025.0,M1,0.0,,338.58,sv_2c_cf
R12_RCPA,coal_ppl_u,1970,1970.0,M1,0.0,0.0,338.58,sv_2c_cf
R12_RCPA,coal_ppl_u,1970,1975.0,M1,0.0,,338.58,sv_2c_cf
R12_RCPA,coal_ppl_u,1970,1980.0,M1,0.0,,338.58,sv_2c_cf
R12_RCPA,coal_ppl_u,1970,1985.0,M1,0.0,,338.58,sv_2c_cf
R12_RCPA,coal_ppl_u,1970,1990.0,M1,0.0,,338.58,sv_2c_cf
R12_RCPA,coal_ppl_u,1970,1995.0,M1,0.0,,338.58,sv_2c_cf
R12_RCPA,coal_ppl_u,1970,2000.0,M1,0.0,,338.58,sv_2c_cf
R12_RCPA,coal_ppl_u,1970,2005.0,M1,0.0,,338.58,sv_2c_cf
R12_RCPA,coal_ppl_u,1970,2010.0,M1,0.0,,338.58,sv_2c_cf
R12_RCPA,coal_ppl_u,1970,2015.0,M1,0.0,,338.58,sv_2c_cf
R12_RCPA,coal_ppl_u,1970,2020.0,M1,0.0,,338.58,sv_2c_cf
R12_RCPA,coal_ppl_u,1970,2025.0,M1,0.0,,338.58,sv_2c_cf
R12_RCPA,coal_ppl_u,1970,2030.0,M1,0.201375,0.358,338.58,sv_2c_cf
R12_RCPA,coal_ppl_u,1975,1975.0,M1,0.0,0.0,338.58,sv_2c_cf
R12_RCPA,coal_ppl_u,1975,1980.0,M1,0.0,,338.58,sv_2c_cf
R12_RCPA,coal_ppl_u,1975,1985.0,M1,0.0,,338.58,sv_2c_cf
R12_RCPA,coal_ppl_u,1975,1990.0,M1,0.0,,338.58,sv_2c_cf
R12_RCPA,coal_ppl_u,1975,1995.0,M1,0.0,,338.58,sv_2c_cf
R12_RCPA,coal_ppl_u,1975,2000.0,M1,0.0,,338.58,sv_2c_cf
R12_RCPA,coal_ppl_u,1975,2005.0,M1,0.0,,338.58,sv_2c_cf
R12_RCPA,coal_ppl_u,1975,2010.0,M1,0.0,,338.58,sv_2c_cf
R12_RCPA,coal_ppl_u,1975,2015.0,M1,0.0,,338.58,sv_2c_cf
R12_RCPA,coal_ppl_u,1975,2020.0,M1,0.0,,338.58,sv_2c_cf
R12_RCPA,coal_ppl_u,1975,2025.0,M1,0.0,,338.58,sv_2c_cf
R12_RCPA,coal_ppl_u,1975,2030.0,M1,0.7880625,1.401,338.58,sv_2c_cf
R12_RCPA,coal_ppl_u,1980,1980.0,M1,0.0,0.0,338.58,sv_2c_cf
R12_RCPA,coal_ppl_u,1980,1985.0,M1,0.0,,338.58,sv_2c_cf
R12_RCPA,coal_ppl_u,1980,1990.0,M1,0.0,,338.58,sv_2c_cf
R12_RCPA,coal_ppl_u,1980,1995.0,M1,0.0,,338.58,sv_2c_cf
R12_RCPA,coal_ppl_u,1980,2000.0,M1,0.0,,338.58,sv_2c_cf
R12_RCPA,coal_ppl_u,1980,2005.0,M1,0.0,,338.58,sv_2c_cf
R12_RCPA,coal_ppl_u,1980,2010.0,M1,0.0,,338.58,sv_2c_cf
R12_RCPA,coal_ppl_u,1980,2015.0,M1,0.0,,338.58,sv_2c_cf
R12_RCPA,coal_ppl_u,1980,2020.0,M1,0.0,,338.58,sv_2c_cf
R12_RCPA,coal_ppl_u,1980,2025.0,M1,0.0,,338.58,sv_2c_cf
R12_RCPA,coal_ppl_u,1980,2030.0,M1,0.23062499999999997,0.4099999999999999,338.58,sv_2c_cf
R12_RCPA,coal_ppl_u,1980,2035.0,M1,0.0,0.0,338.58,sv_2c_cf
R12_RCPA,coal_ppl_u,1985,1985.0,M1,0.0,0.0,338.58,sv_2c_cf
R12_RCPA,coal_ppl_u,1985,1990.0,M1,0.0,,338.58,sv_2c_cf
R12_RCPA,coal_ppl_u,1985,1995.0,M1,0.0,,338.58,sv_2c_cf
R12_RCPA,coal_ppl_u,1985,2000.0,M1,0.0,,338.58,sv_2c_cf
R12_RCPA,coal_ppl_u,1985,2005.0,M1,0.0,,338.58,sv_2c_cf
R12_RCPA,coal_ppl_u,1985,2010.0,M1,0.0,,338.58,sv_2c_cf
R12_RCPA,coal_ppl_u,1985,2015.0,M1,0.0,,338.58,sv_2c_cf
R12_RCPA,coal_ppl_u,1985,2020.0,M1,0.0,,338.58,sv_2c_cf
R12_RCPA,coal_ppl_u,1985,2025.0,M1,0.0,,338.58,sv_2c_cf
R12_RCPA,coal_ppl_u,1985,2030.0,M1,0.78975,1.404,338.58,sv_2c_cf
R12_RCPA,coal_ppl_u,1985,2035.0,M1,0.0,0.0,338.58,sv_2c_cf
R12_RCPA,coal_ppl_u,1990,1990.0,M1,0.0,0.0,338.58,sv_2c_cf
R12_RCPA,coal_ppl_u,1990,1995.0,M1,0.0,,338.58,sv_2c_cf
R12_RCPA,coal_ppl_u,1990,2000.0,M1,0.0,,338.58,sv_2c_cf
R12_RCPA,coal_ppl_u,1990,2005.0,M1,0.0,,338.58,sv_2c_cf
R12_RCPA,coal_ppl_u,1990,2010.0,M1,0.0,,338.58,sv_2c_cf
R12_RCPA,coal_ppl_u,1990,2015.0,M1,0.0,,338.58,sv_2c_cf
R12_RCPA,coal_ppl_u,1990,2020.0,M1,0.0,,338.58,sv_2c_cf
R12_RCPA,coal_ppl_u,1990,2025.0,M1,0.0,,338.58,sv_2c_cf
R12_RCPA,coal_ppl_u,1990,2030.0,M1,0.26325000000000004,0.468,338.58,sv_2c_cf
R12_RCPA,coal_ppl_u,1990,2035.0,M1,0.0,0.0,338.58,sv_2c_cf
R12_RCPA,coal_ppl_u,1990,2040.0,M1,0.0,0.0,338.58,sv_2c_cf
R12_RCPA,coal_ppl_u,1995,1995.0,M1,0.0,0.0,338.58,sv_2c_cf
R12_RCPA,coal_ppl_u,1995,1995.0,M2,0.0,0.0,338.58,sv_2c_cf
R12_RCPA,coal_ppl_u,1995,2000.0,M1,0.0,,338.58,sv_2c_cf
R12_RCPA,coal_ppl_u,1995,2000.0,M2,0.0,,338.58,sv_2c_cf
R12_RCPA,coal_ppl_u,1995,2005.0,M1,0.0,,338.58,sv_2c_cf
R12_RCPA,coal_ppl_u,1995,2005.0,M2,0.0,,338.58,sv_2c_cf
R12_RCPA,coal_ppl_u,1995,2010.0,M1,0.0,,338.58,sv_2c_cf
R12_RCPA,coal_ppl_u,1995,2010.0,M2,0.0,,338.58,sv_2c_cf
R12_RCPA,coal_ppl_u,1995,2015.0,M1,0.0,,338.58,sv_2c_cf
R12_RCPA,coal_ppl_u,1995,2015.0,M2,0.0,,338.58,sv_2c_cf
R12_RCPA,coal_ppl_u,1995,2020.0,M1,0.0,,338.58,sv_2c_cf
R12_RCPA,coal_ppl_u,1995,2020.0,M2,0.0,,338.58,sv_2c_cf
R12_RCPA,coal_ppl_u,1995,2025.0,M1,0.0,,338.58,sv_2c_cf
R12_RCPA,coal_ppl_u,1995,2030.0,M1,0.1125,0.2,338.58,sv_2c_cf
R12_RCPA,coal_ppl_u,1995,2035.0,M1,0.0,0.0,338.58,sv_2c_cf
R12_RCPA,coal_ppl_u,1995,2040.0,M1,0.0,0.0,338.58,sv_2c_cf
R12_RCPA,coal_ppl_u,2000,2000.0,M1,0.0,0.0,338.58,sv_2c_cf
R12_RCPA,coal_ppl_u,2000,2000.0,M2,0.0,0.0,338.58,sv_2c_cf
R12_RCPA,coal_ppl_u,2000,2005.0,M1,0.0,,338.58,sv_2c_cf
R12_RCPA,coal_ppl_u,2000,2005.0,M2,0.0,,338.58,sv_2c_cf
R12_RCPA,coal_ppl_u,2000,2010.0,M1,0.0,,338.58,sv_2c_cf
R12_RCPA,coal_ppl_u,2000,2010.0,M2,0.0,,338.58,sv_2c_cf
R12_RCPA,coal_ppl_u,2000,2015.0,M1,0.0,,338.58,sv_2c_cf
R12_RCPA,coal_ppl_u,2000,2015.0,M2,0.0,,338.58,sv_2c_cf
R12_RCPA,coal_ppl_u,2000,2020.0,M1,0.0,,338.58,sv_2c_cf
R12_RCPA,coal_ppl_u,2000,2020.0,M2,0.0,,338.58,sv_2c_cf
R12_RCPA,coal_ppl_u,2000,2025.0,M1,0.0,,338.58,sv_2c_cf
R12_RCPA,coal_ppl_u,2000,2025.0,M2,0.0,,338.58,sv_2c_cf
R12_RCPA,coal_ppl_u,2000,2030.0,M1,0.0315,0.056,338.58,sv_2c_cf
R12_RCPA,coal_ppl_u,2000,2035.0,M1,0.0,0.0,338.58,sv_2c_cf
R12_RCPA,coal_ppl_u,2000,2040.0,M1,0.0,0.0,338.58,sv_2c_cf
R12_RCPA,coal_ppl_u,2000,2045.0,M1,0.0,0.0,338.58,sv_2c_cf
R12_RCPA,coal_ppl_u,2005,2005.0,M1,0.0,0.0,338.58,sv_2c_cf
R12_RCPA,coal_ppl_u,2005,2005.0,M2,0.0,0.0,338.58,sv_2c_cf
R12_RCPA,coal_ppl_u,2005,2010.0,M1,0.0,,338.58,sv_2c_cf
R12_RCPA,coal_ppl_u,2005,2010.0,M2,0.0,,338.58,sv_2c_cf
R12_RCPA,coal_ppl_u,2005,2015.0,M1,0.0,,338.58,sv_2c_cf
R12_RCPA,coal_ppl_u,2005,2015.0,M2,0.0,,338.58,sv_2c_cf
R12_RCPA,coal_ppl_u,2005,2020.0,M1,0.0,,338.58,sv_2c_cf
R12_RCPA,coal_ppl_u,2005,2020.0,M2,0.0,,338.58,sv_2c_cf
R12_RCPA,coal_ppl_u,2005,2025.0,M1,0.0,,338.58,sv_2c_cf
R12_RCPA,coal_ppl_u,2005,2025.0,M2,0.0,,338.58,sv_2c_cf
R12_RCPA,coal_ppl_u,2005,2030.0,M1,0.05625,0.1,338.58,sv_2c_cf
R12_RCPA,coal_ppl_u,2005,2030.0,M2,0.0,0.1,338.58,sv_2c_cf
R12_RCPA,coal_ppl_u,2005,2035.0,M1,0.0,0.0,338.58,sv_2c_cf
R12_RCPA,coal_ppl_u,2005,2040.0,M1,0.0,0.0,338.58,sv_2c_cf
R12_RCPA,coal_ppl_u,2005,2045.0,M1,0.0,0.0,338.58,sv_2c_cf
R12_RCPA,coal_ppl_u,2010,2010.0,M1,0.0,0.0,338.58,sv_2c_cf
R12_RCPA,coal_ppl_u,2010,2010.0,M2,0.0,0.0,338.58,sv_2c_cf
R12_RCPA,coal_ppl_u,2010,2015.0,M1,0.0,,338.58,sv_2c_cf
R12_RCPA,coal_ppl_u,2010,2015.0,M2,0.0,,338.58,sv_2c_cf
R12_RCPA,coal_ppl_u,2010,2020.0,M1,0.0,,338.58,sv_2c_cf
R12_RCPA,coal_ppl_u,2010,2020.0,M2,0.0,,338.58,sv_2c_cf
R12_RCPA,coal_ppl_u,2010,2025.0,M1,0.0,,338.58,sv_2c_cf
R12_RCPA,coal_ppl_u,2010,2025.0,M2,0.0,,338.58,sv_2c_cf
R12_RCPA,coal_ppl_u,2010,2030.0,M1,0.8606812499999998,1.5300999999999998,338.58,sv_2c_cf
R12_RCPA,coal_ppl_u,2010,2030.0,M2,0.0,1.5300999999999998,338.58,sv_2c_cf
R12_RCPA,coal_ppl_u,2010,2035.0,M1,0.0,0.0,338.58,sv_2c_cf
R12_RCPA,coal_ppl_u,2010,2035.0,M2,0.0,0.0,338.58,sv_2c_cf
R12_RCPA,coal_ppl_u,2010,2040.0,M1,0.0,0.0,338.58,sv_2c_cf
R12_RCPA,coal_ppl_u,2010,2045.0,M1,0.0,0.0,338.58,sv_2c_cf
R12_RCPA,coal_ppl_u,2010,2050.0,M1,0.0,0.0,338.58,sv_2c_cf
R12_RCPA,coal_ppl_u,2015,2015.0,M1,0.0,0.0,338.58,sv_2c_cf
R12_RCPA,coal_ppl_u,2015,2015.0,M2,0.0,0.0,338.58,sv_2c_cf
R12_RCPA,coal_ppl_u,2015,2020.0,M1,0.0,,338.58,sv_2c_cf
R12_RCPA,coal_ppl_u,2015,2020.0,M2,0.0,,338.58,sv_2c_cf
R12_RCPA,coal_ppl_u,2015,2025.0,M1,0.0,,338.58,sv_2c_cf
R12_RCPA,coal_ppl_u,2015,2025.0,M2,0.0,,338.58,sv_2c_cf
R12_RCPA,coal_ppl_u,2015,2030.0,M1,5.665500000000001,10.072000000000001,338.58,sv_2c_cf
R12_RCPA,coal_ppl_u,2015,2030.0,M2,0.0,10.072000000000001,338.58,sv_2c_cf
R12_RCPA,coal_ppl_u,2015,2035.0,M1,0.0,9.880575703026116,338.58,sv_2c_cf
R12_RCPA,coal_ppl_u,2015,2035.0,M2,0.0,9.880575703026116,338.58,sv_2c_cf
R12_RCPA,coal_ppl_u,2015,2040.0,M1,0.0,4.882293076076632,338.58,sv_2c_cf
R12_RCPA,coal_ppl_u,2015,2040.0,M2,0.0,4.882293076076632,338.58,sv_2c_cf
R12_RCPA,coal_ppl_u,2015,2045.0,M1,0.0,0.0,338.58,sv_2c_cf
R12_RCPA,coal_ppl_u,2020,2020.0,M1,0.0,0.0,338.6666666666667,sv_2c_cf
R12_RCPA,coal_ppl_u,2020,2020.0,M2,0.0,0.0,338.6666666666667,sv_2c_cf
R12_RCPA,coal_ppl_u,2020,2025.0,M1,0.0,,338.6666666666667,sv_2c_cf
R12_RCPA,coal_ppl_u,2020,2025.0,M2,0.0,,338.6666666666667,sv_2c_cf
R12_RCPA,coal_ppl_u,2020,2030.0,M1,1.8303750000000003,3.2540000000000004,338.6666666666667,sv_2c_cf
R12_RCPA,coal_ppl_u,2020,2030.0,M2,0.0,3.2540000000000004,338.6666666666667,sv_2c_cf
R12_RCPA,coal_ppl_u,2020,2035.0,M1,0.0,3.2540000000000004,338.6666666666667,sv_2c_cf
R12_RCPA,coal_ppl_u,2020,2035.0,M2,0.0,3.2540000000000004,338.6666666666667,sv_2c_cf
R12_RCPA,coal_ppl_u,2020,2040.0,M1,0.0,3.2540000000000004,338.6666666666667,sv_2c_cf
R12_RCPA,coal_ppl_u,2020,2040.0,M2,0.0,3.2540000000000004,338.6666666666667,sv_2c_cf
R12_RCPA,coal_ppl_u,2020,2045.0,M1,0.0,3.2540000000000004,338.6666666666667,sv_2c_cf
R12_RCPA,coal_ppl_u,2020,2045.0,M2,0.0,3.2540000000000004,338.6666666666667,sv_2c_cf
R12_RCPA,gas_cc,1980,1980.0,M1,0.0,,,sv_2c_cf
R12_RCPA,gas_cc,1980,1985.0,M1,0.0,,,sv_2c_cf
R12_RCPA,gas_cc,1980,1990.0,M1,0.0,,,sv_2c_cf
R12_RCPA,gas_cc,1980,1995.0,M1,0.0,,,sv_2c_cf
R12_RCPA,gas_cc,1980,2000.0,M1,0.0,,,sv_2c_cf
R12_RCPA,gas_cc,1980,2005.0,M1,0.0,,,sv_2c_cf
R12_RCPA,gas_cc,1980,2010.0,M1,0.0,,,sv_2c_cf
R12_RCPA,gas_cc,1980,2015.0,M1,0.0,,,sv_2c_cf
R12_RCPA,gas_cc,1980,2020.0,M1,0.0,,,sv_2c_cf
R12_RCPA,gas_cc,1980,2025.0,M1,0.0,,,sv_2c_cf
R12_RCPA,gas_cc,1985,1985.0,M1,0.0,,,sv_2c_cf
R12_RCPA,gas_cc,1985,1990.0,M1,0.0,,,sv_2c_cf
R12_RCPA,gas_cc,1985,1995.0,M1,0.0,,,sv_2c_cf
R12_RCPA,gas_cc,1985,2000.0,M1,0.0,,,sv_2c_cf
R12_RCPA,gas_cc,1985,2005.0,M1,0.0,,,sv_2c_cf
R12_RCPA,gas_cc,1985,2010.0,M1,0.0,,,sv_2c_cf
R12_RCPA,gas_cc,1985,2015.0,M1,0.0,,,sv_2c_cf
R12_RCPA,gas_cc,1985,2020.0,M1,0.0,,,sv_2c_cf
R12_RCPA,gas_cc,1985,2025.0,M1,0.0,,,sv_2c_cf
R12_RCPA,gas_cc,1990,1990.0,M1,0.0,,,sv_2c_cf
R12_RCPA,gas_cc,1990,1995.0,M1,0.0,,,sv_2c_cf
R12_RCPA,gas_cc,1990,2000.0,M1,0.0,,,sv_2c_cf
R12_RCPA,gas_cc,1990,2005.0,M1,0.0,,,sv_2c_cf
R12_RCPA,gas_cc,1990,2010.0,M1,0.0,,,sv_2c_cf
R12_RCPA,gas_cc,1990,2015.0,M1,0.0,,,sv_2c_cf
R12_RCPA,gas_cc,1990,2020.0,M1,0.0,,,sv_2c_cf
R12_RCPA,gas_cc,1990,2025.0,M1,0.0,,,sv_2c_cf
R12_RCPA,gas_cc,1990,2030.0,M1,0.0,,,sv_2c_cf
R12_RCPA,gas_cc,1995,1995.0,M1,0.0,,,sv_2c_cf
R12_RCPA,gas_cc,1995,2000.0,M1,0.0,,,sv_2c_cf
R12_RCPA,gas_cc,1995,2005.0,M1,0.0,,,sv_2c_cf
R12_RCPA,gas_cc,1995,2010.0,M1,0.0,,,sv_2c_cf
R12_RCPA,gas_cc,1995,2015.0,M1,0.0,,,sv_2c_cf
R12_RCPA,gas_cc,1995,2020.0,M1,0.0,,,sv_2c_cf
R12_RCPA,gas_cc,1995,2025.0,M1,0.0,,,sv_2c_cf
R12_RCPA,gas_cc,1995,2030.0,M1,0.054375,,,sv_2c_cf
R12_RCPA,gas_cc,2000,2000.0,M1,0.0,,,sv_2c_cf
R12_RCPA,gas_cc,2000,2005.0,M1,0.0,,,sv_2c_cf
R12_RCPA,gas_cc,2000,2010.0,M1,0.0,,,sv_2c_cf
R12_RCPA,gas_cc,2000,2015.0,M1,0.0,,,sv_2c_cf
R12_RCPA,gas_cc,2000,2020.0,M1,0.0,,,sv_2c_cf
R12_RCPA,gas_cc,2000,2025.0,M1,0.0,,,sv_2c_cf
R12_RCPA,gas_cc,2000,2030.0,M1,0.4375375,,,sv_2c_cf
R12_RCPA,gas_cc,2000,2035.0,M1,0.47525625,,,sv_2c_cf
R12_RCPA,gas_cc,2005,2005.0,M1,0.0,,,sv_2c_cf
R12_RCPA,gas_cc,2005,2010.0,M1,0.0,,,sv_2c_cf
R12_RCPA,gas_cc,2005,2015.0,M1,0.0,,,sv_2c_cf
R12_RCPA,gas_cc,2005,2020.0,M1,0.0,,,sv_2c_cf
R12_RCPA,gas_cc,2005,2025.0,M1,0.0,,,sv_2c_cf
R12_RCPA,gas_cc,2005,2030.0,M1,2.480225,,,sv_2c_cf
R12_RCPA,gas_cc,2005,2035.0,M1,2.6940375000000003,,,sv_2c_cf
R12_RCPA,gas_cc,2010,2010.0,M1,0.0,,,sv_2c_cf
R12_RCPA,gas_cc,2010,2015.0,M1,0.0,,,sv_2c_cf
R12_RCPA,gas_cc,2010,2020.0,M1,0.0,,,sv_2c_cf
R12_RCPA,gas_cc,2010,2025.0,M1,0.0,,,sv_2c_cf
R12_RCPA,gas_cc,2010,2030.0,M1,1.595,,,sv_2c_cf
R12_RCPA,gas_cc,2010,2035.0,M1,1.7325000000000002,,,sv_2c_cf
R12_RCPA,gas_cc,2010,2040.0,M1,1.87,,,sv_2c_cf
R12_RCPA,gas_cc,2015,2015.0,M1,0.0,,,sv_2c_cf
R12_RCPA,gas_cc,2015,2020.0,M1,0.0,,,sv_2c_cf
R12_RCPA,gas_cc,2015,2025.0,M1,0.0,,,sv_2c_cf
R12_RCPA,gas_cc,2015,2030.0,M1,0.3625,,,sv_2c_cf
R12_RCPA,gas_cc,2015,2035.0,M1,0.39375,,,sv_2c_cf
R12_RCPA,gas_cc,2015,2040.0,M1,0.425,,,sv_2c_cf
R12_RCPA,gas_cc,2020,2020.0,M1,0.0,,,sv_2c_cf
R12_RCPA,gas_cc,2020,2025.0,M1,0.0,,,sv_2c_cf
R12_RCPA,gas_cc,2020,2030.0,M1,0.0,,,sv_2c_cf
R12_RCPA,gas_cc,2020,2035.0,M1,0.0,,,sv_2c_cf
R12_RCPA,gas_cc,2020,2040.0,M1,0.0,,,sv_2c_cf
R12_RCPA,gas_cc,2020,2045.0,M1,0.0,,,sv_2c_cf
R12_RCPA,gas_cc,2025,2025.0,M1,0.0,,,sv_2c_cf
R12_RCPA,gas_cc,2025,2030.0,M1,4.019186690179875,,,sv_2c_cf
R12_RCPA,gas_cc,2025,2035.0,M1,4.365668301402279,,,sv_2c_cf
R12_RCPA,gas_cc,2025,2040.0,M1,4.712149912624682,,,sv_2c_cf
R12_RCPA,gas_cc,2025,2045.0,M1,4.712149912624682,,,sv_2c_cf
R12_RCPA,gas_cc,2025,2050.0,M1,0.0,,,sv_2c_cf
R12_RCPA,gas_cc,2030,2030.0,M1,12.357585854197142,,,sv_2c_cf
R12_RCPA,gas_cc,2030,2035.0,M1,13.422894979558963,,,sv_2c_cf
R12_RCPA,gas_cc,2030,2040.0,M1,14.488204104920786,,,sv_2c_cf
R12_RCPA,gas_cc,2030,2045.0,M1,14.488204104920786,,,sv_2c_cf
R12_RCPA,gas_cc,2030,2050.0,M1,8.092808698800532,,,sv_2c_cf
R12_RCPA,gas_cc,2030,2055.0,M1,0.0,,,sv_2c_cf
R12_RCPA,gas_cc,2035,2035.0,M1,12.02367664565987,,,sv_2c_cf
R12_RCPA,gas_cc,2035,2040.0,M1,12.977936696902717,,,sv_2c_cf
R12_RCPA,gas_cc,2035,2045.0,M1,12.977936696902717,,,sv_2c_cf
R12_RCPA,gas_cc,2035,2050.0,M1,12.977936696902717,,,sv_2c_cf
R12_RCPA,gas_cc,2035,2055.0,M1,0.0,,,sv_2c_cf
R12_RCPA,gas_cc,2035,2060.0,M1,0.0,,,sv_2c_cf
R12_RCPA,gas_cc,2040,2040.0,M1,7.734877666951775,,,sv_2c_cf
R12_RCPA,gas_cc,2040,2045.0,M1,7.734877666951775,,,sv_2c_cf
R12_RCPA,gas_cc,2040,2050.0,M1,7.734877666951775,,,sv_2c_cf
R12_RCPA,gas_cc,2040,2055.0,M1,6.015655301335755,,,sv_2c_cf
R12_RCPA,gas_cc,2040,2060.0,M1,0.0,,,sv_2c_cf
R12_RCPA,gas_cc,2040,2070.0,M1,0.0,,,sv_2c_cf
R12_RCPA,gas_cc,2045,2045.0,M1,0.0,,,sv_2c_cf
R12_RCPA,gas_cc,2045,2050.0,M1,0.0,,,sv_2c_cf
R12_RCPA,gas_cc,2045,2055.0,M1,0.0,,,sv_2c_cf
R12_RCPA,gas_cc,2045,2060.0,M1,0.0,,,sv_2c_cf
R12_RCPA,gas_cc,2045,2070.0,M1,0.0,,,sv_2c_cf
R12_RCPA,gas_cc,2050,2050.0,M1,0.0,,,sv_2c_cf
R12_RCPA,gas_cc,2050,2055.0,M1,0.0,,,sv_2c_cf
R12_RCPA,gas_cc,2050,2060.0,M1,0.0,,,sv_2c_cf
R12_RCPA,gas_cc,2050,2070.0,M1,0.0,,,sv_2c_cf
R12_RCPA,gas_cc,2050,2080.0,M1,0.0,,,sv_2c_cf
R12_RCPA,gas_cc,2055,2055.0,M1,0.0,,,sv_2c_cf
R12_RCPA,gas_cc,2055,2060.0,M1,0.0,,,sv_2c_cf
R12_RCPA,gas_cc,2055,2070.0,M1,0.0,,,sv_2c_cf
R12_RCPA,gas_cc,2055,2080.0,M1,0.0,,,sv_2c_cf
R12_RCPA,gas_cc,2060,2060.0,M1,0.0,,,sv_2c_cf
R12_RCPA,gas_cc,2060,2070.0,M1,0.0,,,sv_2c_cf
R12_RCPA,gas_cc,2060,2080.0,M1,0.0,,,sv_2c_cf
R12_RCPA,gas_cc,2060,2090.0,M1,0.0,,,sv_2c_cf
R12_RCPA,gas_cc,2070,2070.0,M1,0.0,,,sv_2c_cf
R12_RCPA,gas_cc,2070,2080.0,M1,0.0,,,sv_2c_cf
R12_RCPA,gas_cc,2070,2090.0,M1,0.0,,,sv_2c_cf
R12_RCPA,gas_cc,2080,2080.0,M1,0.0,,,sv_2c_cf
R12_RCPA,gas_cc,2080,2090.0,M1,0.0,,,sv_2c_cf
R12_RCPA,gas_cc,2080,2100.0,M1,0.0,,,sv_2c_cf
R12_RCPA,gas_cc,2090,2090.0,M1,0.0,,,sv_2c_cf
R12_RCPA,gas_cc,2090,2100.0,M1,0.0,,,sv_2c_cf
R12_RCPA,gas_cc,2090,2110.0,M1,0.0,,,sv_2c_cf
R12_RCPA,gas_cc,2100,2100.0,M1,0.0,,,sv_2c_cf
R12_RCPA,gas_cc,2100,2110.0,M1,0.0,,,sv_2c_cf
R12_RCPA,gas_cc,2110,2110.0,M1,0.0,,,sv_2c_cf
R12_RCPA,gas_cc_ccs,2030,2030.0,M1,0.0,,,sv_2c_cf
R12_RCPA,gas_cc_ccs,2030,2035.0,M1,0.0,,,sv_2c_cf
R12_RCPA,gas_cc_ccs,2030,2040.0,M1,0.0,,,sv_2c_cf
R12_RCPA,gas_cc_ccs,2030,2045.0,M1,0.0,,,sv_2c_cf
R12_RCPA,gas_cc_ccs,2030,2050.0,M1,0.0,,,sv_2c_cf
R12_RCPA,gas_cc_ccs,2030,2055.0,M1,0.0,,,sv_2c_cf
R12_RCPA,gas_cc_ccs,2035,2035.0,M1,0.0,,,sv_2c_cf
R12_RCPA,gas_cc_ccs,2035,2040.0,M1,0.0,,,sv_2c_cf
R12_RCPA,gas_cc_ccs,2035,2045.0,M1,0.0,,,sv_2c_cf
R12_RCPA,gas_cc_ccs,2035,2050.0,M1,0.0,,,sv_2c_cf
R12_RCPA,gas_cc_ccs,2035,2055.0,M1,0.0,,,sv_2c_cf
R12_RCPA,gas_cc_ccs,2035,2060.0,M1,0.0,,,sv_2c_cf
R12_RCPA,gas_cc_ccs,2040,2040.0,M1,0.0,,,sv_2c_cf
R12_RCPA,gas_cc_ccs,2040,2045.0,M1,0.0,,,sv_2c_cf
R12_RCPA,gas_cc_ccs,2040,2050.0,M1,0.0,,,sv_2c_cf
R12_RCPA,gas_cc_ccs,2040,2055.0,M1,0.0,,,sv_2c_cf
R12_RCPA,gas_cc_ccs,2040,2060.0,M1,0.0,,,sv_2c_cf
R12_RCPA,gas_cc_ccs,2040,2070.0,M1,0.0,,,sv_2c_cf
R12_RCPA,gas_cc_ccs,2045,2045.0,M1,0.0,,,sv_2c_cf
R12_RCPA,gas_cc_ccs,2045,2050.0,M1,0.0,,,sv_2c_cf
R12_RCPA,gas_cc_ccs,2045,2055.0,M1,0.0,,,sv_2c_cf
R12_RCPA,gas_cc_ccs,2045,2060.0,M1,0.0,,,sv_2c_cf
R12_RCPA,gas_cc_ccs,2045,2070.0,M1,0.0,,,sv_2c_cf
R12_RCPA,gas_cc_ccs,2050,2050.0,M1,0.0,,,sv_2c_cf
R12_RCPA,gas_cc_ccs,2050,2055.0,M1,0.0,,,sv_2c_cf
R12_RCPA,gas_cc_ccs,2050,2060.0,M1,0.0,,,sv_2c_cf
R12_RCPA,gas_cc_ccs,2050,2070.0,M1,0.0,,,sv_2c_cf
R12_RCPA,gas_cc_ccs,2050,2080.0,M1,0.0,,,sv_2c_cf
R12_RCPA,gas_cc_ccs,2055,2055.0,M1,0.0,,,sv_2c_cf
R12_RCPA,gas_cc_ccs,2055,2060.0,M1,0.0,,,sv_2c_cf
R12_RCPA,gas_cc_ccs,2055,2070.0,M1,0.0,,,sv_2c_cf
R12_RCPA,gas_cc_ccs,2055,2080.0,M1,0.0,,,sv_2c_cf
R12_RCPA,gas_cc_ccs,2060,2060.0,M1,0.0,,,sv_2c_cf
R12_RCPA,gas_cc_ccs,2060,2070.0,M1,0.0,,,sv_2c_cf
R12_RCPA,gas_cc_ccs,2060,2080.0,M1,0.0,,,sv_2c_cf
R12_RCPA,gas_cc_ccs,2060,2090.0,M1,0.0,,,sv_2c_cf
R12_RCPA,gas_cc_ccs,2070,2070.0,M1,0.0,,,sv_2c_cf
R12_RCPA,gas_cc_ccs,2070,2080.0,M1,0.0,,,sv_2c_cf
R12_RCPA,gas_cc_ccs,2070,2090.0,M1,0.0,,,sv_2c_cf
R12_RCPA,gas_cc_ccs,2080,2080.0,M1,0.0,,,sv_2c_cf
R12_RCPA,gas_cc_ccs,2080,2090.0,M1,0.0,,,sv_2c_cf
R12_RCPA,gas_cc_ccs,2080,2100.0,M1,0.0,,,sv_2c_cf
R12_RCPA,gas_cc_ccs,2090,2090.0,M1,0.0,,,sv_2c_cf
R12_RCPA,gas_cc_ccs,2090,2100.0,M1,0.0,,,sv_2c_cf
R12_RCPA,gas_cc_ccs,2090,2110.0,M1,0.0,,,sv_2c_cf
R12_RCPA,gas_cc_ccs,2100,2100.0,M1,0.0,,,sv_2c_cf
R12_RCPA,gas_cc_ccs,2100,2110.0,M1,0.0,,,sv_2c_cf
R12_RCPA,gas_cc_ccs,2110,2110.0,M1,0.0,,,sv_2c_cf
R12_RCPA,gas_ct,1970,1970.0,M1,0.0,,,sv_2c_cf
R12_RCPA,gas_ct,1970,1975.0,M1,0.0,,,sv_2c_cf
R12_RCPA,gas_ct,1970,1980.0,M1,0.0,,,sv_2c_cf
R12_RCPA,gas_ct,1970,1985.0,M1,0.0,,,sv_2c_cf
R12_RCPA,gas_ct,1970,1990.0,M1,0.0,,,sv_2c_cf
R12_RCPA,gas_ct,1970,1995.0,M1,0.0,,,sv_2c_cf
R12_RCPA,gas_ct,1970,2000.0,M1,0.0,,,sv_2c_cf
R12_RCPA,gas_ct,1970,2005.0,M1,0.0,,,sv_2c_cf
R12_RCPA,gas_ct,1970,2010.0,M1,0.0,,,sv_2c_cf
R12_RCPA,gas_ct,1970,2015.0,M1,0.0,,,sv_2c_cf
R12_RCPA,gas_ct,1970,2020.0,M1,0.0,,,sv_2c_cf
R12_RCPA,gas_ct,1970,2025.0,M1,0.0,,,sv_2c_cf
R12_RCPA,gas_ct,1975,1975.0,M1,0.0,,,sv_2c_cf
R12_RCPA,gas_ct,1975,1980.0,M1,0.0,,,sv_2c_cf
R12_RCPA,gas_ct,1975,1985.0,M1,0.0,,,sv_2c_cf
R12_RCPA,gas_ct,1975,1990.0,M1,0.0,,,sv_2c_cf
R12_RCPA,gas_ct,1975,1995.0,M1,0.0,,,sv_2c_cf
R12_RCPA,gas_ct,1975,2000.0,M1,0.0,,,sv_2c_cf
R12_RCPA,gas_ct,1975,2005.0,M1,0.0,,,sv_2c_cf
R12_RCPA,gas_ct,1975,2010.0,M1,0.0,,,sv_2c_cf
R12_RCPA,gas_ct,1975,2015.0,M1,0.0,,,sv_2c_cf
R12_RCPA,gas_ct,1975,2020.0,M1,0.0,,,sv_2c_cf
R12_RCPA,gas_ct,1975,2025.0,M1,0.0,,,sv_2c_cf
R12_RCPA,gas_ct,1980,1980.0,M1,0.0,,,sv_2c_cf
R12_RCPA,gas_ct,1980,1985.0,M1,0.0,,,sv_2c_cf
R12_RCPA,gas_ct,1980,1990.0,M1,0.0,,,sv_2c_cf
R12_RCPA,gas_ct,1980,1995.0,M1,0.0,,,sv_2c_cf
R12_RCPA,gas_ct,1980,2000.0,M1,0.0,,,sv_2c_cf
R12_RCPA,gas_ct,1980,2005.0,M1,0.0,,,sv_2c_cf
R12_RCPA,gas_ct,1980,2010.0,M1,0.0,,,sv_2c_cf
R12_RCPA,gas_ct,1980,2015.0,M1,0.0,,,sv_2c_cf
R12_RCPA,gas_ct,1980,2020.0,M1,0.0,,,sv_2c_cf
R12_RCPA,gas_ct,1980,2025.0,M1,0.0,,,sv_2c_cf
R12_RCPA,gas_ct,1980,2030.0,M1,0.0,,,sv_2c_cf
R12_RCPA,gas_ct,1985,1985.0,M1,0.0,,,sv_2c_cf
R12_RCPA,gas_ct,1985,1990.0,M1,0.0,,,sv_2c_cf
R12_RCPA,gas_ct,1985,1995.0,M1,0.0,,,sv_2c_cf
R12_RCPA,gas_ct,1985,2000.0,M1,0.0,,,sv_2c_cf
R12_RCPA,gas_ct,1985,2005.0,M1,0.0,,,sv_2c_cf
R12_RCPA,gas_ct,1985,2010.0,M1,0.0,,,sv_2c_cf
R12_RCPA,gas_ct,1985,2015.0,M1,0.0,,,sv_2c_cf
R12_RCPA,gas_ct,1985,2020.0,M1,0.0,,,sv_2c_cf
R12_RCPA,gas_ct,1985,2025.0,M1,0.0,,,sv_2c_cf
R12_RCPA,gas_ct,1985,2030.0,M1,0.0,,,sv_2c_cf
R12_RCPA,gas_ct,1990,1990.0,M1,0.0,,,sv_2c_cf
R12_RCPA,gas_ct,1990,1995.0,M1,0.0,,,sv_2c_cf
R12_RCPA,gas_ct,1990,2000.0,M1,0.0,,,sv_2c_cf
R12_RCPA,gas_ct,1990,2005.0,M1,0.0,,,sv_2c_cf
R12_RCPA,gas_ct,1990,2010.0,M1,0.0,,,sv_2c_cf
R12_RCPA,gas_ct,1990,2015.0,M1,0.0,,,sv_2c_cf
R12_RCPA,gas_ct,1990,2020.0,M1,0.0,,,sv_2c_cf
R12_RCPA,gas_ct,1990,2025.0,M1,0.0,,,sv_2c_cf
R12_RCPA,gas_ct,1990,2030.0,M1,0.0,,,sv_2c_cf
R12_RCPA,gas_ct,1990,2035.0,M1,0.0,,,sv_2c_cf
R12_RCPA,gas_ct,1995,1995.0,M1,0.0,,,sv_2c_cf
R12_RCPA,gas_ct,1995,2000.0,M1,0.0,,,sv_2c_cf
R12_RCPA,gas_ct,1995,2005.0,M1,0.0,,,sv_2c_cf
R12_RCPA,gas_ct,1995,2010.0,M1,0.0,,,sv_2c_cf
R12_RCPA,gas_ct,1995,2015.0,M1,0.0,,,sv_2c_cf
R12_RCPA,gas_ct,1995,2020.0,M1,0.0,,,sv_2c_cf
R12_RCPA,gas_ct,1995,2025.0,M1,0.0,,,sv_2c_cf
R12_RCPA,gas_ct,1995,2030.0,M1,0.0,,,sv_2c_cf
R12_RCPA,gas_ct,1995,2035.0,M1,0.0,,,sv_2c_cf
R12_RCPA,gas_ct,2000,2000.0,M1,0.0,,,sv_2c_cf
R12_RCPA,gas_ct,2000,2005.0,M1,0.0,,,sv_2c_cf
R12_RCPA,gas_ct,2000,2010.0,M1,0.0,,,sv_2c_cf
R12_RCPA,gas_ct,2000,2015.0,M1,0.0,,,sv_2c_cf
R12_RCPA,gas_ct,2000,2020.0,M1,0.0,,,sv_2c_cf
R12_RCPA,gas_ct,2000,2025.0,M1,0.0,,,sv_2c_cf
R12_RCPA,gas_ct,2000,2030.0,M1,0.13685204529158246,,,sv_2c_cf
R12_RCPA,gas_ct,2000,2035.0,M1,0.0,,,sv_2c_cf
R12_RCPA,gas_ct,2005,2005.0,M1,0.0,,,sv_2c_cf
R12_RCPA,gas_ct,2005,2010.0,M1,0.0,,,sv_2c_cf
R12_RCPA,gas_ct,2005,2015.0,M1,0.0,,,sv_2c_cf
R12_RCPA,gas_ct,2005,2020.0,M1,0.0,,,sv_2c_cf
R12_RCPA,gas_ct,2005,2025.0,M1,0.0,,,sv_2c_cf
R12_RCPA,gas_ct,2005,2030.0,M1,0.0,,,sv_2c_cf
R12_RCPA,gas_ct,2005,2035.0,M1,0.0,,,sv_2c_cf
R12_RCPA,gas_ct,2010,2010.0,M1,0.0,,,sv_2c_cf
R12_RCPA,gas_ct,2010,2015.0,M1,0.0,,,sv_2c_cf
R12_RCPA,gas_ct,2010,2020.0,M1,0.0,,,sv_2c_cf
R12_RCPA,gas_ct,2010,2025.0,M1,0.0,,,sv_2c_cf
R12_RCPA,gas_ct,2010,2030.0,M1,0.0,,,sv_2c_cf
R12_RCPA,gas_ct,2010,2035.0,M1,0.0,,,sv_2c_cf
R12_RCPA,gas_ct,2010,2040.0,M1,0.0,,,sv_2c_cf
R12_RCPA,gas_ct,2015,2015.0,M1,0.0,,,sv_2c_cf
R12_RCPA,gas_ct,2015,2020.0,M1,0.0,,,sv_2c_cf
R12_RCPA,gas_ct,2015,2025.0,M1,0.0,,,sv_2c_cf
R12_RCPA,gas_ct,2015,2030.0,M1,0.0,,,sv_2c_cf
R12_RCPA,gas_ct,2015,2035.0,M1,0.0,,,sv_2c_cf
R12_RCPA,gas_ct,2015,2040.0,M1,0.0,,,sv_2c_cf
R12_RCPA,gas_ct,2020,2020.0,M1,0.0,,,sv_2c_cf
R12_RCPA,gas_ct,2020,2025.0,M1,0.0,,,sv_2c_cf
R12_RCPA,gas_ct,2020,2030.0,M1,0.0,,,sv_2c_cf
R12_RCPA,gas_ct,2020,2035.0,M1,0.0,,,sv_2c_cf
R12_RCPA,gas_ct,2020,2040.0,M1,0.0,,,sv_2c_cf
R12_RCPA,gas_ct,2020,2045.0,M1,0.0,,,sv_2c_cf
R12_RCPA,gas_ct,2025,2025.0,M1,0.0,,,sv_2c_cf
R12_RCPA,gas_ct,2025,2030.0,M1,0.0,,,sv_2c_cf
R12_RCPA,gas_ct,2025,2035.0,M1,0.0,,,sv_2c_cf
R12_RCPA,gas_ct,2025,2040.0,M1,0.0,,,sv_2c_cf
R12_RCPA,gas_ct,2025,2045.0,M1,0.0,,,sv_2c_cf
R12_RCPA,gas_ct,2025,2050.0,M1,0.0,,,sv_2c_cf
R12_RCPA,gas_ct,2030,2030.0,M1,0.0,,,sv_2c_cf
R12_RCPA,gas_ct,2030,2035.0,M1,0.0,,,sv_2c_cf
R12_RCPA,gas_ct,2030,2040.0,M1,0.0,,,sv_2c_cf
R12_RCPA,gas_ct,2030,2045.0,M1,0.0,,,sv_2c_cf
R12_RCPA,gas_ct,2030,2050.0,M1,0.0,,,sv_2c_cf
R12_RCPA,gas_ct,2030,2055.0,M1,0.0,,,sv_2c_cf
R12_RCPA,gas_ct,2035,2035.0,M1,0.0,,,sv_2c_cf
R12_RCPA,gas_ct,2035,2040.0,M1,0.0,,,sv_2c_cf
R12_RCPA,gas_ct,2035,2045.0,M1,0.0,,,sv_2c_cf
R12_RCPA,gas_ct,2035,2050.0,M1,0.0,,,sv_2c_cf
R12_RCPA,gas_ct,2035,2055.0,M1,0.0,,,sv_2c_cf
R12_RCPA,gas_ct,2035,2060.0,M1,0.0,,,sv_2c_cf
R12_RCPA,gas_ct,2040,2040.0,M1,0.0,,,sv_2c_cf
R12_RCPA,gas_ct,2040,2045.0,M1,0.0,,,sv_2c_cf
R12_RCPA,gas_ct,2040,2050.0,M1,0.0,,,sv_2c_cf
R12_RCPA,gas_ct,2040,2055.0,M1,0.0,,,sv_2c_cf
R12_RCPA,gas_ct,2040,2060.0,M1,0.0,,,sv_2c_cf
R12_RCPA,gas_ct,2040,2070.0,M1,0.0,,,sv_2c_cf
R12_RCPA,gas_ct,2045,2045.0,M1,0.0,,,sv_2c_cf
R12_RCPA,gas_ct,2045,2050.0,M1,0.0,,,sv_2c_cf
R12_RCPA,gas_ct,2045,2055.0,M1,0.0,,,sv_2c_cf
R12_RCPA,gas_ct,2045,2060.0,M1,0.0,,,sv_2c_cf
R12_RCPA,gas_ct,2045,2070.0,M1,0.0,,,sv_2c_cf
R12_RCPA,gas_ct,2050,2050.0,M1,0.0,,,sv_2c_cf
R12_RCPA,gas_ct,2050,2055.0,M1,0.0,,,sv_2c_cf
R12_RCPA,gas_ct,2050,2060.0,M1,0.0,,,sv_2c_cf
R12_RCPA,gas_ct,2050,2070.0,M1,0.0,,,sv_2c_cf
R12_RCPA,gas_ct,2050,2080.0,M1,0.0,,,sv_2c_cf
R12_RCPA,gas_ct,2055,2055.0,M1,0.0,,,sv_2c_cf
R12_RCPA,gas_ct,2055,2060.0,M1,0.0,,,sv_2c_cf
R12_RCPA,gas_ct,2055,2070.0,M1,0.0,,,sv_2c_cf
R12_RCPA,gas_ct,2055,2080.0,M1,0.0,,,sv_2c_cf
R12_RCPA,gas_ct,2060,2060.0,M1,0.0,,,sv_2c_cf
R12_RCPA,gas_ct,2060,2070.0,M1,0.0,,,sv_2c_cf
R12_RCPA,gas_ct,2060,2080.0,M1,0.0,,,sv_2c_cf
R12_RCPA,gas_ct,2060,2090.0,M1,0.0,,,sv_2c_cf
R12_RCPA,gas_ct,2070,2070.0,M1,0.0,,,sv_2c_cf
R12_RCPA,gas_ct,2070,2080.0,M1,0.0,,,sv_2c_cf
R12_RCPA,gas_ct,2070,2090.0,M1,0.0,,,sv_2c_cf
R12_RCPA,gas_ct,2080,2080.0,M1,0.0,,,sv_2c_cf
R12_RCPA,gas_ct,2080,2090.0,M1,0.0,,,sv_2c_cf
R12_RCPA,gas_ct,2080,2100.0,M1,0.0,,,sv_2c_cf
R12_RCPA,gas_ct,2090,2090.0,M1,0.0,,,sv_2c_cf
R12_RCPA,gas_ct,2090,2100.0,M1,0.0,,,sv_2c_cf
R12_RCPA,gas_ct,2090,2110.0,M1,0.0,,,sv_2c_cf
R12_RCPA,gas_ct,2100,2100.0,M1,0.0,,,sv_2c_cf
R12_RCPA,gas_ct,2100,2110.0,M1,0.0,,,sv_2c_cf
R12_RCPA,gas_ct,2110,2110.0,M1,0.0,,,sv_2c_cf
R12_RCPA,gas_ppl,1970,1970.0,M1,0.0,,,sv_2c_cf
R12_RCPA,gas_ppl,1970,1975.0,M1,0.0,,,sv_2c_cf
R12_RCPA,gas_ppl,1970,1980.0,M1,0.0,,,sv_2c_cf
R12_RCPA,gas_ppl,1970,1985.0,M1,0.0,,,sv_2c_cf
R12_RCPA,gas_ppl,1970,1990.0,M1,0.0,,,sv_2c_cf
R12_RCPA,gas_ppl,1970,1995.0,M1,0.0,,,sv_2c_cf
R12_RCPA,gas_ppl,1970,2000.0,M1,0.0,,,sv_2c_cf
R12_RCPA,gas_ppl,1970,2005.0,M1,0.0,,,sv_2c_cf
R12_RCPA,gas_ppl,1970,2010.0,M1,0.0,,,sv_2c_cf
R12_RCPA,gas_ppl,1970,2015.0,M1,0.0,,,sv_2c_cf
R12_RCPA,gas_ppl,1970,2020.0,M1,0.0,,,sv_2c_cf
R12_RCPA,gas_ppl,1970,2025.0,M1,0.0,,,sv_2c_cf
R12_RCPA,gas_ppl,1975,1975.0,M1,0.0,,,sv_2c_cf
R12_RCPA,gas_ppl,1975,1980.0,M1,0.0,,,sv_2c_cf
R12_RCPA,gas_ppl,1975,1985.0,M1,0.0,,,sv_2c_cf
R12_RCPA,gas_ppl,1975,1990.0,M1,0.0,,,sv_2c_cf
R12_RCPA,gas_ppl,1975,1995.0,M1,0.0,,,sv_2c_cf
R12_RCPA,gas_ppl,1975,2000.0,M1,0.0,,,sv_2c_cf
R12_RCPA,gas_ppl,1975,2005.0,M1,0.0,,,sv_2c_cf
R12_RCPA,gas_ppl,1975,2010.0,M1,0.0,,,sv_2c_cf
R12_RCPA,gas_ppl,1975,2015.0,M1,0.0,,,sv_2c_cf
R12_RCPA,gas_ppl,1975,2020.0,M1,0.0,,,sv_2c_cf
R12_RCPA,gas_ppl,1975,2025.0,M1,0.0,,,sv_2c_cf
R12_RCPA,gas_ppl,1980,1980.0,M1,0.0,,,sv_2c_cf
R12_RCPA,gas_ppl,1980,1985.0,M1,0.0,,,sv_2c_cf
R12_RCPA,gas_ppl,1980,1990.0,M1,0.0,,,sv_2c_cf
R12_RCPA,gas_ppl,1980,1995.0,M1,0.0,,,sv_2c_cf
R12_RCPA,gas_ppl,1980,2000.0,M1,0.0,,,sv_2c_cf
R12_RCPA,gas_ppl,1980,2005.0,M1,0.0,,,sv_2c_cf
R12_RCPA,gas_ppl,1980,2010.0,M1,0.0,,,sv_2c_cf
R12_RCPA,gas_ppl,1980,2015.0,M1,0.0,,,sv_2c_cf
R12_RCPA,gas_ppl,1980,2020.0,M1,0.0,,,sv_2c_cf
R12_RCPA,gas_ppl,1980,2025.0,M1,0.0,,,sv_2c_cf
R12_RCPA,gas_ppl,1980,2030.0,M1,0.0,,,sv_2c_cf
R12_RCPA,gas_ppl,1985,1985.0,M1,0.0,,,sv_2c_cf
R12_RCPA,gas_ppl,1985,1990.0,M1,0.0,,,sv_2c_cf
R12_RCPA,gas_ppl,1985,1995.0,M1,0.0,,,sv_2c_cf
R12_RCPA,gas_ppl,1985,2000.0,M1,0.0,,,sv_2c_cf
R12_RCPA,gas_ppl,1985,2005.0,M1,0.0,,,sv_2c_cf
R12_RCPA,gas_ppl,1985,2010.0,M1,0.0,,,sv_2c_cf
R12_RCPA,gas_ppl,1985,2015.0,M1,0.0,,,sv_2c_cf
R12_RCPA,gas_ppl,1985,2020.0,M1,0.0,,,sv_2c_cf
R12_RCPA,gas_ppl,1985,2025.0,M1,0.0,,,sv_2c_cf
R12_RCPA,gas_ppl,1985,2030.0,M1,0.0,,,sv_2c_cf
R12_RCPA,gas_ppl,1990,1990.0,M1,0.0,,,sv_2c_cf
R12_RCPA,gas_ppl,1990,1995.0,M1,0.0,,,sv_2c_cf
R12_RCPA,gas_ppl,1990,2000.0,M1,0.0,,,sv_2c_cf
R12_RCPA,gas_ppl,1990,2005.0,M1,0.0,,,sv_2c_cf
R12_RCPA,gas_ppl,1990,2010.0,M1,0.0,,,sv_2c_cf
R12_RCPA,gas_ppl,1990,2015.0,M1,0.0,,,sv_2c_cf
R12_RCPA,gas_ppl,1990,2020.0,M1,0.0,,,sv_2c_cf
R12_RCPA,gas_ppl,1990,2025.0,M1,0.0,,,sv_2c_cf
R12_RCPA,gas_ppl,1990,2030.0,M1,0.0,,,sv_2c_cf
R12_RCPA,gas_ppl,1990,2035.0,M1,0.0,,,sv_2c_cf
R12_RCPA,gas_ppl,1995,1995.0,M1,0.0,,,sv_2c_cf
R12_RCPA,gas_ppl,1995,2000.0,M1,0.0,,,sv_2c_cf
R12_RCPA,gas_ppl,1995,2005.0,M1,0.0,,,sv_2c_cf
R12_RCPA,gas_ppl,1995,2010.0,M1,0.0,,,sv_2c_cf
R12_RCPA,gas_ppl,1995,2015.0,M1,0.0,,,sv_2c_cf
R12_RCPA,gas_ppl,1995,2020.0,M1,0.0,,,sv_2c_cf
R12_RCPA,gas_ppl,1995,2025.0,M1,0.0,,,sv_2c_cf
R12_RCPA,gas_ppl,1995,2030.0,M1,0.0,,,sv_2c_cf
R12_RCPA,gas_ppl,1995,2035.0,M1,0.0,,,sv_2c_cf
R12_RCPA,gas_ppl,2000,2000.0,M1,0.0,,,sv_2c_cf
R12_RCPA,gas_ppl,2000,2005.0,M1,0.0,,,sv_2c_cf
R12_RCPA,gas_ppl,2000,2010.0,M1,0.0,,,sv_2c_cf
R12_RCPA,gas_ppl,2000,2015.0,M1,0.0,,,sv_2c_cf
R12_RCPA,gas_ppl,2000,2020.0,M1,0.0,,,sv_2c_cf
R12_RCPA,gas_ppl,2000,2025.0,M1,0.0,,,sv_2c_cf
R12_RCPA,gas_ppl,2000,2030.0,M1,0.0,,,sv_2c_cf
R12_RCPA,gas_ppl,2000,2035.0,M1,0.0,,,sv_2c_cf
R12_RCPA,gas_ppl,2005,2005.0,M1,0.0,,,sv_2c_cf
R12_RCPA,gas_ppl,2005,2010.0,M1,0.0,,,sv_2c_cf
R12_RCPA,gas_ppl,2005,2015.0,M1,0.0,,,sv_2c_cf
R12_RCPA,gas_ppl,2005,2020.0,M1,0.0,,,sv_2c_cf
R12_RCPA,gas_ppl,2005,2025.0,M1,0.0,,,sv_2c_cf
R12_RCPA,gas_ppl,2005,2030.0,M1,0.0,,,sv_2c_cf
R12_RCPA,gas_ppl,2005,2035.0,M1,0.0,,,sv_2c_cf
R12_RCPA,gas_ppl,2010,2010.0,M1,0.0,,,sv_2c_cf
R12_RCPA,gas_ppl,2010,2015.0,M1,0.0,,,sv_2c_cf
R12_RCPA,gas_ppl,2010,2020.0,M1,0.0,,,sv_2c_cf
R12_RCPA,gas_ppl,2010,2025.0,M1,0.0,,,sv_2c_cf
R12_RCPA,gas_ppl,2010,2030.0,M1,0.0,,,sv_2c_cf
R12_RCPA,gas_ppl,2010,2035.0,M1,0.0,,,sv_2c_cf
R12_RCPA,gas_ppl,2010,2040.0,M1,0.0,,,sv_2c_cf
R12_RCPA,gas_ppl,2015,2015.0,M1,0.0,,,sv_2c_cf
R12_RCPA,gas_ppl,2015,2020.0,M1,0.0,,,sv_2c_cf
R12_RCPA,gas_ppl,2015,2025.0,M1,0.0,,,sv_2c_cf
R12_RCPA,gas_ppl,2015,2030.0,M1,0.0,,,sv_2c_cf
R12_RCPA,gas_ppl,2015,2035.0,M1,0.0,,,sv_2c_cf
R12_RCPA,gas_ppl,2015,2040.0,M1,0.0,,,sv_2c_cf
R12_RCPA,gas_ppl,2020,2020.0,M1,0.0,,,sv_2c_cf
R12_RCPA,gas_ppl,2020,2025.0,M1,0.0,,,sv_2c_cf
R12_RCPA,gas_ppl,2020,2030.0,M1,0.0,,,sv_2c_cf
R12_RCPA,gas_ppl,2020,2035.0,M1,0.0,,,sv_2c_cf
R12_RCPA,gas_ppl,2020,2040.0,M1,0.0,,,sv_2c_cf
R12_RCPA,gas_ppl,2020,2045.0,M1,0.0,,,sv_2c_cf
R12_RCPA,gas_ppl,2025,2025.0,M1,0.0,,,sv_2c_cf
R12_RCPA,gas_ppl,2025,2030.0,M1,0.0,,,sv_2c_cf
R12_RCPA,gas_ppl,2025,2035.0,M1,0.0,,,sv_2c_cf
R12_RCPA,gas_ppl,2025,2040.0,M1,0.0,,,sv_2c_cf
R12_RCPA,gas_ppl,2025,2045.0,M1,0.0,,,sv_2c_cf
R12_RCPA,gas_ppl,2025,2050.0,M1,0.0,,,sv_2c_cf
R12_RCPA,gas_ppl,2030,2030.0,M1,0.0,,,sv_2c_cf
R12_RCPA,gas_ppl,2030,2035.0,M1,0.0,,,sv_2c_cf
R12_RCPA,gas_ppl,2030,2040.0,M1,0.0,,,sv_2c_cf
R12_RCPA,gas_ppl,2030,2045.0,M1,0.0,,,sv_2c_cf
R12_RCPA,gas_ppl,2030,2050.0,M1,0.0,,,sv_2c_cf
R12_RCPA,gas_ppl,2030,2055.0,M1,0.0,,,sv_2c_cf
R12_RCPA,gas_ppl,2035,2035.0,M1,0.0,,,sv_2c_cf
R12_RCPA,gas_ppl,2035,2040.0,M1,0.0,,,sv_2c_cf
R12_RCPA,gas_ppl,2035,2045.0,M1,0.0,,,sv_2c_cf
R12_RCPA,gas_ppl,2035,2050.0,M1,0.0,,,sv_2c_cf
R12_RCPA,gas_ppl,2035,2055.0,M1,0.0,,,sv_2c_cf
R12_RCPA,gas_ppl,2035,2060.0,M1,0.0,,,sv_2c_cf
R12_RCPA,gas_ppl,2040,2040.0,M1,0.0,,,sv_2c_cf
R12_RCPA,gas_ppl,2040,2045.0,M1,0.0,,,sv_2c_cf
R12_RCPA,gas_ppl,2040,2050.0,M1,0.0,,,sv_2c_cf
R12_RCPA,gas_ppl,2040,2055.0,M1,0.0,,,sv_2c_cf
R12_RCPA,gas_ppl,2040,2060.0,M1,0.0,,,sv_2c_cf
R12_RCPA,gas_ppl,2040,2070.0,M1,0.0,,,sv_2c_cf
R12_RCPA,gas_ppl,2045,2045.0,M1,0.0,,,sv_2c_cf
R12_RCPA,gas_ppl,2045,2050.0,M1,0.0,,,sv_2c_cf
R12_RCPA,gas_ppl,2045,2055.0,M1,0.0,,,sv_2c_cf
R12_RCPA,gas_ppl,2045,2060.0,M1,0.0,,,sv_2c_cf
R12_RCPA,gas_ppl,2045,2070.0,M1,0.0,,,sv_2c_cf
R12_RCPA,gas_ppl,2050,2050.0,M1,0.0,,,sv_2c_cf
R12_RCPA,gas_ppl,2050,2055.0,M1,0.0,,,sv_2c_cf
R12_RCPA,gas_ppl,2050,2060.0,M1,0.0,,,sv_2c_cf
R12_RCPA,gas_ppl,2050,2070.0,M1,0.0,,,sv_2c_cf
R12_RCPA,gas_ppl,2050,2080.0,M1,0.0,,,sv_2c_cf
R12_RCPA,gas_ppl,2055,2055.0,M1,0.0,,,sv_2c_cf
R12_RCPA,gas_ppl,2055,2060.0,M1,0.0,,,sv_2c_cf
R12_RCPA,gas_ppl,2055,2070.0,M1,0.0,,,sv_2c_cf
R12_RCPA,gas_ppl,2055,2080.0,M1,0.0,,,sv_2c_cf
R12_RCPA,gas_ppl,2060,2060.0,M1,0.0,,,sv_2c_cf
R12_RCPA,gas_ppl,2060,2070.0,M1,0.0,,,sv_2c_cf
R12_RCPA,gas_ppl,2060,2080.0,M1,0.0,,,sv_2c_cf
R12_RCPA,gas_ppl,2060,2090.0,M1,0.0,,,sv_2c_cf
R12_RCPA,gas_ppl,2070,2070.0,M1,0.0,,,sv_2c_cf
R12_RCPA,gas_ppl,2070,2080.0,M1,0.0,,,sv_2c_cf
R12_RCPA,gas_ppl,2070,2090.0,M1,0.0,,,sv_2c_cf
R12_RCPA,gas_ppl,2080,2080.0,M1,0.0,,,sv_2c_cf
R12_RCPA,gas_ppl,2080,2090.0,M1,0.0,,,sv_2c_cf
R12_RCPA,gas_ppl,2080,2100.0,M1,0.0,,,sv_2c_cf
R12_RCPA,gas_ppl,2090,2090.0,M1,0.0,,,sv_2c_cf
R12_RCPA,gas_ppl,2090,2100.0,M1,0.0,,,sv_2c_cf
R12_RCPA,gas_ppl,2090,2110.0,M1,0.0,,,sv_2c_cf
R12_RCPA,gas_ppl,2100,2100.0,M1,0.0,,,sv_2c_cf
R12_RCPA,gas_ppl,2100,2110.0,M1,0.0,,,sv_2c_cf
R12_RCPA,gas_ppl,2110,2110.0,M1,0.0,,,sv_2c_cf
R12_RCPA,igcc,2010,2010.0,M1,0.0,0.0,890.72,sv_2c_cf
R12_RCPA,igcc,2010,2015.0,M1,0.0,,890.72,sv_2c_cf
R12_RCPA,igcc,2010,2020.0,M1,0.0,,890.72,sv_2c_cf
R12_RCPA,igcc,2010,2025.0,M1,0.0,,890.72,sv_2c_cf
R12_RCPA,igcc,2010,2030.0,M1,0.0,0.0,890.72,sv_2c_cf
R12_RCPA,igcc,2010,2035.0,M1,0.0,0.0,890.72,sv_2c_cf
R12_RCPA,igcc,2015,2015.0,M1,0.0,0.0,890.72,sv_2c_cf
R12_RCPA,igcc,2015,2020.0,M1,0.0,,890.72,sv_2c_cf
R12_RCPA,igcc,2015,2025.0,M1,0.0,,890.72,sv_2c_cf
R12_RCPA,igcc,2015,2030.0,M1,0.0,0.0,890.72,sv_2c_cf
R12_RCPA,igcc,2015,2035.0,M1,0.0,0.0,890.72,sv_2c_cf
R12_RCPA,igcc,2015,2040.0,M1,0.0,0.0,890.72,sv_2c_cf
R12_RCPA,igcc,2020,2020.0,M1,0.0,0.0,891.0,sv_2c_cf
R12_RCPA,igcc,2020,2025.0,M1,0.0,,891.0,sv_2c_cf
R12_RCPA,igcc,2020,2030.0,M1,0.0,0.0,891.0,sv_2c_cf
R12_RCPA,igcc,2020,2035.0,M1,0.0,0.0,891.0,sv_2c_cf
R12_RCPA,igcc,2020,2040.0,M1,0.0,0.0,891.0,sv_2c_cf
R12_RCPA,igcc,2020,2045.0,M1,0.0,0.0,891.0,sv_2c_cf
R12_RCPA,igcc,2025,2025.0,M1,0.0,0.0,891.0,sv_2c_cf
R12_RCPA,igcc,2025,2030.0,M1,0.0,0.0,891.0,sv_2c_cf
R12_RCPA,igcc,2025,2035.0,M1,0.0,0.0,891.0,sv_2c_cf
R12_RCPA,igcc,2025,2040.0,M1,0.0,0.0,891.0,sv_2c_cf
R12_RCPA,igcc,2025,2045.0,M1,0.0,0.0,891.0,sv_2c_cf
R12_RCPA,igcc,2025,2050.0,M1,0.0,0.0,891.0,sv_2c_cf
R12_RCPA,igcc,2030,2030.0,M1,0.0,0.0,891.5589397340781,sv_2c_cf
R12_RCPA,igcc,2030,2035.0,M1,0.0,0.0,891.5589397340781,sv_2c_cf
R12_RCPA,igcc,2030,2040.0,M1,0.0,0.0,891.5589397340781,sv_2c_cf
R12_RCPA,igcc,2030,2045.0,M1,0.0,0.0,891.5589397340781,sv_2c_cf
R12_RCPA,igcc,2030,2050.0,M1,0.0,0.0,891.5589397340781,sv_2c_cf
R12_RCPA,igcc,2030,2055.0,M1,0.0,0.0,891.5589397340781,sv_2c_cf
R12_RCPA,igcc,2035,2035.0,M1,0.0,0.0,900.9010578040229,sv_2c_cf
R12_RCPA,igcc,2035,2040.0,M1,0.0,0.0,900.9010578040229,sv_2c_cf
R12_RCPA,igcc,2035,2045.0,M1,0.0,0.0,900.9010578040229,sv_2c_cf
R12_RCPA,igcc,2035,2050.0,M1,0.0,0.0,900.9010578040229,sv_2c_cf
R12_RCPA,igcc,2035,2055.0,M1,0.0,0.0,900.9010578040229,sv_2c_cf
R12_RCPA,igcc,2035,2060.0,M1,0.0,0.0,900.9010578040229,sv_2c_cf
R12_RCPA,igcc,2040,2040.0,M1,0.0,0.0,907.7811906813649,sv_2c_cf
R12_RCPA,igcc,2040,2045.0,M1,0.0,0.0,907.7811906813649,sv_2c_cf
R12_RCPA,igcc,2040,2050.0,M1,0.0,0.0,907.7811906813649,sv_2c_cf
R12_RCPA,igcc,2040,2055.0,M1,0.0,0.0,907.7811906813649,sv_2c_cf
R12_RCPA,igcc,2040,2060.0,M1,0.0,0.0,907.7811906813649,sv_2c_cf
R12_RCPA,igcc,2040,2070.0,M1,0.0,0.0,907.7811906813649,sv_2c_cf
R12_RCPA,igcc,2045,2045.0,M1,0.0,0.0,914.3766571800095,sv_2c_cf
R12_RCPA,igcc,2045,2050.0,M1,0.0,0.0,914.3766571800095,sv_2c_cf
R12_RCPA,igcc,2045,2055.0,M1,0.0,0.0,914.3766571800095,sv_2c_cf
R12_RCPA,igcc,2045,2060.0,M1,0.0,0.0,914.3766571800095,sv_2c_cf
R12_RCPA,igcc,2045,2070.0,M1,0.0,0.0,914.3766571800095,sv_2c_cf
R12_RCPA,igcc,2050,2050.0,M1,0.0,0.0,922.2741244702231,sv_2c_cf
R12_RCPA,igcc,2050,2055.0,M1,0.0,0.0,922.2741244702231,sv_2c_cf
R12_RCPA,igcc,2050,2060.0,M1,0.0,0.0,922.2741244702231,sv_2c_cf
R12_RCPA,igcc,2050,2070.0,M1,0.0,0.0,922.2741244702231,sv_2c_cf
R12_RCPA,igcc,2050,2080.0,M1,0.0,0.0,922.2741244702231,sv_2c_cf
R12_RCPA,igcc,2055,2055.0,M1,0.0,0.0,932.2641406289674,sv_2c_cf
R12_RCPA,igcc,2055,2060.0,M1,0.0,0.0,932.2641406289674,sv_2c_cf
R12_RCPA,igcc,2055,2070.0,M1,0.0,0.0,932.2641406289674,sv_2c_cf
R12_RCPA,igcc,2055,2080.0,M1,0.0,0.0,932.2641406289674,sv_2c_cf
R12_RCPA,igcc,2060,2060.0,M1,0.0,0.0,945.5470481370837,sv_2c_cf
R12_RCPA,igcc,2060,2070.0,M1,0.0,0.0,945.5470481370837,sv_2c_cf
R12_RCPA,igcc,2060,2080.0,M1,0.0,0.0,945.5470481370837,sv_2c_cf
R12_RCPA,igcc,2060,2090.0,M1,0.0,0.0,945.5470481370837,sv_2c_cf
R12_RCPA,igcc,2070,2070.0,M1,0.0,0.0,981.75356039642,sv_2c_cf
R12_RCPA,igcc,2070,2080.0,M1,0.0,0.0,981.75356039642,sv_2c_cf
R12_RCPA,igcc,2070,2090.0,M1,0.0,0.0,981.75356039642,sv_2c_cf
R12_RCPA,igcc,2080,2080.0,M1,0.0,0.0,1022.3909491291032,sv_2c_cf
R12_RCPA,igcc,2080,2090.0,M1,0.0,0.0,1022.3909491291032,sv_2c_cf
R12_RCPA,igcc,2080,2100.0,M1,0.0,0.0,1022.3909491291032,sv_2c_cf
R12_RCPA,igcc,2090,2090.0,M1,0.0,0.0,1062.4839513580023,sv_2c_cf
R12_RCPA,igcc,2090,2100.0,M1,0.0,0.0,1062.4839513580023,sv_2c_cf
R12_RCPA,igcc,2090,2110.0,M1,0.0,0.0,1062.4839513580023,sv_2c_cf
R12_RCPA,igcc,2100,2100.0,M1,0.0,0.0,1106.357149623698,sv_2c_cf
R12_RCPA,igcc,2100,2110.0,M1,0.0,0.0,1106.357149623698,sv_2c_cf
R12_RCPA,igcc,2110,2110.0,M1,0.0,0.0,1106.357149623698,sv_2c_cf
R12_RCPA,igcc_ccs,2030,2030.0,M1,0.0,0.0,2816.6615211066774,sv_2c_cf
R12_RCPA,igcc_ccs,2030,2035.0,M1,0.0,0.0,2816.6615211066774,sv_2c_cf
R12_RCPA,igcc_ccs,2030,2040.0,M1,0.0,0.0,2816.6615211066774,sv_2c_cf
R12_RCPA,igcc_ccs,2030,2045.0,M1,0.0,0.0,2816.6615211066774,sv_2c_cf
R12_RCPA,igcc_ccs,2030,2050.0,M1,0.0,0.0,2816.6615211066774,sv_2c_cf
R12_RCPA,igcc_ccs,2030,2055.0,M1,0.0,0.0,2816.6615211066774,sv_2c_cf
R12_RCPA,igcc_ccs,2035,2035.0,M1,0.0,0.0,2757.5128852550606,sv_2c_cf
R12_RCPA,igcc_ccs,2035,2040.0,M1,0.0,0.0,2757.5128852550606,sv_2c_cf
R12_RCPA,igcc_ccs,2035,2045.0,M1,0.0,0.0,2757.5128852550606,sv_2c_cf
R12_RCPA,igcc_ccs,2035,2050.0,M1,0.0,0.0,2757.5128852550606,sv_2c_cf
R12_RCPA,igcc_ccs,2035,2055.0,M1,0.0,0.0,2757.5128852550606,sv_2c_cf
R12_RCPA,igcc_ccs,2035,2060.0,M1,0.0,0.0,2757.5128852550606,sv_2c_cf
R12_RCPA,igcc_ccs,2040,2040.0,M1,0.0,0.0,2709.2169457152145,sv_2c_cf
R12_RCPA,igcc_ccs,2040,2045.0,M1,0.0,0.0,2709.2169457152145,sv_2c_cf
R12_RCPA,igcc_ccs,2040,2050.0,M1,0.0,0.0,2709.2169457152145,sv_2c_cf
R12_RCPA,igcc_ccs,2040,2055.0,M1,0.0,0.0,2709.2169457152145,sv_2c_cf
R12_RCPA,igcc_ccs,2040,2060.0,M1,0.0,0.0,2709.2169457152145,sv_2c_cf
R12_RCPA,igcc_ccs,2040,2070.0,M1,0.0,0.0,2709.2169457152145,sv_2c_cf
R12_RCPA,igcc_ccs,2045,2045.0,M1,0.0,0.0,2672.2619177033307,sv_2c_cf
R12_RCPA,igcc_ccs,2045,2050.0,M1,0.0,0.0,2672.2619177033307,sv_2c_cf
R12_RCPA,igcc_ccs,2045,2055.0,M1,0.0,0.0,2672.2619177033307,sv_2c_cf
R12_RCPA,igcc_ccs,2045,2060.0,M1,0.0,0.0,2672.2619177033307,sv_2c_cf
R12_RCPA,igcc_ccs,2045,2070.0,M1,0.0,0.0,2672.2619177033307,sv_2c_cf
R12_RCPA,igcc_ccs,2050,2050.0,M1,0.0,0.0,2646.792561694774,sv_2c_cf
R12_RCPA,igcc_ccs,2050,2055.0,M1,0.0,0.0,2646.792561694774,sv_2c_cf
R12_RCPA,igcc_ccs,2050,2060.0,M1,0.0,0.0,2646.792561694774,sv_2c_cf
R12_RCPA,igcc_ccs,2050,2070.0,M1,0.0,0.0,2646.792561694774,sv_2c_cf
R12_RCPA,igcc_ccs,2050,2080.0,M1,0.0,0.0,2646.792561694774,sv_2c_cf
R12_RCPA,igcc_ccs,2055,2055.0,M1,0.0,0.0,2632.1702562310224,sv_2c_cf
R12_RCPA,igcc_ccs,2055,2060.0,M1,0.0,0.0,2632.1702562310224,sv_2c_cf
R12_RCPA,igcc_ccs,2055,2070.0,M1,0.0,0.0,2632.1702562310224,sv_2c_cf
R12_RCPA,igcc_ccs,2055,2080.0,M1,0.0,0.0,2632.1702562310224,sv_2c_cf
R12_RCPA,igcc_ccs,2060,2060.0,M1,0.0,0.0,2628.776210242787,sv_2c_cf
R12_RCPA,igcc_ccs,2060,2070.0,M1,0.0,0.0,2628.776210242787,sv_2c_cf
R12_RCPA,igcc_ccs,2060,2080.0,M1,0.0,0.0,2628.776210242787,sv_2c_cf
R12_RCPA,igcc_ccs,2060,2090.0,M1,0.0,0.0,2628.776210242787,sv_2c_cf
R12_RCPA,igcc_ccs,2070,2070.0,M1,0.0,0.0,2650.714091678862,sv_2c_cf
R12_RCPA,igcc_ccs,2070,2080.0,M1,0.0,0.0,2650.714091678862,sv_2c_cf
R12_RCPA,igcc_ccs,2070,2090.0,M1,0.0,0.0,2650.714091678862,sv_2c_cf
R12_RCPA,igcc_ccs,2080,2080.0,M1,0.0,0.0,2692.1910964858107,sv_2c_cf
R12_RCPA,igcc_ccs,2080,2090.0,M1,0.0,0.0,2692.1910964858107,sv_2c_cf
R12_RCPA,igcc_ccs,2080,2100.0,M1,0.0,0.0,2692.1910964858107,sv_2c_cf
R12_RCPA,igcc_ccs,2090,2090.0,M1,0.0,0.0,2740.868600816804,sv_2c_cf
R12_RCPA,igcc_ccs,2090,2100.0,M1,0.0,0.0,2740.868600816804,sv_2c_cf
R12_RCPA,igcc_ccs,2090,2110.0,M1,0.0,0.0,2740.868600816804,sv_2c_cf
R12_RCPA,igcc_ccs,2100,2100.0,M1,0.0,0.0,2800.655586851007,sv_2c_cf
R12_RCPA,igcc_ccs,2100,2110.0,M1,0.0,0.0,2800.655586851007,sv_2c_cf
R12_RCPA,igcc_ccs,2110,2110.0,M1,0.0,0.0,2800.655586851007,sv_2c_cf
R12_SAS,coal_adv,2010,2010.0,M1,0.0,0.0,971.7,sv_2c_cf
R12_SAS,coal_adv,2010,2010.0,M2,0.0,0.0,971.7,sv_2c_cf
R12_SAS,coal_adv,2010,2015.0,M1,0.0,,971.7,sv_2c_cf
R12_SAS,coal_adv,2010,2015.0,M2,0.0,,971.7,sv_2c_cf
R12_SAS,coal_adv,2010,2020.0,M1,0.0,,971.7,sv_2c_cf
R12_SAS,coal_adv,2010,2020.0,M2,0.0,,971.7,sv_2c_cf
R12_SAS,coal_adv,2010,2025.0,M1,0.0,,971.7,sv_2c_cf
R12_SAS,coal_adv,2010,2025.0,M2,0.0,,971.7,sv_2c_cf
R12_SAS,coal_adv,2010,2030.0,M1,0.0,0.0,971.7,sv_2c_cf
R12_SAS,coal_adv,2010,2030.0,M2,0.0,0.0,971.7,sv_2c_cf
R12_SAS,coal_adv,2010,2035.0,M1,0.0,0.0,971.7,sv_2c_cf
R12_SAS,coal_adv,2010,2035.0,M2,0.0,0.0,971.7,sv_2c_cf
R12_SAS,coal_adv,2015,2015.0,M1,0.0,0.0,971.7,sv_2c_cf
R12_SAS,coal_adv,2015,2015.0,M2,0.0,0.0,971.7,sv_2c_cf
R12_SAS,coal_adv,2015,2020.0,M1,0.0,,971.7,sv_2c_cf
R12_SAS,coal_adv,2015,2020.0,M2,0.0,,971.7,sv_2c_cf
R12_SAS,coal_adv,2015,2025.0,M1,0.0,,971.7,sv_2c_cf
R12_SAS,coal_adv,2015,2025.0,M2,0.0,,971.7,sv_2c_cf
R12_SAS,coal_adv,2015,2030.0,M1,22.253875,30.695,971.7,sv_2c_cf
R12_SAS,coal_adv,2015,2030.0,M2,0.0,30.695,971.7,sv_2c_cf
R12_SAS,coal_adv,2015,2035.0,M1,24.1723125,30.695,971.7,sv_2c_cf
R12_SAS,coal_adv,2015,2035.0,M2,0.0,30.695,971.7,sv_2c_cf
R12_SAS,coal_adv,2015,2040.0,M1,18.225290159639226,21.44151783486968,971.7,sv_2c_cf
R12_SAS,coal_adv,2015,2040.0,M2,0.0,21.44151783486968,971.7,sv_2c_cf
R12_SAS,coal_adv,2020,2020.0,M1,0.0,0.0,972.0,sv_2c_cf
R12_SAS,coal_adv,2020,2020.0,M2,0.0,0.0,972.0,sv_2c_cf
R12_SAS,coal_adv,2020,2025.0,M1,0.0,,972.0,sv_2c_cf
R12_SAS,coal_adv,2020,2025.0,M2,0.0,,972.0,sv_2c_cf
R12_SAS,coal_adv,2020,2030.0,M1,23.493625,32.405,972.0,sv_2c_cf
R12_SAS,coal_adv,2020,2030.0,M2,0.0,32.405,972.0,sv_2c_cf
R12_SAS,coal_adv,2020,2035.0,M1,25.5189375,32.405,972.0,sv_2c_cf
R12_SAS,coal_adv,2020,2035.0,M2,0.0,32.405,972.0,sv_2c_cf
R12_SAS,coal_adv,2020,2040.0,M1,27.54425,32.405,972.0,sv_2c_cf
R12_SAS,coal_adv,2020,2040.0,M2,0.0,32.405,972.0,sv_2c_cf
R12_SAS,coal_adv,2020,2045.0,M1,10.918647672275215,12.845467849735547,972.0,sv_2c_cf
R12_SAS,coal_adv,2020,2045.0,M2,0.0,12.845467849735547,972.0,sv_2c_cf
R12_SAS,coal_adv,2025,2025.0,M1,0.0,0.0,972.0,sv_2c_cf
R12_SAS,coal_adv,2025,2025.0,M2,0.0,0.0,972.0,sv_2c_cf
R12_SAS,coal_adv,2025,2030.0,M1,2.7860456029834606,3.8428215213564973,972.0,sv_2c_cf
R12_SAS,coal_adv,2025,2030.0,M2,0.0,3.8428215213564973,972.0,sv_2c_cf
R12_SAS,coal_adv,2025,2035.0,M1,3.0262219480682417,3.8428215213564973,972.0,sv_2c_cf
R12_SAS,coal_adv,2025,2035.0,M2,0.0,3.8428215213564973,972.0,sv_2c_cf
R12_SAS,coal_adv,2025,2040.0,M1,3.266398293153023,3.8428215213564973,972.0,sv_2c_cf
R12_SAS,coal_adv,2025,2040.0,M2,0.0,3.8428215213564973,972.0,sv_2c_cf
R12_SAS,coal_adv,2025,2045.0,M1,3.266398293153023,3.8428215213564973,972.0,sv_2c_cf
R12_SAS,coal_adv,2025,2045.0,M2,0.0,3.8428215213564973,972.0,sv_2c_cf
R12_SAS,coal_adv,2025,2050.0,M1,0.0,0.0,972.0,sv_2c_cf
R12_SAS,coal_adv,2025,2050.0,M2,0.0,0.0,972.0,sv_2c_cf
R12_SAS,coal_adv,2030,2030.0,M1,0.0,0.0,928.7779233066823,sv_2c_cf
R12_SAS,coal_adv,2030,2030.0,M2,0.0,0.0,928.7779233066823,sv_2c_cf
R12_SAS,coal_adv,2030,2035.0,M1,0.0,0.0,928.7779233066823,sv_2c_cf
R12_SAS,coal_adv,2030,2035.0,M2,0.0,0.0,928.7779233066823,sv_2c_cf
R12_SAS,coal_adv,2030,2040.0,M1,0.0,0.0,928.7779233066823,sv_2c_cf
R12_SAS,coal_adv,2030,2040.0,M2,0.0,0.0,928.7779233066823,sv_2c_cf
R12_SAS,coal_adv,2030,2045.0,M1,0.0,0.0,928.7779233066823,sv_2c_cf
R12_SAS,coal_adv,2030,2045.0,M2,0.0,0.0,928.7779233066823,sv_2c_cf
R12_SAS,coal_adv,2030,2050.0,M1,0.0,0.0,928.7779233066823,sv_2c_cf
R12_SAS,coal_adv,2030,2050.0,M2,0.0,0.0,928.7779233066823,sv_2c_cf
R12_SAS,coal_adv,2030,2055.0,M1,0.0,0.0,928.7779233066823,sv_2c_cf
R12_SAS,coal_adv,2030,2055.0,M2,0.0,0.0,928.7779233066823,sv_2c_cf
R12_SAS,coal_adv,2035,2035.0,M1,0.0,0.0,895.6782803484638,sv_2c_cf
R12_SAS,coal_adv,2035,2035.0,M2,0.0,0.0,895.6782803484638,sv_2c_cf
R12_SAS,coal_adv,2035,2040.0,M1,0.0,0.0,895.6782803484638,sv_2c_cf
R12_SAS,coal_adv,2035,2040.0,M2,0.0,0.0,895.6782803484638,sv_2c_cf
R12_SAS,coal_adv,2035,2045.0,M1,0.0,0.0,895.6782803484638,sv_2c_cf
R12_SAS,coal_adv,2035,2045.0,M2,0.0,0.0,895.6782803484638,sv_2c_cf
R12_SAS,coal_adv,2035,2050.0,M1,0.0,0.0,895.6782803484638,sv_2c_cf
R12_SAS,coal_adv,2035,2050.0,M2,0.0,0.0,895.6782803484638,sv_2c_cf
R12_SAS,coal_adv,2035,2055.0,M1,0.0,0.0,895.6782803484638,sv_2c_cf
R12_SAS,coal_adv,2035,2055.0,M2,0.0,0.0,895.6782803484638,sv_2c_cf
R12_SAS,coal_adv,2035,2060.0,M1,0.0,0.0,895.6782803484638,sv_2c_cf
R12_SAS,coal_adv,2035,2060.0,M2,0.0,0.0,895.6782803484638,sv_2c_cf
R12_SAS,coal_adv,2040,2040.0,M1,0.0,0.0,871.2207837031722,sv_2c_cf
R12_SAS,coal_adv,2040,2040.0,M2,0.0,0.0,871.2207837031722,sv_2c_cf
R12_SAS,coal_adv,2040,2045.0,M1,0.0,0.0,871.2207837031722,sv_2c_cf
R12_SAS,coal_adv,2040,2045.0,M2,0.0,0.0,871.2207837031722,sv_2c_cf
R12_SAS,coal_adv,2040,2050.0,M1,0.0,0.0,871.2207837031722,sv_2c_cf
R12_SAS,coal_adv,2040,2050.0,M2,0.0,0.0,871.2207837031722,sv_2c_cf
R12_SAS,coal_adv,2040,2055.0,M1,0.0,0.0,871.2207837031722,sv_2c_cf
R12_SAS,coal_adv,2040,2055.0,M2,0.0,0.0,871.2207837031722,sv_2c_cf
R12_SAS,coal_adv,2040,2060.0,M1,0.0,0.0,871.2207837031722,sv_2c_cf
R12_SAS,coal_adv,2040,2060.0,M2,0.0,0.0,871.2207837031722,sv_2c_cf
R12_SAS,coal_adv,2040,2070.0,M1,0.0,0.0,871.2207837031722,sv_2c_cf
R12_SAS,coal_adv,2040,2070.0,M2,0.0,0.0,871.2207837031722,sv_2c_cf
R12_SAS,coal_adv,2045,2045.0,M1,0.0,0.0,854.1559845156058,sv_2c_cf
R12_SAS,coal_adv,2045,2045.0,M2,0.0,0.0,854.1559845156058,sv_2c_cf
R12_SAS,coal_adv,2045,2050.0,M1,0.0,0.0,854.1559845156058,sv_2c_cf
R12_SAS,coal_adv,2045,2050.0,M2,0.0,0.0,854.1559845156058,sv_2c_cf
R12_SAS,coal_adv,2045,2055.0,M1,0.0,0.0,854.1559845156058,sv_2c_cf
R12_SAS,coal_adv,2045,2055.0,M2,0.0,0.0,854.1559845156058,sv_2c_cf
R12_SAS,coal_adv,2045,2060.0,M1,0.0,0.0,854.1559845156058,sv_2c_cf
R12_SAS,coal_adv,2045,2060.0,M2,0.0,0.0,854.1559845156058,sv_2c_cf
R12_SAS,coal_adv,2045,2070.0,M1,0.0,0.0,854.1559845156058,sv_2c_cf
R12_SAS,coal_adv,2045,2070.0,M2,0.0,0.0,854.1559845156058,sv_2c_cf
R12_SAS,coal_adv,2050,2050.0,M1,0.0,0.0,843.4729226743771,sv_2c_cf
R12_SAS,coal_adv,2050,2050.0,M2,0.0,0.0,843.4729226743771,sv_2c_cf
R12_SAS,coal_adv,2050,2055.0,M1,0.0,0.0,843.4729226743771,sv_2c_cf
R12_SAS,coal_adv,2050,2055.0,M2,0.0,0.0,843.4729226743771,sv_2c_cf
R12_SAS,coal_adv,2050,2060.0,M1,0.0,0.0,843.4729226743771,sv_2c_cf
R12_SAS,coal_adv,2050,2060.0,M2,0.0,0.0,843.4729226743771,sv_2c_cf
R12_SAS,coal_adv,2050,2070.0,M1,0.0,0.0,843.4729226743771,sv_2c_cf
R12_SAS,coal_adv,2050,2070.0,M2,0.0,0.0,843.4729226743771,sv_2c_cf
R12_SAS,coal_adv,2050,2080.0,M1,0.0,0.0,843.4729226743771,sv_2c_cf
R12_SAS,coal_adv,2050,2080.0,M2,0.0,0.0,843.4729226743771,sv_2c_cf
R12_SAS,coal_adv,2055,2055.0,M1,0.0,0.0,837.8311260983737,sv_2c_cf
R12_SAS,coal_adv,2055,2055.0,M2,0.0,0.0,837.8311260983737,sv_2c_cf
R12_SAS,coal_adv,2055,2060.0,M1,0.0,0.0,837.8311260983737,sv_2c_cf
R12_SAS,coal_adv,2055,2060.0,M2,0.0,0.0,837.8311260983737,sv_2c_cf
R12_SAS,coal_adv,2055,2070.0,M1,0.0,0.0,837.8311260983737,sv_2c_cf
R12_SAS,coal_adv,2055,2070.0,M2,0.0,0.0,837.8311260983737,sv_2c_cf
R12_SAS,coal_adv,2055,2080.0,M1,0.0,0.0,837.8311260983737,sv_2c_cf
R12_SAS,coal_adv,2055,2080.0,M2,0.0,0.0,837.8311260983737,sv_2c_cf
R12_SAS,coal_adv,2060,2060.0,M1,0.0,0.0,836.5083071455362,sv_2c_cf
R12_SAS,coal_adv,2060,2060.0,M2,0.0,0.0,836.5083071455362,sv_2c_cf
R12_SAS,coal_adv,2060,2070.0,M1,0.0,0.0,836.5083071455362,sv_2c_cf
R12_SAS,coal_adv,2060,2070.0,M2,0.0,0.0,836.5083071455362,sv_2c_cf
R12_SAS,coal_adv,2060,2080.0,M1,0.0,0.0,836.5083071455362,sv_2c_cf
R12_SAS,coal_adv,2060,2080.0,M2,0.0,0.0,836.5083071455362,sv_2c_cf
R12_SAS,coal_adv,2060,2090.0,M1,0.0,0.0,836.5083071455362,sv_2c_cf
R12_SAS,coal_adv,2060,2090.0,M2,0.0,0.0,836.5083071455362,sv_2c_cf
R12_SAS,coal_adv,2070,2070.0,M1,0.0,0.0,844.0276148662879,sv_2c_cf
R12_SAS,coal_adv,2070,2070.0,M2,0.0,0.0,844.0276148662879,sv_2c_cf
R12_SAS,coal_adv,2070,2080.0,M1,0.0,0.0,844.0276148662879,sv_2c_cf
R12_SAS,coal_adv,2070,2080.0,M2,0.0,0.0,844.0276148662879,sv_2c_cf
R12_SAS,coal_adv,2070,2090.0,M1,0.0,0.0,844.0276148662879,sv_2c_cf
R12_SAS,coal_adv,2070,2090.0,M2,0.0,0.0,844.0276148662879,sv_2c_cf
R12_SAS,coal_adv,2080,2080.0,M1,0.0,0.0,861.096647749148,sv_2c_cf
R12_SAS,coal_adv,2080,2080.0,M2,0.0,0.0,861.096647749148,sv_2c_cf
R12_SAS,coal_adv,2080,2090.0,M1,0.0,0.0,861.096647749148,sv_2c_cf
R12_SAS,coal_adv,2080,2090.0,M2,0.0,0.0,861.096647749148,sv_2c_cf
R12_SAS,coal_adv,2080,2100.0,M1,0.0,0.0,861.096647749148,sv_2c_cf
R12_SAS,coal_adv,2080,2100.0,M2,0.0,0.0,861.096647749148,sv_2c_cf
R12_SAS,coal_adv,2090,2090.0,M1,0.0,0.0,882.0184530273325,sv_2c_cf
R12_SAS,coal_adv,2090,2090.0,M2,0.0,0.0,882.0184530273325,sv_2c_cf
R12_SAS,coal_adv,2090,2100.0,M1,0.0,0.0,882.0184530273325,sv_2c_cf
R12_SAS,coal_adv,2090,2100.0,M2,0.0,0.0,882.0184530273325,sv_2c_cf
R12_SAS,coal_adv,2090,2110.0,M1,0.0,0.0,882.0184530273325,sv_2c_cf
R12_SAS,coal_adv,2090,2110.0,M2,0.0,0.0,882.0184530273325,sv_2c_cf
R12_SAS,coal_adv,2100,2100.0,M1,0.0,0.0,905.1798031988864,sv_2c_cf
R12_SAS,coal_adv,2100,2100.0,M2,0.0,0.0,905.1798031988864,sv_2c_cf
R12_SAS,coal_adv,2100,2110.0,M1,0.0,0.0,905.1798031988864,sv_2c_cf
R12_SAS,coal_adv,2100,2110.0,M2,0.0,0.0,905.1798031988864,sv_2c_cf
R12_SAS,coal_adv,2110,2110.0,M1,0.0,0.0,905.1798031988864,sv_2c_cf
R12_SAS,coal_adv,2110,2110.0,M2,0.0,0.0,905.1798031988864,sv_2c_cf
R12_SAS,coal_adv_ccs,2030,2030.0,M1,0.0,0.0,2996.365158729801,sv_2c_cf
R12_SAS,coal_adv_ccs,2030,2035.0,M1,0.0,0.0,2996.365158729801,sv_2c_cf
R12_SAS,coal_adv_ccs,2030,2040.0,M1,0.0,0.0,2996.365158729801,sv_2c_cf
R12_SAS,coal_adv_ccs,2030,2045.0,M1,0.0,0.0,2996.365158729801,sv_2c_cf
R12_SAS,coal_adv_ccs,2030,2050.0,M1,0.0,0.0,2996.365158729801,sv_2c_cf
R12_SAS,coal_adv_ccs,2030,2055.0,M1,0.0,0.0,2996.365158729801,sv_2c_cf
R12_SAS,coal_adv_ccs,2035,2035.0,M1,0.0,0.0,2869.0014271161103,sv_2c_cf
R12_SAS,coal_adv_ccs,2035,2040.0,M1,0.0,0.0,2869.0014271161103,sv_2c_cf
R12_SAS,coal_adv_ccs,2035,2045.0,M1,0.0,0.0,2869.0014271161103,sv_2c_cf
R12_SAS,coal_adv_ccs,2035,2050.0,M1,0.0,0.0,2869.0014271161103,sv_2c_cf
R12_SAS,coal_adv_ccs,2035,2055.0,M1,0.0,0.0,2869.0014271161103,sv_2c_cf
R12_SAS,coal_adv_ccs,2035,2060.0,M1,0.0,0.0,2869.0014271161103,sv_2c_cf
R12_SAS,coal_adv_ccs,2040,2040.0,M1,0.0,0.0,2770.892021452121,sv_2c_cf
R12_SAS,coal_adv_ccs,2040,2045.0,M1,0.0,0.0,2770.892021452121,sv_2c_cf
R12_SAS,coal_adv_ccs,2040,2050.0,M1,0.0,0.0,2770.892021452121,sv_2c_cf
R12_SAS,coal_adv_ccs,2040,2055.0,M1,0.0,0.0,2770.892021452121,sv_2c_cf
R12_SAS,coal_adv_ccs,2040,2060.0,M1,0.0,0.0,2770.892021452121,sv_2c_cf
R12_SAS,coal_adv_ccs,2040,2070.0,M1,0.0,0.0,2770.892021452121,sv_2c_cf
R12_SAS,coal_adv_ccs,2045,2045.0,M1,0.0,0.0,2697.0984278457145,sv_2c_cf
R12_SAS,coal_adv_ccs,2045,2050.0,M1,0.0,0.0,2697.0984278457145,sv_2c_cf
R12_SAS,coal_adv_ccs,2045,2055.0,M1,0.0,0.0,2697.0984278457145,sv_2c_cf
R12_SAS,coal_adv_ccs,2045,2060.0,M1,0.0,0.0,2697.0984278457145,sv_2c_cf
R12_SAS,coal_adv_ccs,2045,2070.0,M1,0.0,0.0,2697.0984278457145,sv_2c_cf
R12_SAS,coal_adv_ccs,2050,2050.0,M1,0.0,0.0,2643.646782283307,sv_2c_cf
R12_SAS,coal_adv_ccs,2050,2055.0,M1,0.0,0.0,2643.646782283307,sv_2c_cf
R12_SAS,coal_adv_ccs,2050,2060.0,M1,0.0,0.0,2643.646782283307,sv_2c_cf
R12_SAS,coal_adv_ccs,2050,2070.0,M1,0.0,0.0,2643.646782283307,sv_2c_cf
R12_SAS,coal_adv_ccs,2050,2080.0,M1,0.0,0.0,2643.646782283307,sv_2c_cf
R12_SAS,coal_adv_ccs,2055,2055.0,M1,0.0,0.0,2606.3524487971167,sv_2c_cf
R12_SAS,coal_adv_ccs,2055,2060.0,M1,0.0,0.0,2606.3524487971167,sv_2c_cf
R12_SAS,coal_adv_ccs,2055,2070.0,M1,0.0,0.0,2606.3524487971167,sv_2c_cf
R12_SAS,coal_adv_ccs,2055,2080.0,M1,0.0,0.0,2606.3524487971167,sv_2c_cf
R12_SAS,coal_adv_ccs,2060,2060.0,M1,0.0,0.0,2582.528027056636,sv_2c_cf
R12_SAS,coal_adv_ccs,2060,2070.0,M1,0.0,0.0,2582.528027056636,sv_2c_cf
R12_SAS,coal_adv_ccs,2060,2080.0,M1,0.0,0.0,2582.528027056636,sv_2c_cf
R12_SAS,coal_adv_ccs,2060,2090.0,M1,0.0,0.0,2582.528027056636,sv_2c_cf
R12_SAS,coal_adv_ccs,2070,2070.0,M1,0.0,0.0,2565.989421609128,sv_2c_cf
R12_SAS,coal_adv_ccs,2070,2080.0,M1,0.0,0.0,2565.989421609128,sv_2c_cf
R12_SAS,coal_adv_ccs,2070,2090.0,M1,0.0,0.0,2565.989421609128,sv_2c_cf
R12_SAS,coal_adv_ccs,2080,2080.0,M1,0.0,0.0,2578.5272520041044,sv_2c_cf
R12_SAS,coal_adv_ccs,2080,2090.0,M1,0.0,0.0,2578.5272520041044,sv_2c_cf
R12_SAS,coal_adv_ccs,2080,2100.0,M1,0.0,0.0,2578.5272520041044,sv_2c_cf
R12_SAS,coal_adv_ccs,2090,2090.0,M1,0.0,0.0,2605.4173023861435,sv_2c_cf
R12_SAS,coal_adv_ccs,2090,2100.0,M1,0.0,0.0,2605.4173023861435,sv_2c_cf
R12_SAS,coal_adv_ccs,2090,2110.0,M1,0.0,0.0,2605.4173023861435,sv_2c_cf
R12_SAS,coal_adv_ccs,2100,2100.0,M1,0.0,0.0,2641.0721162618156,sv_2c_cf
R12_SAS,coal_adv_ccs,2100,2110.0,M1,0.0,0.0,2641.0721162618156,sv_2c_cf
R12_SAS,coal_adv_ccs,2110,2110.0,M1,0.0,0.0,2641.0721162618156,sv_2c_cf
R12_SAS,coal_ppl,1985,1985.0,M1,0.0,0.0,809.75,sv_2c_cf
R12_SAS,coal_ppl,1985,1990.0,M1,0.0,,809.75,sv_2c_cf
R12_SAS,coal_ppl,1985,1995.0,M1,0.0,,809.75,sv_2c_cf
R12_SAS,coal_ppl,1985,2000.0,M1,0.0,,809.75,sv_2c_cf
R12_SAS,coal_ppl,1985,2005.0,M1,0.0,,809.75,sv_2c_cf
R12_SAS,coal_ppl,1985,2010.0,M1,0.0,,809.75,sv_2c_cf
R12_SAS,coal_ppl,1985,2015.0,M1,0.0,,809.75,sv_2c_cf
R12_SAS,coal_ppl,1985,2020.0,M1,0.0,,809.75,sv_2c_cf
R12_SAS,coal_ppl,1985,2025.0,M1,0.0,,809.75,sv_2c_cf
R12_SAS,coal_ppl,1990,1990.0,M1,0.0,0.0,809.75,sv_2c_cf
R12_SAS,coal_ppl,1990,1995.0,M1,0.0,,809.75,sv_2c_cf
R12_SAS,coal_ppl,1990,2000.0,M1,0.0,,809.75,sv_2c_cf
R12_SAS,coal_ppl,1990,2005.0,M1,0.0,,809.75,sv_2c_cf
R12_SAS,coal_ppl,1990,2010.0,M1,0.0,,809.75,sv_2c_cf
R12_SAS,coal_ppl,1990,2015.0,M1,0.0,,809.75,sv_2c_cf
R12_SAS,coal_ppl,1990,2020.0,M1,0.0,,809.75,sv_2c_cf
R12_SAS,coal_ppl,1990,2025.0,M1,0.0,,809.75,sv_2c_cf
R12_SAS,coal_ppl,1995,1995.0,M1,0.0,0.0,809.75,sv_2c_cf
R12_SAS,coal_ppl,1995,2000.0,M1,0.0,,809.75,sv_2c_cf
R12_SAS,coal_ppl,1995,2005.0,M1,0.0,,809.75,sv_2c_cf
R12_SAS,coal_ppl,1995,2010.0,M1,0.0,,809.75,sv_2c_cf
R12_SAS,coal_ppl,1995,2015.0,M1,0.0,,809.75,sv_2c_cf
R12_SAS,coal_ppl,1995,2020.0,M1,0.0,,809.75,sv_2c_cf
R12_SAS,coal_ppl,1995,2025.0,M1,0.0,,809.75,sv_2c_cf
R12_SAS,coal_ppl,1995,2030.0,M1,0.0,0.0,809.75,sv_2c_cf
R12_SAS,coal_ppl,2000,2000.0,M1,0.0,0.0,809.75,sv_2c_cf
R12_SAS,coal_ppl,2000,2005.0,M1,0.0,,809.75,sv_2c_cf
R12_SAS,coal_ppl,2000,2010.0,M1,0.0,,809.75,sv_2c_cf
R12_SAS,coal_ppl,2000,2015.0,M1,0.0,,809.75,sv_2c_cf
R12_SAS,coal_ppl,2000,2020.0,M1,0.0,,809.75,sv_2c_cf
R12_SAS,coal_ppl,2000,2025.0,M1,0.0,,809.75,sv_2c_cf
R12_SAS,coal_ppl,2000,2030.0,M1,0.0,0.5,809.75,sv_2c_cf
R12_SAS,coal_ppl,2005,2005.0,M1,0.0,0.0,809.75,sv_2c_cf
R12_SAS,coal_ppl,2005,2010.0,M1,0.0,,809.75,sv_2c_cf
R12_SAS,coal_ppl,2005,2015.0,M1,0.0,,809.75,sv_2c_cf
R12_SAS,coal_ppl,2005,2020.0,M1,0.0,,809.75,sv_2c_cf
R12_SAS,coal_ppl,2005,2025.0,M1,0.0,,809.75,sv_2c_cf
R12_SAS,coal_ppl,2005,2030.0,M1,0.0,0.0,809.75,sv_2c_cf
R12_SAS,coal_ppl,2005,2035.0,M1,0.0,0.0,809.75,sv_2c_cf
R12_SAS,coal_ppl,2010,2010.0,M1,0.0,0.0,809.75,sv_2c_cf
R12_SAS,coal_ppl,2010,2010.0,M2,0.0,0.0,809.75,sv_2c_cf
R12_SAS,coal_ppl,2010,2015.0,M1,0.0,,809.75,sv_2c_cf
R12_SAS,coal_ppl,2010,2015.0,M2,0.0,,809.75,sv_2c_cf
R12_SAS,coal_ppl,2010,2020.0,M1,0.0,,809.75,sv_2c_cf
R12_SAS,coal_ppl,2010,2020.0,M2,0.0,,809.75,sv_2c_cf
R12_SAS,coal_ppl,2010,2025.0,M1,0.0,,809.75,sv_2c_cf
R12_SAS,coal_ppl,2010,2025.0,M2,0.0,,809.75,sv_2c_cf
R12_SAS,coal_ppl,2010,2030.0,M1,0.0,1.4680000000000002,809.75,sv_2c_cf
R12_SAS,coal_ppl,2010,2030.0,M2,1.0643,1.4680000000000002,809.75,sv_2c_cf
R12_SAS,coal_ppl,2010,2035.0,M1,0.0,1.4680000000000002,809.75,sv_2c_cf
R12_SAS,coal_ppl,2010,2035.0,M2,1.15605,1.4680000000000002,809.75,sv_2c_cf
R12_SAS,coal_ppl,2015,2015.0,M1,0.0,0.0,809.75,sv_2c_cf
R12_SAS,coal_ppl,2015,2015.0,M2,0.0,0.0,809.75,sv_2c_cf
R12_SAS,coal_ppl,2015,2020.0,M1,0.0,,809.75,sv_2c_cf
R12_SAS,coal_ppl,2015,2020.0,M2,0.0,,809.75,sv_2c_cf
R12_SAS,coal_ppl,2015,2025.0,M1,0.0,,809.75,sv_2c_cf
R12_SAS,coal_ppl,2015,2025.0,M2,0.0,,809.75,sv_2c_cf
R12_SAS,coal_ppl,2015,2030.0,M1,1.2292925304,2.8500000000000005,809.75,sv_2c_cf
R12_SAS,coal_ppl,2015,2030.0,M2,0.8369574696000002,2.8500000000000005,809.75,sv_2c_cf
R12_SAS,coal_ppl,2015,2035.0,M1,0.0,2.8500000000000005,809.75,sv_2c_cf
R12_SAS,coal_ppl,2015,2035.0,M2,2.2443750000000002,2.8500000000000005,809.75,sv_2c_cf
R12_SAS,coal_ppl,2015,2040.0,M1,0.0,2.8500000000000005,809.75,sv_2c_cf
R12_SAS,coal_ppl,2015,2040.0,M2,2.4225000000000003,2.8500000000000005,809.75,sv_2c_cf
R12_SAS,coal_ppl,2020,2020.0,M1,0.0,0.0,810.0,sv_2c_cf
R12_SAS,coal_ppl,2020,2020.0,M2,0.0,0.0,810.0,sv_2c_cf
R12_SAS,coal_ppl,2020,2025.0,M1,0.0,,810.0,sv_2c_cf
R12_SAS,coal_ppl,2020,2025.0,M2,0.0,,810.0,sv_2c_cf
R12_SAS,coal_ppl,2020,2030.0,M1,2.42875,3.35,810.0,sv_2c_cf
R12_SAS,coal_ppl,2020,2030.0,M2,0.0,3.35,810.0,sv_2c_cf
R12_SAS,coal_ppl,2020,2035.0,M1,0.0,3.35,810.0,sv_2c_cf
R12_SAS,coal_ppl,2020,2035.0,M2,2.638125,3.35,810.0,sv_2c_cf
R12_SAS,coal_ppl,2020,2040.0,M1,0.0,3.35,810.0,sv_2c_cf
R12_SAS,coal_ppl,2020,2040.0,M2,2.8475,3.35,810.0,sv_2c_cf
R12_SAS,coal_ppl,2020,2045.0,M1,0.0,3.35,810.0,sv_2c_cf
R12_SAS,coal_ppl,2020,2045.0,M2,2.8475,3.35,810.0,sv_2c_cf
R12_SAS,coal_ppl,2025,2025.0,M1,0.0,0.0,810.0,sv_2c_cf
R12_SAS,coal_ppl,2025,2025.0,M2,0.0,0.0,810.0,sv_2c_cf
R12_SAS,coal_ppl,2025,2030.0,M1,9.803409955432132,13.521944766113286,810.0,sv_2c_cf
R12_SAS,coal_ppl,2025,2030.0,M2,0.0,13.521944766113286,810.0,sv_2c_cf
R12_SAS,coal_ppl,2025,2035.0,M1,9.054429355338074,13.521944766113286,810.0,sv_2c_cf
R12_SAS,coal_ppl,2025,2035.0,M2,1.594102147976138,13.521944766113286,810.0,sv_2c_cf
R12_SAS,coal_ppl,2025,2040.0,M1,3.413269389760742,13.521944766113286,810.0,sv_2c_cf
R12_SAS,coal_ppl,2025,2040.0,M2,8.080383661435551,13.521944766113286,810.0,sv_2c_cf
R12_SAS,coal_ppl,2025,2045.0,M1,1.9597693897607407,13.521944766113286,810.0,sv_2c_cf
R12_SAS,coal_ppl,2025,2045.0,M2,9.533883661435553,13.521944766113286,810.0,sv_2c_cf
R12_SAS,coal_ppl,2025,2050.0,M1,0.25126938976074165,13.521944766113286,810.0,sv_2c_cf
R12_SAS,coal_ppl,2025,2050.0,M2,11.242383661435552,13.521944766113286,810.0,sv_2c_cf
R12_SAS,coal_ppl,2030,2030.0,M1,7.990909955432132,11.021944766113286,795.4744120356828,sv_2c_cf
R12_SAS,coal_ppl,2030,2030.0,M2,0.0,11.021944766113286,795.4744120356828,sv_2c_cf
R12_SAS,coal_ppl,2030,2035.0,M1,8.679781503314212,11.021944766113286,795.4744120356828,sv_2c_cf
R12_SAS,coal_ppl,2030,2035.0,M2,0.0,11.021944766113286,795.4744120356828,sv_2c_cf
R12_SAS,coal_ppl,2030,2040.0,M1,9.368653051196294,11.021944766113286,795.4744120356828,sv_2c_cf
R12_SAS,coal_ppl,2030,2040.0,M2,0.0,11.021944766113286,795.4744120356828,sv_2c_cf
R12_SAS,coal_ppl,2030,2045.0,M1,9.368653051196294,11.021944766113286,795.4744120356828,sv_2c_cf
R12_SAS,coal_ppl,2030,2045.0,M2,0.0,11.021944766113286,795.4744120356828,sv_2c_cf
R12_SAS,coal_ppl,2030,2050.0,M1,9.368653051196294,11.021944766113286,795.4744120356828,sv_2c_cf
R12_SAS,coal_ppl,2030,2050.0,M2,0.0,11.021944766113286,795.4744120356828,sv_2c_cf
R12_SAS,coal_ppl,2030,2055.0,M1,2.7237306102392584,11.021944766113286,795.4744120356828,sv_2c_cf
R12_SAS,coal_ppl,2030,2055.0,M2,6.644922440957035,11.021944766113286,795.4744120356828,sv_2c_cf
R12_SAS,coal_ppl,2035,2035.0,M1,6.711031503314213,8.521944766113286,785.1096119867111,sv_2c_cf
R12_SAS,coal_ppl,2035,2035.0,M2,0.0,8.521944766113286,785.1096119867111,sv_2c_cf
R12_SAS,coal_ppl,2035,2040.0,M1,7.243653051196293,8.521944766113286,785.1096119867111,sv_2c_cf
R12_SAS,coal_ppl,2035,2040.0,M2,0.0,8.521944766113286,785.1096119867111,sv_2c_cf
R12_SAS,coal_ppl,2035,2045.0,M1,7.243653051196293,8.521944766113286,785.1096119867111,sv_2c_cf
R12_SAS,coal_ppl,2035,2045.0,M2,0.0,8.521944766113286,785.1096119867111,sv_2c_cf
R12_SAS,coal_ppl,2035,2050.0,M1,7.243653051196293,8.521944766113286,785.1096119867111,sv_2c_cf
R12_SAS,coal_ppl,2035,2050.0,M2,0.0,8.521944766113286,785.1096119867111,sv_2c_cf
R12_SAS,coal_ppl,2035,2055.0,M1,7.243653051196293,8.521944766113286,785.1096119867111,sv_2c_cf
R12_SAS,coal_ppl,2035,2055.0,M2,0.0,8.521944766113286,785.1096119867111,sv_2c_cf
R12_SAS,coal_ppl,2035,2060.0,M1,0.0,8.521944766113286,785.1096119867111,sv_2c_cf
R12_SAS,coal_ppl,2035,2060.0,M2,0.0,8.521944766113286,785.1096119867111,sv_2c_cf
R12_SAS,coal_ppl,2040,2040.0,M1,0.0,0.0,778.6096896181391,sv_2c_cf
R12_SAS,coal_ppl,2040,2040.0,M2,0.0,0.0,778.6096896181391,sv_2c_cf
R12_SAS,coal_ppl,2040,2045.0,M1,0.0,0.0,778.6096896181391,sv_2c_cf
R12_SAS,coal_ppl,2040,2045.0,M2,0.0,0.0,778.6096896181391,sv_2c_cf
R12_SAS,coal_ppl,2040,2050.0,M1,0.0,0.0,778.6096896181391,sv_2c_cf
R12_SAS,coal_ppl,2040,2050.0,M2,0.0,0.0,778.6096896181391,sv_2c_cf
R12_SAS,coal_ppl,2040,2055.0,M1,0.0,0.0,778.6096896181391,sv_2c_cf
R12_SAS,coal_ppl,2040,2055.0,M2,0.0,0.0,778.6096896181391,sv_2c_cf
R12_SAS,coal_ppl,2040,2060.0,M1,0.0,0.0,778.6096896181391,sv_2c_cf
R12_SAS,coal_ppl,2040,2060.0,M2,0.0,0.0,778.6096896181391,sv_2c_cf
R12_SAS,coal_ppl,2040,2070.0,M1,0.0,0.0,778.6096896181391,sv_2c_cf
R12_SAS,coal_ppl,2040,2070.0,M2,0.0,0.0,778.6096896181391,sv_2c_cf
R12_SAS,coal_ppl,2045,2045.0,M1,0.0,0.0,775.6987305686305,sv_2c_cf
R12_SAS,coal_ppl,2045,2045.0,M2,0.0,0.0,775.6987305686305,sv_2c_cf
R12_SAS,coal_ppl,2045,2050.0,M1,0.0,0.0,775.6987305686305,sv_2c_cf
R12_SAS,coal_ppl,2045,2050.0,M2,0.0,0.0,775.6987305686305,sv_2c_cf
R12_SAS,coal_ppl,2045,2055.0,M1,0.0,0.0,775.6987305686305,sv_2c_cf
R12_SAS,coal_ppl,2045,2055.0,M2,0.0,0.0,775.6987305686305,sv_2c_cf
R12_SAS,coal_ppl,2045,2060.0,M1,0.0,0.0,775.6987305686305,sv_2c_cf
R12_SAS,coal_ppl,2045,2060.0,M2,0.0,0.0,775.6987305686305,sv_2c_cf
R12_SAS,coal_ppl,2045,2070.0,M1,0.0,0.0,775.6987305686305,sv_2c_cf
R12_SAS,coal_ppl,2045,2070.0,M2,0.0,0.0,775.6987305686305,sv_2c_cf
R12_SAS,coal_ppl,2050,2050.0,M1,0.0,0.0,776.1561423444731,sv_2c_cf
R12_SAS,coal_ppl,2050,2050.0,M2,0.0,0.0,776.1561423444731,sv_2c_cf
R12_SAS,coal_ppl,2050,2055.0,M1,0.0,0.0,776.1561423444731,sv_2c_cf
R12_SAS,coal_ppl,2050,2055.0,M2,0.0,0.0,776.1561423444731,sv_2c_cf
R12_SAS,coal_ppl,2050,2060.0,M1,0.0,0.0,776.1561423444731,sv_2c_cf
R12_SAS,coal_ppl,2050,2060.0,M2,0.0,0.0,776.1561423444731,sv_2c_cf
R12_SAS,coal_ppl,2050,2070.0,M1,0.0,0.0,776.1561423444731,sv_2c_cf
R12_SAS,coal_ppl,2050,2070.0,M2,0.0,0.0,776.1561423444731,sv_2c_cf
R12_SAS,coal_ppl,2050,2080.0,M1,0.0,0.0,776.1561423444731,sv_2c_cf
R12_SAS,coal_ppl,2050,2080.0,M2,0.0,0.0,776.1561423444731,sv_2c_cf
R12_SAS,coal_ppl,2055,2055.0,M1,0.0,0.0,779.2863396073143,sv_2c_cf
R12_SAS,coal_ppl,2055,2055.0,M2,0.0,0.0,779.2863396073143,sv_2c_cf
R12_SAS,coal_ppl,2055,2060.0,M1,0.0,0.0,779.2863396073143,sv_2c_cf
R12_SAS,coal_ppl,2055,2060.0,M2,0.0,0.0,779.2863396073143,sv_2c_cf
R12_SAS,coal_ppl,2055,2070.0,M1,0.0,0.0,779.2863396073143,sv_2c_cf
R12_SAS,coal_ppl,2055,2070.0,M2,0.0,0.0,779.2863396073143,sv_2c_cf
R12_SAS,coal_ppl,2055,2080.0,M1,0.0,0.0,779.2863396073143,sv_2c_cf
R12_SAS,coal_ppl,2055,2080.0,M2,0.0,0.0,779.2863396073143,sv_2c_cf
R12_SAS,coal_ppl,2060,2060.0,M1,0.0,0.0,784.8661467117724,sv_2c_cf
R12_SAS,coal_ppl,2060,2060.0,M2,0.0,0.0,784.8661467117724,sv_2c_cf
R12_SAS,coal_ppl,2060,2070.0,M1,0.0,0.0,784.8661467117724,sv_2c_cf
R12_SAS,coal_ppl,2060,2070.0,M2,0.0,0.0,784.8661467117724,sv_2c_cf
R12_SAS,coal_ppl,2060,2080.0,M1,0.0,0.0,784.8661467117724,sv_2c_cf
R12_SAS,coal_ppl,2060,2080.0,M2,0.0,0.0,784.8661467117724,sv_2c_cf
R12_SAS,coal_ppl,2060,2090.0,M1,0.0,0.0,784.8661467117724,sv_2c_cf
R12_SAS,coal_ppl,2060,2090.0,M2,0.0,0.0,784.8661467117724,sv_2c_cf
R12_SAS,coal_ppl,2070,2070.0,M1,0.0,0.0,802.0940720623918,sv_2c_cf
R12_SAS,coal_ppl,2070,2070.0,M2,0.0,0.0,802.0940720623918,sv_2c_cf
R12_SAS,coal_ppl,2070,2080.0,M1,0.0,0.0,802.0940720623918,sv_2c_cf
R12_SAS,coal_ppl,2070,2080.0,M2,0.0,0.0,802.0940720623918,sv_2c_cf
R12_SAS,coal_ppl,2070,2090.0,M1,0.0,0.0,802.0940720623918,sv_2c_cf
R12_SAS,coal_ppl,2070,2090.0,M2,0.0,0.0,802.0940720623918,sv_2c_cf
R12_SAS,coal_ppl,2080,2080.0,M1,0.0,0.0,825.1867426142978,sv_2c_cf
R12_SAS,coal_ppl,2080,2080.0,M2,0.0,0.0,825.1867426142978,sv_2c_cf
R12_SAS,coal_ppl,2080,2090.0,M1,0.0,0.0,825.1867426142978,sv_2c_cf
R12_SAS,coal_ppl,2080,2090.0,M2,0.0,0.0,825.1867426142978,sv_2c_cf
R12_SAS,coal_ppl,2080,2100.0,M1,0.0,0.0,825.1867426142978,sv_2c_cf
R12_SAS,coal_ppl,2080,2100.0,M2,0.0,0.0,825.1867426142978,sv_2c_cf
R12_SAS,coal_ppl,2090,2090.0,M1,0.0,0.0,849.8318211514152,sv_2c_cf
R12_SAS,coal_ppl,2090,2090.0,M2,0.0,0.0,849.8318211514152,sv_2c_cf
R12_SAS,coal_ppl,2090,2100.0,M1,0.0,0.0,849.8318211514152,sv_2c_cf
R12_SAS,coal_ppl,2090,2100.0,M2,0.0,0.0,849.8318211514152,sv_2c_cf
R12_SAS,coal_ppl,2090,2110.0,M1,0.0,0.0,849.8318211514152,sv_2c_cf
R12_SAS,coal_ppl,2090,2110.0,M2,0.0,0.0,849.8318211514152,sv_2c_cf
R12_SAS,coal_ppl,2100,2100.0,M1,0.0,0.0,875.2948163299769,sv_2c_cf
R12_SAS,coal_ppl,2100,2100.0,M2,0.0,0.0,875.2948163299769,sv_2c_cf
R12_SAS,coal_ppl,2100,2110.0,M1,0.0,0.0,875.2948163299769,sv_2c_cf
R12_SAS,coal_ppl,2100,2110.0,M2,0.0,0.0,875.2948163299769,sv_2c_cf
R12_SAS,coal_ppl,2110,2110.0,M1,0.0,0.0,875.2948163299769,sv_2c_cf
R12_SAS,coal_ppl,2110,2110.0,M2,0.0,0.0,875.2948163299769,sv_2c_cf
R12_SAS,coal_ppl_u,1960,1960.0,M1,0.0,0.0,564.29,sv_2c_cf
R12_SAS,coal_ppl_u,1960,1965.0,M1,0.0,,564.29,sv_2c_cf
R12_SAS,coal_ppl_u,1960,1970.0,M1,0.0,,564.29,sv_2c_cf
R12_SAS,coal_ppl_u,1960,1975.0,M1,0.0,,564.29,sv_2c_cf
R12_SAS,coal_ppl_u,1960,1980.0,M1,0.0,,564.29,sv_2c_cf
R12_SAS,coal_ppl_u,1960,1985.0,M1,0.0,,564.29,sv_2c_cf
R12_SAS,coal_ppl_u,1960,1990.0,M1,0.0,,564.29,sv_2c_cf
R12_SAS,coal_ppl_u,1960,1995.0,M1,0.0,,564.29,sv_2c_cf
R12_SAS,coal_ppl_u,1960,2000.0,M1,0.0,,564.29,sv_2c_cf
R12_SAS,coal_ppl_u,1960,2005.0,M1,0.0,,564.29,sv_2c_cf
R12_SAS,coal_ppl_u,1960,2010.0,M1,0.0,,564.29,sv_2c_cf
R12_SAS,coal_ppl_u,1960,2015.0,M1,0.0,,564.29,sv_2c_cf
R12_SAS,coal_ppl_u,1960,2020.0,M1,0.0,,564.29,sv_2c_cf
R12_SAS,coal_ppl_u,1960,2025.0,M1,0.0,,564.29,sv_2c_cf
R12_SAS,coal_ppl_u,1965,1965.0,M1,0.0,0.0,564.29,sv_2c_cf
R12_SAS,coal_ppl_u,1965,1970.0,M1,0.0,,564.29,sv_2c_cf
R12_SAS,coal_ppl_u,1965,1975.0,M1,0.0,,564.29,sv_2c_cf
R12_SAS,coal_ppl_u,1965,1980.0,M1,0.0,,564.29,sv_2c_cf
R12_SAS,coal_ppl_u,1965,1985.0,M1,0.0,,564.29,sv_2c_cf
R12_SAS,coal_ppl_u,1965,1990.0,M1,0.0,,564.29,sv_2c_cf
R12_SAS,coal_ppl_u,1965,1995.0,M1,0.0,,564.29,sv_2c_cf
R12_SAS,coal_ppl_u,1965,2000.0,M1,0.0,,564.29,sv_2c_cf
R12_SAS,coal_ppl_u,1965,2005.0,M1,0.0,,564.29,sv_2c_cf
R12_SAS,coal_ppl_u,1965,2010.0,M1,0.0,,564.29,sv_2c_cf
R12_SAS,coal_ppl_u,1965,2015.0,M1,0.0,,564.29,sv_2c_cf
R12_SAS,coal_ppl_u,1965,2020.0,M1,0.0,,564.29,sv_2c_cf
R12_SAS,coal_ppl_u,1965,2025.0,M1,0.0,,564.29,sv_2c_cf
R12_SAS,coal_ppl_u,1970,1970.0,M1,0.0,0.0,564.29,sv_2c_cf
R12_SAS,coal_ppl_u,1970,1975.0,M1,0.0,,564.29,sv_2c_cf
R12_SAS,coal_ppl_u,1970,1980.0,M1,0.0,,564.29,sv_2c_cf
R12_SAS,coal_ppl_u,1970,1985.0,M1,0.0,,564.29,sv_2c_cf
R12_SAS,coal_ppl_u,1970,1990.0,M1,0.0,,564.29,sv_2c_cf
R12_SAS,coal_ppl_u,1970,1995.0,M1,0.0,,564.29,sv_2c_cf
R12_SAS,coal_ppl_u,1970,2000.0,M1,0.0,,564.29,sv_2c_cf
R12_SAS,coal_ppl_u,1970,2005.0,M1,0.0,,564.29,sv_2c_cf
R12_SAS,coal_ppl_u,1970,2010.0,M1,0.0,,564.29,sv_2c_cf
R12_SAS,coal_ppl_u,1970,2015.0,M1,0.0,,564.29,sv_2c_cf
R12_SAS,coal_ppl_u,1970,2020.0,M1,0.0,,564.29,sv_2c_cf
R12_SAS,coal_ppl_u,1970,2025.0,M1,0.0,,564.29,sv_2c_cf
R12_SAS,coal_ppl_u,1970,2030.0,M1,0.0,0.4025,564.29,sv_2c_cf
R12_SAS,coal_ppl_u,1975,1975.0,M1,0.0,0.0,564.29,sv_2c_cf
R12_SAS,coal_ppl_u,1975,1980.0,M1,0.0,,564.29,sv_2c_cf
R12_SAS,coal_ppl_u,1975,1985.0,M1,0.0,,564.29,sv_2c_cf
R12_SAS,coal_ppl_u,1975,1990.0,M1,0.0,,564.29,sv_2c_cf
R12_SAS,coal_ppl_u,1975,1995.0,M1,0.0,,564.29,sv_2c_cf
R12_SAS,coal_ppl_u,1975,2000.0,M1,0.0,,564.29,sv_2c_cf
R12_SAS,coal_ppl_u,1975,2005.0,M1,0.0,,564.29,sv_2c_cf
R12_SAS,coal_ppl_u,1975,2010.0,M1,0.0,,564.29,sv_2c_cf
R12_SAS,coal_ppl_u,1975,2015.0,M1,0.0,,564.29,sv_2c_cf
R12_SAS,coal_ppl_u,1975,2020.0,M1,0.0,,564.29,sv_2c_cf
R12_SAS,coal_ppl_u,1975,2025.0,M1,0.0,,564.29,sv_2c_cf
R12_SAS,coal_ppl_u,1975,2030.0,M1,0.0,0.7077000000000001,564.29,sv_2c_cf
R12_SAS,coal_ppl_u,1980,1980.0,M1,0.0,0.0,564.29,sv_2c_cf
R12_SAS,coal_ppl_u,1980,1985.0,M1,0.0,,564.29,sv_2c_cf
R12_SAS,coal_ppl_u,1980,1990.0,M1,0.0,,564.29,sv_2c_cf
R12_SAS,coal_ppl_u,1980,1995.0,M1,0.0,,564.29,sv_2c_cf
R12_SAS,coal_ppl_u,1980,2000.0,M1,0.0,,564.29,sv_2c_cf
R12_SAS,coal_ppl_u,1980,2005.0,M1,0.0,,564.29,sv_2c_cf
R12_SAS,coal_ppl_u,1980,2010.0,M1,0.0,,564.29,sv_2c_cf
R12_SAS,coal_ppl_u,1980,2015.0,M1,0.0,,564.29,sv_2c_cf
R12_SAS,coal_ppl_u,1980,2020.0,M1,0.0,,564.29,sv_2c_cf
R12_SAS,coal_ppl_u,1980,2025.0,M1,0.0,,564.29,sv_2c_cf
R12_SAS,coal_ppl_u,1980,2030.0,M1,0.0,3.2240500000000005,564.29,sv_2c_cf
R12_SAS,coal_ppl_u,1980,2035.0,M1,0.0,3.2240500000000005,564.29,sv_2c_cf
R12_SAS,coal_ppl_u,1985,1985.0,M1,0.0,0.0,564.29,sv_2c_cf
R12_SAS,coal_ppl_u,1985,1990.0,M1,0.0,,564.29,sv_2c_cf
R12_SAS,coal_ppl_u,1985,1995.0,M1,0.0,,564.29,sv_2c_cf
R12_SAS,coal_ppl_u,1985,2000.0,M1,0.0,,564.29,sv_2c_cf
R12_SAS,coal_ppl_u,1985,2005.0,M1,0.0,,564.29,sv_2c_cf
R12_SAS,coal_ppl_u,1985,2010.0,M1,0.0,,564.29,sv_2c_cf
R12_SAS,coal_ppl_u,1985,2015.0,M1,0.0,,564.29,sv_2c_cf
R12_SAS,coal_ppl_u,1985,2020.0,M1,0.0,,564.29,sv_2c_cf
R12_SAS,coal_ppl_u,1985,2025.0,M1,0.0,,564.29,sv_2c_cf
R12_SAS,coal_ppl_u,1985,2030.0,M1,0.0,9.243500000000001,564.29,sv_2c_cf
R12_SAS,coal_ppl_u,1985,2035.0,M1,0.0,9.243500000000001,564.29,sv_2c_cf
R12_SAS,coal_ppl_u,1990,1990.0,M1,0.0,0.0,564.29,sv_2c_cf
R12_SAS,coal_ppl_u,1990,1995.0,M1,0.0,,564.29,sv_2c_cf
R12_SAS,coal_ppl_u,1990,2000.0,M1,0.0,,564.29,sv_2c_cf
R12_SAS,coal_ppl_u,1990,2005.0,M1,0.0,,564.29,sv_2c_cf
R12_SAS,coal_ppl_u,1990,2010.0,M1,0.0,,564.29,sv_2c_cf
R12_SAS,coal_ppl_u,1990,2015.0,M1,0.0,,564.29,sv_2c_cf
R12_SAS,coal_ppl_u,1990,2020.0,M1,0.0,,564.29,sv_2c_cf
R12_SAS,coal_ppl_u,1990,2025.0,M1,0.0,,564.29,sv_2c_cf
R12_SAS,coal_ppl_u,1990,2030.0,M1,0.0,15.305599999999998,564.29,sv_2c_cf
R12_SAS,coal_ppl_u,1990,2035.0,M1,0.0,15.305599999999998,564.29,sv_2c_cf
R12_SAS,coal_ppl_u,1990,2040.0,M1,0.0,15.305599999999998,564.29,sv_2c_cf
R12_SAS,coal_ppl_u,1995,1995.0,M1,0.0,0.0,564.29,sv_2c_cf
R12_SAS,coal_ppl_u,1995,2000.0,M1,0.0,,564.29,sv_2c_cf
R12_SAS,coal_ppl_u,1995,2005.0,M1,0.0,,564.29,sv_2c_cf
R12_SAS,coal_ppl_u,1995,2010.0,M1,0.0,,564.29,sv_2c_cf
R12_SAS,coal_ppl_u,1995,2015.0,M1,0.0,,564.29,sv_2c_cf
R12_SAS,coal_ppl_u,1995,2020.0,M1,0.0,,564.29,sv_2c_cf
R12_SAS,coal_ppl_u,1995,2025.0,M1,0.0,,564.29,sv_2c_cf
R12_SAS,coal_ppl_u,1995,2030.0,M1,0.0,10.608799999999999,564.29,sv_2c_cf
R12_SAS,coal_ppl_u,1995,2035.0,M1,0.0,10.608799999999999,564.29,sv_2c_cf
R12_SAS,coal_ppl_u,1995,2040.0,M1,0.0,10.608799999999999,564.29,sv_2c_cf
R12_SAS,coal_ppl_u,2000,2000.0,M1,0.0,0.0,564.29,sv_2c_cf
R12_SAS,coal_ppl_u,2000,2005.0,M1,0.0,,564.29,sv_2c_cf
R12_SAS,coal_ppl_u,2000,2010.0,M1,0.0,,564.29,sv_2c_cf
R12_SAS,coal_ppl_u,2000,2015.0,M1,0.0,,564.29,sv_2c_cf
R12_SAS,coal_ppl_u,2000,2020.0,M1,0.0,,564.29,sv_2c_cf
R12_SAS,coal_ppl_u,2000,2025.0,M1,0.0,,564.29,sv_2c_cf
R12_SAS,coal_ppl_u,2000,2030.0,M1,0.0,10.04888,564.29,sv_2c_cf
R12_SAS,coal_ppl_u,2000,2035.0,M1,0.0,10.04888,564.29,sv_2c_cf
R12_SAS,coal_ppl_u,2000,2040.0,M1,0.0,10.04888,564.29,sv_2c_cf
R12_SAS,coal_ppl_u,2000,2045.0,M1,0.0,10.04888,564.29,sv_2c_cf
R12_SAS,coal_ppl_u,2005,2005.0,M1,0.0,0.0,564.29,sv_2c_cf
R12_SAS,coal_ppl_u,2005,2010.0,M1,0.0,,564.29,sv_2c_cf
R12_SAS,coal_ppl_u,2005,2015.0,M1,0.0,,564.29,sv_2c_cf
R12_SAS,coal_ppl_u,2005,2020.0,M1,0.0,,564.29,sv_2c_cf
R12_SAS,coal_ppl_u,2005,2025.0,M1,0.0,,564.29,sv_2c_cf
R12_SAS,coal_ppl_u,2005,2030.0,M1,0.0,9.352500000000001,564.29,sv_2c_cf
R12_SAS,coal_ppl_u,2005,2035.0,M1,0.0,9.352500000000001,564.29,sv_2c_cf
R12_SAS,coal_ppl_u,2005,2040.0,M1,0.0,9.352500000000001,564.29,sv_2c_cf
R12_SAS,coal_ppl_u,2005,2045.0,M1,0.0,9.352500000000001,564.29,sv_2c_cf
R12_SAS,coal_ppl_u,2010,2010.0,M1,0.0,0.0,564.29,sv_2c_cf
R12_SAS,coal_ppl_u,2010,2010.0,M2,0.0,0.0,564.29,sv_2c_cf
R12_SAS,coal_ppl_u,2010,2015.0,M1,0.0,,564.29,sv_2c_cf
R12_SAS,coal_ppl_u,2010,2015.0,M2,0.0,,564.29,sv_2c_cf
R12_SAS,coal_ppl_u,2010,2020.0,M1,0.0,,564.29,sv_2c_cf
R12_SAS,coal_ppl_u,2010,2020.0,M2,0.0,,564.29,sv_2c_cf
R12_SAS,coal_ppl_u,2010,2025.0,M1,0.0,,564.29,sv_2c_cf
R12_SAS,coal_ppl_u,2010,2025.0,M2,0.0,,564.29,sv_2c_cf
R12_SAS,coal_ppl_u,2010,2030.0,M1,0.0,30.8367,564.29,sv_2c_cf
R12_SAS,coal_ppl_u,2010,2030.0,M2,0.0,30.8367,564.29,sv_2c_cf
R12_SAS,coal_ppl_u,2010,2035.0,M1,0.0,30.8367,564.29,sv_2c_cf
R12_SAS,coal_ppl_u,2010,2035.0,M2,0.0,30.8367,564.29,sv_2c_cf
R12_SAS,coal_ppl_u,2010,2040.0,M1,0.0,30.8367,564.29,sv_2c_cf
R12_SAS,coal_ppl_u,2010,2045.0,M1,0.0,30.8367,564.29,sv_2c_cf
R12_SAS,coal_ppl_u,2010,2050.0,M1,0.0,30.8367,564.29,sv_2c_cf
R12_SAS,coal_ppl_u,2015,2015.0,M1,0.0,0.0,564.29,sv_2c_cf
R12_SAS,coal_ppl_u,2015,2015.0,M2,0.0,0.0,564.29,sv_2c_cf
R12_SAS,coal_ppl_u,2015,2020.0,M1,0.0,,564.29,sv_2c_cf
R12_SAS,coal_ppl_u,2015,2020.0,M2,0.0,,564.29,sv_2c_cf
R12_SAS,coal_ppl_u,2015,2025.0,M1,0.0,,564.29,sv_2c_cf
R12_SAS,coal_ppl_u,2015,2025.0,M2,0.0,,564.29,sv_2c_cf
R12_SAS,coal_ppl_u,2015,2030.0,M1,33.323750196058164,55.26416999999999,564.29,sv_2c_cf
R12_SAS,coal_ppl_u,2015,2030.0,M2,0.0,55.26416999999999,564.29,sv_2c_cf
R12_SAS,coal_ppl_u,2015,2035.0,M1,9.032353853693827,55.26416999999999,564.29,sv_2c_cf
R12_SAS,coal_ppl_u,2015,2035.0,M2,0.0,55.26416999999999,564.29,sv_2c_cf
R12_SAS,coal_ppl_u,2015,2040.0,M1,0.0,55.26416999999999,564.29,sv_2c_cf
R12_SAS,coal_ppl_u,2015,2040.0,M2,0.0,55.26416999999999,564.29,sv_2c_cf
R12_SAS,coal_ppl_u,2015,2045.0,M1,0.0,55.26416999999999,564.29,sv_2c_cf
R12_SAS,coal_ppl_u,2020,2020.0,M1,0.0,0.0,564.4444444444445,sv_2c_cf
R12_SAS,coal_ppl_u,2020,2020.0,M2,0.0,0.0,564.4444444444445,sv_2c_cf
R12_SAS,coal_ppl_u,2020,2025.0,M1,0.0,,564.4444444444445,sv_2c_cf
R12_SAS,coal_ppl_u,2020,2025.0,M2,0.0,,564.4444444444445,sv_2c_cf
R12_SAS,coal_ppl_u,2020,2030.0,M1,13.673883599999998,21.773699999999998,564.4444444444445,sv_2c_cf
R12_SAS,coal_ppl_u,2020,2030.0,M2,0.0,21.773699999999998,564.4444444444445,sv_2c_cf
R12_SAS,coal_ppl_u,2020,2035.0,M1,0.0,21.773699999999998,564.4444444444445,sv_2c_cf
R12_SAS,coal_ppl_u,2020,2035.0,M2,0.0,21.773699999999998,564.4444444444445,sv_2c_cf
R12_SAS,coal_ppl_u,2020,2040.0,M1,0.0,21.773699999999998,564.4444444444445,sv_2c_cf
R12_SAS,coal_ppl_u,2020,2040.0,M2,0.0,21.773699999999998,564.4444444444445,sv_2c_cf
R12_SAS,coal_ppl_u,2020,2045.0,M1,0.0,21.773699999999998,564.4444444444445,sv_2c_cf
R12_SAS,coal_ppl_u,2020,2045.0,M2,0.0,21.773699999999998,564.4444444444445,sv_2c_cf
R12_SAS,gas_cc,1965,1965.0,M1,0.0,,,sv_2c_cf
R12_SAS,gas_cc,1965,1970.0,M1,0.0,,,sv_2c_cf
R12_SAS,gas_cc,1965,1975.0,M1,0.0,,,sv_2c_cf
R12_SAS,gas_cc,1965,1980.0,M1,0.0,,,sv_2c_cf
R12_SAS,gas_cc,1965,1985.0,M1,0.0,,,sv_2c_cf
R12_SAS,gas_cc,1965,1990.0,M1,0.0,,,sv_2c_cf
R12_SAS,gas_cc,1965,1995.0,M1,0.0,,,sv_2c_cf
R12_SAS,gas_cc,1965,2000.0,M1,0.0,,,sv_2c_cf
R12_SAS,gas_cc,1965,2005.0,M1,0.0,,,sv_2c_cf
R12_SAS,gas_cc,1965,2010.0,M1,0.0,,,sv_2c_cf
R12_SAS,gas_cc,1965,2015.0,M1,0.0,,,sv_2c_cf
R12_SAS,gas_cc,1965,2020.0,M1,0.0,,,sv_2c_cf
R12_SAS,gas_cc,1965,2025.0,M1,0.0,,,sv_2c_cf
R12_SAS,gas_cc,1970,1970.0,M1,0.0,,,sv_2c_cf
R12_SAS,gas_cc,1970,1975.0,M1,0.0,,,sv_2c_cf
R12_SAS,gas_cc,1970,1980.0,M1,0.0,,,sv_2c_cf
R12_SAS,gas_cc,1970,1985.0,M1,0.0,,,sv_2c_cf
R12_SAS,gas_cc,1970,1990.0,M1,0.0,,,sv_2c_cf
R12_SAS,gas_cc,1970,1995.0,M1,0.0,,,sv_2c_cf
R12_SAS,gas_cc,1970,2000.0,M1,0.0,,,sv_2c_cf
R12_SAS,gas_cc,1970,2005.0,M1,0.0,,,sv_2c_cf
R12_SAS,gas_cc,1970,2010.0,M1,0.0,,,sv_2c_cf
R12_SAS,gas_cc,1970,2015.0,M1,0.0,,,sv_2c_cf
R12_SAS,gas_cc,1970,2020.0,M1,0.0,,,sv_2c_cf
R12_SAS,gas_cc,1970,2025.0,M1,0.0,,,sv_2c_cf
R12_SAS,gas_cc,1975,1975.0,M1,0.0,,,sv_2c_cf
R12_SAS,gas_cc,1975,1980.0,M1,0.0,,,sv_2c_cf
R12_SAS,gas_cc,1975,1985.0,M1,0.0,,,sv_2c_cf
R12_SAS,gas_cc,1975,1990.0,M1,0.0,,,sv_2c_cf
R12_SAS,gas_cc,1975,1995.0,M1,0.0,,,sv_2c_cf
R12_SAS,gas_cc,1975,2000.0,M1,0.0,,,sv_2c_cf
R12_SAS,gas_cc,1975,2005.0,M1,0.0,,,sv_2c_cf
R12_SAS,gas_cc,1975,2010.0,M1,0.0,,,sv_2c_cf
R12_SAS,gas_cc,1975,2015.0,M1,0.0,,,sv_2c_cf
R12_SAS,gas_cc,1975,2020.0,M1,0.0,,,sv_2c_cf
R12_SAS,gas_cc,1975,2025.0,M1,0.0,,,sv_2c_cf
R12_SAS,gas_cc,1975,2030.0,M1,0.0725,,,sv_2c_cf
R12_SAS,gas_cc,1980,1980.0,M1,0.0,,,sv_2c_cf
R12_SAS,gas_cc,1980,1985.0,M1,0.0,,,sv_2c_cf
R12_SAS,gas_cc,1980,1990.0,M1,0.0,,,sv_2c_cf
R12_SAS,gas_cc,1980,1995.0,M1,0.0,,,sv_2c_cf
R12_SAS,gas_cc,1980,2000.0,M1,0.0,,,sv_2c_cf
R12_SAS,gas_cc,1980,2005.0,M1,0.0,,,sv_2c_cf
R12_SAS,gas_cc,1980,2010.0,M1,0.0,,,sv_2c_cf
R12_SAS,gas_cc,1980,2015.0,M1,0.0,,,sv_2c_cf
R12_SAS,gas_cc,1980,2020.0,M1,0.0,,,sv_2c_cf
R12_SAS,gas_cc,1980,2025.0,M1,0.0,,,sv_2c_cf
R12_SAS,gas_cc,1980,2030.0,M1,0.03625,,,sv_2c_cf
R12_SAS,gas_cc,1985,1985.0,M1,0.0,,,sv_2c_cf
R12_SAS,gas_cc,1985,1990.0,M1,0.0,,,sv_2c_cf
R12_SAS,gas_cc,1985,1995.0,M1,0.0,,,sv_2c_cf
R12_SAS,gas_cc,1985,2000.0,M1,0.0,,,sv_2c_cf
R12_SAS,gas_cc,1985,2005.0,M1,0.0,,,sv_2c_cf
R12_SAS,gas_cc,1985,2010.0,M1,0.0,,,sv_2c_cf
R12_SAS,gas_cc,1985,2015.0,M1,0.0,,,sv_2c_cf
R12_SAS,gas_cc,1985,2020.0,M1,0.0,,,sv_2c_cf
R12_SAS,gas_cc,1985,2025.0,M1,0.0,,,sv_2c_cf
R12_SAS,gas_cc,1985,2030.0,M1,0.28746249999999995,,,sv_2c_cf
R12_SAS,gas_cc,1985,2035.0,M1,0.31224375,,,sv_2c_cf
R12_SAS,gas_cc,1990,1990.0,M1,0.0,,,sv_2c_cf
R12_SAS,gas_cc,1990,1995.0,M1,0.0,,,sv_2c_cf
R12_SAS,gas_cc,1990,2000.0,M1,0.0,,,sv_2c_cf
R12_SAS,gas_cc,1990,2005.0,M1,0.0,,,sv_2c_cf
R12_SAS,gas_cc,1990,2010.0,M1,0.0,,,sv_2c_cf
R12_SAS,gas_cc,1990,2015.0,M1,0.0,,,sv_2c_cf
R12_SAS,gas_cc,1990,2020.0,M1,0.0,,,sv_2c_cf
R12_SAS,gas_cc,1990,2025.0,M1,0.0,,,sv_2c_cf
R12_SAS,gas_cc,1990,2030.0,M1,1.686730625,,,sv_2c_cf
R12_SAS,gas_cc,1990,2035.0,M1,1.8321384375,,,sv_2c_cf
R12_SAS,gas_cc,1995,1995.0,M1,0.0,,,sv_2c_cf
R12_SAS,gas_cc,1995,2000.0,M1,0.0,,,sv_2c_cf
R12_SAS,gas_cc,1995,2005.0,M1,0.0,,,sv_2c_cf
R12_SAS,gas_cc,1995,2010.0,M1,0.0,,,sv_2c_cf
R12_SAS,gas_cc,1995,2015.0,M1,0.0,,,sv_2c_cf
R12_SAS,gas_cc,1995,2020.0,M1,0.0,,,sv_2c_cf
R12_SAS,gas_cc,1995,2025.0,M1,0.0,,,sv_2c_cf
R12_SAS,gas_cc,1995,2030.0,M1,2.95422275,,,sv_2c_cf
R12_SAS,gas_cc,1995,2035.0,M1,3.208897125,,,sv_2c_cf
R12_SAS,gas_cc,1995,2040.0,M1,3.4635715,,,sv_2c_cf
R12_SAS,gas_cc,2000,2000.0,M1,0.0,,,sv_2c_cf
R12_SAS,gas_cc,2000,2005.0,M1,0.0,,,sv_2c_cf
R12_SAS,gas_cc,2000,2010.0,M1,0.0,,,sv_2c_cf
R12_SAS,gas_cc,2000,2015.0,M1,0.0,,,sv_2c_cf
R12_SAS,gas_cc,2000,2020.0,M1,0.0,,,sv_2c_cf
R12_SAS,gas_cc,2000,2025.0,M1,0.0,,,sv_2c_cf
R12_SAS,gas_cc,2000,2030.0,M1,3.5714515000000002,,,sv_2c_cf
R12_SAS,gas_cc,2000,2035.0,M1,3.87933525,,,sv_2c_cf
R12_SAS,gas_cc,2000,2040.0,M1,4.187219,,,sv_2c_cf
R12_SAS,gas_cc,2005,2005.0,M1,0.0,,,sv_2c_cf
R12_SAS,gas_cc,2005,2010.0,M1,0.0,,,sv_2c_cf
R12_SAS,gas_cc,2005,2015.0,M1,0.0,,,sv_2c_cf
R12_SAS,gas_cc,2005,2020.0,M1,0.0,,,sv_2c_cf
R12_SAS,gas_cc,2005,2025.0,M1,0.0,,,sv_2c_cf
R12_SAS,gas_cc,2005,2030.0,M1,1.9430579999999997,,,sv_2c_cf
R12_SAS,gas_cc,2005,2035.0,M1,2.110563,,,sv_2c_cf
R12_SAS,gas_cc,2005,2040.0,M1,2.2780679999999998,,,sv_2c_cf
R12_SAS,gas_cc,2005,2045.0,M1,2.2780679999999998,,,sv_2c_cf
R12_SAS,gas_cc,2010,2010.0,M1,0.0,,,sv_2c_cf
R12_SAS,gas_cc,2010,2015.0,M1,0.0,,,sv_2c_cf
R12_SAS,gas_cc,2010,2020.0,M1,0.0,,,sv_2c_cf
R12_SAS,gas_cc,2010,2025.0,M1,0.0,,,sv_2c_cf
R12_SAS,gas_cc,2010,2030.0,M1,5.037038275,,,sv_2c_cf
R12_SAS,gas_cc,2010,2035.0,M1,5.471265712499999,,,sv_2c_cf
R12_SAS,gas_cc,2010,2040.0,M1,5.90549315,,,sv_2c_cf
R12_SAS,gas_cc,2010,2045.0,M1,5.90549315,,,sv_2c_cf
R12_SAS,gas_cc,2015,2015.0,M1,0.0,,,sv_2c_cf
R12_SAS,gas_cc,2015,2020.0,M1,0.0,,,sv_2c_cf
R12_SAS,gas_cc,2015,2025.0,M1,0.0,,,sv_2c_cf
R12_SAS,gas_cc,2015,2030.0,M1,6.698806425000001,,,sv_2c_cf
R12_SAS,gas_cc,2015,2035.0,M1,7.276289737500001,,,sv_2c_cf
R12_SAS,gas_cc,2015,2040.0,M1,7.853773050000001,,,sv_2c_cf
R12_SAS,gas_cc,2015,2045.0,M1,7.853773050000001,,,sv_2c_cf
R12_SAS,gas_cc,2015,2050.0,M1,0.0,,,sv_2c_cf
R12_SAS,gas_cc,2020,2020.0,M1,0.0,,,sv_2c_cf
R12_SAS,gas_cc,2020,2025.0,M1,0.0,,,sv_2c_cf
R12_SAS,gas_cc,2020,2030.0,M1,7.518141249999999,,,sv_2c_cf
R12_SAS,gas_cc,2020,2035.0,M1,8.166256875,,,sv_2c_cf
R12_SAS,gas_cc,2020,2040.0,M1,8.8143725,,,sv_2c_cf
R12_SAS,gas_cc,2020,2045.0,M1,8.8143725,,,sv_2c_cf
R12_SAS,gas_cc,2020,2050.0,M1,0.0,,,sv_2c_cf
R12_SAS,gas_cc,2025,2025.0,M1,0.0,,,sv_2c_cf
R12_SAS,gas_cc,2025,2030.0,M1,0.0,,,sv_2c_cf
R12_SAS,gas_cc,2025,2035.0,M1,0.0,,,sv_2c_cf
R12_SAS,gas_cc,2025,2040.0,M1,0.0,,,sv_2c_cf
R12_SAS,gas_cc,2025,2045.0,M1,0.0,,,sv_2c_cf
R12_SAS,gas_cc,2025,2050.0,M1,0.0,,,sv_2c_cf
R12_SAS,gas_cc,2030,2030.0,M1,14.165022533841146,,,sv_2c_cf
R12_SAS,gas_cc,2030,2035.0,M1,15.386145166068832,,,sv_2c_cf
R12_SAS,gas_cc,2030,2040.0,M1,16.60726779829652,,,sv_2c_cf
R12_SAS,gas_cc,2030,2045.0,M1,16.60726779829652,,,sv_2c_cf
R12_SAS,gas_cc,2030,2050.0,M1,11.66316573715126,,,sv_2c_cf
R12_SAS,gas_cc,2030,2055.0,M1,1.4853062537299557,,,sv_2c_cf
R12_SAS,gas_cc,2035,2035.0,M1,10.686090545986477,,,sv_2c_cf
R12_SAS,gas_cc,2035,2040.0,M1,11.534192970271118,,,sv_2c_cf
R12_SAS,gas_cc,2035,2045.0,M1,11.534192970271118,,,sv_2c_cf
R12_SAS,gas_cc,2035,2050.0,M1,11.534192970271118,,,sv_2c_cf
R12_SAS,gas_cc,2035,2055.0,M1,0.0,,,sv_2c_cf
R12_SAS,gas_cc,2035,2060.0,M1,0.0,,,sv_2c_cf
R12_SAS,gas_cc,2040,2040.0,M1,16.010809719047824,,,sv_2c_cf
R12_SAS,gas_cc,2040,2045.0,M1,16.010809719047824,,,sv_2c_cf
R12_SAS,gas_cc,2040,2050.0,M1,0.0,,,sv_2c_cf
R12_SAS,gas_cc,2040,2055.0,M1,0.0,,,sv_2c_cf
R12_SAS,gas_cc,2040,2060.0,M1,0.0,,,sv_2c_cf
R12_SAS,gas_cc,2040,2070.0,M1,0.0,,,sv_2c_cf
R12_SAS,gas_cc,2045,2045.0,M1,31.03934198980892,,,sv_2c_cf
R12_SAS,gas_cc,2045,2050.0,M1,31.03934198980892,,,sv_2c_cf
R12_SAS,gas_cc,2045,2055.0,M1,31.03934198980892,,,sv_2c_cf
R12_SAS,gas_cc,2045,2060.0,M1,0.0,,,sv_2c_cf
R12_SAS,gas_cc,2045,2070.0,M1,0.0,,,sv_2c_cf
R12_SAS,gas_cc,2050,2050.0,M1,0.0,,,sv_2c_cf
R12_SAS,gas_cc,2050,2055.0,M1,0.0,,,sv_2c_cf
R12_SAS,gas_cc,2050,2060.0,M1,0.0,,,sv_2c_cf
R12_SAS,gas_cc,2050,2070.0,M1,0.0,,,sv_2c_cf
R12_SAS,gas_cc,2050,2080.0,M1,0.0,,,sv_2c_cf
R12_SAS,gas_cc,2055,2055.0,M1,0.0,,,sv_2c_cf
R12_SAS,gas_cc,2055,2060.0,M1,0.0,,,sv_2c_cf
R12_SAS,gas_cc,2055,2070.0,M1,0.0,,,sv_2c_cf
R12_SAS,gas_cc,2055,2080.0,M1,0.0,,,sv_2c_cf
R12_SAS,gas_cc,2060,2060.0,M1,0.0,,,sv_2c_cf
R12_SAS,gas_cc,2060,2070.0,M1,0.0,,,sv_2c_cf
R12_SAS,gas_cc,2060,2080.0,M1,0.0,,,sv_2c_cf
R12_SAS,gas_cc,2060,2090.0,M1,0.0,,,sv_2c_cf
R12_SAS,gas_cc,2070,2070.0,M1,0.0,,,sv_2c_cf
R12_SAS,gas_cc,2070,2080.0,M1,0.0,,,sv_2c_cf
R12_SAS,gas_cc,2070,2090.0,M1,0.0,,,sv_2c_cf
R12_SAS,gas_cc,2080,2080.0,M1,0.0,,,sv_2c_cf
R12_SAS,gas_cc,2080,2090.0,M1,0.0,,,sv_2c_cf
R12_SAS,gas_cc,2080,2100.0,M1,0.0,,,sv_2c_cf
R12_SAS,gas_cc,2090,2090.0,M1,0.0,,,sv_2c_cf
R12_SAS,gas_cc,2090,2100.0,M1,0.0,,,sv_2c_cf
R12_SAS,gas_cc,2090,2110.0,M1,0.0,,,sv_2c_cf
R12_SAS,gas_cc,2100,2100.0,M1,0.0,,,sv_2c_cf
R12_SAS,gas_cc,2100,2110.0,M1,0.0,,,sv_2c_cf
R12_SAS,gas_cc,2110,2110.0,M1,0.0,,,sv_2c_cf
R12_SAS,gas_cc_ccs,2030,2030.0,M1,0.0,,,sv_2c_cf
R12_SAS,gas_cc_ccs,2030,2035.0,M1,0.0,,,sv_2c_cf
R12_SAS,gas_cc_ccs,2030,2040.0,M1,0.0,,,sv_2c_cf
R12_SAS,gas_cc_ccs,2030,2045.0,M1,0.0,,,sv_2c_cf
R12_SAS,gas_cc_ccs,2030,2050.0,M1,0.0,,,sv_2c_cf
R12_SAS,gas_cc_ccs,2030,2055.0,M1,0.0,,,sv_2c_cf
R12_SAS,gas_cc_ccs,2035,2035.0,M1,0.0,,,sv_2c_cf
R12_SAS,gas_cc_ccs,2035,2040.0,M1,0.0,,,sv_2c_cf
R12_SAS,gas_cc_ccs,2035,2045.0,M1,0.0,,,sv_2c_cf
R12_SAS,gas_cc_ccs,2035,2050.0,M1,0.0,,,sv_2c_cf
R12_SAS,gas_cc_ccs,2035,2055.0,M1,0.0,,,sv_2c_cf
R12_SAS,gas_cc_ccs,2035,2060.0,M1,0.0,,,sv_2c_cf
R12_SAS,gas_cc_ccs,2040,2040.0,M1,0.0,,,sv_2c_cf
R12_SAS,gas_cc_ccs,2040,2045.0,M1,0.0,,,sv_2c_cf
R12_SAS,gas_cc_ccs,2040,2050.0,M1,0.0,,,sv_2c_cf
R12_SAS,gas_cc_ccs,2040,2055.0,M1,0.0,,,sv_2c_cf
R12_SAS,gas_cc_ccs,2040,2060.0,M1,0.0,,,sv_2c_cf
R12_SAS,gas_cc_ccs,2040,2070.0,M1,0.0,,,sv_2c_cf
R12_SAS,gas_cc_ccs,2045,2045.0,M1,0.0,,,sv_2c_cf
R12_SAS,gas_cc_ccs,2045,2050.0,M1,0.0,,,sv_2c_cf
R12_SAS,gas_cc_ccs,2045,2055.0,M1,0.0,,,sv_2c_cf
R12_SAS,gas_cc_ccs,2045,2060.0,M1,0.0,,,sv_2c_cf
R12_SAS,gas_cc_ccs,2045,2070.0,M1,0.0,,,sv_2c_cf
R12_SAS,gas_cc_ccs,2050,2050.0,M1,0.0,,,sv_2c_cf
R12_SAS,gas_cc_ccs,2050,2055.0,M1,0.0,,,sv_2c_cf
R12_SAS,gas_cc_ccs,2050,2060.0,M1,0.0,,,sv_2c_cf
R12_SAS,gas_cc_ccs,2050,2070.0,M1,0.0,,,sv_2c_cf
R12_SAS,gas_cc_ccs,2050,2080.0,M1,0.0,,,sv_2c_cf
R12_SAS,gas_cc_ccs,2055,2055.0,M1,0.0,,,sv_2c_cf
R12_SAS,gas_cc_ccs,2055,2060.0,M1,0.0,,,sv_2c_cf
R12_SAS,gas_cc_ccs,2055,2070.0,M1,0.0,,,sv_2c_cf
R12_SAS,gas_cc_ccs,2055,2080.0,M1,0.0,,,sv_2c_cf
R12_SAS,gas_cc_ccs,2060,2060.0,M1,0.0,,,sv_2c_cf
R12_SAS,gas_cc_ccs,2060,2070.0,M1,0.0,,,sv_2c_cf
R12_SAS,gas_cc_ccs,2060,2080.0,M1,0.0,,,sv_2c_cf
R12_SAS,gas_cc_ccs,2060,2090.0,M1,0.0,,,sv_2c_cf
R12_SAS,gas_cc_ccs,2070,2070.0,M1,0.0,,,sv_2c_cf
R12_SAS,gas_cc_ccs,2070,2080.0,M1,0.0,,,sv_2c_cf
R12_SAS,gas_cc_ccs,2070,2090.0,M1,0.0,,,sv_2c_cf
R12_SAS,gas_cc_ccs,2080,2080.0,M1,0.0,,,sv_2c_cf
R12_SAS,gas_cc_ccs,2080,2090.0,M1,0.0,,,sv_2c_cf
R12_SAS,gas_cc_ccs,2080,2100.0,M1,0.0,,,sv_2c_cf
R12_SAS,gas_cc_ccs,2090,2090.0,M1,0.0,,,sv_2c_cf
R12_SAS,gas_cc_ccs,2090,2100.0,M1,0.0,,,sv_2c_cf
R12_SAS,gas_cc_ccs,2090,2110.0,M1,0.0,,,sv_2c_cf
R12_SAS,gas_cc_ccs,2100,2100.0,M1,0.0,,,sv_2c_cf
R12_SAS,gas_cc_ccs,2100,2110.0,M1,0.0,,,sv_2c_cf
R12_SAS,gas_cc_ccs,2110,2110.0,M1,0.0,,,sv_2c_cf
R12_SAS,gas_ct,1970,1970.0,M1,0.0,,,sv_2c_cf
R12_SAS,gas_ct,1970,1975.0,M1,0.0,,,sv_2c_cf
R12_SAS,gas_ct,1970,1980.0,M1,0.0,,,sv_2c_cf
R12_SAS,gas_ct,1970,1985.0,M1,0.0,,,sv_2c_cf
R12_SAS,gas_ct,1970,1990.0,M1,0.0,,,sv_2c_cf
R12_SAS,gas_ct,1970,1995.0,M1,0.0,,,sv_2c_cf
R12_SAS,gas_ct,1970,2000.0,M1,0.0,,,sv_2c_cf
R12_SAS,gas_ct,1970,2005.0,M1,0.0,,,sv_2c_cf
R12_SAS,gas_ct,1970,2010.0,M1,0.0,,,sv_2c_cf
R12_SAS,gas_ct,1970,2015.0,M1,0.0,,,sv_2c_cf
R12_SAS,gas_ct,1970,2020.0,M1,0.0,,,sv_2c_cf
R12_SAS,gas_ct,1970,2025.0,M1,0.0,,,sv_2c_cf
R12_SAS,gas_ct,1975,1975.0,M1,0.0,,,sv_2c_cf
R12_SAS,gas_ct,1975,1980.0,M1,0.0,,,sv_2c_cf
R12_SAS,gas_ct,1975,1985.0,M1,0.0,,,sv_2c_cf
R12_SAS,gas_ct,1975,1990.0,M1,0.0,,,sv_2c_cf
R12_SAS,gas_ct,1975,1995.0,M1,0.0,,,sv_2c_cf
R12_SAS,gas_ct,1975,2000.0,M1,0.0,,,sv_2c_cf
R12_SAS,gas_ct,1975,2005.0,M1,0.0,,,sv_2c_cf
R12_SAS,gas_ct,1975,2010.0,M1,0.0,,,sv_2c_cf
R12_SAS,gas_ct,1975,2015.0,M1,0.0,,,sv_2c_cf
R12_SAS,gas_ct,1975,2020.0,M1,0.0,,,sv_2c_cf
R12_SAS,gas_ct,1975,2025.0,M1,0.0,,,sv_2c_cf
R12_SAS,gas_ct,1980,1980.0,M1,0.0,,,sv_2c_cf
R12_SAS,gas_ct,1980,1985.0,M1,0.0,,,sv_2c_cf
R12_SAS,gas_ct,1980,1990.0,M1,0.0,,,sv_2c_cf
R12_SAS,gas_ct,1980,1995.0,M1,0.0,,,sv_2c_cf
R12_SAS,gas_ct,1980,2000.0,M1,0.0,,,sv_2c_cf
R12_SAS,gas_ct,1980,2005.0,M1,0.0,,,sv_2c_cf
R12_SAS,gas_ct,1980,2010.0,M1,0.0,,,sv_2c_cf
R12_SAS,gas_ct,1980,2015.0,M1,0.0,,,sv_2c_cf
R12_SAS,gas_ct,1980,2020.0,M1,0.0,,,sv_2c_cf
R12_SAS,gas_ct,1980,2025.0,M1,0.0,,,sv_2c_cf
R12_SAS,gas_ct,1980,2030.0,M1,0.0,,,sv_2c_cf
R12_SAS,gas_ct,1985,1985.0,M1,0.0,,,sv_2c_cf
R12_SAS,gas_ct,1985,1990.0,M1,0.0,,,sv_2c_cf
R12_SAS,gas_ct,1985,1995.0,M1,0.0,,,sv_2c_cf
R12_SAS,gas_ct,1985,2000.0,M1,0.0,,,sv_2c_cf
R12_SAS,gas_ct,1985,2005.0,M1,0.0,,,sv_2c_cf
R12_SAS,gas_ct,1985,2010.0,M1,0.0,,,sv_2c_cf
R12_SAS,gas_ct,1985,2015.0,M1,0.0,,,sv_2c_cf
R12_SAS,gas_ct,1985,2020.0,M1,0.0,,,sv_2c_cf
R12_SAS,gas_ct,1985,2025.0,M1,0.0,,,sv_2c_cf
R12_SAS,gas_ct,1985,2030.0,M1,0.0,,,sv_2c_cf
R12_SAS,gas_ct,1990,1990.0,M1,0.0,,,sv_2c_cf
R12_SAS,gas_ct,1990,1995.0,M1,0.0,,,sv_2c_cf
R12_SAS,gas_ct,1990,2000.0,M1,0.0,,,sv_2c_cf
R12_SAS,gas_ct,1990,2005.0,M1,0.0,,,sv_2c_cf
R12_SAS,gas_ct,1990,2010.0,M1,0.0,,,sv_2c_cf
R12_SAS,gas_ct,1990,2015.0,M1,0.0,,,sv_2c_cf
R12_SAS,gas_ct,1990,2020.0,M1,0.0,,,sv_2c_cf
R12_SAS,gas_ct,1990,2025.0,M1,0.0,,,sv_2c_cf
R12_SAS,gas_ct,1990,2030.0,M1,0.0,,,sv_2c_cf
R12_SAS,gas_ct,1990,2035.0,M1,0.0,,,sv_2c_cf
R12_SAS,gas_ct,1995,1995.0,M1,0.0,,,sv_2c_cf
R12_SAS,gas_ct,1995,2000.0,M1,0.0,,,sv_2c_cf
R12_SAS,gas_ct,1995,2005.0,M1,0.0,,,sv_2c_cf
R12_SAS,gas_ct,1995,2010.0,M1,0.0,,,sv_2c_cf
R12_SAS,gas_ct,1995,2015.0,M1,0.0,,,sv_2c_cf
R12_SAS,gas_ct,1995,2020.0,M1,0.0,,,sv_2c_cf
R12_SAS,gas_ct,1995,2025.0,M1,0.0,,,sv_2c_cf
R12_SAS,gas_ct,1995,2030.0,M1,0.0,,,sv_2c_cf
R12_SAS,gas_ct,1995,2035.0,M1,0.0,,,sv_2c_cf
R12_SAS,gas_ct,2000,2000.0,M1,0.0,,,sv_2c_cf
R12_SAS,gas_ct,2000,2005.0,M1,0.0,,,sv_2c_cf
R12_SAS,gas_ct,2000,2010.0,M1,0.0,,,sv_2c_cf
R12_SAS,gas_ct,2000,2015.0,M1,0.0,,,sv_2c_cf
R12_SAS,gas_ct,2000,2020.0,M1,0.0,,,sv_2c_cf
R12_SAS,gas_ct,2000,2025.0,M1,0.0,,,sv_2c_cf
R12_SAS,gas_ct,2000,2030.0,M1,0.0,,,sv_2c_cf
R12_SAS,gas_ct,2000,2035.0,M1,0.0,,,sv_2c_cf
R12_SAS,gas_ct,2000,2040.0,M1,0.0,,,sv_2c_cf
R12_SAS,gas_ct,2005,2005.0,M1,0.0,,,sv_2c_cf
R12_SAS,gas_ct,2005,2010.0,M1,0.0,,,sv_2c_cf
R12_SAS,gas_ct,2005,2015.0,M1,0.0,,,sv_2c_cf
R12_SAS,gas_ct,2005,2020.0,M1,0.0,,,sv_2c_cf
R12_SAS,gas_ct,2005,2025.0,M1,0.0,,,sv_2c_cf
R12_SAS,gas_ct,2005,2030.0,M1,0.0,,,sv_2c_cf
R12_SAS,gas_ct,2005,2035.0,M1,0.0,,,sv_2c_cf
R12_SAS,gas_ct,2005,2040.0,M1,0.0,,,sv_2c_cf
R12_SAS,gas_ct,2010,2010.0,M1,0.0,,,sv_2c_cf
R12_SAS,gas_ct,2010,2015.0,M1,0.0,,,sv_2c_cf
R12_SAS,gas_ct,2010,2020.0,M1,0.0,,,sv_2c_cf
R12_SAS,gas_ct,2010,2025.0,M1,0.0,,,sv_2c_cf
R12_SAS,gas_ct,2010,2030.0,M1,0.0,,,sv_2c_cf
R12_SAS,gas_ct,2010,2035.0,M1,0.0,,,sv_2c_cf
R12_SAS,gas_ct,2010,2040.0,M1,0.0,,,sv_2c_cf
R12_SAS,gas_ct,2010,2045.0,M1,0.0,,,sv_2c_cf
R12_SAS,gas_ct,2015,2015.0,M1,0.0,,,sv_2c_cf
R12_SAS,gas_ct,2015,2020.0,M1,0.0,,,sv_2c_cf
R12_SAS,gas_ct,2015,2025.0,M1,0.0,,,sv_2c_cf
R12_SAS,gas_ct,2015,2030.0,M1,0.0,,,sv_2c_cf
R12_SAS,gas_ct,2015,2035.0,M1,0.0,,,sv_2c_cf
R12_SAS,gas_ct,2015,2040.0,M1,0.0,,,sv_2c_cf
R12_SAS,gas_ct,2015,2045.0,M1,0.0,,,sv_2c_cf
R12_SAS,gas_ct,2020,2020.0,M1,0.0,,,sv_2c_cf
R12_SAS,gas_ct,2020,2025.0,M1,0.0,,,sv_2c_cf
R12_SAS,gas_ct,2020,2030.0,M1,0.0,,,sv_2c_cf
R12_SAS,gas_ct,2020,2035.0,M1,0.0,,,sv_2c_cf
R12_SAS,gas_ct,2020,2040.0,M1,0.0,,,sv_2c_cf
R12_SAS,gas_ct,2020,2045.0,M1,0.0,,,sv_2c_cf
R12_SAS,gas_ct,2020,2050.0,M1,0.0,,,sv_2c_cf
R12_SAS,gas_ct,2025,2025.0,M1,0.0,,,sv_2c_cf
R12_SAS,gas_ct,2025,2030.0,M1,23.21530963584649,,,sv_2c_cf
R12_SAS,gas_ct,2025,2035.0,M1,24.479190134801993,,,sv_2c_cf
R12_SAS,gas_ct,2025,2040.0,M1,21.377954475310084,,,sv_2c_cf
R12_SAS,gas_ct,2025,2045.0,M1,0.0,,,sv_2c_cf
R12_SAS,gas_ct,2025,2050.0,M1,0.0,,,sv_2c_cf
R12_SAS,gas_ct,2030,2030.0,M1,19.675378270153196,,,sv_2c_cf
R12_SAS,gas_ct,2030,2035.0,M1,22.017685207076195,,,sv_2c_cf
R12_SAS,gas_ct,2030,2040.0,M1,0.0,,,sv_2c_cf
R12_SAS,gas_ct,2030,2045.0,M1,0.0,,,sv_2c_cf
R12_SAS,gas_ct,2030,2050.0,M1,0.0,,,sv_2c_cf
R12_SAS,gas_ct,2030,2055.0,M1,0.0,,,sv_2c_cf
R12_SAS,gas_ct,2035,2035.0,M1,0.0,,,sv_2c_cf
R12_SAS,gas_ct,2035,2040.0,M1,0.0,,,sv_2c_cf
R12_SAS,gas_ct,2035,2045.0,M1,0.0,,,sv_2c_cf
R12_SAS,gas_ct,2035,2050.0,M1,0.0,,,sv_2c_cf
R12_SAS,gas_ct,2035,2055.0,M1,0.0,,,sv_2c_cf
R12_SAS,gas_ct,2035,2060.0,M1,0.0,,,sv_2c_cf
R12_SAS,gas_ct,2040,2040.0,M1,0.0,,,sv_2c_cf
R12_SAS,gas_ct,2040,2045.0,M1,0.0,,,sv_2c_cf
R12_SAS,gas_ct,2040,2050.0,M1,0.0,,,sv_2c_cf
R12_SAS,gas_ct,2040,2055.0,M1,0.0,,,sv_2c_cf
R12_SAS,gas_ct,2040,2060.0,M1,0.0,,,sv_2c_cf
R12_SAS,gas_ct,2040,2070.0,M1,0.0,,,sv_2c_cf
R12_SAS,gas_ct,2045,2045.0,M1,0.0,,,sv_2c_cf
R12_SAS,gas_ct,2045,2050.0,M1,0.0,,,sv_2c_cf
R12_SAS,gas_ct,2045,2055.0,M1,0.0,,,sv_2c_cf
R12_SAS,gas_ct,2045,2060.0,M1,0.0,,,sv_2c_cf
R12_SAS,gas_ct,2045,2070.0,M1,0.0,,,sv_2c_cf
R12_SAS,gas_ct,2050,2050.0,M1,0.0,,,sv_2c_cf
R12_SAS,gas_ct,2050,2055.0,M1,0.0,,,sv_2c_cf
R12_SAS,gas_ct,2050,2060.0,M1,0.0,,,sv_2c_cf
R12_SAS,gas_ct,2050,2070.0,M1,0.0,,,sv_2c_cf
R12_SAS,gas_ct,2050,2080.0,M1,0.0,,,sv_2c_cf
R12_SAS,gas_ct,2055,2055.0,M1,0.0,,,sv_2c_cf
R12_SAS,gas_ct,2055,2060.0,M1,0.0,,,sv_2c_cf
R12_SAS,gas_ct,2055,2070.0,M1,0.0,,,sv_2c_cf
R12_SAS,gas_ct,2055,2080.0,M1,0.0,,,sv_2c_cf
R12_SAS,gas_ct,2060,2060.0,M1,0.0,,,sv_2c_cf
R12_SAS,gas_ct,2060,2070.0,M1,0.0,,,sv_2c_cf
R12_SAS,gas_ct,2060,2080.0,M1,0.0,,,sv_2c_cf
R12_SAS,gas_ct,2060,2090.0,M1,0.0,,,sv_2c_cf
R12_SAS,gas_ct,2070,2070.0,M1,0.0,,,sv_2c_cf
R12_SAS,gas_ct,2070,2080.0,M1,0.0,,,sv_2c_cf
R12_SAS,gas_ct,2070,2090.0,M1,0.0,,,sv_2c_cf
R12_SAS,gas_ct,2080,2080.0,M1,0.0,,,sv_2c_cf
R12_SAS,gas_ct,2080,2090.0,M1,0.0,,,sv_2c_cf
R12_SAS,gas_ct,2080,2100.0,M1,0.0,,,sv_2c_cf
R12_SAS,gas_ct,2090,2090.0,M1,0.0,,,sv_2c_cf
R12_SAS,gas_ct,2090,2100.0,M1,0.0,,,sv_2c_cf
R12_SAS,gas_ct,2090,2110.0,M1,0.0,,,sv_2c_cf
R12_SAS,gas_ct,2100,2100.0,M1,0.0,,,sv_2c_cf
R12_SAS,gas_ct,2100,2110.0,M1,0.0,,,sv_2c_cf
R12_SAS,gas_ct,2110,2110.0,M1,0.0,,,sv_2c_cf
R12_SAS,gas_ppl,1960,1960.0,M1,0.0,,,sv_2c_cf
R12_SAS,gas_ppl,1960,1965.0,M1,0.0,,,sv_2c_cf
R12_SAS,gas_ppl,1960,1970.0,M1,0.0,,,sv_2c_cf
R12_SAS,gas_ppl,1960,1975.0,M1,0.0,,,sv_2c_cf
R12_SAS,gas_ppl,1960,1980.0,M1,0.0,,,sv_2c_cf
R12_SAS,gas_ppl,1960,1985.0,M1,0.0,,,sv_2c_cf
R12_SAS,gas_ppl,1960,1990.0,M1,0.0,,,sv_2c_cf
R12_SAS,gas_ppl,1960,1995.0,M1,0.0,,,sv_2c_cf
R12_SAS,gas_ppl,1960,2000.0,M1,0.0,,,sv_2c_cf
R12_SAS,gas_ppl,1960,2005.0,M1,0.0,,,sv_2c_cf
R12_SAS,gas_ppl,1960,2010.0,M1,0.0,,,sv_2c_cf
R12_SAS,gas_ppl,1960,2015.0,M1,0.0,,,sv_2c_cf
R12_SAS,gas_ppl,1960,2020.0,M1,0.0,,,sv_2c_cf
R12_SAS,gas_ppl,1960,2025.0,M1,0.0,,,sv_2c_cf
R12_SAS,gas_ppl,1965,1965.0,M1,0.0,,,sv_2c_cf
R12_SAS,gas_ppl,1965,1970.0,M1,0.0,,,sv_2c_cf
R12_SAS,gas_ppl,1965,1975.0,M1,0.0,,,sv_2c_cf
R12_SAS,gas_ppl,1965,1980.0,M1,0.0,,,sv_2c_cf
R12_SAS,gas_ppl,1965,1985.0,M1,0.0,,,sv_2c_cf
R12_SAS,gas_ppl,1965,1990.0,M1,0.0,,,sv_2c_cf
R12_SAS,gas_ppl,1965,1995.0,M1,0.0,,,sv_2c_cf
R12_SAS,gas_ppl,1965,2000.0,M1,0.0,,,sv_2c_cf
R12_SAS,gas_ppl,1965,2005.0,M1,0.0,,,sv_2c_cf
R12_SAS,gas_ppl,1965,2010.0,M1,0.0,,,sv_2c_cf
R12_SAS,gas_ppl,1965,2015.0,M1,0.0,,,sv_2c_cf
R12_SAS,gas_ppl,1965,2020.0,M1,0.0,,,sv_2c_cf
R12_SAS,gas_ppl,1965,2025.0,M1,0.0,,,sv_2c_cf
R12_SAS,gas_ppl,1970,1970.0,M1,0.0,,,sv_2c_cf
R12_SAS,gas_ppl,1970,1975.0,M1,0.0,,,sv_2c_cf
R12_SAS,gas_ppl,1970,1980.0,M1,0.0,,,sv_2c_cf
R12_SAS,gas_ppl,1970,1985.0,M1,0.0,,,sv_2c_cf
R12_SAS,gas_ppl,1970,1990.0,M1,0.0,,,sv_2c_cf
R12_SAS,gas_ppl,1970,1995.0,M1,0.0,,,sv_2c_cf
R12_SAS,gas_ppl,1970,2000.0,M1,0.0,,,sv_2c_cf
R12_SAS,gas_ppl,1970,2005.0,M1,0.0,,,sv_2c_cf
R12_SAS,gas_ppl,1970,2010.0,M1,0.0,,,sv_2c_cf
R12_SAS,gas_ppl,1970,2015.0,M1,0.0,,,sv_2c_cf
R12_SAS,gas_ppl,1970,2020.0,M1,0.0,,,sv_2c_cf
R12_SAS,gas_ppl,1970,2025.0,M1,0.0,,,sv_2c_cf
R12_SAS,gas_ppl,1970,2030.0,M1,0.0,,,sv_2c_cf
R12_SAS,gas_ppl,1975,1975.0,M1,0.0,,,sv_2c_cf
R12_SAS,gas_ppl,1975,1980.0,M1,0.0,,,sv_2c_cf
R12_SAS,gas_ppl,1975,1985.0,M1,0.0,,,sv_2c_cf
R12_SAS,gas_ppl,1975,1990.0,M1,0.0,,,sv_2c_cf
R12_SAS,gas_ppl,1975,1995.0,M1,0.0,,,sv_2c_cf
R12_SAS,gas_ppl,1975,2000.0,M1,0.0,,,sv_2c_cf
R12_SAS,gas_ppl,1975,2005.0,M1,0.0,,,sv_2c_cf
R12_SAS,gas_ppl,1975,2010.0,M1,0.0,,,sv_2c_cf
R12_SAS,gas_ppl,1975,2015.0,M1,0.0,,,sv_2c_cf
R12_SAS,gas_ppl,1975,2020.0,M1,0.0,,,sv_2c_cf
R12_SAS,gas_ppl,1975,2025.0,M1,0.0,,,sv_2c_cf
R12_SAS,gas_ppl,1975,2030.0,M1,0.0,,,sv_2c_cf
R12_SAS,gas_ppl,1980,1980.0,M1,0.0,,,sv_2c_cf
R12_SAS,gas_ppl,1980,1985.0,M1,0.0,,,sv_2c_cf
R12_SAS,gas_ppl,1980,1990.0,M1,0.0,,,sv_2c_cf
R12_SAS,gas_ppl,1980,1995.0,M1,0.0,,,sv_2c_cf
R12_SAS,gas_ppl,1980,2000.0,M1,0.0,,,sv_2c_cf
R12_SAS,gas_ppl,1980,2005.0,M1,0.0,,,sv_2c_cf
R12_SAS,gas_ppl,1980,2010.0,M1,0.0,,,sv_2c_cf
R12_SAS,gas_ppl,1980,2015.0,M1,0.0,,,sv_2c_cf
R12_SAS,gas_ppl,1980,2020.0,M1,0.0,,,sv_2c_cf
R12_SAS,gas_ppl,1980,2025.0,M1,0.0,,,sv_2c_cf
R12_SAS,gas_ppl,1980,2030.0,M1,0.0,,,sv_2c_cf
R12_SAS,gas_ppl,1980,2035.0,M1,0.0,,,sv_2c_cf
R12_SAS,gas_ppl,1985,1985.0,M1,0.0,,,sv_2c_cf
R12_SAS,gas_ppl,1985,1990.0,M1,0.0,,,sv_2c_cf
R12_SAS,gas_ppl,1985,1995.0,M1,0.0,,,sv_2c_cf
R12_SAS,gas_ppl,1985,2000.0,M1,0.0,,,sv_2c_cf
R12_SAS,gas_ppl,1985,2005.0,M1,0.0,,,sv_2c_cf
R12_SAS,gas_ppl,1985,2010.0,M1,0.0,,,sv_2c_cf
R12_SAS,gas_ppl,1985,2015.0,M1,0.0,,,sv_2c_cf
R12_SAS,gas_ppl,1985,2020.0,M1,0.0,,,sv_2c_cf
R12_SAS,gas_ppl,1985,2025.0,M1,0.0,,,sv_2c_cf
R12_SAS,gas_ppl,1985,2030.0,M1,0.0,,,sv_2c_cf
R12_SAS,gas_ppl,1985,2035.0,M1,0.0,,,sv_2c_cf
R12_SAS,gas_ppl,1990,1990.0,M1,0.0,,,sv_2c_cf
R12_SAS,gas_ppl,1990,1995.0,M1,0.0,,,sv_2c_cf
R12_SAS,gas_ppl,1990,2000.0,M1,0.0,,,sv_2c_cf
R12_SAS,gas_ppl,1990,2005.0,M1,0.0,,,sv_2c_cf
R12_SAS,gas_ppl,1990,2010.0,M1,0.0,,,sv_2c_cf
R12_SAS,gas_ppl,1990,2015.0,M1,0.0,,,sv_2c_cf
R12_SAS,gas_ppl,1990,2020.0,M1,0.0,,,sv_2c_cf
R12_SAS,gas_ppl,1990,2025.0,M1,0.0,,,sv_2c_cf
R12_SAS,gas_ppl,1990,2030.0,M1,0.0,,,sv_2c_cf
R12_SAS,gas_ppl,1990,2035.0,M1,0.0,,,sv_2c_cf
R12_SAS,gas_ppl,1990,2040.0,M1,0.0,,,sv_2c_cf
R12_SAS,gas_ppl,1995,1995.0,M1,0.0,,,sv_2c_cf
R12_SAS,gas_ppl,1995,2000.0,M1,0.0,,,sv_2c_cf
R12_SAS,gas_ppl,1995,2005.0,M1,0.0,,,sv_2c_cf
R12_SAS,gas_ppl,1995,2010.0,M1,0.0,,,sv_2c_cf
R12_SAS,gas_ppl,1995,2015.0,M1,0.0,,,sv_2c_cf
R12_SAS,gas_ppl,1995,2020.0,M1,0.0,,,sv_2c_cf
R12_SAS,gas_ppl,1995,2025.0,M1,0.0,,,sv_2c_cf
R12_SAS,gas_ppl,1995,2030.0,M1,0.0,,,sv_2c_cf
R12_SAS,gas_ppl,1995,2035.0,M1,0.0,,,sv_2c_cf
R12_SAS,gas_ppl,1995,2040.0,M1,0.0,,,sv_2c_cf
R12_SAS,gas_ppl,2000,2000.0,M1,0.0,,,sv_2c_cf
R12_SAS,gas_ppl,2000,2005.0,M1,0.0,,,sv_2c_cf
R12_SAS,gas_ppl,2000,2010.0,M1,0.0,,,sv_2c_cf
R12_SAS,gas_ppl,2000,2015.0,M1,0.0,,,sv_2c_cf
R12_SAS,gas_ppl,2000,2020.0,M1,0.0,,,sv_2c_cf
R12_SAS,gas_ppl,2000,2025.0,M1,0.0,,,sv_2c_cf
R12_SAS,gas_ppl,2000,2030.0,M1,0.0,,,sv_2c_cf
R12_SAS,gas_ppl,2000,2035.0,M1,0.0,,,sv_2c_cf
R12_SAS,gas_ppl,2000,2040.0,M1,0.0,,,sv_2c_cf
R12_SAS,gas_ppl,2000,2045.0,M1,0.0,,,sv_2c_cf
R12_SAS,gas_ppl,2005,2005.0,M1,0.0,,,sv_2c_cf
R12_SAS,gas_ppl,2005,2010.0,M1,0.0,,,sv_2c_cf
R12_SAS,gas_ppl,2005,2015.0,M1,0.0,,,sv_2c_cf
R12_SAS,gas_ppl,2005,2020.0,M1,0.0,,,sv_2c_cf
R12_SAS,gas_ppl,2005,2025.0,M1,0.0,,,sv_2c_cf
R12_SAS,gas_ppl,2005,2030.0,M1,0.0,,,sv_2c_cf
R12_SAS,gas_ppl,2005,2035.0,M1,0.0,,,sv_2c_cf
R12_SAS,gas_ppl,2005,2040.0,M1,0.0,,,sv_2c_cf
R12_SAS,gas_ppl,2005,2045.0,M1,0.0,,,sv_2c_cf
R12_SAS,gas_ppl,2010,2010.0,M1,0.0,,,sv_2c_cf
R12_SAS,gas_ppl,2010,2015.0,M1,0.0,,,sv_2c_cf
R12_SAS,gas_ppl,2010,2020.0,M1,0.0,,,sv_2c_cf
R12_SAS,gas_ppl,2010,2025.0,M1,0.0,,,sv_2c_cf
R12_SAS,gas_ppl,2010,2030.0,M1,0.0,,,sv_2c_cf
R12_SAS,gas_ppl,2010,2035.0,M1,0.0,,,sv_2c_cf
R12_SAS,gas_ppl,2010,2040.0,M1,0.0,,,sv_2c_cf
R12_SAS,gas_ppl,2010,2045.0,M1,0.0,,,sv_2c_cf
R12_SAS,gas_ppl,2010,2050.0,M1,0.0,,,sv_2c_cf
R12_SAS,gas_ppl,2015,2015.0,M1,0.0,,,sv_2c_cf
R12_SAS,gas_ppl,2015,2020.0,M1,0.0,,,sv_2c_cf
R12_SAS,gas_ppl,2015,2025.0,M1,0.0,,,sv_2c_cf
R12_SAS,gas_ppl,2015,2030.0,M1,0.0,,,sv_2c_cf
R12_SAS,gas_ppl,2015,2035.0,M1,0.0,,,sv_2c_cf
R12_SAS,gas_ppl,2015,2040.0,M1,0.0,,,sv_2c_cf
R12_SAS,gas_ppl,2015,2045.0,M1,0.0,,,sv_2c_cf
R12_SAS,gas_ppl,2015,2050.0,M1,0.0,,,sv_2c_cf
R12_SAS,gas_ppl,2020,2020.0,M1,0.0,,,sv_2c_cf
R12_SAS,gas_ppl,2020,2025.0,M1,0.0,,,sv_2c_cf
R12_SAS,gas_ppl,2020,2030.0,M1,0.0,,,sv_2c_cf
R12_SAS,gas_ppl,2020,2035.0,M1,0.0,,,sv_2c_cf
R12_SAS,gas_ppl,2020,2040.0,M1,0.0,,,sv_2c_cf
R12_SAS,gas_ppl,2020,2045.0,M1,0.0,,,sv_2c_cf
R12_SAS,gas_ppl,2020,2050.0,M1,0.0,,,sv_2c_cf
R12_SAS,gas_ppl,2025,2025.0,M1,0.0,,,sv_2c_cf
R12_SAS,gas_ppl,2025,2030.0,M1,0.0,,,sv_2c_cf
R12_SAS,gas_ppl,2025,2035.0,M1,0.0,,,sv_2c_cf
R12_SAS,gas_ppl,2025,2040.0,M1,0.0,,,sv_2c_cf
R12_SAS,gas_ppl,2025,2045.0,M1,0.0,,,sv_2c_cf
R12_SAS,gas_ppl,2025,2050.0,M1,0.0,,,sv_2c_cf
R12_SAS,gas_ppl,2030,2030.0,M1,0.0,,,sv_2c_cf
R12_SAS,gas_ppl,2030,2035.0,M1,0.0,,,sv_2c_cf
R12_SAS,gas_ppl,2030,2040.0,M1,0.0,,,sv_2c_cf
R12_SAS,gas_ppl,2030,2045.0,M1,0.0,,,sv_2c_cf
R12_SAS,gas_ppl,2030,2050.0,M1,0.0,,,sv_2c_cf
R12_SAS,gas_ppl,2030,2055.0,M1,0.0,,,sv_2c_cf
R12_SAS,gas_ppl,2035,2035.0,M1,0.0,,,sv_2c_cf
R12_SAS,gas_ppl,2035,2040.0,M1,0.0,,,sv_2c_cf
R12_SAS,gas_ppl,2035,2045.0,M1,0.0,,,sv_2c_cf
R12_SAS,gas_ppl,2035,2050.0,M1,0.0,,,sv_2c_cf
R12_SAS,gas_ppl,2035,2055.0,M1,0.0,,,sv_2c_cf
R12_SAS,gas_ppl,2035,2060.0,M1,0.0,,,sv_2c_cf
R12_SAS,gas_ppl,2040,2040.0,M1,0.0,,,sv_2c_cf
R12_SAS,gas_ppl,2040,2045.0,M1,0.0,,,sv_2c_cf
R12_SAS,gas_ppl,2040,2050.0,M1,0.0,,,sv_2c_cf
R12_SAS,gas_ppl,2040,2055.0,M1,0.0,,,sv_2c_cf
R12_SAS,gas_ppl,2040,2060.0,M1,0.0,,,sv_2c_cf
R12_SAS,gas_ppl,2040,2070.0,M1,0.0,,,sv_2c_cf
R12_SAS,gas_ppl,2045,2045.0,M1,0.0,,,sv_2c_cf
R12_SAS,gas_ppl,2045,2050.0,M1,0.0,,,sv_2c_cf
R12_SAS,gas_ppl,2045,2055.0,M1,0.0,,,sv_2c_cf
R12_SAS,gas_ppl,2045,2060.0,M1,0.0,,,sv_2c_cf
R12_SAS,gas_ppl,2045,2070.0,M1,0.0,,,sv_2c_cf
R12_SAS,gas_ppl,2050,2050.0,M1,0.0,,,sv_2c_cf
R12_SAS,gas_ppl,2050,2055.0,M1,0.0,,,sv_2c_cf
R12_SAS,gas_ppl,2050,2060.0,M1,0.0,,,sv_2c_cf
R12_SAS,gas_ppl,2050,2070.0,M1,0.0,,,sv_2c_cf
R12_SAS,gas_ppl,2050,2080.0,M1,0.0,,,sv_2c_cf
R12_SAS,gas_ppl,2055,2055.0,M1,0.0,,,sv_2c_cf
R12_SAS,gas_ppl,2055,2060.0,M1,0.0,,,sv_2c_cf
R12_SAS,gas_ppl,2055,2070.0,M1,0.0,,,sv_2c_cf
R12_SAS,gas_ppl,2055,2080.0,M1,0.0,,,sv_2c_cf
R12_SAS,gas_ppl,2060,2060.0,M1,0.0,,,sv_2c_cf
R12_SAS,gas_ppl,2060,2070.0,M1,0.0,,,sv_2c_cf
R12_SAS,gas_ppl,2060,2080.0,M1,0.0,,,sv_2c_cf
R12_SAS,gas_ppl,2060,2090.0,M1,0.0,,,sv_2c_cf
R12_SAS,gas_ppl,2070,2070.0,M1,0.0,,,sv_2c_cf
R12_SAS,gas_ppl,2070,2080.0,M1,0.0,,,sv_2c_cf
R12_SAS,gas_ppl,2070,2090.0,M1,0.0,,,sv_2c_cf
R12_SAS,gas_ppl,2080,2080.0,M1,0.0,,,sv_2c_cf
R12_SAS,gas_ppl,2080,2090.0,M1,0.0,,,sv_2c_cf
R12_SAS,gas_ppl,2080,2100.0,M1,0.0,,,sv_2c_cf
R12_SAS,gas_ppl,2090,2090.0,M1,0.0,,,sv_2c_cf
R12_SAS,gas_ppl,2090,2100.0,M1,0.0,,,sv_2c_cf
R12_SAS,gas_ppl,2090,2110.0,M1,0.0,,,sv_2c_cf
R12_SAS,gas_ppl,2100,2100.0,M1,0.0,,,sv_2c_cf
R12_SAS,gas_ppl,2100,2110.0,M1,0.0,,,sv_2c_cf
R12_SAS,gas_ppl,2110,2110.0,M1,0.0,,,sv_2c_cf
R12_SAS,igcc,2010,2010.0,M1,0.0,0.0,1295.59,sv_2c_cf
R12_SAS,igcc,2010,2015.0,M1,0.0,,1295.59,sv_2c_cf
R12_SAS,igcc,2010,2020.0,M1,0.0,,1295.59,sv_2c_cf
R12_SAS,igcc,2010,2025.0,M1,0.0,,1295.59,sv_2c_cf
R12_SAS,igcc,2010,2030.0,M1,0.0,0.0,1295.59,sv_2c_cf
R12_SAS,igcc,2010,2035.0,M1,0.0,0.0,1295.59,sv_2c_cf
R12_SAS,igcc,2015,2015.0,M1,0.0,0.0,1295.59,sv_2c_cf
R12_SAS,igcc,2015,2020.0,M1,0.0,,1295.59,sv_2c_cf
R12_SAS,igcc,2015,2025.0,M1,0.0,,1295.59,sv_2c_cf
R12_SAS,igcc,2015,2030.0,M1,0.0,0.0,1295.59,sv_2c_cf
R12_SAS,igcc,2015,2035.0,M1,0.0,0.0,1295.59,sv_2c_cf
R12_SAS,igcc,2015,2040.0,M1,0.0,0.0,1295.59,sv_2c_cf
R12_SAS,igcc,2020,2020.0,M1,0.0,0.0,1296.0,sv_2c_cf
R12_SAS,igcc,2020,2025.0,M1,0.0,,1296.0,sv_2c_cf
R12_SAS,igcc,2020,2030.0,M1,0.0,0.0,1296.0,sv_2c_cf
R12_SAS,igcc,2020,2035.0,M1,0.0,0.0,1296.0,sv_2c_cf
R12_SAS,igcc,2020,2040.0,M1,0.0,0.0,1296.0,sv_2c_cf
R12_SAS,igcc,2020,2045.0,M1,0.0,0.0,1296.0,sv_2c_cf
R12_SAS,igcc,2025,2025.0,M1,0.0,0.0,1296.0,sv_2c_cf
R12_SAS,igcc,2025,2030.0,M1,0.0,0.0,1296.0,sv_2c_cf
R12_SAS,igcc,2025,2035.0,M1,0.0,0.0,1296.0,sv_2c_cf
R12_SAS,igcc,2025,2040.0,M1,0.0,0.0,1296.0,sv_2c_cf
R12_SAS,igcc,2025,2045.0,M1,0.0,0.0,1296.0,sv_2c_cf
R12_SAS,igcc,2025,2050.0,M1,0.0,0.0,1296.0,sv_2c_cf
R12_SAS,igcc,2030,2030.0,M1,0.0,0.0,1234.752100406148,sv_2c_cf
R12_SAS,igcc,2030,2035.0,M1,0.0,0.0,1234.752100406148,sv_2c_cf
R12_SAS,igcc,2030,2040.0,M1,0.0,0.0,1234.752100406148,sv_2c_cf
R12_SAS,igcc,2030,2045.0,M1,0.0,0.0,1234.752100406148,sv_2c_cf
R12_SAS,igcc,2030,2050.0,M1,0.0,0.0,1234.752100406148,sv_2c_cf
R12_SAS,igcc,2030,2055.0,M1,0.0,0.0,1234.752100406148,sv_2c_cf
R12_SAS,igcc,2035,2035.0,M1,0.0,0.0,1187.3882403530977,sv_2c_cf
R12_SAS,igcc,2035,2040.0,M1,0.0,0.0,1187.3882403530977,sv_2c_cf
R12_SAS,igcc,2035,2045.0,M1,0.0,0.0,1187.3882403530977,sv_2c_cf
R12_SAS,igcc,2035,2050.0,M1,0.0,0.0,1187.3882403530977,sv_2c_cf
R12_SAS,igcc,2035,2055.0,M1,0.0,0.0,1187.3882403530977,sv_2c_cf
R12_SAS,igcc,2035,2060.0,M1,0.0,0.0,1187.3882403530977,sv_2c_cf
R12_SAS,igcc,2040,2040.0,M1,0.0,0.0,1151.737829876362,sv_2c_cf
R12_SAS,igcc,2040,2045.0,M1,0.0,0.0,1151.737829876362,sv_2c_cf
R12_SAS,igcc,2040,2050.0,M1,0.0,0.0,1151.737829876362,sv_2c_cf
R12_SAS,igcc,2040,2055.0,M1,0.0,0.0,1151.737829876362,sv_2c_cf
R12_SAS,igcc,2040,2060.0,M1,0.0,0.0,1151.737829876362,sv_2c_cf
R12_SAS,igcc,2040,2070.0,M1,0.0,0.0,1151.737829876362,sv_2c_cf
R12_SAS,igcc,2045,2045.0,M1,0.0,0.0,1125.9916220485622,sv_2c_cf
R12_SAS,igcc,2045,2050.0,M1,0.0,0.0,1125.9916220485622,sv_2c_cf
R12_SAS,igcc,2045,2055.0,M1,0.0,0.0,1125.9916220485622,sv_2c_cf
R12_SAS,igcc,2045,2060.0,M1,0.0,0.0,1125.9916220485622,sv_2c_cf
R12_SAS,igcc,2045,2070.0,M1,0.0,0.0,1125.9916220485622,sv_2c_cf
R12_SAS,igcc,2050,2050.0,M1,0.0,0.0,1108.6893037440536,sv_2c_cf
R12_SAS,igcc,2050,2055.0,M1,0.0,0.0,1108.6893037440536,sv_2c_cf
R12_SAS,igcc,2050,2060.0,M1,0.0,0.0,1108.6893037440536,sv_2c_cf
R12_SAS,igcc,2050,2070.0,M1,0.0,0.0,1108.6893037440536,sv_2c_cf
R12_SAS,igcc,2050,2080.0,M1,0.0,0.0,1108.6893037440536,sv_2c_cf
R12_SAS,igcc,2055,2055.0,M1,0.0,0.0,1098.0716438825777,sv_2c_cf
R12_SAS,igcc,2055,2060.0,M1,0.0,0.0,1098.0716438825777,sv_2c_cf
R12_SAS,igcc,2055,2070.0,M1,0.0,0.0,1098.0716438825777,sv_2c_cf
R12_SAS,igcc,2055,2080.0,M1,0.0,0.0,1098.0716438825777,sv_2c_cf
R12_SAS,igcc,2060,2060.0,M1,0.0,0.0,1093.120087704303,sv_2c_cf
R12_SAS,igcc,2060,2070.0,M1,0.0,0.0,1093.120087704303,sv_2c_cf
R12_SAS,igcc,2060,2080.0,M1,0.0,0.0,1093.120087704303,sv_2c_cf
R12_SAS,igcc,2060,2090.0,M1,0.0,0.0,1093.120087704303,sv_2c_cf
R12_SAS,igcc,2070,2070.0,M1,0.0,0.0,1096.4558141009595,sv_2c_cf
R12_SAS,igcc,2070,2080.0,M1,0.0,0.0,1096.4558141009595,sv_2c_cf
R12_SAS,igcc,2070,2090.0,M1,0.0,0.0,1096.4558141009595,sv_2c_cf
R12_SAS,igcc,2080,2080.0,M1,0.0,0.0,1112.2044794727753,sv_2c_cf
R12_SAS,igcc,2080,2090.0,M1,0.0,0.0,1112.2044794727753,sv_2c_cf
R12_SAS,igcc,2080,2100.0,M1,0.0,0.0,1112.2044794727753,sv_2c_cf
R12_SAS,igcc,2090,2090.0,M1,0.0,0.0,1133.3890660849843,sv_2c_cf
R12_SAS,igcc,2090,2100.0,M1,0.0,0.0,1133.3890660849843,sv_2c_cf
R12_SAS,igcc,2090,2110.0,M1,0.0,0.0,1133.3890660849843,sv_2c_cf
R12_SAS,igcc,2100,2100.0,M1,0.0,0.0,1157.8023644064774,sv_2c_cf
R12_SAS,igcc,2100,2110.0,M1,0.0,0.0,1157.8023644064774,sv_2c_cf
R12_SAS,igcc,2110,2110.0,M1,0.0,0.0,1157.8023644064774,sv_2c_cf
R12_SAS,igcc_ccs,2030,2030.0,M1,0.0,0.0,3229.5379172270646,sv_2c_cf
R12_SAS,igcc_ccs,2030,2035.0,M1,0.0,0.0,3229.5379172270646,sv_2c_cf
R12_SAS,igcc_ccs,2030,2040.0,M1,0.0,0.0,3229.5379172270646,sv_2c_cf
R12_SAS,igcc_ccs,2030,2045.0,M1,0.0,0.0,3229.5379172270646,sv_2c_cf
R12_SAS,igcc_ccs,2030,2050.0,M1,0.0,0.0,3229.5379172270646,sv_2c_cf
R12_SAS,igcc_ccs,2030,2055.0,M1,0.0,0.0,3229.5379172270646,sv_2c_cf
R12_SAS,igcc_ccs,2035,2035.0,M1,0.0,0.0,3090.749495700869,sv_2c_cf
R12_SAS,igcc_ccs,2035,2040.0,M1,0.0,0.0,3090.749495700869,sv_2c_cf
R12_SAS,igcc_ccs,2035,2045.0,M1,0.0,0.0,3090.749495700869,sv_2c_cf
R12_SAS,igcc_ccs,2035,2050.0,M1,0.0,0.0,3090.749495700869,sv_2c_cf
R12_SAS,igcc_ccs,2035,2055.0,M1,0.0,0.0,3090.749495700869,sv_2c_cf
R12_SAS,igcc_ccs,2035,2060.0,M1,0.0,0.0,3090.749495700869,sv_2c_cf
R12_SAS,igcc_ccs,2040,2040.0,M1,0.0,0.0,2983.5929414900866,sv_2c_cf
R12_SAS,igcc_ccs,2040,2045.0,M1,0.0,0.0,2983.5929414900866,sv_2c_cf
R12_SAS,igcc_ccs,2040,2050.0,M1,0.0,0.0,2983.5929414900866,sv_2c_cf
R12_SAS,igcc_ccs,2040,2055.0,M1,0.0,0.0,2983.5929414900866,sv_2c_cf
R12_SAS,igcc_ccs,2040,2060.0,M1,0.0,0.0,2983.5929414900866,sv_2c_cf
R12_SAS,igcc_ccs,2040,2070.0,M1,0.0,0.0,2983.5929414900866,sv_2c_cf
R12_SAS,igcc_ccs,2045,2045.0,M1,0.0,0.0,2902.6786865248187,sv_2c_cf
R12_SAS,igcc_ccs,2045,2050.0,M1,0.0,0.0,2902.6786865248187,sv_2c_cf
R12_SAS,igcc_ccs,2045,2055.0,M1,0.0,0.0,2902.6786865248187,sv_2c_cf
R12_SAS,igcc_ccs,2045,2060.0,M1,0.0,0.0,2902.6786865248187,sv_2c_cf
R12_SAS,igcc_ccs,2045,2070.0,M1,0.0,0.0,2902.6786865248187,sv_2c_cf
R12_SAS,igcc_ccs,2050,2050.0,M1,0.0,0.0,2843.67123908905,sv_2c_cf
R12_SAS,igcc_ccs,2050,2055.0,M1,0.0,0.0,2843.67123908905,sv_2c_cf
R12_SAS,igcc_ccs,2050,2060.0,M1,0.0,0.0,2843.67123908905,sv_2c_cf
R12_SAS,igcc_ccs,2050,2070.0,M1,0.0,0.0,2843.67123908905,sv_2c_cf
R12_SAS,igcc_ccs,2050,2080.0,M1,0.0,0.0,2843.67123908905,sv_2c_cf
R12_SAS,igcc_ccs,2055,2055.0,M1,0.0,0.0,2802.070609996991,sv_2c_cf
R12_SAS,igcc_ccs,2055,2060.0,M1,0.0,0.0,2802.070609996991,sv_2c_cf
R12_SAS,igcc_ccs,2055,2070.0,M1,0.0,0.0,2802.070609996991,sv_2c_cf
R12_SAS,igcc_ccs,2055,2080.0,M1,0.0,0.0,2802.070609996991,sv_2c_cf
R12_SAS,igcc_ccs,2060,2060.0,M1,0.0,0.0,2774.954000835659,sv_2c_cf
R12_SAS,igcc_ccs,2060,2070.0,M1,0.0,0.0,2774.954000835659,sv_2c_cf
R12_SAS,igcc_ccs,2060,2080.0,M1,0.0,0.0,2774.954000835659,sv_2c_cf
R12_SAS,igcc_ccs,2060,2090.0,M1,0.0,0.0,2774.954000835659,sv_2c_cf
R12_SAS,igcc_ccs,2070,2070.0,M1,0.0,0.0,2754.1281862100714,sv_2c_cf
R12_SAS,igcc_ccs,2070,2080.0,M1,0.0,0.0,2754.1281862100714,sv_2c_cf
R12_SAS,igcc_ccs,2070,2090.0,M1,0.0,0.0,2754.1281862100714,sv_2c_cf
R12_SAS,igcc_ccs,2080,2080.0,M1,0.0,0.0,2764.514100913078,sv_2c_cf
R12_SAS,igcc_ccs,2080,2090.0,M1,0.0,0.0,2764.514100913078,sv_2c_cf
R12_SAS,igcc_ccs,2080,2100.0,M1,0.0,0.0,2764.514100913078,sv_2c_cf
R12_SAS,igcc_ccs,2090,2090.0,M1,0.0,0.0,2790.51049553304,sv_2c_cf
R12_SAS,igcc_ccs,2090,2100.0,M1,0.0,0.0,2790.51049553304,sv_2c_cf
R12_SAS,igcc_ccs,2090,2110.0,M1,0.0,0.0,2790.51049553304,sv_2c_cf
R12_SAS,igcc_ccs,2100,2100.0,M1,0.0,0.0,2826.0669428428287,sv_2c_cf
R12_SAS,igcc_ccs,2100,2110.0,M1,0.0,0.0,2826.0669428428287,sv_2c_cf
R12_SAS,igcc_ccs,2110,2110.0,M1,0.0,0.0,2826.0669428428287,sv_2c_cf
R12_CHN,coal_adv_cfNH3,1995,1995.0,M2,0.0,0.0,,sv_2c_cf
R12_CHN,coal_adv_cfNH3,1995,2000.0,M2,0.0,,,sv_2c_cf
R12_CHN,coal_adv_cfNH3,1995,2005.0,M2,0.0,,,sv_2c_cf
R12_CHN,coal_adv_cfNH3,1995,2010.0,M2,0.0,,,sv_2c_cf
R12_CHN,coal_adv_cfNH3,1995,2015.0,M2,0.0,,,sv_2c_cf
R12_CHN,coal_adv_cfNH3,1995,2020.0,M2,0.0,,,sv_2c_cf
R12_CHN,coal_adv_cfNH3,1995,2025.0,M2,0.0,,,sv_2c_cf
R12_CHN,coal_adv_cfNH3,2000,2000.0,M2,0.0,0.0,,sv_2c_cf
R12_CHN,coal_adv_cfNH3,2000,2005.0,M2,0.0,,,sv_2c_cf
R12_CHN,coal_adv_cfNH3,2000,2010.0,M2,0.0,,,sv_2c_cf
R12_CHN,coal_adv_cfNH3,2000,2015.0,M2,0.0,,,sv_2c_cf
R12_CHN,coal_adv_cfNH3,2000,2020.0,M2,0.0,,,sv_2c_cf
R12_CHN,coal_adv_cfNH3,2000,2025.0,M2,0.0,,,sv_2c_cf
R12_CHN,coal_adv_cfNH3,2005,2005.0,M2,0.0,0.0,,sv_2c_cf
R12_CHN,coal_adv_cfNH3,2005,2010.0,M2,0.0,,,sv_2c_cf
R12_CHN,coal_adv_cfNH3,2005,2015.0,M2,0.0,,,sv_2c_cf
R12_CHN,coal_adv_cfNH3,2005,2020.0,M2,0.0,,,sv_2c_cf
R12_CHN,coal_adv_cfNH3,2005,2025.0,M2,0.0,,,sv_2c_cf
R12_CHN,coal_adv_cfNH3,2005,2030.0,M2,0.0,0.0,,sv_2c_cf
R12_CHN,coal_adv_cfNH3,2010,2010.0,M2,0.0,0.0,,sv_2c_cf
R12_CHN,coal_adv_cfNH3,2010,2015.0,M2,0.0,,,sv_2c_cf
R12_CHN,coal_adv_cfNH3,2010,2020.0,M2,0.0,,,sv_2c_cf
R12_CHN,coal_adv_cfNH3,2010,2025.0,M2,0.0,,,sv_2c_cf
R12_CHN,coal_adv_cfNH3,2010,2030.0,M2,0.0,0.0,,sv_2c_cf
R12_CHN,coal_adv_cfNH3,2010,2035.0,M2,0.0,0.0,,sv_2c_cf
R12_CHN,coal_adv_cfNH3,2015,2015.0,M2,0.0,0.0,,sv_2c_cf
R12_CHN,coal_adv_cfNH3,2015,2020.0,M2,0.0,,,sv_2c_cf
R12_CHN,coal_adv_cfNH3,2015,2025.0,M2,0.0,,,sv_2c_cf
R12_CHN,coal_adv_cfNH3,2015,2030.0,M2,0.0,0.0,,sv_2c_cf
R12_CHN,coal_adv_cfNH3,2015,2035.0,M2,0.0,0.0,,sv_2c_cf
R12_CHN,coal_adv_cfNH3,2015,2040.0,M2,0.0,0.0,,sv_2c_cf
R12_CHN,coal_adv_cfNH3,2020,2020.0,M2,0.0,0.0,52.18525766470972,sv_2c_cf
R12_CHN,coal_adv_cfNH3,2020,2025.0,M2,0.0,,52.18525766470972,sv_2c_cf
R12_CHN,coal_adv_cfNH3,2020,2030.0,M2,0.0,0.0,52.18525766470972,sv_2c_cf
R12_CHN,coal_adv_cfNH3,2020,2035.0,M2,0.0,0.0,52.18525766470972,sv_2c_cf
R12_CHN,coal_adv_cfNH3,2020,2040.0,M2,0.0,0.0,52.18525766470972,sv_2c_cf
R12_CHN,coal_adv_cfNH3,2020,2045.0,M2,0.0,0.0,52.18525766470972,sv_2c_cf
R12_CHN,coal_adv_cfNH3,2025,2025.0,M2,0.0,0.0,52.18525766470972,sv_2c_cf
R12_CHN,coal_adv_cfNH3,2025,2030.0,M2,0.0,0.0,52.18525766470972,sv_2c_cf
R12_CHN,coal_adv_cfNH3,2025,2035.0,M2,0.0,0.0,52.18525766470972,sv_2c_cf
R12_CHN,coal_adv_cfNH3,2025,2040.0,M2,0.0,0.0,52.18525766470972,sv_2c_cf
R12_CHN,coal_adv_cfNH3,2025,2045.0,M2,0.0,0.0,52.18525766470972,sv_2c_cf
R12_CHN,coal_adv_cfNH3,2025,2050.0,M2,0.0,0.0,52.18525766470972,sv_2c_cf
R12_CHN,coal_adv_cfNH3,2030,2030.0,M2,0.0,0.0,52.18525766470972,sv_2c_cf
R12_CHN,coal_adv_cfNH3,2030,2035.0,M2,0.0,0.0,52.18525766470972,sv_2c_cf
R12_CHN,coal_adv_cfNH3,2030,2040.0,M2,0.0,0.0,52.18525766470972,sv_2c_cf
R12_CHN,coal_adv_cfNH3,2030,2045.0,M2,0.0,0.0,52.18525766470972,sv_2c_cf
R12_CHN,coal_adv_cfNH3,2030,2050.0,M2,0.0,0.0,52.18525766470972,sv_2c_cf
R12_CHN,coal_adv_cfNH3,2030,2055.0,M2,0.0,0.0,52.18525766470972,sv_2c_cf
R12_CHN,coal_adv_cfNH3,2035,2035.0,M2,0.0,0.0,51.204627115329906,sv_2c_cf
R12_CHN,coal_adv_cfNH3,2035,2040.0,M2,0.0,0.0,51.204627115329906,sv_2c_cf
R12_CHN,coal_adv_cfNH3,2035,2045.0,M2,0.0,0.0,51.204627115329906,sv_2c_cf
R12_CHN,coal_adv_cfNH3,2035,2050.0,M2,0.0,0.0,51.204627115329906,sv_2c_cf
R12_CHN,coal_adv_cfNH3,2035,2055.0,M2,0.0,0.0,51.204627115329906,sv_2c_cf
R12_CHN,coal_adv_cfNH3,2035,2060.0,M2,0.0,0.0,51.204627115329906,sv_2c_cf
R12_CHN,coal_adv_cfNH3,2040,2040.0,M2,0.0,0.0,50.18944468667901,sv_2c_cf
R12_CHN,coal_adv_cfNH3,2040,2045.0,M2,0.0,0.0,50.18944468667901,sv_2c_cf
R12_CHN,coal_adv_cfNH3,2040,2050.0,M2,0.0,0.0,50.18944468667901,sv_2c_cf
R12_CHN,coal_adv_cfNH3,2040,2055.0,M2,0.0,0.0,50.18944468667901,sv_2c_cf
R12_CHN,coal_adv_cfNH3,2040,2060.0,M2,0.0,0.0,50.18944468667901,sv_2c_cf
R12_CHN,coal_adv_cfNH3,2040,2070.0,M2,0.0,0.0,50.18944468667901,sv_2c_cf
R12_CHN,coal_adv_cfNH3,2045,2045.0,M2,0.0,0.0,49.54349988438194,sv_2c_cf
R12_CHN,coal_adv_cfNH3,2045,2050.0,M2,0.0,0.0,49.54349988438194,sv_2c_cf
R12_CHN,coal_adv_cfNH3,2045,2055.0,M2,0.0,0.0,49.54349988438194,sv_2c_cf
R12_CHN,coal_adv_cfNH3,2045,2060.0,M2,0.0,0.0,49.54349988438194,sv_2c_cf
R12_CHN,coal_adv_cfNH3,2045,2070.0,M2,0.0,0.0,49.54349988438194,sv_2c_cf
R12_CHN,coal_adv_cfNH3,2050,2050.0,M2,0.0,0.0,49.232607488715175,sv_2c_cf
R12_CHN,coal_adv_cfNH3,2050,2055.0,M2,0.0,0.0,49.232607488715175,sv_2c_cf
R12_CHN,coal_adv_cfNH3,2050,2060.0,M2,0.0,0.0,49.232607488715175,sv_2c_cf
R12_CHN,coal_adv_cfNH3,2050,2070.0,M2,0.0,0.0,49.232607488715175,sv_2c_cf
R12_CHN,coal_adv_cfNH3,2050,2080.0,M2,0.0,0.0,49.232607488715175,sv_2c_cf
R12_CHN,coal_adv_cfNH3,2055,2055.0,M2,0.0,0.0,49.10855375004877,sv_2c_cf
R12_CHN,coal_adv_cfNH3,2055,2060.0,M2,0.0,0.0,49.10855375004877,sv_2c_cf
R12_CHN,coal_adv_cfNH3,2055,2070.0,M2,0.0,0.0,49.10855375004877,sv_2c_cf
R12_CHN,coal_adv_cfNH3,2055,2080.0,M2,0.0,0.0,49.10855375004877,sv_2c_cf
R12_CHN,coal_adv_cfNH3,2060,2060.0,M2,0.0,0.0,49.10855375004877,sv_2c_cf
R12_CHN,coal_adv_cfNH3,2060,2070.0,M2,0.0,0.0,49.10855375004877,sv_2c_cf
R12_CHN,coal_adv_cfNH3,2060,2080.0,M2,0.0,0.0,49.10855375004877,sv_2c_cf
R12_CHN,coal_adv_cfNH3,2060,2090.0,M2,0.0,0.0,49.10855375004877,sv_2c_cf
R12_CHN,coal_adv_cfNH3,2070,2070.0,M2,0.0,0.0,49.10855375004877,sv_2c_cf
R12_CHN,coal_adv_cfNH3,2070,2080.0,M2,0.0,0.0,49.10855375004877,sv_2c_cf
R12_CHN,coal_adv_cfNH3,2070,2090.0,M2,0.0,0.0,49.10855375004877,sv_2c_cf
R12_CHN,coal_adv_cfNH3,2080,2080.0,M2,0.0,0.0,49.10855375004877,sv_2c_cf
R12_CHN,coal_adv_cfNH3,2080,2090.0,M2,0.0,0.0,49.10855375004877,sv_2c_cf
R12_CHN,coal_adv_cfNH3,2080,2100.0,M2,0.0,0.0,49.10855375004877,sv_2c_cf
R12_CHN,coal_adv_cfNH3,2090,2090.0,M2,0.0,0.0,49.10855375004877,sv_2c_cf
R12_CHN,coal_adv_cfNH3,2090,2100.0,M2,0.0,0.0,49.10855375004877,sv_2c_cf
R12_CHN,coal_adv_cfNH3,2090,2110.0,M2,0.0,0.0,49.10855375004877,sv_2c_cf
R12_CHN,coal_adv_cfNH3,2100,2100.0,M2,0.0,0.0,49.10855375004877,sv_2c_cf
R12_CHN,coal_adv_cfNH3,2100,2110.0,M2,0.0,0.0,49.10855375004877,sv_2c_cf
R12_CHN,coal_adv_cfNH3,2110,2110.0,M2,0.0,0.0,49.10855375004877,sv_2c_cf
R12_CHN,coal_ppl_cfNH3,1995,1995.0,M2,0.0,0.0,,sv_2c_cf
R12_CHN,coal_ppl_cfNH3,1995,2000.0,M2,0.0,,,sv_2c_cf
R12_CHN,coal_ppl_cfNH3,1995,2005.0,M2,0.0,,,sv_2c_cf
R12_CHN,coal_ppl_cfNH3,1995,2010.0,M2,0.0,,,sv_2c_cf
R12_CHN,coal_ppl_cfNH3,1995,2015.0,M2,0.0,,,sv_2c_cf
R12_CHN,coal_ppl_cfNH3,1995,2020.0,M2,0.0,,,sv_2c_cf
R12_CHN,coal_ppl_cfNH3,1995,2025.0,M2,0.0,,,sv_2c_cf
R12_CHN,coal_ppl_cfNH3,1995,2030.0,,,0.0,,sv_2c_cf
R12_CHN,coal_ppl_cfNH3,2000,2000.0,M2,0.0,0.0,,sv_2c_cf
R12_CHN,coal_ppl_cfNH3,2000,2005.0,M2,0.0,,,sv_2c_cf
R12_CHN,coal_ppl_cfNH3,2000,2010.0,M2,0.0,,,sv_2c_cf
R12_CHN,coal_ppl_cfNH3,2000,2015.0,M2,0.0,,,sv_2c_cf
R12_CHN,coal_ppl_cfNH3,2000,2020.0,M2,0.0,,,sv_2c_cf
R12_CHN,coal_ppl_cfNH3,2000,2025.0,M2,0.0,,,sv_2c_cf
R12_CHN,coal_ppl_cfNH3,2000,2030.0,,,0.0,,sv_2c_cf
R12_CHN,coal_ppl_cfNH3,2000,2035.0,,,0.0,,sv_2c_cf
R12_CHN,coal_ppl_cfNH3,2005,2005.0,M2,0.0,0.0,,sv_2c_cf
R12_CHN,coal_ppl_cfNH3,2005,2010.0,M2,0.0,,,sv_2c_cf
R12_CHN,coal_ppl_cfNH3,2005,2015.0,M2,0.0,,,sv_2c_cf
R12_CHN,coal_ppl_cfNH3,2005,2020.0,M2,0.0,,,sv_2c_cf
R12_CHN,coal_ppl_cfNH3,2005,2025.0,M2,0.0,,,sv_2c_cf
R12_CHN,coal_ppl_cfNH3,2005,2030.0,M2,0.0,0.0,,sv_2c_cf
R12_CHN,coal_ppl_cfNH3,2005,2035.0,,,0.0,,sv_2c_cf
R12_CHN,coal_ppl_cfNH3,2010,2010.0,M2,0.0,0.0,,sv_2c_cf
R12_CHN,coal_ppl_cfNH3,2010,2015.0,M2,0.0,,,sv_2c_cf
R12_CHN,coal_ppl_cfNH3,2010,2020.0,M2,0.0,,,sv_2c_cf
R12_CHN,coal_ppl_cfNH3,2010,2025.0,M2,0.0,,,sv_2c_cf
R12_CHN,coal_ppl_cfNH3,2010,2030.0,M2,0.0,0.0,,sv_2c_cf
R12_CHN,coal_ppl_cfNH3,2010,2035.0,M2,0.0,0.0,,sv_2c_cf
R12_CHN,coal_ppl_cfNH3,2010,2040.0,,,0.0,,sv_2c_cf
R12_CHN,coal_ppl_cfNH3,2015,2015.0,M2,0.0,0.0,,sv_2c_cf
R12_CHN,coal_ppl_cfNH3,2015,2020.0,M2,0.0,,,sv_2c_cf
R12_CHN,coal_ppl_cfNH3,2015,2025.0,M2,0.0,,,sv_2c_cf
R12_CHN,coal_ppl_cfNH3,2015,2030.0,M2,0.0,0.0,,sv_2c_cf
R12_CHN,coal_ppl_cfNH3,2015,2035.0,M2,0.0,0.0,,sv_2c_cf
R12_CHN,coal_ppl_cfNH3,2015,2040.0,M2,0.0,0.0,,sv_2c_cf
R12_CHN,coal_ppl_cfNH3,2020,2020.0,M2,0.0,0.0,52.18525766470972,sv_2c_cf
R12_CHN,coal_ppl_cfNH3,2020,2025.0,M2,0.0,,52.18525766470972,sv_2c_cf
R12_CHN,coal_ppl_cfNH3,2020,2030.0,M2,0.0,0.0,52.18525766470972,sv_2c_cf
R12_CHN,coal_ppl_cfNH3,2020,2035.0,M2,0.0,0.0,52.18525766470972,sv_2c_cf
R12_CHN,coal_ppl_cfNH3,2020,2040.0,M2,0.0,0.0,52.18525766470972,sv_2c_cf
R12_CHN,coal_ppl_cfNH3,2020,2045.0,M2,0.0,0.0,52.18525766470972,sv_2c_cf
R12_CHN,coal_ppl_cfNH3,2025,2025.0,M2,0.0,0.0,52.18525766470972,sv_2c_cf
R12_CHN,coal_ppl_cfNH3,2025,2030.0,M2,0.0,0.0,52.18525766470972,sv_2c_cf
R12_CHN,coal_ppl_cfNH3,2025,2035.0,M2,0.0,0.0,52.18525766470972,sv_2c_cf
R12_CHN,coal_ppl_cfNH3,2025,2040.0,M2,0.0,0.0,52.18525766470972,sv_2c_cf
R12_CHN,coal_ppl_cfNH3,2025,2045.0,M2,0.0,0.0,52.18525766470972,sv_2c_cf
R12_CHN,coal_ppl_cfNH3,2025,2050.0,M2,0.0,0.0,52.18525766470972,sv_2c_cf
R12_CHN,coal_ppl_cfNH3,2030,2030.0,M2,5.336743184079991,10.408080320000002,52.18525766470972,sv_2c_cf
R12_CHN,coal_ppl_cfNH3,2030,2035.0,M2,4.941236131920001,10.408080320000002,52.18525766470972,sv_2c_cf
R12_CHN,coal_ppl_cfNH3,2030,2040.0,M2,8.846868272000002,10.408080320000002,52.18525766470972,sv_2c_cf
R12_CHN,coal_ppl_cfNH3,2030,2045.0,M2,8.846868272000002,10.408080320000002,52.18525766470972,sv_2c_cf
R12_CHN,coal_ppl_cfNH3,2030,2050.0,M2,0.0,10.408080320000002,52.18525766470972,sv_2c_cf
R12_CHN,coal_ppl_cfNH3,2030,2055.0,M2,0.0,10.408080320000002,52.18525766470972,sv_2c_cf
R12_CHN,coal_ppl_cfNH3,2035,2035.0,M2,10.396760089251098,21.89944199947572,51.204627115329906,sv_2c_cf
R12_CHN,coal_ppl_cfNH3,2035,2040.0,M2,18.61452569955436,21.89944199947572,51.204627115329906,sv_2c_cf
R12_CHN,coal_ppl_cfNH3,2035,2045.0,M2,18.61452569955436,21.89944199947572,51.204627115329906,sv_2c_cf
R12_CHN,coal_ppl_cfNH3,2035,2050.0,M2,0.0,21.89944199947572,51.204627115329906,sv_2c_cf
R12_CHN,coal_ppl_cfNH3,2035,2055.0,M2,0.0,21.89944199947572,51.204627115329906,sv_2c_cf
R12_CHN,coal_ppl_cfNH3,2035,2060.0,M2,0.0,21.89944199947572,51.204627115329906,sv_2c_cf
R12_CHN,coal_ppl_cfNH3,2040,2040.0,M2,20.551940485551018,24.178753512412964,50.18944468667901,sv_2c_cf
R12_CHN,coal_ppl_cfNH3,2040,2045.0,M2,20.551940485551018,24.178753512412964,50.18944468667901,sv_2c_cf
R12_CHN,coal_ppl_cfNH3,2040,2050.0,M2,20.551940485551018,24.178753512412964,50.18944468667901,sv_2c_cf
R12_CHN,coal_ppl_cfNH3,2040,2055.0,M2,14.895348778805985,24.178753512412964,50.18944468667901,sv_2c_cf
R12_CHN,coal_ppl_cfNH3,2040,2060.0,M2,0.0,24.178753512412964,50.18944468667901,sv_2c_cf
R12_CHN,coal_ppl_cfNH3,2040,2070.0,M2,0.0,12.089376756206482,50.18944468667901,sv_2c_cf
R12_CHN,coal_ppl_cfNH3,2045,2045.0,M2,20.708028244785726,24.36238617033615,49.54349988438194,sv_2c_cf
R12_CHN,coal_ppl_cfNH3,2045,2050.0,M2,16.155402130841978,24.36238617033615,49.54349988438194,sv_2c_cf
R12_CHN,coal_ppl_cfNH3,2045,2055.0,M2,0.0,24.36238617033615,49.54349988438194,sv_2c_cf
R12_CHN,coal_ppl_cfNH3,2045,2060.0,M2,0.0,24.36238617033615,49.54349988438194,sv_2c_cf
R12_CHN,coal_ppl_cfNH3,2045,2070.0,M2,0.0,24.36238617033615,49.54349988438194,sv_2c_cf
R12_CHN,coal_ppl_cfNH3,2050,2050.0,M2,6.785606695251391,7.983066700295755,49.232607488715175,sv_2c_cf
R12_CHN,coal_ppl_cfNH3,2050,2055.0,M2,0.0,7.983066700295755,49.232607488715175,sv_2c_cf
R12_CHN,coal_ppl_cfNH3,2050,2060.0,M2,0.0,7.983066700295755,49.232607488715175,sv_2c_cf
R12_CHN,coal_ppl_cfNH3,2050,2070.0,M2,0.0,7.983066700295755,49.232607488715175,sv_2c_cf
R12_CHN,coal_ppl_cfNH3,2050,2080.0,M2,0.0,3.9915333501478774,49.232607488715175,sv_2c_cf
R12_CHN,coal_ppl_cfNH3,2055,2055.0,M2,0.0,2.6158912963529146,49.10855375004877,sv_2c_cf
R12_CHN,coal_ppl_cfNH3,2055,2060.0,M2,0.0,2.6158912963529146,49.10855375004877,sv_2c_cf
R12_CHN,coal_ppl_cfNH3,2055,2070.0,M2,0.0,2.6158912963529146,49.10855375004877,sv_2c_cf
R12_CHN,coal_ppl_cfNH3,2055,2080.0,M2,0.0,2.6158912963529146,49.10855375004877,sv_2c_cf
R12_CHN,coal_ppl_cfNH3,2060,2060.0,M2,0.0,0.8571752599889236,49.10855375004877,sv_2c_cf
R12_CHN,coal_ppl_cfNH3,2060,2070.0,M2,0.0,0.8571752599889236,49.10855375004877,sv_2c_cf
R12_CHN,coal_ppl_cfNH3,2060,2080.0,M2,0.0,0.8571752599889236,49.10855375004877,sv_2c_cf
R12_CHN,coal_ppl_cfNH3,2060,2090.0,M2,0.0,0.4285876299944618,49.10855375004877,sv_2c_cf
R12_CHN,coal_ppl_cfNH3,2070,2070.0,M2,0.0,0.0920384927148182,49.10855375004877,sv_2c_cf
R12_CHN,coal_ppl_cfNH3,2070,2080.0,M2,0.0,0.0920384927148182,49.10855375004877,sv_2c_cf
R12_CHN,coal_ppl_cfNH3,2070,2090.0,M2,0.0,0.0920384927148182,49.10855375004877,sv_2c_cf
R12_CHN,coal_ppl_cfNH3,2080,2080.0,M2,0.0,0.009882557904581972,49.10855375004877,sv_2c_cf
R12_CHN,coal_ppl_cfNH3,2080,2090.0,M2,0.0,0.009882557904581972,49.10855375004877,sv_2c_cf
R12_CHN,coal_ppl_cfNH3,2080,2100.0,M2,0.0,0.009882557904581972,49.10855375004877,sv_2c_cf
R12_CHN,coal_ppl_cfNH3,2090,2090.0,M2,0.0,0.0010611315750251476,49.10855375004877,sv_2c_cf
R12_CHN,coal_ppl_cfNH3,2090,2100.0,M2,0.0,0.0010611315750251476,49.10855375004877,sv_2c_cf
R12_CHN,coal_ppl_cfNH3,2090,2110.0,M2,0.0,0.0010611315750251476,49.10855375004877,sv_2c_cf
R12_CHN,coal_ppl_cfNH3,2100,2100.0,M2,0.0,0.0001139381352871496,49.10855375004877,sv_2c_cf
R12_CHN,coal_ppl_cfNH3,2100,2110.0,M2,0.0,0.0001139381352871496,49.10855375004877,sv_2c_cf
R12_CHN,coal_ppl_cfNH3,2110,2110.0,M2,0.0,1.2234014120638291e-05,49.10855375004877,sv_2c_cf
R12_CHN,coal_ppl_u,2025,2025.0,M2,0.0,0.0,338.6666666666667,sv_2c_cf
R12_CHN,coal_ppl_u,2025,2030.0,M2,0.0,0.0,338.6666666666667,sv_2c_cf
R12_CHN,coal_ppl_u,2025,2035.0,M2,0.0,0.0,338.6666666666667,sv_2c_cf
R12_CHN,coal_ppl_u,2025,2040.0,M2,0.0,0.0,338.6666666666667,sv_2c_cf
R12_CHN,coal_ppl_u,2025,2045.0,M2,0.0,0.0,338.6666666666667,sv_2c_cf
R12_CHN,coal_ppl_u,2025,2050.0,M2,0.0,0.0,338.6666666666667,sv_2c_cf
R12_CHN,coal_ppl_u,2030,2030.0,M2,5.204040160000001,5.204040160000001,381.54189805787837,sv_2c_cf
R12_CHN,coal_ppl_u,2030,2035.0,M2,5.204040160000001,5.204040160000001,381.54189805787837,sv_2c_cf
R12_CHN,coal_ppl_u,2030,2040.0,M2,5.204040160000001,5.204040160000001,381.54189805787837,sv_2c_cf
R12_CHN,coal_ppl_u,2030,2045.0,M2,5.204040160000001,5.204040160000001,381.54189805787837,sv_2c_cf
R12_CHN,coal_ppl_u,2030,2050.0,M2,5.204040160000001,5.204040160000001,381.54189805787837,sv_2c_cf
R12_CHN,coal_ppl_u,2030,2055.0,M2,0.0,0.0,381.54189805787837,sv_2c_cf
R12_CHN,coal_ppl_u,2035,2035.0,M2,10.94972099973786,135.61513364538558,419.96008043403737,sv_2c_cf
R12_CHN,coal_ppl_u,2035,2040.0,M2,23.039097755944344,135.61513364538558,419.96008043403737,sv_2c_cf
R12_CHN,coal_ppl_u,2035,2045.0,M2,36.38674655512421,135.61513364538558,419.96008043403737,sv_2c_cf
R12_CHN,coal_ppl_u,2035,2050.0,M2,51.123629362154226,135.61513364538558,419.96008043403737,sv_2c_cf
R12_CHN,coal_ppl_u,2035,2055.0,M2,0.0,0.0,419.96008043403737,sv_2c_cf
R12_CHN,coal_ppl_u,2035,2060.0,M2,0.0,0.0,419.96008043403737,sv_2c_cf
R12_CHN,coal_ppl_u,2040,2040.0,M2,0.0,0.0,448.6053618968265,sv_2c_cf
R12_CHN,coal_ppl_u,2040,2045.0,M2,0.0,0.0,448.6053618968265,sv_2c_cf
R12_CHN,coal_ppl_u,2040,2050.0,M2,0.0,0.0,448.6053618968265,sv_2c_cf
R12_CHN,coal_ppl_u,2040,2055.0,M2,0.0,0.0,448.6053618968265,sv_2c_cf
R12_CHN,coal_ppl_u,2040,2060.0,M2,0.0,0.0,448.6053618968265,sv_2c_cf
R12_CHN,coal_ppl_u,2040,2070.0,M2,0.0,0.0,448.6053618968265,sv_2c_cf
R12_CHN,coal_ppl_u,2045,2045.0,M2,0.0,0.0,477.5081716922484,sv_2c_cf
R12_CHN,coal_ppl_u,2045,2050.0,M2,0.0,0.0,477.5081716922484,sv_2c_cf
R12_CHN,coal_ppl_u,2045,2055.0,M2,0.0,0.0,477.5081716922484,sv_2c_cf
R12_CHN,coal_ppl_u,2045,2060.0,M2,0.0,0.0,477.5081716922484,sv_2c_cf
R12_CHN,coal_ppl_u,2045,2070.0,M2,0.0,0.0,477.5081716922484,sv_2c_cf
R12_CHN,coal_ppl_u,2050,2050.0,M2,0.0,0.0,507.38785812199455,sv_2c_cf
R12_CHN,coal_ppl_u,2050,2055.0,M2,0.0,0.0,507.38785812199455,sv_2c_cf
R12_CHN,coal_ppl_u,2050,2060.0,M2,0.0,0.0,507.38785812199455,sv_2c_cf
R12_CHN,coal_ppl_u,2050,2070.0,M2,0.0,0.0,507.38785812199455,sv_2c_cf
R12_CHN,coal_ppl_u,2050,2080.0,M2,0.0,0.0,507.38785812199455,sv_2c_cf
R12_CHN,coal_ppl_u,2055,2055.0,M2,0.0,0.0,535.8714956769537,sv_2c_cf
R12_CHN,coal_ppl_u,2055,2060.0,M2,0.0,0.0,535.8714956769537,sv_2c_cf
R12_CHN,coal_ppl_u,2055,2070.0,M2,0.0,0.0,535.8714956769537,sv_2c_cf
R12_CHN,coal_ppl_u,2055,2080.0,M2,0.0,0.0,535.8714956769537,sv_2c_cf
R12_CHN,coal_ppl_u,2060,2060.0,M2,0.0,0.0,567.0755587322473,sv_2c_cf
R12_CHN,coal_ppl_u,2060,2070.0,M2,0.0,0.0,567.0755587322473,sv_2c_cf
R12_CHN,coal_ppl_u,2060,2080.0,M2,0.0,0.0,567.0755587322473,sv_2c_cf
R12_CHN,coal_ppl_u,2060,2090.0,M2,0.0,0.0,567.0755587322473,sv_2c_cf
R12_CHN,coal_ppl_u,2070,2070.0,M2,0.0,0.0,629.1023855489412,sv_2c_cf
R12_CHN,coal_ppl_u,2070,2080.0,M2,0.0,0.0,629.1023855489412,sv_2c_cf
R12_CHN,coal_ppl_u,2070,2090.0,M2,0.0,0.0,629.1023855489412,sv_2c_cf
R12_CHN,coal_ppl_u,2080,2080.0,M2,0.0,0.0,677.3779266681518,sv_2c_cf
R12_CHN,coal_ppl_u,2080,2090.0,M2,0.0,0.0,677.3779266681518,sv_2c_cf
R12_CHN,coal_ppl_u,2080,2100.0,M2,0.0,0.0,677.3779266681518,sv_2c_cf
R12_CHN,coal_ppl_u,2090,2090.0,M2,0.0,0.0,716.933366701558,sv_2c_cf
R12_CHN,coal_ppl_u,2090,2100.0,M2,0.0,0.0,716.933366701558,sv_2c_cf
R12_CHN,coal_ppl_u,2090,2110.0,M2,0.0,0.0,716.933366701558,sv_2c_cf
R12_CHN,coal_ppl_u,2100,2100.0,M2,0.0,0.0,748.812305420161,sv_2c_cf
R12_CHN,coal_ppl_u,2100,2110.0,M2,0.0,0.0,748.812305420161,sv_2c_cf
R12_CHN,coal_ppl_u,2110,2110.0,M2,0.0,0.0,748.812305420161,sv_2c_cf
R12_CHN,coal_ppl_u_cfNH3,1995,1995.0,M2,0.0,0.0,,sv_2c_cf
R12_CHN,coal_ppl_u_cfNH3,1995,2000.0,M2,0.0,,,sv_2c_cf
R12_CHN,coal_ppl_u_cfNH3,1995,2005.0,M2,0.0,,,sv_2c_cf
R12_CHN,coal_ppl_u_cfNH3,1995,2010.0,M2,0.0,,,sv_2c_cf
R12_CHN,coal_ppl_u_cfNH3,1995,2015.0,M2,0.0,,,sv_2c_cf
R12_CHN,coal_ppl_u_cfNH3,1995,2020.0,M2,0.0,,,sv_2c_cf
R12_CHN,coal_ppl_u_cfNH3,1995,2025.0,M2,0.0,,,sv_2c_cf
R12_CHN,coal_ppl_u_cfNH3,1995,2030.0,,,0.0,,sv_2c_cf
R12_CHN,coal_ppl_u_cfNH3,1995,2035.0,,,0.0,,sv_2c_cf
R12_CHN,coal_ppl_u_cfNH3,1995,2040.0,,,0.0,,sv_2c_cf
R12_CHN,coal_ppl_u_cfNH3,2000,2000.0,M2,0.0,0.0,,sv_2c_cf
R12_CHN,coal_ppl_u_cfNH3,2000,2005.0,M2,0.0,,,sv_2c_cf
R12_CHN,coal_ppl_u_cfNH3,2000,2010.0,M2,0.0,,,sv_2c_cf
R12_CHN,coal_ppl_u_cfNH3,2000,2015.0,M2,0.0,,,sv_2c_cf
R12_CHN,coal_ppl_u_cfNH3,2000,2020.0,M2,0.0,,,sv_2c_cf
R12_CHN,coal_ppl_u_cfNH3,2000,2025.0,M2,0.0,,,sv_2c_cf
R12_CHN,coal_ppl_u_cfNH3,2000,2030.0,,,0.0,,sv_2c_cf
R12_CHN,coal_ppl_u_cfNH3,2000,2035.0,,,0.0,,sv_2c_cf
R12_CHN,coal_ppl_u_cfNH3,2000,2040.0,,,0.0,,sv_2c_cf
R12_CHN,coal_ppl_u_cfNH3,2000,2045.0,,,0.0,,sv_2c_cf
R12_CHN,coal_ppl_u_cfNH3,2005,2005.0,M2,0.0,0.0,,sv_2c_cf
R12_CHN,coal_ppl_u_cfNH3,2005,2010.0,M2,0.0,,,sv_2c_cf
R12_CHN,coal_ppl_u_cfNH3,2005,2015.0,M2,0.0,,,sv_2c_cf
R12_CHN,coal_ppl_u_cfNH3,2005,2020.0,M2,0.0,,,sv_2c_cf
R12_CHN,coal_ppl_u_cfNH3,2005,2025.0,M2,0.0,,,sv_2c_cf
R12_CHN,coal_ppl_u_cfNH3,2005,2030.0,M2,0.0,0.0,,sv_2c_cf
R12_CHN,coal_ppl_u_cfNH3,2005,2035.0,,,0.0,,sv_2c_cf
R12_CHN,coal_ppl_u_cfNH3,2005,2040.0,,,0.0,,sv_2c_cf
R12_CHN,coal_ppl_u_cfNH3,2005,2045.0,,,0.0,,sv_2c_cf
R12_CHN,coal_ppl_u_cfNH3,2010,2010.0,M2,0.0,0.0,,sv_2c_cf
R12_CHN,coal_ppl_u_cfNH3,2010,2015.0,M2,0.0,,,sv_2c_cf
R12_CHN,coal_ppl_u_cfNH3,2010,2020.0,M2,0.0,,,sv_2c_cf
R12_CHN,coal_ppl_u_cfNH3,2010,2025.0,M2,0.0,,,sv_2c_cf
R12_CHN,coal_ppl_u_cfNH3,2010,2030.0,M2,0.0,0.0,,sv_2c_cf
R12_CHN,coal_ppl_u_cfNH3,2010,2035.0,M2,0.0,0.0,,sv_2c_cf
R12_CHN,coal_ppl_u_cfNH3,2010,2040.0,,,0.0,,sv_2c_cf
R12_CHN,coal_ppl_u_cfNH3,2010,2045.0,,,0.0,,sv_2c_cf
R12_CHN,coal_ppl_u_cfNH3,2010,2050.0,,,0.0,,sv_2c_cf
R12_CHN,coal_ppl_u_cfNH3,2015,2015.0,M2,0.0,0.0,,sv_2c_cf
R12_CHN,coal_ppl_u_cfNH3,2015,2020.0,M2,0.0,,,sv_2c_cf
R12_CHN,coal_ppl_u_cfNH3,2015,2025.0,M2,0.0,,,sv_2c_cf
R12_CHN,coal_ppl_u_cfNH3,2015,2030.0,M2,0.0,0.0,,sv_2c_cf
R12_CHN,coal_ppl_u_cfNH3,2015,2035.0,M2,0.0,0.0,,sv_2c_cf
R12_CHN,coal_ppl_u_cfNH3,2015,2040.0,M2,0.0,0.0,,sv_2c_cf
R12_CHN,coal_ppl_u_cfNH3,2015,2045.0,,,0.0,,sv_2c_cf
R12_CHN,coal_ppl_u_cfNH3,2020,2020.0,M2,0.0,0.0,52.18525766470972,sv_2c_cf
R12_CHN,coal_ppl_u_cfNH3,2020,2025.0,M2,0.0,,52.18525766470972,sv_2c_cf
R12_CHN,coal_ppl_u_cfNH3,2020,2030.0,M2,0.0,0.0,52.18525766470972,sv_2c_cf
R12_CHN,coal_ppl_u_cfNH3,2020,2035.0,M2,0.0,0.0,52.18525766470972,sv_2c_cf
R12_CHN,coal_ppl_u_cfNH3,2020,2040.0,M2,0.0,0.0,52.18525766470972,sv_2c_cf
R12_CHN,coal_ppl_u_cfNH3,2020,2045.0,M2,0.0,0.0,52.18525766470972,sv_2c_cf
R12_CHN,coal_ppl_u_cfNH3,2025,2025.0,M2,0.0,0.0,52.18525766470972,sv_2c_cf
R12_CHN,coal_ppl_u_cfNH3,2025,2030.0,M2,0.0,0.0,52.18525766470972,sv_2c_cf
R12_CHN,coal_ppl_u_cfNH3,2025,2035.0,M2,0.0,0.0,52.18525766470972,sv_2c_cf
R12_CHN,coal_ppl_u_cfNH3,2025,2040.0,M2,0.0,0.0,52.18525766470972,sv_2c_cf
R12_CHN,coal_ppl_u_cfNH3,2025,2045.0,M2,0.0,0.0,52.18525766470972,sv_2c_cf
R12_CHN,coal_ppl_u_cfNH3,2025,2050.0,M2,0.0,0.0,52.18525766470972,sv_2c_cf
R12_CHN,coal_ppl_u_cfNH3,2030,2030.0,M2,5.204040160000001,5.204040160000001,52.18525766470972,sv_2c_cf
R12_CHN,coal_ppl_u_cfNH3,2030,2035.0,M2,5.204040160000001,5.204040160000001,52.18525766470972,sv_2c_cf
R12_CHN,coal_ppl_u_cfNH3,2030,2040.0,M2,5.204040160000001,5.204040160000001,52.18525766470972,sv_2c_cf
R12_CHN,coal_ppl_u_cfNH3,2030,2045.0,M2,5.204040160000001,5.204040160000001,52.18525766470972,sv_2c_cf
R12_CHN,coal_ppl_u_cfNH3,2030,2050.0,M2,5.204040160000001,5.204040160000001,52.18525766470972,sv_2c_cf
R12_CHN,coal_ppl_u_cfNH3,2030,2055.0,M2,0.0,5.204040160000001,52.18525766470972,sv_2c_cf
R12_CHN,coal_ppl_u_cfNH3,2035,2035.0,M2,10.94972099973786,10.94972099973786,51.204627115329906,sv_2c_cf
R12_CHN,coal_ppl_u_cfNH3,2035,2040.0,M2,10.94972099973786,10.94972099973786,51.204627115329906,sv_2c_cf
R12_CHN,coal_ppl_u_cfNH3,2035,2045.0,M2,10.94972099973786,10.94972099973786,51.204627115329906,sv_2c_cf
R12_CHN,coal_ppl_u_cfNH3,2035,2050.0,M2,10.94972099973786,10.94972099973786,51.204627115329906,sv_2c_cf
R12_CHN,coal_ppl_u_cfNH3,2035,2055.0,M2,0.0,10.94972099973786,51.204627115329906,sv_2c_cf
R12_CHN,coal_ppl_u_cfNH3,2035,2060.0,M2,0.0,10.94972099973786,51.204627115329906,sv_2c_cf
R12_CHN,coal_ppl_u_cfNH3,2040,2040.0,M2,12.089376756206482,12.089376756206482,50.18944468667901,sv_2c_cf
R12_CHN,coal_ppl_u_cfNH3,2040,2045.0,M2,12.089376756206482,12.089376756206482,50.18944468667901,sv_2c_cf
R12_CHN,coal_ppl_u_cfNH3,2040,2050.0,M2,12.089376756206482,12.089376756206482,50.18944468667901,sv_2c_cf
R12_CHN,coal_ppl_u_cfNH3,2040,2055.0,M2,0.0,12.089376756206482,50.18944468667901,sv_2c_cf
R12_CHN,coal_ppl_u_cfNH3,2040,2060.0,M2,0.0,12.089376756206482,50.18944468667901,sv_2c_cf
R12_CHN,coal_ppl_u_cfNH3,2040,2070.0,M2,0.0,6.044688378103241,50.18944468667901,sv_2c_cf
R12_CHN,coal_ppl_u_cfNH3,2045,2045.0,M2,13.347648799179863,13.347648799179863,49.54349988438194,sv_2c_cf
R12_CHN,coal_ppl_u_cfNH3,2045,2050.0,M2,13.347648799179863,13.347648799179863,49.54349988438194,sv_2c_cf
R12_CHN,coal_ppl_u_cfNH3,2045,2055.0,M2,0.0,13.347648799179863,49.54349988438194,sv_2c_cf
R12_CHN,coal_ppl_u_cfNH3,2045,2060.0,M2,0.0,13.347648799179863,49.54349988438194,sv_2c_cf
R12_CHN,coal_ppl_u_cfNH3,2045,2070.0,M2,0.0,13.347648799179863,49.54349988438194,sv_2c_cf
R12_CHN,coal_ppl_u_cfNH3,2050,2050.0,M2,14.736882807030018,14.736882807030018,49.232607488715175,sv_2c_cf
R12_CHN,coal_ppl_u_cfNH3,2050,2055.0,M2,0.0,14.736882807030018,49.232607488715175,sv_2c_cf
R12_CHN,coal_ppl_u_cfNH3,2050,2060.0,M2,0.0,14.736882807030018,49.232607488715175,sv_2c_cf
R12_CHN,coal_ppl_u_cfNH3,2050,2070.0,M2,0.0,14.736882807030018,49.232607488715175,sv_2c_cf
R12_CHN,coal_ppl_u_cfNH3,2050,2080.0,M2,0.0,7.368441403515009,49.232607488715175,sv_2c_cf
R12_CHN,coal_ppl_u_cfNH3,2055,2055.0,M2,0.0,4.8289817582076,49.10855375004877,sv_2c_cf
R12_CHN,coal_ppl_u_cfNH3,2055,2060.0,M2,0.0,4.8289817582076,49.10855375004877,sv_2c_cf
R12_CHN,coal_ppl_u_cfNH3,2055,2070.0,M2,0.0,4.8289817582076,49.10855375004877,sv_2c_cf
R12_CHN,coal_ppl_u_cfNH3,2055,2080.0,M2,0.0,4.8289817582076,49.10855375004877,sv_2c_cf
R12_CHN,coal_ppl_u_cfNH3,2060,2060.0,M2,0.0,1.5823607425294672,49.10855375004877,sv_2c_cf
R12_CHN,coal_ppl_u_cfNH3,2060,2070.0,M2,0.0,1.5823607425294672,49.10855375004877,sv_2c_cf
R12_CHN,coal_ppl_u_cfNH3,2060,2080.0,M2,0.0,1.5823607425294672,49.10855375004877,sv_2c_cf
R12_CHN,coal_ppl_u_cfNH3,2060,2090.0,M2,0.0,0.7911803712647336,49.10855375004877,sv_2c_cf
R12_CHN,coal_ppl_u_cfNH3,2070,2070.0,M2,0.0,0.16990469099095865,49.10855375004877,sv_2c_cf
R12_CHN,coal_ppl_u_cfNH3,2070,2080.0,M2,0.0,0.16990469099095865,49.10855375004877,sv_2c_cf
R12_CHN,coal_ppl_u_cfNH3,2070,2090.0,M2,0.0,0.16990469099095865,49.10855375004877,sv_2c_cf
R12_CHN,coal_ppl_u_cfNH3,2080,2080.0,M2,0.0,0.01824337728107885,49.10855375004877,sv_2c_cf
R12_CHN,coal_ppl_u_cfNH3,2080,2090.0,M2,0.0,0.01824337728107885,49.10855375004877,sv_2c_cf
R12_CHN,coal_ppl_u_cfNH3,2080,2100.0,M2,0.0,0.01824337728107885,49.10855375004877,sv_2c_cf
R12_CHN,coal_ppl_u_cfNH3,2090,2090.0,M2,0.0,0.0019588677197705786,49.10855375004877,sv_2c_cf
R12_CHN,coal_ppl_u_cfNH3,2090,2100.0,M2,0.0,0.0019588677197705786,49.10855375004877,sv_2c_cf
R12_CHN,coal_ppl_u_cfNH3,2090,2110.0,M2,0.0,0.0019588677197705786,49.10855375004877,sv_2c_cf
R12_CHN,coal_ppl_u_cfNH3,2100,2100.0,M2,0.0,0.00021033181984011842,49.10855375004877,sv_2c_cf
R12_CHN,coal_ppl_u_cfNH3,2100,2110.0,M2,0.0,0.00021033181984011842,49.10855375004877,sv_2c_cf
R12_CHN,coal_ppl_u_cfNH3,2110,2110.0,M2,0.0,2.2584207188036837e-05,49.10855375004877,sv_2c_cf
R12_PAS,coal_adv_cfNH3,1995,1995.0,M2,0.0,0.0,,sv_2c_cf
R12_PAS,coal_adv_cfNH3,1995,2000.0,M2,0.0,,,sv_2c_cf
R12_PAS,coal_adv_cfNH3,1995,2005.0,M2,0.0,,,sv_2c_cf
R12_PAS,coal_adv_cfNH3,1995,2010.0,M2,0.0,,,sv_2c_cf
R12_PAS,coal_adv_cfNH3,1995,2015.0,M2,0.0,,,sv_2c_cf
R12_PAS,coal_adv_cfNH3,1995,2020.0,M2,0.0,,,sv_2c_cf
R12_PAS,coal_adv_cfNH3,1995,2025.0,M2,0.0,,,sv_2c_cf
R12_PAS,coal_adv_cfNH3,2000,2000.0,M2,0.0,0.0,,sv_2c_cf
R12_PAS,coal_adv_cfNH3,2000,2005.0,M2,0.0,,,sv_2c_cf
R12_PAS,coal_adv_cfNH3,2000,2010.0,M2,0.0,,,sv_2c_cf
R12_PAS,coal_adv_cfNH3,2000,2015.0,M2,0.0,,,sv_2c_cf
R12_PAS,coal_adv_cfNH3,2000,2020.0,M2,0.0,,,sv_2c_cf
R12_PAS,coal_adv_cfNH3,2000,2025.0,M2,0.0,,,sv_2c_cf
R12_PAS,coal_adv_cfNH3,2005,2005.0,M2,0.0,0.0,,sv_2c_cf
R12_PAS,coal_adv_cfNH3,2005,2010.0,M2,0.0,,,sv_2c_cf
R12_PAS,coal_adv_cfNH3,2005,2015.0,M2,0.0,,,sv_2c_cf
R12_PAS,coal_adv_cfNH3,2005,2020.0,M2,0.0,,,sv_2c_cf
R12_PAS,coal_adv_cfNH3,2005,2025.0,M2,0.0,,,sv_2c_cf
R12_PAS,coal_adv_cfNH3,2005,2030.0,M2,0.0,0.0,,sv_2c_cf
R12_PAS,coal_adv_cfNH3,2010,2010.0,M2,0.0,0.0,,sv_2c_cf
R12_PAS,coal_adv_cfNH3,2010,2015.0,M2,0.0,,,sv_2c_cf
R12_PAS,coal_adv_cfNH3,2010,2020.0,M2,0.0,,,sv_2c_cf
R12_PAS,coal_adv_cfNH3,2010,2025.0,M2,0.0,,,sv_2c_cf
R12_PAS,coal_adv_cfNH3,2010,2030.0,M2,0.0,0.0,,sv_2c_cf
R12_PAS,coal_adv_cfNH3,2010,2035.0,M2,0.0,0.0,,sv_2c_cf
R12_PAS,coal_adv_cfNH3,2015,2015.0,M2,0.0,0.0,,sv_2c_cf
R12_PAS,coal_adv_cfNH3,2015,2020.0,M2,0.0,,,sv_2c_cf
R12_PAS,coal_adv_cfNH3,2015,2025.0,M2,0.0,,,sv_2c_cf
R12_PAS,coal_adv_cfNH3,2015,2030.0,M2,0.0,0.0,,sv_2c_cf
R12_PAS,coal_adv_cfNH3,2015,2035.0,M2,0.0,0.0,,sv_2c_cf
R12_PAS,coal_adv_cfNH3,2015,2040.0,M2,0.0,0.0,,sv_2c_cf
R12_PAS,coal_adv_cfNH3,2020,2020.0,M2,0.0,0.0,52.18525766470972,sv_2c_cf
R12_PAS,coal_adv_cfNH3,2020,2025.0,M2,0.0,,52.18525766470972,sv_2c_cf
R12_PAS,coal_adv_cfNH3,2025,2025.0,M2,0.0,0.0,52.18525766470972,sv_2c_cf
R12_PAS,coal_adv_cfNH3,2025,2030.0,M2,0.0,0.0,52.18525766470972,sv_2c_cf
R12_PAS,coal_adv_cfNH3,2030,2030.0,M2,0.0,0.0,52.18525766470972,sv_2c_cf
R12_PAS,coal_adv_cfNH3,2030,2035.0,M2,0.0,0.0,52.18525766470972,sv_2c_cf
R12_PAS,coal_adv_cfNH3,2035,2035.0,M2,0.0,0.0,50.08877824120983,sv_2c_cf
R12_PAS,coal_adv_cfNH3,2035,2040.0,M2,0.0,0.0,50.08877824120983,sv_2c_cf
R12_PAS,coal_adv_cfNH3,2040,2040.0,M2,0.0,0.0,48.39087432410719,sv_2c_cf
R12_PAS,coal_adv_cfNH3,2040,2045.0,M2,0.0,0.0,48.39087432410719,sv_2c_cf
R12_PAS,coal_adv_cfNH3,2040,2050.0,M2,0.0,0.0,48.39087432410719,sv_2c_cf
R12_PAS,coal_adv_cfNH3,2040,2055.0,M2,0.0,0.0,48.39087432410719,sv_2c_cf
R12_PAS,coal_adv_cfNH3,2040,2060.0,M2,0.0,0.0,48.39087432410719,sv_2c_cf
R12_PAS,coal_adv_cfNH3,2040,2070.0,M2,0.0,0.0,48.39087432410719,sv_2c_cf
R12_PAS,coal_adv_cfNH3,2045,2045.0,M2,0.0,0.0,47.040989473632585,sv_2c_cf
R12_PAS,coal_adv_cfNH3,2045,2050.0,M2,0.0,0.0,47.040989473632585,sv_2c_cf
R12_PAS,coal_adv_cfNH3,2045,2055.0,M2,0.0,0.0,47.040989473632585,sv_2c_cf
R12_PAS,coal_adv_cfNH3,2045,2060.0,M2,0.0,0.0,47.040989473632585,sv_2c_cf
R12_PAS,coal_adv_cfNH3,2045,2070.0,M2,0.0,0.0,47.040989473632585,sv_2c_cf
R12_PAS,coal_adv_cfNH3,2050,2050.0,M2,0.0,0.0,45.996267269500585,sv_2c_cf
R12_PAS,coal_adv_cfNH3,2050,2055.0,M2,0.0,0.0,45.996267269500585,sv_2c_cf
R12_PAS,coal_adv_cfNH3,2050,2060.0,M2,0.0,0.0,45.996267269500585,sv_2c_cf
R12_PAS,coal_adv_cfNH3,2050,2070.0,M2,0.0,0.0,45.996267269500585,sv_2c_cf
R12_PAS,coal_adv_cfNH3,2050,2080.0,M2,0.0,0.0,45.996267269500585,sv_2c_cf
R12_PAS,coal_adv_cfNH3,2055,2055.0,M2,0.0,0.0,45.20855444736619,sv_2c_cf
R12_PAS,coal_adv_cfNH3,2055,2060.0,M2,0.0,0.0,45.20855444736619,sv_2c_cf
R12_PAS,coal_adv_cfNH3,2055,2070.0,M2,0.0,0.0,45.20855444736619,sv_2c_cf
R12_PAS,coal_adv_cfNH3,2055,2080.0,M2,0.0,0.0,45.20855444736619,sv_2c_cf
R12_PAS,coal_adv_cfNH3,2060,2060.0,M2,0.0,0.0,44.650307222575016,sv_2c_cf
R12_PAS,coal_adv_cfNH3,2060,2070.0,M2,0.0,0.0,44.650307222575016,sv_2c_cf
R12_PAS,coal_adv_cfNH3,2060,2080.0,M2,0.0,0.0,44.650307222575016,sv_2c_cf
R12_PAS,coal_adv_cfNH3,2060,2090.0,M2,0.0,0.0,44.650307222575016,sv_2c_cf
R12_PAS,coal_adv_cfNH3,2070,2070.0,M2,0.0,0.0,44.056829153498796,sv_2c_cf
R12_PAS,coal_adv_cfNH3,2070,2080.0,M2,0.0,0.0,44.056829153498796,sv_2c_cf
R12_PAS,coal_adv_cfNH3,2070,2090.0,M2,0.0,0.0,44.056829153498796,sv_2c_cf
R12_PAS,coal_adv_cfNH3,2080,2080.0,M2,0.0,0.0,43.9385903942117,sv_2c_cf
R12_PAS,coal_adv_cfNH3,2080,2090.0,M2,0.0,0.0,43.9385903942117,sv_2c_cf
R12_PAS,coal_adv_cfNH3,2080,2100.0,M2,0.0,0.0,43.9385903942117,sv_2c_cf
R12_PAS,coal_adv_cfNH3,2090,2090.0,M2,0.0,0.0,44.07703597164718,sv_2c_cf
R12_PAS,coal_adv_cfNH3,2090,2100.0,M2,0.0,0.0,44.07703597164718,sv_2c_cf
R12_PAS,coal_adv_cfNH3,2090,2110.0,M2,0.0,0.0,44.07703597164718,sv_2c_cf
R12_PAS,coal_adv_cfNH3,2100,2100.0,M2,0.0,0.0,44.387584012050226,sv_2c_cf
R12_PAS,coal_adv_cfNH3,2100,2110.0,M2,0.0,0.0,44.387584012050226,sv_2c_cf
R12_PAS,coal_adv_cfNH3,2110,2110.0,M2,0.0,0.0,44.387584012050226,sv_2c_cf
R12_PAS,coal_ppl_cfNH3,1995,1995.0,M2,0.0,0.0,,sv_2c_cf
R12_PAS,coal_ppl_cfNH3,1995,2000.0,M2,0.0,,,sv_2c_cf
R12_PAS,coal_ppl_cfNH3,1995,2005.0,M2,0.0,,,sv_2c_cf
R12_PAS,coal_ppl_cfNH3,1995,2010.0,M2,0.0,,,sv_2c_cf
R12_PAS,coal_ppl_cfNH3,1995,2015.0,M2,0.0,,,sv_2c_cf
R12_PAS,coal_ppl_cfNH3,1995,2020.0,M2,0.0,,,sv_2c_cf
R12_PAS,coal_ppl_cfNH3,1995,2025.0,M2,0.0,,,sv_2c_cf
R12_PAS,coal_ppl_cfNH3,1995,2030.0,,,0.0,,sv_2c_cf
R12_PAS,coal_ppl_cfNH3,1995,2035.0,,,0.0,,sv_2c_cf
R12_PAS,coal_ppl_cfNH3,2000,2000.0,M2,0.0,0.0,,sv_2c_cf
R12_PAS,coal_ppl_cfNH3,2000,2005.0,M2,0.0,,,sv_2c_cf
R12_PAS,coal_ppl_cfNH3,2000,2010.0,M2,0.0,,,sv_2c_cf
R12_PAS,coal_ppl_cfNH3,2000,2015.0,M2,0.0,,,sv_2c_cf
R12_PAS,coal_ppl_cfNH3,2000,2020.0,M2,0.0,,,sv_2c_cf
R12_PAS,coal_ppl_cfNH3,2000,2025.0,M2,0.0,,,sv_2c_cf
R12_PAS,coal_ppl_cfNH3,2000,2030.0,,,0.0,,sv_2c_cf
R12_PAS,coal_ppl_cfNH3,2000,2035.0,,,0.0,,sv_2c_cf
R12_PAS,coal_ppl_cfNH3,2000,2040.0,,,0.0,,sv_2c_cf
R12_PAS,coal_ppl_cfNH3,2005,2005.0,M2,0.0,0.0,,sv_2c_cf
R12_PAS,coal_ppl_cfNH3,2005,2010.0,M2,0.0,,,sv_2c_cf
R12_PAS,coal_ppl_cfNH3,2005,2015.0,M2,0.0,,,sv_2c_cf
R12_PAS,coal_ppl_cfNH3,2005,2020.0,M2,0.0,,,sv_2c_cf
R12_PAS,coal_ppl_cfNH3,2005,2025.0,M2,0.0,,,sv_2c_cf
R12_PAS,coal_ppl_cfNH3,2005,2030.0,M2,0.0,0.0,,sv_2c_cf
R12_PAS,coal_ppl_cfNH3,2005,2035.0,,,0.0,,sv_2c_cf
R12_PAS,coal_ppl_cfNH3,2005,2040.0,,,0.0,,sv_2c_cf
R12_PAS,coal_ppl_cfNH3,2010,2010.0,M2,0.0,0.0,,sv_2c_cf
R12_PAS,coal_ppl_cfNH3,2010,2015.0,M2,0.0,,,sv_2c_cf
R12_PAS,coal_ppl_cfNH3,2010,2020.0,M2,0.0,,,sv_2c_cf
R12_PAS,coal_ppl_cfNH3,2010,2025.0,M2,0.0,,,sv_2c_cf
R12_PAS,coal_ppl_cfNH3,2010,2030.0,M2,0.0,0.0,,sv_2c_cf
R12_PAS,coal_ppl_cfNH3,2010,2035.0,M2,0.0,0.0,,sv_2c_cf
R12_PAS,coal_ppl_cfNH3,2010,2040.0,,,0.0,,sv_2c_cf
R12_PAS,coal_ppl_cfNH3,2010,2045.0,,,0.0,,sv_2c_cf
R12_PAS,coal_ppl_cfNH3,2015,2015.0,M2,0.0,0.0,,sv_2c_cf
R12_PAS,coal_ppl_cfNH3,2015,2020.0,M2,0.0,,,sv_2c_cf
R12_PAS,coal_ppl_cfNH3,2015,2025.0,M2,0.0,,,sv_2c_cf
R12_PAS,coal_ppl_cfNH3,2015,2030.0,M2,0.0,0.0,,sv_2c_cf
R12_PAS,coal_ppl_cfNH3,2015,2035.0,M2,0.0,0.0,,sv_2c_cf
R12_PAS,coal_ppl_cfNH3,2015,2040.0,M2,0.0,0.0,,sv_2c_cf
R12_PAS,coal_ppl_cfNH3,2015,2045.0,,,0.0,,sv_2c_cf
R12_PAS,coal_ppl_cfNH3,2020,2020.0,M2,0.0,0.0,52.18525766470972,sv_2c_cf
R12_PAS,coal_ppl_cfNH3,2020,2025.0,M2,0.0,,52.18525766470972,sv_2c_cf
R12_PAS,coal_ppl_cfNH3,2025,2025.0,M2,0.0,0.0,52.18525766470972,sv_2c_cf
R12_PAS,coal_ppl_cfNH3,2025,2030.0,M2,0.0,0.0,52.18525766470972,sv_2c_cf
R12_PAS,coal_ppl_cfNH3,2030,2030.0,M2,1.1709090360000003,1.5612120480000002,52.18525766470972,sv_2c_cf
R12_PAS,coal_ppl_cfNH3,2030,2035.0,M2,1.2489696384000002,1.5612120480000002,52.18525766470972,sv_2c_cf
R12_PAS,coal_ppl_cfNH3,2035,2035.0,M2,2.6279330399370866,3.284916299921358,50.08877824120983,sv_2c_cf
R12_PAS,coal_ppl_cfNH3,2035,2040.0,M2,2.7921788549331543,3.284916299921358,50.08877824120983,sv_2c_cf
R12_PAS,coal_ppl_cfNH3,2040,2040.0,M2,3.082791072832653,3.626813026861945,48.39087432410719,sv_2c_cf
R12_PAS,coal_ppl_cfNH3,2040,2045.0,M2,3.082791072832653,3.626813026861945,48.39087432410719,sv_2c_cf
R12_PAS,coal_ppl_cfNH3,2040,2050.0,M2,0.0,3.626813026861945,48.39087432410719,sv_2c_cf
R12_PAS,coal_ppl_cfNH3,2040,2055.0,M2,0.0,3.626813026861945,48.39087432410719,sv_2c_cf
R12_PAS,coal_ppl_cfNH3,2040,2060.0,M2,0.0,3.626813026861945,48.39087432410719,sv_2c_cf
R12_PAS,coal_ppl_cfNH3,2040,2070.0,M2,0.0,1.8134065134309725,48.39087432410719,sv_2c_cf
R12_PAS,coal_ppl_cfNH3,2045,2045.0,M2,3.403650443790865,4.004294639753959,47.040989473632585,sv_2c_cf
R12_PAS,coal_ppl_cfNH3,2045,2050.0,M2,0.6861131276936531,4.004294639753959,47.040989473632585,sv_2c_cf
R12_PAS,coal_ppl_cfNH3,2045,2055.0,M2,0.0,4.004294639753959,47.040989473632585,sv_2c_cf
R12_PAS,coal_ppl_cfNH3,2045,2060.0,M2,0.0,4.004294639753959,47.040989473632585,sv_2c_cf
R12_PAS,coal_ppl_cfNH3,2045,2070.0,M2,0.0,4.004294639753959,47.040989473632585,sv_2c_cf
R12_PAS,coal_ppl_cfNH3,2050,2050.0,M2,0.0,1.312127267554578,45.996267269500585,sv_2c_cf
R12_PAS,coal_ppl_cfNH3,2050,2055.0,M2,0.0,1.312127267554578,45.996267269500585,sv_2c_cf
R12_PAS,coal_ppl_cfNH3,2050,2060.0,M2,0.0,1.312127267554578,45.996267269500585,sv_2c_cf
R12_PAS,coal_ppl_cfNH3,2050,2070.0,M2,0.0,1.312127267554578,45.996267269500585,sv_2c_cf
R12_PAS,coal_ppl_cfNH3,2050,2080.0,M2,0.0,0.656063633777289,45.996267269500585,sv_2c_cf
R12_PAS,coal_ppl_cfNH3,2055,2055.0,M2,0.0,0.42995786303228445,45.20855444736619,sv_2c_cf
R12_PAS,coal_ppl_cfNH3,2055,2060.0,M2,0.0,0.42995786303228445,45.20855444736619,sv_2c_cf
R12_PAS,coal_ppl_cfNH3,2055,2070.0,M2,0.0,0.42995786303228445,45.20855444736619,sv_2c_cf
R12_PAS,coal_ppl_cfNH3,2055,2080.0,M2,0.0,0.42995786303228445,45.20855444736619,sv_2c_cf
R12_PAS,coal_ppl_cfNH3,2060,2060.0,M2,0.0,0.14088859255841907,44.650307222575016,sv_2c_cf
R12_PAS,coal_ppl_cfNH3,2060,2070.0,M2,0.0,0.14088859255841907,44.650307222575016,sv_2c_cf
R12_PAS,coal_ppl_cfNH3,2060,2080.0,M2,0.0,0.14088859255841907,44.650307222575016,sv_2c_cf
R12_PAS,coal_ppl_cfNH3,2060,2090.0,M2,0.0,0.07044429627920953,44.650307222575016,sv_2c_cf
R12_PAS,coal_ppl_cfNH3,2070,2070.0,M2,0.0,0.015127797435446986,44.056829153498796,sv_2c_cf
R12_PAS,coal_ppl_cfNH3,2070,2080.0,M2,0.0,0.015127797435446986,44.056829153498796,sv_2c_cf
R12_PAS,coal_ppl_cfNH3,2070,2090.0,M2,0.0,0.015127797435446986,44.056829153498796,sv_2c_cf
R12_PAS,coal_ppl_cfNH3,2080,2080.0,M2,0.0,0.0016243348811439387,43.9385903942117,sv_2c_cf
R12_PAS,coal_ppl_cfNH3,2080,2090.0,M2,0.0,0.0016243348811439387,43.9385903942117,sv_2c_cf
R12_PAS,coal_ppl_cfNH3,2080,2100.0,M2,0.0,0.0016243348811439387,43.9385903942117,sv_2c_cf
R12_PAS,coal_ppl_cfNH3,2090,2090.0,M2,0.0,0.00017441162980663178,44.07703597164718,sv_2c_cf
R12_PAS,coal_ppl_cfNH3,2090,2100.0,M2,0.0,0.00017441162980663178,44.07703597164718,sv_2c_cf
R12_PAS,coal_ppl_cfNH3,2090,2110.0,M2,0.0,0.00017441162980663178,44.07703597164718,sv_2c_cf
R12_PAS,coal_ppl_cfNH3,2100,2100.0,M2,0.0,1.8727306151538578e-05,44.387584012050226,sv_2c_cf
R12_PAS,coal_ppl_cfNH3,2100,2110.0,M2,0.0,1.8727306151538578e-05,44.387584012050226,sv_2c_cf
R12_PAS,coal_ppl_cfNH3,2110,2110.0,M2,0.0,2.0108291865759473e-06,44.387584012050226,sv_2c_cf
R12_PAS,coal_ppl_u,2025,2025.0,M2,0.0,0.0,564.4444444444445,sv_2c_cf
R12_PAS,coal_ppl_u,2025,2030.0,M2,0.0,0.0,564.4444444444445,sv_2c_cf
R12_PAS,coal_ppl_u,2025,2035.0,M2,0.0,0.0,564.4444444444445,sv_2c_cf
R12_PAS,coal_ppl_u,2025,2040.0,M2,0.0,0.0,564.4444444444445,sv_2c_cf
R12_PAS,coal_ppl_u,2025,2045.0,M2,0.0,0.0,564.4444444444445,sv_2c_cf
R12_PAS,coal_ppl_u,2025,2050.0,M2,0.0,0.0,564.4444444444445,sv_2c_cf
R12_PAS,coal_ppl_u,2030,2030.0,M2,0.0,0.0,578.9577484526048,sv_2c_cf
R12_PAS,coal_ppl_u,2030,2035.0,M2,0.0,0.0,578.9577484526048,sv_2c_cf
R12_PAS,coal_ppl_u,2030,2040.0,M2,0.0,0.0,578.9577484526048,sv_2c_cf
R12_PAS,coal_ppl_u,2030,2045.0,M2,0.0,0.0,578.9577484526048,sv_2c_cf
R12_PAS,coal_ppl_u,2030,2050.0,M2,0.0,0.0,578.9577484526048,sv_2c_cf
R12_PAS,coal_ppl_u,2030,2055.0,M2,0.0,0.0,578.9577484526048,sv_2c_cf
R12_PAS,coal_ppl_u,2035,2035.0,M2,0.0,0.0,592.2947675258064,sv_2c_cf
R12_PAS,coal_ppl_u,2035,2040.0,M2,0.0,0.0,592.2947675258064,sv_2c_cf
R12_PAS,coal_ppl_u,2035,2045.0,M2,0.0,0.0,592.2947675258064,sv_2c_cf
R12_PAS,coal_ppl_u,2035,2050.0,M2,0.0,0.0,592.2947675258064,sv_2c_cf
R12_PAS,coal_ppl_u,2035,2055.0,M2,0.0,0.0,592.2947675258064,sv_2c_cf
R12_PAS,coal_ppl_u,2035,2060.0,M2,0.0,0.0,592.2947675258064,sv_2c_cf
R12_PAS,coal_ppl_u,2040,2040.0,M2,0.0,0.0,603.647166560098,sv_2c_cf
R12_PAS,coal_ppl_u,2040,2045.0,M2,0.0,0.0,603.647166560098,sv_2c_cf
R12_PAS,coal_ppl_u,2040,2050.0,M2,0.0,0.0,603.647166560098,sv_2c_cf
R12_PAS,coal_ppl_u,2040,2055.0,M2,0.0,0.0,603.647166560098,sv_2c_cf
R12_PAS,coal_ppl_u,2040,2060.0,M2,0.0,0.0,603.647166560098,sv_2c_cf
R12_PAS,coal_ppl_u,2040,2070.0,M2,0.0,0.0,603.647166560098,sv_2c_cf
R12_PAS,coal_ppl_u,2045,2045.0,M2,0.0,0.0,613.7374109291784,sv_2c_cf
R12_PAS,coal_ppl_u,2045,2050.0,M2,0.0,0.0,613.7374109291784,sv_2c_cf
R12_PAS,coal_ppl_u,2045,2055.0,M2,0.0,0.0,613.7374109291784,sv_2c_cf
R12_PAS,coal_ppl_u,2045,2060.0,M2,0.0,0.0,613.7374109291784,sv_2c_cf
R12_PAS,coal_ppl_u,2045,2070.0,M2,0.0,0.0,613.7374109291784,sv_2c_cf
R12_PAS,coal_ppl_u,2050,2050.0,M2,0.0,0.0,623.2473759626346,sv_2c_cf
R12_PAS,coal_ppl_u,2050,2055.0,M2,0.0,0.0,623.2473759626346,sv_2c_cf
R12_PAS,coal_ppl_u,2050,2060.0,M2,0.0,0.0,623.2473759626346,sv_2c_cf
R12_PAS,coal_ppl_u,2050,2070.0,M2,0.0,0.0,623.2473759626346,sv_2c_cf
R12_PAS,coal_ppl_u,2050,2080.0,M2,0.0,0.0,623.2473759626346,sv_2c_cf
R12_PAS,coal_ppl_u,2055,2055.0,M2,0.0,0.0,632.4952191349776,sv_2c_cf
R12_PAS,coal_ppl_u,2055,2060.0,M2,0.0,0.0,632.4952191349776,sv_2c_cf
R12_PAS,coal_ppl_u,2055,2070.0,M2,0.0,0.0,632.4952191349776,sv_2c_cf
R12_PAS,coal_ppl_u,2055,2080.0,M2,0.0,0.0,632.4952191349776,sv_2c_cf
R12_PAS,coal_ppl_u,2060,2060.0,M2,0.0,0.0,642.0584273352091,sv_2c_cf
R12_PAS,coal_ppl_u,2060,2070.0,M2,0.0,0.0,642.0584273352091,sv_2c_cf
R12_PAS,coal_ppl_u,2060,2080.0,M2,0.0,0.0,642.0584273352091,sv_2c_cf
R12_PAS,coal_ppl_u,2060,2090.0,M2,0.0,0.0,642.0584273352091,sv_2c_cf
R12_PAS,coal_ppl_u,2070,2070.0,M2,0.0,0.0,662.0178700605437,sv_2c_cf
R12_PAS,coal_ppl_u,2070,2080.0,M2,0.0,0.0,662.0178700605437,sv_2c_cf
R12_PAS,coal_ppl_u,2070,2090.0,M2,0.0,0.0,662.0178700605437,sv_2c_cf
R12_PAS,coal_ppl_u,2080,2080.0,M2,0.0,0.0,682.3726831678389,sv_2c_cf
R12_PAS,coal_ppl_u,2080,2090.0,M2,0.0,0.0,682.3726831678389,sv_2c_cf
R12_PAS,coal_ppl_u,2080,2100.0,M2,0.0,0.0,682.3726831678389,sv_2c_cf
R12_PAS,coal_ppl_u,2090,2090.0,M2,0.0,0.0,701.5693936468234,sv_2c_cf
R12_PAS,coal_ppl_u,2090,2100.0,M2,0.0,0.0,701.5693936468234,sv_2c_cf
R12_PAS,coal_ppl_u,2090,2110.0,M2,0.0,0.0,701.5693936468234,sv_2c_cf
R12_PAS,coal_ppl_u,2100,2100.0,M2,0.0,0.0,720.1016909198786,sv_2c_cf
R12_PAS,coal_ppl_u,2100,2110.0,M2,0.0,0.0,720.1016909198786,sv_2c_cf
R12_PAS,coal_ppl_u,2110,2110.0,M2,0.0,0.0,720.1016909198786,sv_2c_cf
R12_PAS,coal_ppl_u_cfNH3,1995,1995.0,M2,0.0,0.0,,sv_2c_cf
R12_PAS,coal_ppl_u_cfNH3,1995,2000.0,M2,0.0,,,sv_2c_cf
R12_PAS,coal_ppl_u_cfNH3,1995,2005.0,M2,0.0,,,sv_2c_cf
R12_PAS,coal_ppl_u_cfNH3,1995,2010.0,M2,0.0,,,sv_2c_cf
R12_PAS,coal_ppl_u_cfNH3,1995,2015.0,M2,0.0,,,sv_2c_cf
R12_PAS,coal_ppl_u_cfNH3,1995,2020.0,M2,0.0,,,sv_2c_cf
R12_PAS,coal_ppl_u_cfNH3,1995,2025.0,M2,0.0,,,sv_2c_cf
R12_PAS,coal_ppl_u_cfNH3,1995,2030.0,,,0.0,,sv_2c_cf
R12_PAS,coal_ppl_u_cfNH3,1995,2035.0,,,0.0,,sv_2c_cf
R12_PAS,coal_ppl_u_cfNH3,1995,2040.0,,,0.0,,sv_2c_cf
R12_PAS,coal_ppl_u_cfNH3,2000,2000.0,M2,0.0,0.0,,sv_2c_cf
R12_PAS,coal_ppl_u_cfNH3,2000,2005.0,M2,0.0,,,sv_2c_cf
R12_PAS,coal_ppl_u_cfNH3,2000,2010.0,M2,0.0,,,sv_2c_cf
R12_PAS,coal_ppl_u_cfNH3,2000,2015.0,M2,0.0,,,sv_2c_cf
R12_PAS,coal_ppl_u_cfNH3,2000,2020.0,M2,0.0,,,sv_2c_cf
R12_PAS,coal_ppl_u_cfNH3,2000,2025.0,M2,0.0,,,sv_2c_cf
R12_PAS,coal_ppl_u_cfNH3,2000,2030.0,,,0.0,,sv_2c_cf
R12_PAS,coal_ppl_u_cfNH3,2000,2035.0,,,0.0,,sv_2c_cf
R12_PAS,coal_ppl_u_cfNH3,2000,2040.0,,,0.0,,sv_2c_cf
R12_PAS,coal_ppl_u_cfNH3,2005,2005.0,M2,0.0,0.0,,sv_2c_cf
R12_PAS,coal_ppl_u_cfNH3,2005,2010.0,M2,0.0,,,sv_2c_cf
R12_PAS,coal_ppl_u_cfNH3,2005,2015.0,M2,0.0,,,sv_2c_cf
R12_PAS,coal_ppl_u_cfNH3,2005,2020.0,M2,0.0,,,sv_2c_cf
R12_PAS,coal_ppl_u_cfNH3,2005,2025.0,M2,0.0,,,sv_2c_cf
R12_PAS,coal_ppl_u_cfNH3,2005,2030.0,M2,0.0,0.0,,sv_2c_cf
R12_PAS,coal_ppl_u_cfNH3,2005,2035.0,,,0.0,,sv_2c_cf
R12_PAS,coal_ppl_u_cfNH3,2005,2040.0,,,0.0,,sv_2c_cf
R12_PAS,coal_ppl_u_cfNH3,2005,2045.0,,,0.0,,sv_2c_cf
R12_PAS,coal_ppl_u_cfNH3,2010,2010.0,M2,0.0,0.0,,sv_2c_cf
R12_PAS,coal_ppl_u_cfNH3,2010,2015.0,M2,0.0,,,sv_2c_cf
R12_PAS,coal_ppl_u_cfNH3,2010,2020.0,M2,0.0,,,sv_2c_cf
R12_PAS,coal_ppl_u_cfNH3,2010,2025.0,M2,0.0,,,sv_2c_cf
R12_PAS,coal_ppl_u_cfNH3,2010,2030.0,M2,0.0,0.0,,sv_2c_cf
R12_PAS,coal_ppl_u_cfNH3,2010,2035.0,M2,0.0,0.0,,sv_2c_cf
R12_PAS,coal_ppl_u_cfNH3,2010,2040.0,,,0.0,,sv_2c_cf
R12_PAS,coal_ppl_u_cfNH3,2010,2045.0,,,0.0,,sv_2c_cf
R12_PAS,coal_ppl_u_cfNH3,2015,2015.0,M2,0.0,0.0,,sv_2c_cf
R12_PAS,coal_ppl_u_cfNH3,2015,2020.0,M2,0.0,,,sv_2c_cf
R12_PAS,coal_ppl_u_cfNH3,2015,2025.0,M2,0.0,,,sv_2c_cf
R12_PAS,coal_ppl_u_cfNH3,2015,2030.0,M2,0.0,0.0,,sv_2c_cf
R12_PAS,coal_ppl_u_cfNH3,2015,2035.0,M2,0.0,0.0,,sv_2c_cf
R12_PAS,coal_ppl_u_cfNH3,2015,2040.0,M2,0.0,0.0,,sv_2c_cf
R12_PAS,coal_ppl_u_cfNH3,2015,2045.0,,,0.0,,sv_2c_cf
R12_PAS,coal_ppl_u_cfNH3,2020,2020.0,M2,0.0,0.0,52.18525766470972,sv_2c_cf
R12_PAS,coal_ppl_u_cfNH3,2020,2025.0,M2,0.0,,52.18525766470972,sv_2c_cf
R12_PAS,coal_ppl_u_cfNH3,2025,2025.0,M2,0.0,0.0,52.18525766470972,sv_2c_cf
R12_PAS,coal_ppl_u_cfNH3,2025,2030.0,M2,0.0,0.0,52.18525766470972,sv_2c_cf
R12_PAS,coal_ppl_u_cfNH3,2030,2030.0,M2,0.0,0.0,52.18525766470972,sv_2c_cf
R12_PAS,coal_ppl_u_cfNH3,2030,2035.0,M2,0.0,0.0,52.18525766470972,sv_2c_cf
R12_PAS,coal_ppl_u_cfNH3,2035,2035.0,M2,0.0,0.0,50.08877824120983,sv_2c_cf
R12_PAS,coal_ppl_u_cfNH3,2035,2040.0,M2,0.0,0.0,50.08877824120983,sv_2c_cf
R12_PAS,coal_ppl_u_cfNH3,2040,2040.0,M2,0.0,0.0,48.39087432410719,sv_2c_cf
R12_PAS,coal_ppl_u_cfNH3,2040,2045.0,M2,0.0,0.0,48.39087432410719,sv_2c_cf
R12_PAS,coal_ppl_u_cfNH3,2040,2050.0,M2,0.0,0.0,48.39087432410719,sv_2c_cf
R12_PAS,coal_ppl_u_cfNH3,2040,2055.0,M2,0.0,0.0,48.39087432410719,sv_2c_cf
R12_PAS,coal_ppl_u_cfNH3,2040,2060.0,M2,0.0,0.0,48.39087432410719,sv_2c_cf
R12_PAS,coal_ppl_u_cfNH3,2040,2070.0,M2,0.0,0.0,48.39087432410719,sv_2c_cf
R12_PAS,coal_ppl_u_cfNH3,2045,2045.0,M2,0.0,0.0,47.040989473632585,sv_2c_cf
R12_PAS,coal_ppl_u_cfNH3,2045,2050.0,M2,0.0,0.0,47.040989473632585,sv_2c_cf
R12_PAS,coal_ppl_u_cfNH3,2045,2055.0,M2,0.0,0.0,47.040989473632585,sv_2c_cf
R12_PAS,coal_ppl_u_cfNH3,2045,2060.0,M2,0.0,0.0,47.040989473632585,sv_2c_cf
R12_PAS,coal_ppl_u_cfNH3,2045,2070.0,M2,0.0,0.0,47.040989473632585,sv_2c_cf
R12_PAS,coal_ppl_u_cfNH3,2050,2050.0,M2,0.0,0.0,45.996267269500585,sv_2c_cf
R12_PAS,coal_ppl_u_cfNH3,2050,2055.0,M2,0.0,0.0,45.996267269500585,sv_2c_cf
R12_PAS,coal_ppl_u_cfNH3,2050,2060.0,M2,0.0,0.0,45.996267269500585,sv_2c_cf
R12_PAS,coal_ppl_u_cfNH3,2050,2070.0,M2,0.0,0.0,45.996267269500585,sv_2c_cf
R12_PAS,coal_ppl_u_cfNH3,2050,2080.0,M2,0.0,0.0,45.996267269500585,sv_2c_cf
R12_PAS,coal_ppl_u_cfNH3,2055,2055.0,M2,0.0,0.0,45.20855444736619,sv_2c_cf
R12_PAS,coal_ppl_u_cfNH3,2055,2060.0,M2,0.0,0.0,45.20855444736619,sv_2c_cf
R12_PAS,coal_ppl_u_cfNH3,2055,2070.0,M2,0.0,0.0,45.20855444736619,sv_2c_cf
R12_PAS,coal_ppl_u_cfNH3,2055,2080.0,M2,0.0,0.0,45.20855444736619,sv_2c_cf
R12_PAS,coal_ppl_u_cfNH3,2060,2060.0,M2,0.0,0.0,44.650307222575016,sv_2c_cf
R12_PAS,coal_ppl_u_cfNH3,2060,2070.0,M2,0.0,0.0,44.650307222575016,sv_2c_cf
R12_PAS,coal_ppl_u_cfNH3,2060,2080.0,M2,0.0,0.0,44.650307222575016,sv_2c_cf
R12_PAS,coal_ppl_u_cfNH3,2060,2090.0,M2,0.0,0.0,44.650307222575016,sv_2c_cf
R12_PAS,coal_ppl_u_cfNH3,2070,2070.0,M2,0.0,0.0,44.056829153498796,sv_2c_cf
R12_PAS,coal_ppl_u_cfNH3,2070,2080.0,M2,0.0,0.0,44.056829153498796,sv_2c_cf
R12_PAS,coal_ppl_u_cfNH3,2070,2090.0,M2,0.0,0.0,44.056829153498796,sv_2c_cf
R12_PAS,coal_ppl_u_cfNH3,2080,2080.0,M2,0.0,0.0,43.9385903942117,sv_2c_cf
R12_PAS,coal_ppl_u_cfNH3,2080,2090.0,M2,0.0,0.0,43.9385903942117,sv_2c_cf
R12_PAS,coal_ppl_u_cfNH3,2080,2100.0,M2,0.0,0.0,43.9385903942117,sv_2c_cf
R12_PAS,coal_ppl_u_cfNH3,2090,2090.0,M2,0.0,0.0,44.07703597164718,sv_2c_cf
R12_PAS,coal_ppl_u_cfNH3,2090,2100.0,M2,0.0,0.0,44.07703597164718,sv_2c_cf
R12_PAS,coal_ppl_u_cfNH3,2090,2110.0,M2,0.0,0.0,44.07703597164718,sv_2c_cf
R12_PAS,coal_ppl_u_cfNH3,2100,2100.0,M2,0.0,0.0,44.387584012050226,sv_2c_cf
R12_PAS,coal_ppl_u_cfNH3,2100,2110.0,M2,0.0,0.0,44.387584012050226,sv_2c_cf
R12_PAS,coal_ppl_u_cfNH3,2110,2110.0,M2,0.0,0.0,44.387584012050226,sv_2c_cf
R12_RCPA,coal_adv_cfNH3,1995,1995.0,M2,0.0,0.0,,sv_2c_cf
R12_RCPA,coal_adv_cfNH3,1995,2000.0,M2,0.0,,,sv_2c_cf
R12_RCPA,coal_adv_cfNH3,1995,2005.0,M2,0.0,,,sv_2c_cf
R12_RCPA,coal_adv_cfNH3,1995,2010.0,M2,0.0,,,sv_2c_cf
R12_RCPA,coal_adv_cfNH3,1995,2015.0,M2,0.0,,,sv_2c_cf
R12_RCPA,coal_adv_cfNH3,1995,2020.0,M2,0.0,,,sv_2c_cf
R12_RCPA,coal_adv_cfNH3,2000,2000.0,M2,0.0,0.0,,sv_2c_cf
R12_RCPA,coal_adv_cfNH3,2000,2005.0,M2,0.0,,,sv_2c_cf
R12_RCPA,coal_adv_cfNH3,2000,2010.0,M2,0.0,,,sv_2c_cf
R12_RCPA,coal_adv_cfNH3,2000,2015.0,M2,0.0,,,sv_2c_cf
R12_RCPA,coal_adv_cfNH3,2000,2020.0,M2,0.0,,,sv_2c_cf
R12_RCPA,coal_adv_cfNH3,2000,2025.0,M2,0.0,,,sv_2c_cf
R12_RCPA,coal_adv_cfNH3,2005,2005.0,M2,0.0,0.0,,sv_2c_cf
R12_RCPA,coal_adv_cfNH3,2005,2010.0,M2,0.0,,,sv_2c_cf
R12_RCPA,coal_adv_cfNH3,2005,2015.0,M2,0.0,,,sv_2c_cf
R12_RCPA,coal_adv_cfNH3,2005,2020.0,M2,0.0,,,sv_2c_cf
R12_RCPA,coal_adv_cfNH3,2005,2025.0,M2,0.0,,,sv_2c_cf
R12_RCPA,coal_adv_cfNH3,2005,2030.0,M2,0.0,0.0,,sv_2c_cf
R12_RCPA,coal_adv_cfNH3,2010,2010.0,M2,0.0,0.0,,sv_2c_cf
R12_RCPA,coal_adv_cfNH3,2010,2015.0,M2,0.0,,,sv_2c_cf
R12_RCPA,coal_adv_cfNH3,2010,2020.0,M2,0.0,,,sv_2c_cf
R12_RCPA,coal_adv_cfNH3,2010,2025.0,M2,0.0,,,sv_2c_cf
R12_RCPA,coal_adv_cfNH3,2010,2030.0,M2,0.0,0.0,,sv_2c_cf
R12_RCPA,coal_adv_cfNH3,2010,2035.0,M2,0.0,0.0,,sv_2c_cf
R12_RCPA,coal_adv_cfNH3,2015,2015.0,M2,0.0,0.0,,sv_2c_cf
R12_RCPA,coal_adv_cfNH3,2015,2020.0,M2,0.0,,,sv_2c_cf
R12_RCPA,coal_adv_cfNH3,2015,2025.0,M2,0.0,,,sv_2c_cf
R12_RCPA,coal_adv_cfNH3,2015,2030.0,M2,0.0,0.0,,sv_2c_cf
R12_RCPA,coal_adv_cfNH3,2015,2035.0,M2,0.0,0.0,,sv_2c_cf
R12_RCPA,coal_adv_cfNH3,2015,2040.0,M2,0.0,0.0,,sv_2c_cf
R12_RCPA,coal_adv_cfNH3,2020,2020.0,M2,0.0,0.0,52.18525766470972,sv_2c_cf
R12_RCPA,coal_adv_cfNH3,2020,2025.0,M2,0.0,,52.18525766470972,sv_2c_cf
R12_RCPA,coal_adv_cfNH3,2020,2030.0,M2,0.0,0.0,52.18525766470972,sv_2c_cf
R12_RCPA,coal_adv_cfNH3,2020,2035.0,M2,0.0,0.0,52.18525766470972,sv_2c_cf
R12_RCPA,coal_adv_cfNH3,2020,2040.0,M2,0.0,0.0,52.18525766470972,sv_2c_cf
R12_RCPA,coal_adv_cfNH3,2020,2045.0,M2,0.0,0.0,52.18525766470972,sv_2c_cf
R12_RCPA,coal_adv_cfNH3,2025,2025.0,M2,0.0,0.0,52.18525766470972,sv_2c_cf
R12_RCPA,coal_adv_cfNH3,2025,2030.0,M2,0.0,0.0,52.18525766470972,sv_2c_cf
R12_RCPA,coal_adv_cfNH3,2025,2035.0,M2,0.0,0.0,52.18525766470972,sv_2c_cf
R12_RCPA,coal_adv_cfNH3,2025,2040.0,M2,0.0,0.0,52.18525766470972,sv_2c_cf
R12_RCPA,coal_adv_cfNH3,2025,2045.0,M2,0.0,0.0,52.18525766470972,sv_2c_cf
R12_RCPA,coal_adv_cfNH3,2025,2050.0,M2,0.0,0.0,52.18525766470972,sv_2c_cf
R12_RCPA,coal_adv_cfNH3,2030,2030.0,M2,0.0,0.0,52.18525766470972,sv_2c_cf
R12_RCPA,coal_adv_cfNH3,2030,2035.0,M2,0.0,0.0,52.18525766470972,sv_2c_cf
R12_RCPA,coal_adv_cfNH3,2030,2040.0,M2,0.0,0.0,52.18525766470972,sv_2c_cf
R12_RCPA,coal_adv_cfNH3,2030,2045.0,M2,0.0,0.0,52.18525766470972,sv_2c_cf
R12_RCPA,coal_adv_cfNH3,2030,2050.0,M2,0.0,0.0,52.18525766470972,sv_2c_cf
R12_RCPA,coal_adv_cfNH3,2030,2055.0,M2,0.0,0.0,52.18525766470972,sv_2c_cf
R12_RCPA,coal_adv_cfNH3,2035,2035.0,M2,0.0,0.0,51.06515679195625,sv_2c_cf
R12_RCPA,coal_adv_cfNH3,2035,2040.0,M2,0.0,0.0,51.06515679195625,sv_2c_cf
R12_RCPA,coal_adv_cfNH3,2035,2045.0,M2,0.0,0.0,51.06515679195625,sv_2c_cf
R12_RCPA,coal_adv_cfNH3,2035,2050.0,M2,0.0,0.0,51.06515679195625,sv_2c_cf
R12_RCPA,coal_adv_cfNH3,2035,2055.0,M2,0.0,0.0,51.06515679195625,sv_2c_cf
R12_RCPA,coal_adv_cfNH3,2035,2060.0,M2,0.0,0.0,51.06515679195625,sv_2c_cf
R12_RCPA,coal_adv_cfNH3,2040,2040.0,M2,0.0,0.0,50.15121980189359,sv_2c_cf
R12_RCPA,coal_adv_cfNH3,2040,2045.0,M2,0.0,0.0,50.15121980189359,sv_2c_cf
R12_RCPA,coal_adv_cfNH3,2040,2050.0,M2,0.0,0.0,50.15121980189359,sv_2c_cf
R12_RCPA,coal_adv_cfNH3,2040,2055.0,M2,0.0,0.0,50.15121980189359,sv_2c_cf
R12_RCPA,coal_adv_cfNH3,2040,2060.0,M2,0.0,0.0,50.15121980189359,sv_2c_cf
R12_RCPA,coal_adv_cfNH3,2040,2070.0,M2,0.0,0.0,50.15121980189359,sv_2c_cf
R12_RCPA,coal_adv_cfNH3,2045,2045.0,M2,0.0,0.0,49.45074534669093,sv_2c_cf
R12_RCPA,coal_adv_cfNH3,2045,2050.0,M2,0.0,0.0,49.45074534669093,sv_2c_cf
R12_RCPA,coal_adv_cfNH3,2045,2055.0,M2,0.0,0.0,49.45074534669093,sv_2c_cf
R12_RCPA,coal_adv_cfNH3,2045,2060.0,M2,0.0,0.0,49.45074534669093,sv_2c_cf
R12_RCPA,coal_adv_cfNH3,2045,2070.0,M2,0.0,0.0,49.45074534669093,sv_2c_cf
R12_RCPA,coal_adv_cfNH3,2050,2050.0,M2,0.0,0.0,48.96508492884633,sv_2c_cf
R12_RCPA,coal_adv_cfNH3,2050,2055.0,M2,0.0,0.0,48.96508492884633,sv_2c_cf
R12_RCPA,coal_adv_cfNH3,2050,2060.0,M2,0.0,0.0,48.96508492884633,sv_2c_cf
R12_RCPA,coal_adv_cfNH3,2050,2070.0,M2,0.0,0.0,48.96508492884633,sv_2c_cf
R12_RCPA,coal_adv_cfNH3,2050,2080.0,M2,0.0,0.0,48.96508492884633,sv_2c_cf
R12_RCPA,coal_adv_cfNH3,2055,2055.0,M2,0.0,0.0,48.6815493972978,sv_2c_cf
R12_RCPA,coal_adv_cfNH3,2055,2060.0,M2,0.0,0.0,48.6815493972978,sv_2c_cf
R12_RCPA,coal_adv_cfNH3,2055,2070.0,M2,0.0,0.0,48.6815493972978,sv_2c_cf
R12_RCPA,coal_adv_cfNH3,2055,2080.0,M2,0.0,0.0,48.6815493972978,sv_2c_cf
R12_RCPA,coal_adv_cfNH3,2060,2060.0,M2,0.0,0.0,48.60626923609679,sv_2c_cf
R12_RCPA,coal_adv_cfNH3,2060,2070.0,M2,0.0,0.0,48.60626923609679,sv_2c_cf
R12_RCPA,coal_adv_cfNH3,2060,2080.0,M2,0.0,0.0,48.60626923609679,sv_2c_cf
R12_RCPA,coal_adv_cfNH3,2060,2090.0,M2,0.0,0.0,48.60626923609679,sv_2c_cf
R12_RCPA,coal_adv_cfNH3,2070,2070.0,M2,0.0,0.0,48.60626923609679,sv_2c_cf
R12_RCPA,coal_adv_cfNH3,2070,2080.0,M2,0.0,0.0,48.60626923609679,sv_2c_cf
R12_RCPA,coal_adv_cfNH3,2070,2090.0,M2,0.0,0.0,48.60626923609679,sv_2c_cf
R12_RCPA,coal_adv_cfNH3,2080,2080.0,M2,0.0,0.0,48.60626923609679,sv_2c_cf
R12_RCPA,coal_adv_cfNH3,2080,2090.0,M2,0.0,0.0,48.60626923609679,sv_2c_cf
R12_RCPA,coal_adv_cfNH3,2080,2100.0,M2,0.0,0.0,48.60626923609679,sv_2c_cf
R12_RCPA,coal_adv_cfNH3,2090,2090.0,M2,0.0,0.0,48.60626923609679,sv_2c_cf
R12_RCPA,coal_adv_cfNH3,2090,2100.0,M2,0.0,0.0,48.60626923609679,sv_2c_cf
R12_RCPA,coal_adv_cfNH3,2090,2110.0,M2,0.0,0.0,48.60626923609679,sv_2c_cf
R12_RCPA,coal_adv_cfNH3,2100,2100.0,M2,0.0,0.0,48.60626923609679,sv_2c_cf
R12_RCPA,coal_adv_cfNH3,2100,2110.0,M2,0.0,0.0,48.60626923609679,sv_2c_cf
R12_RCPA,coal_adv_cfNH3,2110,2110.0,M2,0.0,0.0,48.60626923609679,sv_2c_cf
R12_RCPA,coal_ppl_cfNH3,1995,1995.0,M2,0.0,0.0,,sv_2c_cf
R12_RCPA,coal_ppl_cfNH3,1995,2000.0,M2,0.0,,,sv_2c_cf
R12_RCPA,coal_ppl_cfNH3,1995,2005.0,M2,0.0,,,sv_2c_cf
R12_RCPA,coal_ppl_cfNH3,1995,2010.0,M2,0.0,,,sv_2c_cf
R12_RCPA,coal_ppl_cfNH3,1995,2015.0,M2,0.0,,,sv_2c_cf
R12_RCPA,coal_ppl_cfNH3,1995,2020.0,M2,0.0,,,sv_2c_cf
R12_RCPA,coal_ppl_cfNH3,1995,2030.0,,,0.0,,sv_2c_cf
R12_RCPA,coal_ppl_cfNH3,2000,2000.0,M2,0.0,0.0,,sv_2c_cf
R12_RCPA,coal_ppl_cfNH3,2000,2005.0,M2,0.0,,,sv_2c_cf
R12_RCPA,coal_ppl_cfNH3,2000,2010.0,M2,0.0,,,sv_2c_cf
R12_RCPA,coal_ppl_cfNH3,2000,2015.0,M2,0.0,,,sv_2c_cf
R12_RCPA,coal_ppl_cfNH3,2000,2020.0,M2,0.0,,,sv_2c_cf
R12_RCPA,coal_ppl_cfNH3,2000,2025.0,M2,0.0,,,sv_2c_cf
R12_RCPA,coal_ppl_cfNH3,2000,2030.0,,,0.0,,sv_2c_cf
R12_RCPA,coal_ppl_cfNH3,2000,2035.0,,,0.0,,sv_2c_cf
R12_RCPA,coal_ppl_cfNH3,2005,2005.0,M2,0.0,0.0,,sv_2c_cf
R12_RCPA,coal_ppl_cfNH3,2005,2010.0,M2,0.0,,,sv_2c_cf
R12_RCPA,coal_ppl_cfNH3,2005,2015.0,M2,0.0,,,sv_2c_cf
R12_RCPA,coal_ppl_cfNH3,2005,2020.0,M2,0.0,,,sv_2c_cf
R12_RCPA,coal_ppl_cfNH3,2005,2025.0,M2,0.0,,,sv_2c_cf
R12_RCPA,coal_ppl_cfNH3,2005,2030.0,M2,0.0,0.0,,sv_2c_cf
R12_RCPA,coal_ppl_cfNH3,2005,2035.0,,,0.0,,sv_2c_cf
R12_RCPA,coal_ppl_cfNH3,2010,2010.0,M2,0.0,0.0,,sv_2c_cf
R12_RCPA,coal_ppl_cfNH3,2010,2015.0,M2,0.0,,,sv_2c_cf
R12_RCPA,coal_ppl_cfNH3,2010,2020.0,M2,0.0,,,sv_2c_cf
R12_RCPA,coal_ppl_cfNH3,2010,2025.0,M2,0.0,,,sv_2c_cf
R12_RCPA,coal_ppl_cfNH3,2010,2030.0,M2,0.0,0.0,,sv_2c_cf
R12_RCPA,coal_ppl_cfNH3,2010,2035.0,M2,0.0,0.0,,sv_2c_cf
R12_RCPA,coal_ppl_cfNH3,2010,2040.0,,,0.0,,sv_2c_cf
R12_RCPA,coal_ppl_cfNH3,2015,2015.0,M2,0.0,0.0,,sv_2c_cf
R12_RCPA,coal_ppl_cfNH3,2015,2020.0,M2,0.0,,,sv_2c_cf
R12_RCPA,coal_ppl_cfNH3,2015,2025.0,M2,0.0,,,sv_2c_cf
R12_RCPA,coal_ppl_cfNH3,2015,2030.0,M2,0.0,0.0,,sv_2c_cf
R12_RCPA,coal_ppl_cfNH3,2015,2035.0,M2,0.0,0.0,,sv_2c_cf
R12_RCPA,coal_ppl_cfNH3,2015,2040.0,M2,0.0,0.0,,sv_2c_cf
R12_RCPA,coal_ppl_cfNH3,2020,2020.0,M2,0.0,0.0,52.18525766470972,sv_2c_cf
R12_RCPA,coal_ppl_cfNH3,2020,2025.0,M2,0.0,,52.18525766470972,sv_2c_cf
R12_RCPA,coal_ppl_cfNH3,2020,2030.0,M2,0.0,0.0,52.18525766470972,sv_2c_cf
R12_RCPA,coal_ppl_cfNH3,2020,2035.0,M2,0.0,0.0,52.18525766470972,sv_2c_cf
R12_RCPA,coal_ppl_cfNH3,2020,2040.0,M2,0.0,0.0,52.18525766470972,sv_2c_cf
R12_RCPA,coal_ppl_cfNH3,2020,2045.0,M2,0.0,0.0,52.18525766470972,sv_2c_cf
R12_RCPA,coal_ppl_cfNH3,2025,2025.0,M2,0.0,0.0,52.18525766470972,sv_2c_cf
R12_RCPA,coal_ppl_cfNH3,2025,2030.0,M2,0.0,0.0,52.18525766470972,sv_2c_cf
R12_RCPA,coal_ppl_cfNH3,2025,2035.0,M2,0.0,0.0,52.18525766470972,sv_2c_cf
R12_RCPA,coal_ppl_cfNH3,2025,2040.0,M2,0.0,0.0,52.18525766470972,sv_2c_cf
R12_RCPA,coal_ppl_cfNH3,2025,2045.0,M2,0.0,0.0,52.18525766470972,sv_2c_cf
R12_RCPA,coal_ppl_cfNH3,2025,2050.0,M2,0.0,0.0,52.18525766470972,sv_2c_cf
R12_RCPA,coal_ppl_cfNH3,2030,2030.0,M2,0.0,0.0,52.18525766470972,sv_2c_cf
R12_RCPA,coal_ppl_cfNH3,2030,2035.0,M2,0.0,0.0,52.18525766470972,sv_2c_cf
R12_RCPA,coal_ppl_cfNH3,2030,2040.0,M2,0.0,0.0,52.18525766470972,sv_2c_cf
R12_RCPA,coal_ppl_cfNH3,2030,2045.0,M2,0.0,0.0,52.18525766470972,sv_2c_cf
R12_RCPA,coal_ppl_cfNH3,2030,2050.0,M2,0.0,0.0,52.18525766470972,sv_2c_cf
R12_RCPA,coal_ppl_cfNH3,2030,2055.0,M2,0.0,0.0,52.18525766470972,sv_2c_cf
R12_RCPA,coal_ppl_cfNH3,2035,2035.0,M2,0.0,0.0,51.06515679195625,sv_2c_cf
R12_RCPA,coal_ppl_cfNH3,2035,2040.0,M2,0.0,0.0,51.06515679195625,sv_2c_cf
R12_RCPA,coal_ppl_cfNH3,2035,2045.0,M2,0.0,0.0,51.06515679195625,sv_2c_cf
R12_RCPA,coal_ppl_cfNH3,2035,2050.0,M2,0.0,0.0,51.06515679195625,sv_2c_cf
R12_RCPA,coal_ppl_cfNH3,2035,2055.0,M2,0.0,0.0,51.06515679195625,sv_2c_cf
R12_RCPA,coal_ppl_cfNH3,2035,2060.0,M2,0.0,0.0,51.06515679195625,sv_2c_cf
R12_RCPA,coal_ppl_cfNH3,2040,2040.0,M2,0.0,0.0,50.15121980189359,sv_2c_cf
R12_RCPA,coal_ppl_cfNH3,2040,2045.0,M2,0.0,0.0,50.15121980189359,sv_2c_cf
R12_RCPA,coal_ppl_cfNH3,2040,2050.0,M2,0.0,0.0,50.15121980189359,sv_2c_cf
R12_RCPA,coal_ppl_cfNH3,2040,2055.0,M2,0.0,0.0,50.15121980189359,sv_2c_cf
R12_RCPA,coal_ppl_cfNH3,2040,2060.0,M2,0.0,0.0,50.15121980189359,sv_2c_cf
R12_RCPA,coal_ppl_cfNH3,2040,2070.0,M2,0.0,0.0,50.15121980189359,sv_2c_cf
R12_RCPA,coal_ppl_cfNH3,2045,2045.0,M2,0.0,0.0,49.45074534669093,sv_2c_cf
R12_RCPA,coal_ppl_cfNH3,2045,2050.0,M2,0.0,0.0,49.45074534669093,sv_2c_cf
R12_RCPA,coal_ppl_cfNH3,2045,2055.0,M2,0.0,0.0,49.45074534669093,sv_2c_cf
R12_RCPA,coal_ppl_cfNH3,2045,2060.0,M2,0.0,0.0,49.45074534669093,sv_2c_cf
R12_RCPA,coal_ppl_cfNH3,2045,2070.0,M2,0.0,0.0,49.45074534669093,sv_2c_cf
R12_RCPA,coal_ppl_cfNH3,2050,2050.0,M2,0.0,0.0,48.96508492884633,sv_2c_cf
R12_RCPA,coal_ppl_cfNH3,2050,2055.0,M2,0.0,0.0,48.96508492884633,sv_2c_cf
R12_RCPA,coal_ppl_cfNH3,2050,2060.0,M2,0.0,0.0,48.96508492884633,sv_2c_cf
R12_RCPA,coal_ppl_cfNH3,2050,2070.0,M2,0.0,0.0,48.96508492884633,sv_2c_cf
R12_RCPA,coal_ppl_cfNH3,2050,2080.0,M2,0.0,0.0,48.96508492884633,sv_2c_cf
R12_RCPA,coal_ppl_cfNH3,2055,2055.0,M2,0.0,0.0,48.6815493972978,sv_2c_cf
R12_RCPA,coal_ppl_cfNH3,2055,2060.0,M2,0.0,0.0,48.6815493972978,sv_2c_cf
R12_RCPA,coal_ppl_cfNH3,2055,2070.0,M2,0.0,0.0,48.6815493972978,sv_2c_cf
R12_RCPA,coal_ppl_cfNH3,2055,2080.0,M2,0.0,0.0,48.6815493972978,sv_2c_cf
R12_RCPA,coal_ppl_cfNH3,2060,2060.0,M2,0.0,0.0,48.60626923609679,sv_2c_cf
R12_RCPA,coal_ppl_cfNH3,2060,2070.0,M2,0.0,0.0,48.60626923609679,sv_2c_cf
R12_RCPA,coal_ppl_cfNH3,2060,2080.0,M2,0.0,0.0,48.60626923609679,sv_2c_cf
R12_RCPA,coal_ppl_cfNH3,2060,2090.0,M2,0.0,0.0,48.60626923609679,sv_2c_cf
R12_RCPA,coal_ppl_cfNH3,2070,2070.0,M2,0.0,0.0,48.60626923609679,sv_2c_cf
R12_RCPA,coal_ppl_cfNH3,2070,2080.0,M2,0.0,0.0,48.60626923609679,sv_2c_cf
R12_RCPA,coal_ppl_cfNH3,2070,2090.0,M2,0.0,0.0,48.60626923609679,sv_2c_cf
R12_RCPA,coal_ppl_cfNH3,2080,2080.0,M2,0.0,0.0,48.60626923609679,sv_2c_cf
R12_RCPA,coal_ppl_cfNH3,2080,2090.0,M2,0.0,0.0,48.60626923609679,sv_2c_cf
R12_RCPA,coal_ppl_cfNH3,2080,2100.0,M2,0.0,0.0,48.60626923609679,sv_2c_cf
R12_RCPA,coal_ppl_cfNH3,2090,2090.0,M2,0.0,0.0,48.60626923609679,sv_2c_cf
R12_RCPA,coal_ppl_cfNH3,2090,2100.0,M2,0.0,0.0,48.60626923609679,sv_2c_cf
R12_RCPA,coal_ppl_cfNH3,2090,2110.0,M2,0.0,0.0,48.60626923609679,sv_2c_cf
R12_RCPA,coal_ppl_cfNH3,2100,2100.0,M2,0.0,0.0,48.60626923609679,sv_2c_cf
R12_RCPA,coal_ppl_cfNH3,2100,2110.0,M2,0.0,0.0,48.60626923609679,sv_2c_cf
R12_RCPA,coal_ppl_cfNH3,2110,2110.0,M2,0.0,0.0,48.60626923609679,sv_2c_cf
R12_RCPA,coal_ppl_u,2025,2025.0,M2,0.0,0.0,338.6666666666667,sv_2c_cf
R12_RCPA,coal_ppl_u,2025,2030.0,M2,0.0,0.0,338.6666666666667,sv_2c_cf
R12_RCPA,coal_ppl_u,2025,2035.0,M2,0.0,0.0,338.6666666666667,sv_2c_cf
R12_RCPA,coal_ppl_u,2025,2040.0,M2,0.0,0.0,338.6666666666667,sv_2c_cf
R12_RCPA,coal_ppl_u,2025,2045.0,M2,0.0,0.0,338.6666666666667,sv_2c_cf
R12_RCPA,coal_ppl_u,2025,2050.0,M2,0.0,0.0,338.6666666666667,sv_2c_cf
R12_RCPA,coal_ppl_u,2030,2030.0,M2,0.0,4.198809863784334,371.38986260539684,sv_2c_cf
R12_RCPA,coal_ppl_u,2030,2035.0,M2,0.0,4.198809863784334,371.38986260539684,sv_2c_cf
R12_RCPA,coal_ppl_u,2030,2040.0,M2,0.0,4.198809863784334,371.38986260539684,sv_2c_cf
R12_RCPA,coal_ppl_u,2030,2045.0,M2,0.0,4.198809863784334,371.38986260539684,sv_2c_cf
R12_RCPA,coal_ppl_u,2030,2050.0,M2,0.0,4.1260780656375555,371.38986260539684,sv_2c_cf
R12_RCPA,coal_ppl_u,2030,2055.0,M2,0.0,0.0,371.38986260539684,sv_2c_cf
R12_RCPA,coal_ppl_u,2035,2035.0,M2,0.0,0.0,406.40609286984443,sv_2c_cf
R12_RCPA,coal_ppl_u,2035,2040.0,M2,0.0,0.0,406.40609286984443,sv_2c_cf
R12_RCPA,coal_ppl_u,2035,2045.0,M2,0.0,0.0,406.40609286984443,sv_2c_cf
R12_RCPA,coal_ppl_u,2035,2050.0,M2,0.0,0.0,406.40609286984443,sv_2c_cf
R12_RCPA,coal_ppl_u,2035,2055.0,M2,0.0,0.0,406.40609286984443,sv_2c_cf
R12_RCPA,coal_ppl_u,2035,2060.0,M2,0.0,0.0,406.40609286984443,sv_2c_cf
R12_RCPA,coal_ppl_u,2040,2040.0,M2,0.0,0.0,436.9557489473925,sv_2c_cf
R12_RCPA,coal_ppl_u,2040,2045.0,M2,0.0,0.0,436.9557489473925,sv_2c_cf
R12_RCPA,coal_ppl_u,2040,2050.0,M2,0.0,0.0,436.9557489473925,sv_2c_cf
R12_RCPA,coal_ppl_u,2040,2055.0,M2,0.0,0.0,436.9557489473925,sv_2c_cf
R12_RCPA,coal_ppl_u,2040,2060.0,M2,0.0,0.0,436.9557489473925,sv_2c_cf
R12_RCPA,coal_ppl_u,2040,2070.0,M2,0.0,0.0,436.9557489473925,sv_2c_cf
R12_RCPA,coal_ppl_u,2045,2045.0,M2,0.0,0.0,464.26301404839813,sv_2c_cf
R12_RCPA,coal_ppl_u,2045,2050.0,M2,0.0,0.0,464.26301404839813,sv_2c_cf
R12_RCPA,coal_ppl_u,2045,2055.0,M2,0.0,0.0,464.26301404839813,sv_2c_cf
R12_RCPA,coal_ppl_u,2045,2060.0,M2,0.0,0.0,464.26301404839813,sv_2c_cf
R12_RCPA,coal_ppl_u,2045,2070.0,M2,0.0,0.0,464.26301404839813,sv_2c_cf
R12_RCPA,coal_ppl_u,2050,2050.0,M2,0.0,0.0,489.51999970858043,sv_2c_cf
R12_RCPA,coal_ppl_u,2050,2055.0,M2,0.0,0.0,489.51999970858043,sv_2c_cf
R12_RCPA,coal_ppl_u,2050,2060.0,M2,0.0,0.0,489.51999970858043,sv_2c_cf
R12_RCPA,coal_ppl_u,2050,2070.0,M2,0.0,0.0,489.51999970858043,sv_2c_cf
R12_RCPA,coal_ppl_u,2050,2080.0,M2,0.0,0.0,489.51999970858043,sv_2c_cf
R12_RCPA,coal_ppl_u,2055,2055.0,M2,0.0,0.0,513.565741636931,sv_2c_cf
R12_RCPA,coal_ppl_u,2055,2060.0,M2,0.0,0.0,513.565741636931,sv_2c_cf
R12_RCPA,coal_ppl_u,2055,2070.0,M2,0.0,0.0,513.565741636931,sv_2c_cf
R12_RCPA,coal_ppl_u,2055,2080.0,M2,0.0,0.0,513.565741636931,sv_2c_cf
R12_RCPA,coal_ppl_u,2060,2060.0,M2,0.0,0.0,537.625916656709,sv_2c_cf
R12_RCPA,coal_ppl_u,2060,2070.0,M2,0.0,0.0,537.625916656709,sv_2c_cf
R12_RCPA,coal_ppl_u,2060,2080.0,M2,0.0,0.0,537.625916656709,sv_2c_cf
R12_RCPA,coal_ppl_u,2060,2090.0,M2,0.0,0.0,537.625916656709,sv_2c_cf
R12_RCPA,coal_ppl_u,2070,2070.0,M2,0.0,0.0,587.1156280704553,sv_2c_cf
R12_RCPA,coal_ppl_u,2070,2080.0,M2,0.0,0.0,587.1156280704553,sv_2c_cf
R12_RCPA,coal_ppl_u,2070,2090.0,M2,0.0,0.0,587.1156280704553,sv_2c_cf
R12_RCPA,coal_ppl_u,2080,2080.0,M2,0.0,0.0,634.0206591827482,sv_2c_cf
R12_RCPA,coal_ppl_u,2080,2090.0,M2,0.0,0.0,634.0206591827482,sv_2c_cf
R12_RCPA,coal_ppl_u,2080,2100.0,M2,0.0,0.0,634.0206591827482,sv_2c_cf
R12_RCPA,coal_ppl_u,2090,2090.0,M2,0.0,0.0,676.1474262780533,sv_2c_cf
R12_RCPA,coal_ppl_u,2090,2100.0,M2,0.0,0.0,676.1474262780533,sv_2c_cf
R12_RCPA,coal_ppl_u,2090,2110.0,M2,0.0,0.0,676.1474262780533,sv_2c_cf
R12_RCPA,coal_ppl_u,2100,2100.0,M2,0.0,0.0,718.1436235826596,sv_2c_cf
R12_RCPA,coal_ppl_u,2100,2110.0,M2,0.0,0.0,718.1436235826596,sv_2c_cf
R12_RCPA,coal_ppl_u,2110,2110.0,M2,0.0,0.0,718.1436235826596,sv_2c_cf
R12_RCPA,coal_ppl_u_cfNH3,1995,1995.0,M2,0.0,0.0,,sv_2c_cf
R12_RCPA,coal_ppl_u_cfNH3,1995,2000.0,M2,0.0,,,sv_2c_cf
R12_RCPA,coal_ppl_u_cfNH3,1995,2005.0,M2,0.0,,,sv_2c_cf
R12_RCPA,coal_ppl_u_cfNH3,1995,2010.0,M2,0.0,,,sv_2c_cf
R12_RCPA,coal_ppl_u_cfNH3,1995,2015.0,M2,0.0,,,sv_2c_cf
R12_RCPA,coal_ppl_u_cfNH3,1995,2020.0,M2,0.0,,,sv_2c_cf
R12_RCPA,coal_ppl_u_cfNH3,1995,2030.0,,,0.0,,sv_2c_cf
R12_RCPA,coal_ppl_u_cfNH3,1995,2035.0,,,0.0,,sv_2c_cf
R12_RCPA,coal_ppl_u_cfNH3,1995,2040.0,,,0.0,,sv_2c_cf
R12_RCPA,coal_ppl_u_cfNH3,2000,2000.0,M2,0.0,0.0,,sv_2c_cf
R12_RCPA,coal_ppl_u_cfNH3,2000,2005.0,M2,0.0,,,sv_2c_cf
R12_RCPA,coal_ppl_u_cfNH3,2000,2010.0,M2,0.0,,,sv_2c_cf
R12_RCPA,coal_ppl_u_cfNH3,2000,2015.0,M2,0.0,,,sv_2c_cf
R12_RCPA,coal_ppl_u_cfNH3,2000,2020.0,M2,0.0,,,sv_2c_cf
R12_RCPA,coal_ppl_u_cfNH3,2000,2025.0,M2,0.0,,,sv_2c_cf
R12_RCPA,coal_ppl_u_cfNH3,2000,2030.0,,,0.0,,sv_2c_cf
R12_RCPA,coal_ppl_u_cfNH3,2000,2035.0,,,0.0,,sv_2c_cf
R12_RCPA,coal_ppl_u_cfNH3,2000,2040.0,,,0.0,,sv_2c_cf
R12_RCPA,coal_ppl_u_cfNH3,2000,2045.0,,,0.0,,sv_2c_cf
R12_RCPA,coal_ppl_u_cfNH3,2005,2005.0,M2,0.0,0.0,,sv_2c_cf
R12_RCPA,coal_ppl_u_cfNH3,2005,2010.0,M2,0.0,,,sv_2c_cf
R12_RCPA,coal_ppl_u_cfNH3,2005,2015.0,M2,0.0,,,sv_2c_cf
R12_RCPA,coal_ppl_u_cfNH3,2005,2020.0,M2,0.0,,,sv_2c_cf
R12_RCPA,coal_ppl_u_cfNH3,2005,2025.0,M2,0.0,,,sv_2c_cf
R12_RCPA,coal_ppl_u_cfNH3,2005,2030.0,M2,0.0,0.0,,sv_2c_cf
R12_RCPA,coal_ppl_u_cfNH3,2005,2035.0,,,0.0,,sv_2c_cf
R12_RCPA,coal_ppl_u_cfNH3,2005,2040.0,,,0.0,,sv_2c_cf
R12_RCPA,coal_ppl_u_cfNH3,2005,2045.0,,,0.0,,sv_2c_cf
R12_RCPA,coal_ppl_u_cfNH3,2010,2010.0,M2,0.0,0.0,,sv_2c_cf
R12_RCPA,coal_ppl_u_cfNH3,2010,2015.0,M2,0.0,,,sv_2c_cf
R12_RCPA,coal_ppl_u_cfNH3,2010,2020.0,M2,0.0,,,sv_2c_cf
R12_RCPA,coal_ppl_u_cfNH3,2010,2025.0,M2,0.0,,,sv_2c_cf
R12_RCPA,coal_ppl_u_cfNH3,2010,2030.0,M2,0.0,0.0,,sv_2c_cf
R12_RCPA,coal_ppl_u_cfNH3,2010,2035.0,M2,0.0,0.0,,sv_2c_cf
R12_RCPA,coal_ppl_u_cfNH3,2010,2040.0,,,0.0,,sv_2c_cf
R12_RCPA,coal_ppl_u_cfNH3,2010,2045.0,,,0.0,,sv_2c_cf
R12_RCPA,coal_ppl_u_cfNH3,2010,2050.0,,,0.0,,sv_2c_cf
R12_RCPA,coal_ppl_u_cfNH3,2015,2015.0,M2,0.0,0.0,,sv_2c_cf
R12_RCPA,coal_ppl_u_cfNH3,2015,2020.0,M2,0.0,,,sv_2c_cf
R12_RCPA,coal_ppl_u_cfNH3,2015,2025.0,M2,0.0,,,sv_2c_cf
R12_RCPA,coal_ppl_u_cfNH3,2015,2030.0,M2,0.0,0.0,,sv_2c_cf
R12_RCPA,coal_ppl_u_cfNH3,2015,2035.0,M2,0.0,0.0,,sv_2c_cf
R12_RCPA,coal_ppl_u_cfNH3,2015,2040.0,M2,0.0,0.0,,sv_2c_cf
R12_RCPA,coal_ppl_u_cfNH3,2015,2045.0,,,0.0,,sv_2c_cf
R12_RCPA,coal_ppl_u_cfNH3,2020,2020.0,M2,0.0,0.0,52.18525766470972,sv_2c_cf
R12_RCPA,coal_ppl_u_cfNH3,2020,2025.0,M2,0.0,,52.18525766470972,sv_2c_cf
R12_RCPA,coal_ppl_u_cfNH3,2020,2030.0,M2,0.0,0.0,52.18525766470972,sv_2c_cf
R12_RCPA,coal_ppl_u_cfNH3,2020,2035.0,M2,0.0,0.0,52.18525766470972,sv_2c_cf
R12_RCPA,coal_ppl_u_cfNH3,2020,2040.0,M2,0.0,0.0,52.18525766470972,sv_2c_cf
R12_RCPA,coal_ppl_u_cfNH3,2020,2045.0,M2,0.0,0.0,52.18525766470972,sv_2c_cf
R12_RCPA,coal_ppl_u_cfNH3,2025,2025.0,M2,0.0,0.0,52.18525766470972,sv_2c_cf
R12_RCPA,coal_ppl_u_cfNH3,2025,2030.0,M2,0.0,0.0,52.18525766470972,sv_2c_cf
R12_RCPA,coal_ppl_u_cfNH3,2025,2035.0,M2,0.0,0.0,52.18525766470972,sv_2c_cf
R12_RCPA,coal_ppl_u_cfNH3,2025,2040.0,M2,0.0,0.0,52.18525766470972,sv_2c_cf
R12_RCPA,coal_ppl_u_cfNH3,2025,2045.0,M2,0.0,0.0,52.18525766470972,sv_2c_cf
R12_RCPA,coal_ppl_u_cfNH3,2025,2050.0,M2,0.0,0.0,52.18525766470972,sv_2c_cf
R12_RCPA,coal_ppl_u_cfNH3,2030,2030.0,M2,0.0,0.0,52.18525766470972,sv_2c_cf
R12_RCPA,coal_ppl_u_cfNH3,2030,2035.0,M2,0.0,0.0,52.18525766470972,sv_2c_cf
R12_RCPA,coal_ppl_u_cfNH3,2030,2040.0,M2,0.0,0.0,52.18525766470972,sv_2c_cf
R12_RCPA,coal_ppl_u_cfNH3,2030,2045.0,M2,0.0,0.0,52.18525766470972,sv_2c_cf
R12_RCPA,coal_ppl_u_cfNH3,2030,2050.0,M2,0.0,0.0,52.18525766470972,sv_2c_cf
R12_RCPA,coal_ppl_u_cfNH3,2030,2055.0,M2,0.0,0.0,52.18525766470972,sv_2c_cf
R12_RCPA,coal_ppl_u_cfNH3,2035,2035.0,M2,0.0,0.0,51.06515679195625,sv_2c_cf
R12_RCPA,coal_ppl_u_cfNH3,2035,2040.0,M2,0.0,0.0,51.06515679195625,sv_2c_cf
R12_RCPA,coal_ppl_u_cfNH3,2035,2045.0,M2,0.0,0.0,51.06515679195625,sv_2c_cf
R12_RCPA,coal_ppl_u_cfNH3,2035,2050.0,M2,0.0,0.0,51.06515679195625,sv_2c_cf
R12_RCPA,coal_ppl_u_cfNH3,2035,2055.0,M2,0.0,0.0,51.06515679195625,sv_2c_cf
R12_RCPA,coal_ppl_u_cfNH3,2035,2060.0,M2,0.0,0.0,51.06515679195625,sv_2c_cf
R12_RCPA,coal_ppl_u_cfNH3,2040,2040.0,M2,0.0,0.0,50.15121980189359,sv_2c_cf
R12_RCPA,coal_ppl_u_cfNH3,2040,2045.0,M2,0.0,0.0,50.15121980189359,sv_2c_cf
R12_RCPA,coal_ppl_u_cfNH3,2040,2050.0,M2,0.0,0.0,50.15121980189359,sv_2c_cf
R12_RCPA,coal_ppl_u_cfNH3,2040,2055.0,M2,0.0,0.0,50.15121980189359,sv_2c_cf
R12_RCPA,coal_ppl_u_cfNH3,2040,2060.0,M2,0.0,0.0,50.15121980189359,sv_2c_cf
R12_RCPA,coal_ppl_u_cfNH3,2040,2070.0,M2,0.0,0.0,50.15121980189359,sv_2c_cf
R12_RCPA,coal_ppl_u_cfNH3,2045,2045.0,M2,0.0,0.0,49.45074534669093,sv_2c_cf
R12_RCPA,coal_ppl_u_cfNH3,2045,2050.0,M2,0.0,0.0,49.45074534669093,sv_2c_cf
R12_RCPA,coal_ppl_u_cfNH3,2045,2055.0,M2,0.0,0.0,49.45074534669093,sv_2c_cf
R12_RCPA,coal_ppl_u_cfNH3,2045,2060.0,M2,0.0,0.0,49.45074534669093,sv_2c_cf
R12_RCPA,coal_ppl_u_cfNH3,2045,2070.0,M2,0.0,0.0,49.45074534669093,sv_2c_cf
R12_RCPA,coal_ppl_u_cfNH3,2050,2050.0,M2,0.0,0.0,48.96508492884633,sv_2c_cf
R12_RCPA,coal_ppl_u_cfNH3,2050,2055.0,M2,0.0,0.0,48.96508492884633,sv_2c_cf
R12_RCPA,coal_ppl_u_cfNH3,2050,2060.0,M2,0.0,0.0,48.96508492884633,sv_2c_cf
R12_RCPA,coal_ppl_u_cfNH3,2050,2070.0,M2,0.0,0.0,48.96508492884633,sv_2c_cf
R12_RCPA,coal_ppl_u_cfNH3,2050,2080.0,M2,0.0,0.0,48.96508492884633,sv_2c_cf
R12_RCPA,coal_ppl_u_cfNH3,2055,2055.0,M2,0.0,0.0,48.6815493972978,sv_2c_cf
R12_RCPA,coal_ppl_u_cfNH3,2055,2060.0,M2,0.0,0.0,48.6815493972978,sv_2c_cf
R12_RCPA,coal_ppl_u_cfNH3,2055,2070.0,M2,0.0,0.0,48.6815493972978,sv_2c_cf
R12_RCPA,coal_ppl_u_cfNH3,2055,2080.0,M2,0.0,0.0,48.6815493972978,sv_2c_cf
R12_RCPA,coal_ppl_u_cfNH3,2060,2060.0,M2,0.0,0.0,48.60626923609679,sv_2c_cf
R12_RCPA,coal_ppl_u_cfNH3,2060,2070.0,M2,0.0,0.0,48.60626923609679,sv_2c_cf
R12_RCPA,coal_ppl_u_cfNH3,2060,2080.0,M2,0.0,0.0,48.60626923609679,sv_2c_cf
R12_RCPA,coal_ppl_u_cfNH3,2060,2090.0,M2,0.0,0.0,48.60626923609679,sv_2c_cf
R12_RCPA,coal_ppl_u_cfNH3,2070,2070.0,M2,0.0,0.0,48.60626923609679,sv_2c_cf
R12_RCPA,coal_ppl_u_cfNH3,2070,2080.0,M2,0.0,0.0,48.60626923609679,sv_2c_cf
R12_RCPA,coal_ppl_u_cfNH3,2070,2090.0,M2,0.0,0.0,48.60626923609679,sv_2c_cf
R12_RCPA,coal_ppl_u_cfNH3,2080,2080.0,M2,0.0,0.0,48.60626923609679,sv_2c_cf
R12_RCPA,coal_ppl_u_cfNH3,2080,2090.0,M2,0.0,0.0,48.60626923609679,sv_2c_cf
R12_RCPA,coal_ppl_u_cfNH3,2080,2100.0,M2,0.0,0.0,48.60626923609679,sv_2c_cf
R12_RCPA,coal_ppl_u_cfNH3,2090,2090.0,M2,0.0,0.0,48.60626923609679,sv_2c_cf
R12_RCPA,coal_ppl_u_cfNH3,2090,2100.0,M2,0.0,0.0,48.60626923609679,sv_2c_cf
R12_RCPA,coal_ppl_u_cfNH3,2090,2110.0,M2,0.0,0.0,48.60626923609679,sv_2c_cf
R12_RCPA,coal_ppl_u_cfNH3,2100,2100.0,M2,0.0,0.0,48.60626923609679,sv_2c_cf
R12_RCPA,coal_ppl_u_cfNH3,2100,2110.0,M2,0.0,0.0,48.60626923609679,sv_2c_cf
R12_RCPA,coal_ppl_u_cfNH3,2110,2110.0,M2,0.0,0.0,48.60626923609679,sv_2c_cf
R12_SAS,coal_adv_cfNH3,2010,2010.0,M2,0.0,0.0,,sv_2c_cf
R12_SAS,coal_adv_cfNH3,2010,2015.0,M2,0.0,,,sv_2c_cf
R12_SAS,coal_adv_cfNH3,2010,2020.0,M2,0.0,,,sv_2c_cf
R12_SAS,coal_adv_cfNH3,2010,2025.0,M2,0.0,,,sv_2c_cf
R12_SAS,coal_adv_cfNH3,2010,2030.0,M2,0.0,0.0,,sv_2c_cf
R12_SAS,coal_adv_cfNH3,2010,2035.0,M2,0.0,0.0,,sv_2c_cf
R12_SAS,coal_adv_cfNH3,2015,2015.0,M2,0.0,0.0,,sv_2c_cf
R12_SAS,coal_adv_cfNH3,2015,2020.0,M2,0.0,,,sv_2c_cf
R12_SAS,coal_adv_cfNH3,2015,2025.0,M2,0.0,,,sv_2c_cf
R12_SAS,coal_adv_cfNH3,2015,2030.0,M2,0.0,0.0,,sv_2c_cf
R12_SAS,coal_adv_cfNH3,2015,2035.0,M2,0.0,0.0,,sv_2c_cf
R12_SAS,coal_adv_cfNH3,2015,2040.0,M2,0.0,0.0,,sv_2c_cf
R12_SAS,coal_adv_cfNH3,2020,2020.0,M2,0.0,0.0,52.18525766470972,sv_2c_cf
R12_SAS,coal_adv_cfNH3,2020,2025.0,M2,0.0,,52.18525766470972,sv_2c_cf
R12_SAS,coal_adv_cfNH3,2020,2030.0,M2,0.0,0.0,52.18525766470972,sv_2c_cf
R12_SAS,coal_adv_cfNH3,2020,2035.0,M2,0.0,0.0,52.18525766470972,sv_2c_cf
R12_SAS,coal_adv_cfNH3,2020,2040.0,M2,0.0,0.0,52.18525766470972,sv_2c_cf
R12_SAS,coal_adv_cfNH3,2020,2045.0,M2,0.0,0.0,52.18525766470972,sv_2c_cf
R12_SAS,coal_adv_cfNH3,2025,2025.0,M2,0.0,0.0,52.18525766470972,sv_2c_cf
R12_SAS,coal_adv_cfNH3,2025,2030.0,M2,0.0,0.0,52.18525766470972,sv_2c_cf
R12_SAS,coal_adv_cfNH3,2025,2035.0,M2,0.0,0.0,52.18525766470972,sv_2c_cf
R12_SAS,coal_adv_cfNH3,2025,2040.0,M2,0.0,0.0,52.18525766470972,sv_2c_cf
R12_SAS,coal_adv_cfNH3,2025,2045.0,M2,0.0,0.0,52.18525766470972,sv_2c_cf
R12_SAS,coal_adv_cfNH3,2025,2050.0,M2,0.0,0.0,52.18525766470972,sv_2c_cf
R12_SAS,coal_adv_cfNH3,2030,2030.0,M2,0.0,0.0,52.18525766470972,sv_2c_cf
R12_SAS,coal_adv_cfNH3,2030,2035.0,M2,0.0,0.0,52.18525766470972,sv_2c_cf
R12_SAS,coal_adv_cfNH3,2030,2040.0,M2,0.0,0.0,52.18525766470972,sv_2c_cf
R12_SAS,coal_adv_cfNH3,2030,2045.0,M2,0.0,0.0,52.18525766470972,sv_2c_cf
R12_SAS,coal_adv_cfNH3,2030,2050.0,M2,0.0,0.0,52.18525766470972,sv_2c_cf
R12_SAS,coal_adv_cfNH3,2030,2055.0,M2,0.0,0.0,52.18525766470972,sv_2c_cf
R12_SAS,coal_adv_cfNH3,2035,2035.0,M2,0.0,0.0,49.96706702394786,sv_2c_cf
R12_SAS,coal_adv_cfNH3,2035,2040.0,M2,0.0,0.0,49.96706702394786,sv_2c_cf
R12_SAS,coal_adv_cfNH3,2035,2045.0,M2,0.0,0.0,49.96706702394786,sv_2c_cf
R12_SAS,coal_adv_cfNH3,2035,2050.0,M2,0.0,0.0,49.96706702394786,sv_2c_cf
R12_SAS,coal_adv_cfNH3,2035,2055.0,M2,0.0,0.0,49.96706702394786,sv_2c_cf
R12_SAS,coal_adv_cfNH3,2035,2060.0,M2,0.0,0.0,49.96706702394786,sv_2c_cf
R12_SAS,coal_adv_cfNH3,2040,2040.0,M2,0.0,0.0,48.2583752114729,sv_2c_cf
R12_SAS,coal_adv_cfNH3,2040,2045.0,M2,0.0,0.0,48.2583752114729,sv_2c_cf
R12_SAS,coal_adv_cfNH3,2040,2050.0,M2,0.0,0.0,48.2583752114729,sv_2c_cf
R12_SAS,coal_adv_cfNH3,2040,2055.0,M2,0.0,0.0,48.2583752114729,sv_2c_cf
R12_SAS,coal_adv_cfNH3,2040,2060.0,M2,0.0,0.0,48.2583752114729,sv_2c_cf
R12_SAS,coal_adv_cfNH3,2040,2070.0,M2,0.0,0.0,48.2583752114729,sv_2c_cf
R12_SAS,coal_adv_cfNH3,2045,2045.0,M2,0.0,0.0,46.97317214296978,sv_2c_cf
R12_SAS,coal_adv_cfNH3,2045,2050.0,M2,0.0,0.0,46.97317214296978,sv_2c_cf
R12_SAS,coal_adv_cfNH3,2045,2055.0,M2,0.0,0.0,46.97317214296978,sv_2c_cf
R12_SAS,coal_adv_cfNH3,2045,2060.0,M2,0.0,0.0,46.97317214296978,sv_2c_cf
R12_SAS,coal_adv_cfNH3,2045,2070.0,M2,0.0,0.0,46.97317214296978,sv_2c_cf
R12_SAS,coal_adv_cfNH3,2050,2050.0,M2,0.0,0.0,46.042248257357805,sv_2c_cf
R12_SAS,coal_adv_cfNH3,2050,2055.0,M2,0.0,0.0,46.042248257357805,sv_2c_cf
R12_SAS,coal_adv_cfNH3,2050,2060.0,M2,0.0,0.0,46.042248257357805,sv_2c_cf
R12_SAS,coal_adv_cfNH3,2050,2070.0,M2,0.0,0.0,46.042248257357805,sv_2c_cf
R12_SAS,coal_adv_cfNH3,2050,2080.0,M2,0.0,0.0,46.042248257357805,sv_2c_cf
R12_SAS,coal_adv_cfNH3,2055,2055.0,M2,0.0,0.0,45.39272314966516,sv_2c_cf
R12_SAS,coal_adv_cfNH3,2055,2060.0,M2,0.0,0.0,45.39272314966516,sv_2c_cf
R12_SAS,coal_adv_cfNH3,2055,2070.0,M2,0.0,0.0,45.39272314966516,sv_2c_cf
R12_SAS,coal_adv_cfNH3,2055,2080.0,M2,0.0,0.0,45.39272314966516,sv_2c_cf
R12_SAS,coal_adv_cfNH3,2060,2060.0,M2,0.0,0.0,44.977792551631275,sv_2c_cf
R12_SAS,coal_adv_cfNH3,2060,2070.0,M2,0.0,0.0,44.977792551631275,sv_2c_cf
R12_SAS,coal_adv_cfNH3,2060,2080.0,M2,0.0,0.0,44.977792551631275,sv_2c_cf
R12_SAS,coal_adv_cfNH3,2060,2090.0,M2,0.0,0.0,44.977792551631275,sv_2c_cf
R12_SAS,coal_adv_cfNH3,2070,2070.0,M2,0.0,0.0,44.68975309683427,sv_2c_cf
R12_SAS,coal_adv_cfNH3,2070,2080.0,M2,0.0,0.0,44.68975309683427,sv_2c_cf
R12_SAS,coal_adv_cfNH3,2070,2090.0,M2,0.0,0.0,44.68975309683427,sv_2c_cf
R12_SAS,coal_adv_cfNH3,2080,2080.0,M2,0.0,0.0,44.90811430284823,sv_2c_cf
R12_SAS,coal_adv_cfNH3,2080,2090.0,M2,0.0,0.0,44.90811430284823,sv_2c_cf
R12_SAS,coal_adv_cfNH3,2080,2100.0,M2,0.0,0.0,44.90811430284823,sv_2c_cf
R12_SAS,coal_adv_cfNH3,2090,2090.0,M2,0.0,0.0,45.37643646435629,sv_2c_cf
R12_SAS,coal_adv_cfNH3,2090,2100.0,M2,0.0,0.0,45.37643646435629,sv_2c_cf
R12_SAS,coal_adv_cfNH3,2090,2110.0,M2,0.0,0.0,45.37643646435629,sv_2c_cf
R12_SAS,coal_adv_cfNH3,2100,2100.0,M2,0.0,0.0,45.99740739096988,sv_2c_cf
R12_SAS,coal_adv_cfNH3,2100,2110.0,M2,0.0,0.0,45.99740739096988,sv_2c_cf
R12_SAS,coal_adv_cfNH3,2110,2110.0,M2,0.0,0.0,45.99740739096988,sv_2c_cf
R12_SAS,coal_ppl_cfNH3,2010,2010.0,M2,0.0,0.0,,sv_2c_cf
R12_SAS,coal_ppl_cfNH3,2010,2015.0,M2,0.0,,,sv_2c_cf
R12_SAS,coal_ppl_cfNH3,2010,2020.0,M2,0.0,,,sv_2c_cf
R12_SAS,coal_ppl_cfNH3,2010,2025.0,M2,0.0,,,sv_2c_cf
R12_SAS,coal_ppl_cfNH3,2010,2030.0,M2,0.0,0.0,,sv_2c_cf
R12_SAS,coal_ppl_cfNH3,2010,2035.0,M2,0.0,0.0,,sv_2c_cf
R12_SAS,coal_ppl_cfNH3,2015,2015.0,M2,0.0,0.0,,sv_2c_cf
R12_SAS,coal_ppl_cfNH3,2015,2020.0,M2,0.0,,,sv_2c_cf
R12_SAS,coal_ppl_cfNH3,2015,2025.0,M2,0.0,,,sv_2c_cf
R12_SAS,coal_ppl_cfNH3,2015,2030.0,M2,0.0,0.0,,sv_2c_cf
R12_SAS,coal_ppl_cfNH3,2015,2035.0,M2,0.0,0.0,,sv_2c_cf
R12_SAS,coal_ppl_cfNH3,2015,2040.0,M2,0.0,0.0,,sv_2c_cf
R12_SAS,coal_ppl_cfNH3,2020,2020.0,M2,0.0,0.0,52.18525766470972,sv_2c_cf
R12_SAS,coal_ppl_cfNH3,2020,2025.0,M2,0.0,,52.18525766470972,sv_2c_cf
R12_SAS,coal_ppl_cfNH3,2020,2030.0,M2,0.0,0.0,52.18525766470972,sv_2c_cf
R12_SAS,coal_ppl_cfNH3,2020,2035.0,M2,0.0,0.0,52.18525766470972,sv_2c_cf
R12_SAS,coal_ppl_cfNH3,2020,2040.0,M2,0.0,0.0,52.18525766470972,sv_2c_cf
R12_SAS,coal_ppl_cfNH3,2020,2045.0,M2,0.0,0.0,52.18525766470972,sv_2c_cf
R12_SAS,coal_ppl_cfNH3,2025,2025.0,M2,0.0,0.0,52.18525766470972,sv_2c_cf
R12_SAS,coal_ppl_cfNH3,2025,2030.0,M2,0.0,0.0,52.18525766470972,sv_2c_cf
R12_SAS,coal_ppl_cfNH3,2025,2035.0,M2,0.0,0.0,52.18525766470972,sv_2c_cf
R12_SAS,coal_ppl_cfNH3,2025,2040.0,M2,0.0,0.0,52.18525766470972,sv_2c_cf
R12_SAS,coal_ppl_cfNH3,2025,2045.0,M2,0.0,0.0,52.18525766470972,sv_2c_cf
R12_SAS,coal_ppl_cfNH3,2025,2050.0,M2,0.0,0.0,52.18525766470972,sv_2c_cf
R12_SAS,coal_ppl_cfNH3,2030,2030.0,M2,2.2637574696000002,3.1224240960000005,52.18525766470972,sv_2c_cf
R12_SAS,coal_ppl_cfNH3,2030,2035.0,M2,2.4589089756000004,3.1224240960000005,52.18525766470972,sv_2c_cf
R12_SAS,coal_ppl_cfNH3,2030,2040.0,M2,2.6540604816,3.1224240960000005,52.18525766470972,sv_2c_cf
R12_SAS,coal_ppl_cfNH3,2030,2045.0,M2,2.6540604816,3.1224240960000005,52.18525766470972,sv_2c_cf
R12_SAS,coal_ppl_cfNH3,2030,2050.0,M2,2.6540604816,3.1224240960000005,52.18525766470972,sv_2c_cf
R12_SAS,coal_ppl_cfNH3,2030,2055.0,M2,0.0,3.1224240960000005,52.18525766470972,sv_2c_cf
R12_SAS,coal_ppl_cfNH3,2035,2035.0,M2,5.173743172376138,6.569832599842716,49.96706702394786,sv_2c_cf
R12_SAS,coal_ppl_cfNH3,2035,2040.0,M2,5.584357709866309,6.569832599842716,49.96706702394786,sv_2c_cf
R12_SAS,coal_ppl_cfNH3,2035,2045.0,M2,5.584357709866309,6.569832599842716,49.96706702394786,sv_2c_cf
R12_SAS,coal_ppl_cfNH3,2035,2050.0,M2,5.584357709866309,6.569832599842716,49.96706702394786,sv_2c_cf
R12_SAS,coal_ppl_cfNH3,2035,2055.0,M2,5.584357709866309,6.569832599842716,49.96706702394786,sv_2c_cf
R12_SAS,coal_ppl_cfNH3,2035,2060.0,M2,0.0,6.569832599842716,49.96706702394786,sv_2c_cf
R12_SAS,coal_ppl_cfNH3,2040,2040.0,M2,5.111965469969244,6.014077023493227,48.2583752114729,sv_2c_cf
R12_SAS,coal_ppl_cfNH3,2040,2045.0,M2,2.4678766247697217,6.014077023493227,48.2583752114729,sv_2c_cf
R12_SAS,coal_ppl_cfNH3,2040,2050.0,M2,1.3288766247697203,6.014077023493227,48.2583752114729,sv_2c_cf
R12_SAS,coal_ppl_cfNH3,2040,2055.0,M2,0.0,6.014077023493227,48.2583752114729,sv_2c_cf
R12_SAS,coal_ppl_cfNH3,2040,2060.0,M2,0.0,6.014077023493227,48.2583752114729,sv_2c_cf
R12_SAS,coal_ppl_cfNH3,2040,2070.0,M2,0.0,3.0070385117466136,48.2583752114729,sv_2c_cf
R12_SAS,coal_ppl_cfNH3,2045,2045.0,M2,1.6750888451995227,1.9706927590582621,46.97317214296978,sv_2c_cf
R12_SAS,coal_ppl_cfNH3,2045,2050.0,M2,1.6750888451995227,1.9706927590582621,46.97317214296978,sv_2c_cf
R12_SAS,coal_ppl_cfNH3,2045,2055.0,M2,1.0605647310907262,1.9706927590582621,46.97317214296978,sv_2c_cf
R12_SAS,coal_ppl_cfNH3,2045,2060.0,M2,0.0,1.9706927590582621,46.97317214296978,sv_2c_cf
R12_SAS,coal_ppl_cfNH3,2045,2070.0,M2,0.0,1.9706927590582621,46.97317214296978,sv_2c_cf
R12_SAS,coal_ppl_cfNH3,2050,2050.0,M2,0.0,0.6457566032882117,46.042248257357805,sv_2c_cf
R12_SAS,coal_ppl_cfNH3,2050,2055.0,M2,0.0,0.6457566032882117,46.042248257357805,sv_2c_cf
R12_SAS,coal_ppl_cfNH3,2050,2060.0,M2,0.0,0.6457566032882117,46.042248257357805,sv_2c_cf
R12_SAS,coal_ppl_cfNH3,2050,2070.0,M2,0.0,0.6457566032882117,46.042248257357805,sv_2c_cf
R12_SAS,coal_ppl_cfNH3,2050,2080.0,M2,0.0,0.32287830164410586,46.042248257357805,sv_2c_cf
R12_SAS,coal_ppl_cfNH3,2055,2055.0,M2,0.0,0.21160152376548136,45.39272314966516,sv_2c_cf
R12_SAS,coal_ppl_cfNH3,2055,2060.0,M2,0.0,0.21160152376548136,45.39272314966516,sv_2c_cf
R12_SAS,coal_ppl_cfNH3,2055,2070.0,M2,0.0,0.21160152376548136,45.39272314966516,sv_2c_cf
R12_SAS,coal_ppl_cfNH3,2055,2080.0,M2,0.0,0.21160152376548136,45.39272314966516,sv_2c_cf
R12_SAS,coal_ppl_cfNH3,2060,2060.0,M2,0.0,0.06933758730747297,44.977792551631275,sv_2c_cf
R12_SAS,coal_ppl_cfNH3,2060,2070.0,M2,0.0,0.06933758730747297,44.977792551631275,sv_2c_cf
R12_SAS,coal_ppl_cfNH3,2060,2080.0,M2,0.0,0.06933758730747297,44.977792551631275,sv_2c_cf
R12_SAS,coal_ppl_cfNH3,2060,2090.0,M2,0.0,0.034668793653736485,44.977792551631275,sv_2c_cf
R12_SAS,coal_ppl_cfNH3,2070,2070.0,M2,0.0,0.007445066746728535,44.68975309683427,sv_2c_cf
R12_SAS,coal_ppl_cfNH3,2070,2080.0,M2,0.0,0.007445066746728535,44.68975309683427,sv_2c_cf
R12_SAS,coal_ppl_cfNH3,2070,2090.0,M2,0.0,0.007445066746728535,44.68975309683427,sv_2c_cf
R12_SAS,coal_ppl_cfNH3,2080,2080.0,M2,0.0,0.0007994079548434052,44.90811430284823,sv_2c_cf
R12_SAS,coal_ppl_cfNH3,2080,2090.0,M2,0.0,0.0007994079548434052,44.90811430284823,sv_2c_cf
R12_SAS,coal_ppl_cfNH3,2080,2100.0,M2,0.0,0.0007994079548434052,44.90811430284823,sv_2c_cf
R12_SAS,coal_ppl_cfNH3,2090,2090.0,M2,0.0,8.583577555536684e-05,45.37643646435629,sv_2c_cf
R12_SAS,coal_ppl_cfNH3,2090,2100.0,M2,0.0,8.583577555536684e-05,45.37643646435629,sv_2c_cf
R12_SAS,coal_ppl_cfNH3,2090,2110.0,M2,0.0,8.583577555536684e-05,45.37643646435629,sv_2c_cf
R12_SAS,coal_ppl_cfNH3,2100,2100.0,M2,0.0,9.216546220927431e-06,45.99740739096988,sv_2c_cf
R12_SAS,coal_ppl_cfNH3,2100,2110.0,M2,0.0,9.216546220927431e-06,45.99740739096988,sv_2c_cf
R12_SAS,coal_ppl_cfNH3,2110,2110.0,M2,0.0,0.0,45.99740739096988,sv_2c_cf
R12_SAS,coal_ppl_u,2025,2025.0,M2,0.0,0.0,564.4444444444445,sv_2c_cf
R12_SAS,coal_ppl_u,2025,2030.0,M2,0.0,0.0,564.4444444444445,sv_2c_cf
R12_SAS,coal_ppl_u,2025,2035.0,M2,0.0,0.0,564.4444444444445,sv_2c_cf
R12_SAS,coal_ppl_u,2025,2040.0,M2,0.0,0.0,564.4444444444445,sv_2c_cf
R12_SAS,coal_ppl_u,2025,2045.0,M2,0.0,0.0,564.4444444444445,sv_2c_cf
R12_SAS,coal_ppl_u,2025,2050.0,M2,0.0,0.0,564.4444444444445,sv_2c_cf
R12_SAS,coal_ppl_u,2030,2030.0,M2,3.1224240960000005,13.814078124999993,575.1882040351363,sv_2c_cf
R12_SAS,coal_ppl_u,2030,2035.0,M2,9.692256695842715,13.814078124999993,575.1882040351363,sv_2c_cf
R12_SAS,coal_ppl_u,2030,2040.0,M2,13.814078124999993,13.814078124999993,575.1882040351363,sv_2c_cf
R12_SAS,coal_ppl_u,2030,2045.0,M2,13.814078124999993,13.814078124999993,575.1882040351363,sv_2c_cf
R12_SAS,coal_ppl_u,2030,2050.0,M2,13.814078124999993,13.814078124999993,575.1882040351363,sv_2c_cf
R12_SAS,coal_ppl_u,2030,2055.0,M2,0.0,0.0,575.1882040351363,sv_2c_cf
R12_SAS,coal_ppl_u,2035,2035.0,M2,0.0,31.44473133887206,585.9017685855003,sv_2c_cf
R12_SAS,coal_ppl_u,2035,2040.0,M2,3.1318046245666142,31.44473133887206,585.9017685855003,sv_2c_cf
R12_SAS,coal_ppl_u,2035,2045.0,M2,4.289445660548832,31.44473133887206,585.9017685855003,sv_2c_cf
R12_SAS,coal_ppl_u,2035,2050.0,M2,4.289445660548832,31.44473133887206,585.9017685855003,sv_2c_cf
R12_SAS,coal_ppl_u,2035,2055.0,M2,0.0,0.0,585.9017685855003,sv_2c_cf
R12_SAS,coal_ppl_u,2035,2060.0,M2,0.0,0.0,585.9017685855003,sv_2c_cf
R12_SAS,coal_ppl_u,2040,2040.0,M2,0.0,0.0,596.8557876244395,sv_2c_cf
R12_SAS,coal_ppl_u,2040,2045.0,M2,0.0,0.0,596.8557876244395,sv_2c_cf
R12_SAS,coal_ppl_u,2040,2050.0,M2,0.0,0.0,596.8557876244395,sv_2c_cf
R12_SAS,coal_ppl_u,2040,2055.0,M2,0.0,0.0,596.8557876244395,sv_2c_cf
R12_SAS,coal_ppl_u,2040,2060.0,M2,0.0,0.0,596.8557876244395,sv_2c_cf
R12_SAS,coal_ppl_u,2040,2070.0,M2,0.0,0.0,596.8557876244395,sv_2c_cf
R12_SAS,coal_ppl_u,2045,2045.0,M2,0.0,0.0,608.2841566840157,sv_2c_cf
R12_SAS,coal_ppl_u,2045,2050.0,M2,0.0,0.0,608.2841566840157,sv_2c_cf
R12_SAS,coal_ppl_u,2045,2055.0,M2,0.0,0.0,608.2841566840157,sv_2c_cf
R12_SAS,coal_ppl_u,2045,2060.0,M2,0.0,0.0,608.2841566840157,sv_2c_cf
R12_SAS,coal_ppl_u,2045,2070.0,M2,0.0,0.0,608.2841566840157,sv_2c_cf
R12_SAS,coal_ppl_u,2050,2050.0,M2,0.0,0.0,620.4093294048754,sv_2c_cf
R12_SAS,coal_ppl_u,2050,2055.0,M2,0.0,0.0,620.4093294048754,sv_2c_cf
R12_SAS,coal_ppl_u,2050,2060.0,M2,0.0,0.0,620.4093294048754,sv_2c_cf
R12_SAS,coal_ppl_u,2050,2070.0,M2,0.0,0.0,620.4093294048754,sv_2c_cf
R12_SAS,coal_ppl_u,2050,2080.0,M2,0.0,0.0,620.4093294048754,sv_2c_cf
R12_SAS,coal_ppl_u,2055,2055.0,M2,0.0,0.0,633.0147296015606,sv_2c_cf
R12_SAS,coal_ppl_u,2055,2060.0,M2,0.0,0.0,633.0147296015606,sv_2c_cf
R12_SAS,coal_ppl_u,2055,2070.0,M2,0.0,0.0,633.0147296015606,sv_2c_cf
R12_SAS,coal_ppl_u,2055,2080.0,M2,0.0,0.0,633.0147296015606,sv_2c_cf
R12_SAS,coal_ppl_u,2060,2060.0,M2,0.0,0.0,646.2003021690823,sv_2c_cf
R12_SAS,coal_ppl_u,2060,2070.0,M2,0.0,0.0,646.2003021690823,sv_2c_cf
R12_SAS,coal_ppl_u,2060,2080.0,M2,0.0,0.0,646.2003021690823,sv_2c_cf
R12_SAS,coal_ppl_u,2060,2090.0,M2,0.0,0.0,646.2003021690823,sv_2c_cf
R12_SAS,coal_ppl_u,2070,2070.0,M2,0.0,0.0,674.1757041791531,sv_2c_cf
R12_SAS,coal_ppl_u,2070,2080.0,M2,0.0,0.0,674.1757041791531,sv_2c_cf
R12_SAS,coal_ppl_u,2070,2090.0,M2,0.0,0.0,674.1757041791531,sv_2c_cf
R12_SAS,coal_ppl_u,2080,2080.0,M2,0.0,0.0,703.600855759588,sv_2c_cf
R12_SAS,coal_ppl_u,2080,2090.0,M2,0.0,0.0,703.600855759588,sv_2c_cf
R12_SAS,coal_ppl_u,2080,2100.0,M2,0.0,0.0,703.600855759588,sv_2c_cf
R12_SAS,coal_ppl_u,2090,2090.0,M2,0.0,0.0,731.8174156668762,sv_2c_cf
R12_SAS,coal_ppl_u,2090,2100.0,M2,0.0,0.0,731.8174156668762,sv_2c_cf
R12_SAS,coal_ppl_u,2090,2110.0,M2,0.0,0.0,731.8174156668762,sv_2c_cf
R12_SAS,coal_ppl_u,2100,2100.0,M2,0.0,0.0,758.8860577641482,sv_2c_cf
R12_SAS,coal_ppl_u,2100,2110.0,M2,0.0,0.0,758.8860577641482,sv_2c_cf
R12_SAS,coal_ppl_u,2110,2110.0,M2,0.0,0.0,758.8860577641482,sv_2c_cf
R12_SAS,coal_ppl_u_cfNH3,2010,2010.0,M2,0.0,0.0,,sv_2c_cf
R12_SAS,coal_ppl_u_cfNH3,2010,2015.0,M2,0.0,,,sv_2c_cf
R12_SAS,coal_ppl_u_cfNH3,2010,2020.0,M2,0.0,,,sv_2c_cf
R12_SAS,coal_ppl_u_cfNH3,2010,2025.0,M2,0.0,,,sv_2c_cf
R12_SAS,coal_ppl_u_cfNH3,2010,2030.0,M2,0.0,0.0,,sv_2c_cf
R12_SAS,coal_ppl_u_cfNH3,2010,2035.0,M2,0.0,0.0,,sv_2c_cf
R12_SAS,coal_ppl_u_cfNH3,2010,2040.0,,,0.0,,sv_2c_cf
R12_SAS,coal_ppl_u_cfNH3,2010,2045.0,,,0.0,,sv_2c_cf
R12_SAS,coal_ppl_u_cfNH3,2010,2050.0,,,0.0,,sv_2c_cf
R12_SAS,coal_ppl_u_cfNH3,2015,2015.0,M2,0.0,0.0,,sv_2c_cf
R12_SAS,coal_ppl_u_cfNH3,2015,2020.0,M2,0.0,,,sv_2c_cf
R12_SAS,coal_ppl_u_cfNH3,2015,2025.0,M2,0.0,,,sv_2c_cf
R12_SAS,coal_ppl_u_cfNH3,2015,2030.0,M2,0.0,0.0,,sv_2c_cf
R12_SAS,coal_ppl_u_cfNH3,2015,2035.0,M2,0.0,0.0,,sv_2c_cf
R12_SAS,coal_ppl_u_cfNH3,2015,2040.0,M2,0.0,0.0,,sv_2c_cf
R12_SAS,coal_ppl_u_cfNH3,2015,2045.0,,,0.0,,sv_2c_cf
R12_SAS,coal_ppl_u_cfNH3,2020,2020.0,M2,0.0,0.0,52.18525766470972,sv_2c_cf
R12_SAS,coal_ppl_u_cfNH3,2020,2025.0,M2,0.0,,52.18525766470972,sv_2c_cf
R12_SAS,coal_ppl_u_cfNH3,2020,2030.0,M2,0.0,0.0,52.18525766470972,sv_2c_cf
R12_SAS,coal_ppl_u_cfNH3,2020,2035.0,M2,0.0,0.0,52.18525766470972,sv_2c_cf
R12_SAS,coal_ppl_u_cfNH3,2020,2040.0,M2,0.0,0.0,52.18525766470972,sv_2c_cf
R12_SAS,coal_ppl_u_cfNH3,2020,2045.0,M2,0.0,0.0,52.18525766470972,sv_2c_cf
R12_SAS,coal_ppl_u_cfNH3,2025,2025.0,M2,0.0,0.0,52.18525766470972,sv_2c_cf
R12_SAS,coal_ppl_u_cfNH3,2025,2030.0,M2,0.0,0.0,52.18525766470972,sv_2c_cf
R12_SAS,coal_ppl_u_cfNH3,2025,2035.0,M2,0.0,0.0,52.18525766470972,sv_2c_cf
R12_SAS,coal_ppl_u_cfNH3,2025,2040.0,M2,0.0,0.0,52.18525766470972,sv_2c_cf
R12_SAS,coal_ppl_u_cfNH3,2025,2045.0,M2,0.0,0.0,52.18525766470972,sv_2c_cf
R12_SAS,coal_ppl_u_cfNH3,2025,2050.0,M2,0.0,0.0,52.18525766470972,sv_2c_cf
R12_SAS,coal_ppl_u_cfNH3,2030,2030.0,M2,3.1224240960000005,3.1224240960000005,52.18525766470972,sv_2c_cf
R12_SAS,coal_ppl_u_cfNH3,2030,2035.0,M2,3.1224240960000005,3.1224240960000005,52.18525766470972,sv_2c_cf
R12_SAS,coal_ppl_u_cfNH3,2030,2040.0,M2,3.1224240960000005,3.1224240960000005,52.18525766470972,sv_2c_cf
R12_SAS,coal_ppl_u_cfNH3,2030,2045.0,M2,1.9031969466979737,3.1224240960000005,52.18525766470972,sv_2c_cf
R12_SAS,coal_ppl_u_cfNH3,2030,2050.0,M2,1.1243447797440318,3.1224240960000005,52.18525766470972,sv_2c_cf
R12_SAS,coal_ppl_u_cfNH3,2030,2055.0,M2,0.0,3.1224240960000005,52.18525766470972,sv_2c_cf
R12_SAS,coal_ppl_u_cfNH3,2035,2035.0,M2,6.569832599842716,6.569832599842716,49.96706702394786,sv_2c_cf
R12_SAS,coal_ppl_u_cfNH3,2035,2040.0,M2,6.569832599842716,6.569832599842716,49.96706702394786,sv_2c_cf
R12_SAS,coal_ppl_u_cfNH3,2035,2045.0,M2,6.569832599842716,6.569832599842716,49.96706702394786,sv_2c_cf
R12_SAS,coal_ppl_u_cfNH3,2035,2050.0,M2,6.569832599842716,6.569832599842716,49.96706702394786,sv_2c_cf
R12_SAS,coal_ppl_u_cfNH3,2035,2055.0,M2,0.0,6.569832599842716,49.96706702394786,sv_2c_cf
R12_SAS,coal_ppl_u_cfNH3,2035,2060.0,M2,0.0,6.569832599842716,49.96706702394786,sv_2c_cf
R12_SAS,coal_ppl_u_cfNH3,2040,2040.0,M2,7.25362605372389,7.25362605372389,48.2583752114729,sv_2c_cf
R12_SAS,coal_ppl_u_cfNH3,2040,2045.0,M2,7.25362605372389,7.25362605372389,48.2583752114729,sv_2c_cf
R12_SAS,coal_ppl_u_cfNH3,2040,2050.0,M2,7.25362605372389,7.25362605372389,48.2583752114729,sv_2c_cf
R12_SAS,coal_ppl_u_cfNH3,2040,2055.0,M2,0.0,7.25362605372389,48.2583752114729,sv_2c_cf
R12_SAS,coal_ppl_u_cfNH3,2040,2060.0,M2,0.0,7.25362605372389,48.2583752114729,sv_2c_cf
R12_SAS,coal_ppl_u_cfNH3,2040,2070.0,M2,0.0,3.626813026861945,48.2583752114729,sv_2c_cf
R12_SAS,coal_ppl_u_cfNH3,2045,2045.0,M2,2.3768681852842457,2.3768681852842457,46.97317214296978,sv_2c_cf
R12_SAS,coal_ppl_u_cfNH3,2045,2050.0,M2,2.3768681852842457,2.3768681852842457,46.97317214296978,sv_2c_cf
R12_SAS,coal_ppl_u_cfNH3,2045,2055.0,M2,0.0,2.3768681852842457,46.97317214296978,sv_2c_cf
R12_SAS,coal_ppl_u_cfNH3,2045,2060.0,M2,0.0,2.3768681852842457,46.97317214296978,sv_2c_cf
R12_SAS,coal_ppl_u_cfNH3,2045,2070.0,M2,0.0,2.3768681852842457,46.97317214296978,sv_2c_cf
R12_SAS,coal_ppl_u_cfNH3,2050,2050.0,M2,0.7788521669539421,0.7788521669539421,46.042248257357805,sv_2c_cf
R12_SAS,coal_ppl_u_cfNH3,2050,2055.0,M2,0.0,0.7788521669539421,46.042248257357805,sv_2c_cf
R12_SAS,coal_ppl_u_cfNH3,2050,2060.0,M2,0.0,0.7788521669539421,46.042248257357805,sv_2c_cf
R12_SAS,coal_ppl_u_cfNH3,2050,2070.0,M2,0.0,0.7788521669539421,46.042248257357805,sv_2c_cf
R12_SAS,coal_ppl_u_cfNH3,2050,2080.0,M2,0.0,0.38942608347697105,46.042248257357805,sv_2c_cf
R12_SAS,coal_ppl_u_cfNH3,2055,2055.0,M2,0.0,0.2552142780674679,45.39272314966516,sv_2c_cf
R12_SAS,coal_ppl_u_cfNH3,2055,2060.0,M2,0.0,0.2552142780674679,45.39272314966516,sv_2c_cf
R12_SAS,coal_ppl_u_cfNH3,2055,2070.0,M2,0.0,0.2552142780674679,45.39272314966516,sv_2c_cf
R12_SAS,coal_ppl_u_cfNH3,2055,2080.0,M2,0.0,0.2552142780674679,45.39272314966516,sv_2c_cf
R12_SAS,coal_ppl_u_cfNH3,2060,2060.0,M2,0.0,0.08362861463714794,44.977792551631275,sv_2c_cf
R12_SAS,coal_ppl_u_cfNH3,2060,2070.0,M2,0.0,0.08362861463714794,44.977792551631275,sv_2c_cf
R12_SAS,coal_ppl_u_cfNH3,2060,2080.0,M2,0.0,0.08362861463714794,44.977792551631275,sv_2c_cf
R12_SAS,coal_ppl_u_cfNH3,2060,2090.0,M2,0.0,0.04181430731857397,44.977792551631275,sv_2c_cf
R12_SAS,coal_ppl_u_cfNH3,2070,2070.0,M2,0.0,0.008979554121908442,44.68975309683427,sv_2c_cf
R12_SAS,coal_ppl_u_cfNH3,2070,2080.0,M2,0.0,0.008979554121908442,44.68975309683427,sv_2c_cf
R12_SAS,coal_ppl_u_cfNH3,2070,2090.0,M2,0.0,0.008979554121908442,44.68975309683427,sv_2c_cf
R12_SAS,coal_ppl_u_cfNH3,2080,2080.0,M2,0.0,0.00096417228215647,44.90811430284823,sv_2c_cf
R12_SAS,coal_ppl_u_cfNH3,2080,2090.0,M2,0.0,0.00096417228215647,44.90811430284823,sv_2c_cf
R12_SAS,coal_ppl_u_cfNH3,2080,2100.0,M2,0.0,0.00096417228215647,44.90811430284823,sv_2c_cf
R12_SAS,coal_ppl_u_cfNH3,2090,2090.0,M2,0.0,0.00010352721048929318,45.37643646435629,sv_2c_cf
R12_SAS,coal_ppl_u_cfNH3,2090,2100.0,M2,0.0,0.00010352721048929318,45.37643646435629,sv_2c_cf
R12_SAS,coal_ppl_u_cfNH3,2090,2110.0,M2,0.0,0.00010352721048929318,45.37643646435629,sv_2c_cf
R12_SAS,coal_ppl_u_cfNH3,2100,2100.0,M2,0.0,1.1116149582440572e-05,45.99740739096988,sv_2c_cf
R12_SAS,coal_ppl_u_cfNH3,2100,2110.0,M2,0.0,1.1116149582440572e-05,45.99740739096988,sv_2c_cf
R12_SAS,coal_ppl_u_cfNH3,2110,2110.0,M2,0.0,1.193587472850659e-06,45.99740739096988,sv_2c_cf
R12_CHN,coal_adv,hist,1990.0,M1,0.0,,,sv_2c_cf
R12_CHN,coal_adv,hist,1995.0,M1,2.2011203529737213,,,sv_2c_cf
R12_CHN,coal_adv,hist,2000.0,M1,5.095469729373608,,,sv_2c_cf
R12_CHN,coal_adv,hist,2005.0,M1,15.248005685070531,,,sv_2c_cf
R12_CHN,coal_adv,hist,2010.0,M1,64.27008717209043,,,sv_2c_cf
R12_CHN,coal_adv,hist,2015.0,M1,102.36984660494238,,,sv_2c_cf
R12_CHN,coal_adv,hist,2020.0,M1,135.12771197296524,,,sv_2c_cf
R12_CHN,coal_adv,hist,2025.0,M1,201.48024163562138,,,sv_2c_cf
R12_CHN,coal_adv,hist,1960.0,,,0.0,,sv_2c_cf
R12_CHN,coal_adv,hist,1965.0,,,0.0,,sv_2c_cf
R12_CHN,coal_adv,hist,1970.0,,,0.0,,sv_2c_cf
R12_CHN,coal_adv,hist,1975.0,,,0.0,,sv_2c_cf
R12_CHN,coal_adv,hist,1980.0,,,0.0,,sv_2c_cf
R12_CHN,coal_adv,hist,1985.0,,,0.0,,sv_2c_cf
R12_CHN,coal_adv,hist,1990.0,,,0.0,,sv_2c_cf
R12_CHN,coal_adv,hist,1995.0,,,0.468,,sv_2c_cf
R12_CHN,coal_adv,hist,2000.0,,,0.988,,sv_2c_cf
R12_CHN,coal_adv,hist,2005.0,,,1.984,,sv_2c_cf
R12_CHN,coal_adv,hist,2010.0,,,21.626,,sv_2c_cf
R12_CHN,coal_adv,hist,2015.0,,,18.0088,,sv_2c_cf
R12_CHN,coal_adv,hist,2020.0,,,8.654,,sv_2c_cf
R12_CHN,coal_adv,hist,2025.0,,,52.5446,,sv_2c_cf
R12_CHN,coal_ppl,hist,1990.0,M1,14.525293594072362,,,sv_2c_cf
R12_CHN,coal_ppl,hist,1995.0,M1,24.805419259696965,,,sv_2c_cf
R12_CHN,coal_ppl,hist,2000.0,M1,36.385746268713916,,,sv_2c_cf
R12_CHN,coal_ppl,hist,2005.0,M1,79.90450976751882,,,sv_2c_cf
R12_CHN,coal_ppl,hist,2010.0,M1,135.83955253198602,,,sv_2c_cf
R12_CHN,coal_ppl,hist,2015.0,M1,178.80862065340423,,,sv_2c_cf
R12_CHN,coal_ppl,hist,2020.0,M1,232.26271425000002,,,sv_2c_cf
R12_CHN,coal_ppl,hist,2025.0,M1,210.95115243678472,,,sv_2c_cf
R12_CHN,coal_ppl,hist,1960.0,,,0.0,,sv_2c_cf
R12_CHN,coal_ppl,hist,1965.0,,,0.0,,sv_2c_cf
R12_CHN,coal_ppl,hist,1970.0,,,0.0,,sv_2c_cf
R12_CHN,coal_ppl,hist,1975.0,,,0.0,,sv_2c_cf
R12_CHN,coal_ppl,hist,1980.0,,,0.0626,,sv_2c_cf
R12_CHN,coal_ppl,hist,1985.0,,,0.178,,sv_2c_cf
R12_CHN,coal_ppl,hist,1990.0,,,1.286,,sv_2c_cf
R12_CHN,coal_ppl,hist,1995.0,,,2.18575,,sv_2c_cf
R12_CHN,coal_ppl,hist,2000.0,,,3.9530000000000003,,sv_2c_cf
R12_CHN,coal_ppl,hist,2005.0,,,8.5044,,sv_2c_cf
R12_CHN,coal_ppl,hist,2010.0,,,24.67564,,sv_2c_cf
R12_CHN,coal_ppl,hist,2015.0,,,20.3104,,sv_2c_cf
R12_CHN,coal_ppl,hist,2020.0,,,14.3768,,sv_2c_cf
R12_CHN,coal_ppl,hist,2025.0,,,13.8768,,sv_2c_cf
R12_CHN,coal_ppl_u,hist,1990.0,M1,39.10050640592764,,,sv_2c_cf
R12_CHN,coal_ppl_u,hist,1995.0,M1,60.95006038732931,,,sv_2c_cf
R12_CHN,coal_ppl_u,hist,2000.0,M1,81.72768400191248,,,sv_2c_cf
R12_CHN,coal_ppl_u,hist,2005.0,M1,133.99158454741067,,,sv_2c_cf
R12_CHN,coal_ppl_u,hist,2010.0,M1,173.10376029592354,,,sv_2c_cf
R12_CHN,coal_ppl_u,hist,2015.0,M1,191.08123274165337,,,sv_2c_cf
R12_CHN,coal_ppl_u,hist,2020.0,M1,195.75985015,,,sv_2c_cf
R12_CHN,coal_ppl_u,hist,2025.0,M1,163.50750549000006,,,sv_2c_cf
R12_CHN,coal_ppl_u,hist,1960.0,,,0.146,,sv_2c_cf
R12_CHN,coal_ppl_u,hist,1965.0,,,0.0,,sv_2c_cf
R12_CHN,coal_ppl_u,hist,1970.0,,,0.01,,sv_2c_cf
R12_CHN,coal_ppl_u,hist,1975.0,,,0.2756,,sv_2c_cf
R12_CHN,coal_ppl_u,hist,1980.0,,,0.5772,,sv_2c_cf
R12_CHN,coal_ppl_u,hist,1985.0,,,1.7686,,sv_2c_cf
R12_CHN,coal_ppl_u,hist,1990.0,,,4.3918,,sv_2c_cf
R12_CHN,coal_ppl_u,hist,1995.0,,,5.8937100000000004,,sv_2c_cf
R12_CHN,coal_ppl_u,hist,2000.0,,,8.998,,sv_2c_cf
R12_CHN,coal_ppl_u,hist,2005.0,,,13.054680000000001,,sv_2c_cf
R12_CHN,coal_ppl_u,hist,2010.0,,,22.221400000000003,,sv_2c_cf
R12_CHN,coal_ppl_u,hist,2015.0,,,11.33,,sv_2c_cf
R12_CHN,coal_ppl_u,hist,2020.0,,,1.6238,,sv_2c_cf
R12_CHN,coal_ppl_u,hist,2025.0,,,0.0,,sv_2c_cf
R12_CHN,gas_cc,hist,1990.0,M1,0.24031832042962137,,,sv_2c_cf
R12_CHN,gas_cc,hist,1995.0,M1,0.2718083490856925,,,sv_2c_cf
R12_CHN,gas_cc,hist,2000.0,M1,1.8679975943501175,,,sv_2c_cf
R12_CHN,gas_cc,hist,2005.0,M1,2.427138311025822,,,sv_2c_cf
R12_CHN,gas_cc,hist,2010.0,M1,9.618044409284082,,,sv_2c_cf
R12_CHN,gas_cc,hist,2015.0,M1,17.016165572676538,,,sv_2c_cf
R12_CHN,gas_cc,hist,2020.0,M1,27.967719141562405,,,sv_2c_cf
R12_CHN,gas_cc,hist,2025.0,M1,74.42726953699122,,,sv_2c_cf
R12_CHN,gas_ct,hist,1990.0,M1,0.051626653423220766,,,sv_2c_cf
R12_CHN,gas_ct,hist,1995.0,M1,0.0537200867475218,,,sv_2c_cf
R12_CHN,gas_ct,hist,2000.0,M1,0.06595376557691,,,sv_2c_cf
R12_CHN,gas_ct,hist,2005.0,M1,0.07186757872836676,,,sv_2c_cf
R12_CHN,gas_ct,hist,2010.0,M1,0.21610375177432495,,,sv_2c_cf
R12_CHN,gas_ct,hist,2015.0,M1,0.23880565365990458,,,sv_2c_cf
R12_CHN,gas_ct,hist,2020.0,M1,0.28308889366943035,,,sv_2c_cf
R12_CHN,gas_ct,hist,2025.0,M1,55.005726545951944,,,sv_2c_cf
R12_CHN,gas_ppl,hist,1990.0,M1,0.02435502614715791,,,sv_2c_cf
R12_CHN,gas_ppl,hist,1995.0,M1,0.025071564166785732,,,sv_2c_cf
R12_CHN,gas_ppl,hist,2000.0,M1,0.12234864007297236,,,sv_2c_cf
R12_CHN,gas_ppl,hist,2005.0,M1,0.17359411024581145,,,sv_2c_cf
R12_CHN,gas_ppl,hist,2010.0,M1,0.7206518389415939,,,sv_2c_cf
R12_CHN,gas_ppl,hist,2015.0,M1,0.8039287736635573,,,sv_2c_cf
R12_CHN,gas_ppl,hist,2020.0,M1,1.1352914647681587,,,sv_2c_cf
R12_CHN,gas_ppl,hist,2025.0,M1,0.0,,,sv_2c_cf
R12_CHN,igcc,hist,1990.0,M1,0.0,,,sv_2c_cf
R12_CHN,igcc,hist,1995.0,M1,0.0,,,sv_2c_cf
R12_CHN,igcc,hist,2000.0,M1,0.0,,,sv_2c_cf
R12_CHN,igcc,hist,2005.0,M1,0.0,,,sv_2c_cf
R12_CHN,igcc,hist,2010.0,M1,0.0,,,sv_2c_cf
R12_CHN,igcc,hist,2015.0,M1,0.0,,,sv_2c_cf
R12_CHN,igcc,hist,2020.0,M1,0.0,,,sv_2c_cf
R12_CHN,igcc,hist,2025.0,M1,0.0,,,sv_2c_cf
R12_CHN,igcc,hist,1960.0,,,0.0,,sv_2c_cf
R12_CHN,igcc,hist,1965.0,,,0.0,,sv_2c_cf
R12_CHN,igcc,hist,1970.0,,,0.0,,sv_2c_cf
R12_CHN,igcc,hist,1975.0,,,0.0,,sv_2c_cf
R12_CHN,igcc,hist,1980.0,,,0.0,,sv_2c_cf
R12_CHN,igcc,hist,1985.0,,,0.0,,sv_2c_cf
R12_CHN,igcc,hist,1990.0,,,0.0,,sv_2c_cf
R12_CHN,igcc,hist,1995.0,,,0.0,,sv_2c_cf
R12_CHN,igcc,hist,2000.0,,,0.0,,sv_2c_cf
R12_CHN,igcc,hist,2005.0,,,0.0,,sv_2c_cf
R12_CHN,igcc,hist,2010.0,,,0.0,,sv_2c_cf
R12_CHN,igcc,hist,2015.0,,,0.0,,sv_2c_cf
R12_CHN,igcc,hist,2020.0,,,0.0,,sv_2c_cf
R12_CHN,igcc,hist,2025.0,,,0.0,,sv_2c_cf
R12_PAS,coal_adv,hist,1990.0,M1,0.0,,,sv_2c_cf
R12_PAS,coal_adv,hist,1995.0,M1,2.032589490389237,,,sv_2c_cf
R12_PAS,coal_adv,hist,2000.0,M1,8.649953027443823,,,sv_2c_cf
R12_PAS,coal_adv,hist,2005.0,M1,14.515402597403549,,,sv_2c_cf
R12_PAS,coal_adv,hist,2010.0,M1,14.51540259740355,,,sv_2c_cf
R12_PAS,coal_adv,hist,2015.0,M1,17.851454199864456,,,sv_2c_cf
R12_PAS,coal_adv,hist,2020.0,M1,18.438210000000005,,,sv_2c_cf
R12_PAS,coal_adv,hist,2025.0,M1,18.7820325,,,sv_2c_cf
R12_PAS,coal_adv,hist,1960.0,,,0.0,,sv_2c_cf
R12_PAS,coal_adv,hist,1965.0,,,0.0,,sv_2c_cf
R12_PAS,coal_adv,hist,1970.0,,,0.0,,sv_2c_cf
R12_PAS,coal_adv,hist,1975.0,,,0.0,,sv_2c_cf
R12_PAS,coal_adv,hist,1980.0,,,0.0,,sv_2c_cf
R12_PAS,coal_adv,hist,1985.0,,,0.0,,sv_2c_cf
R12_PAS,coal_adv,hist,1990.0,,,0.0,,sv_2c_cf
R12_PAS,coal_adv,hist,1995.0,,,0.5,,sv_2c_cf
R12_PAS,coal_adv,hist,2000.0,,,1.78,,sv_2c_cf
R12_PAS,coal_adv,hist,2005.0,,,1.08,,sv_2c_cf
R12_PAS,coal_adv,hist,2010.0,,,0.0,,sv_2c_cf
R12_PAS,coal_adv,hist,2015.0,,,0.9380000000000001,,sv_2c_cf
R12_PAS,coal_adv,hist,2020.0,,,0.364,,sv_2c_cf
R12_PAS,coal_adv,hist,2025.0,,,0.0,,sv_2c_cf
R12_PAS,coal_ppl,hist,1990.0,M1,3.205569662506565,,,sv_2c_cf
R12_PAS,coal_ppl,hist,1995.0,M1,6.950006021701617,,,sv_2c_cf
R12_PAS,coal_ppl,hist,2000.0,M1,11.51078219431879,,,sv_2c_cf
R12_PAS,coal_ppl,hist,2005.0,M1,16.687584536990652,,,sv_2c_cf
R12_PAS,coal_ppl,hist,2010.0,M1,28.788043537267733,,,sv_2c_cf
R12_PAS,coal_ppl,hist,2015.0,M1,31.124417757618072,,,sv_2c_cf
R12_PAS,coal_ppl,hist,2020.0,M1,37.58401075,,,sv_2c_cf
R12_PAS,coal_ppl,hist,2025.0,M1,54.04038849999999,,,sv_2c_cf
R12_PAS,coal_ppl,hist,1960.0,,,0.0,,sv_2c_cf
R12_PAS,coal_ppl,hist,1965.0,,,0.0,,sv_2c_cf
R12_PAS,coal_ppl,hist,1970.0,,,0.0,,sv_2c_cf
R12_PAS,coal_ppl,hist,1975.0,,,0.0,,sv_2c_cf
R12_PAS,coal_ppl,hist,1980.0,,,0.04,,sv_2c_cf
R12_PAS,coal_ppl,hist,1985.0,,,0.734,,sv_2c_cf
R12_PAS,coal_ppl,hist,1990.0,,,0.24789099999999997,,sv_2c_cf
R12_PAS,coal_ppl,hist,1995.0,,,0.9211,,sv_2c_cf
R12_PAS,coal_ppl,hist,2000.0,,,1.2268000000000001,,sv_2c_cf
R12_PAS,coal_ppl,hist,2005.0,,,0.9531999999999999,,sv_2c_cf
R12_PAS,coal_ppl,hist,2010.0,,,2.6586,,sv_2c_cf
R12_PAS,coal_ppl,hist,2015.0,,,0.65692,,sv_2c_cf
R12_PAS,coal_ppl,hist,2020.0,,,4.1258,,sv_2c_cf
R12_PAS,coal_ppl,hist,2025.0,,,3.8758,,sv_2c_cf
R12_PAS,coal_ppl_u,hist,1990.0,M1,4.542930337493436,,,sv_2c_cf
R12_PAS,coal_ppl_u,hist,1995.0,M1,6.199204487909147,,,sv_2c_cf
R12_PAS,coal_ppl_u,hist,2000.0,M1,11.173864778237387,,,sv_2c_cf
R12_PAS,coal_ppl_u,hist,2005.0,M1,11.895912865605792,,,sv_2c_cf
R12_PAS,coal_ppl_u,hist,2010.0,M1,14.708853865328715,,,sv_2c_cf
R12_PAS,coal_ppl_u,hist,2015.0,M1,21.94302804251747,,,sv_2c_cf
R12_PAS,coal_ppl_u,hist,2020.0,M1,23.952881264,,,sv_2c_cf
R12_PAS,coal_ppl_u,hist,2025.0,M1,24.606884847999996,,,sv_2c_cf
R12_PAS,coal_ppl_u,hist,1960.0,,,0.0,,sv_2c_cf
R12_PAS,coal_ppl_u,hist,1965.0,,,0.003,,sv_2c_cf
R12_PAS,coal_ppl_u,hist,1970.0,,,0.016,,sv_2c_cf
R12_PAS,coal_ppl_u,hist,1975.0,,,0.36225,,sv_2c_cf
R12_PAS,coal_ppl_u,hist,1980.0,,,0.012,,sv_2c_cf
R12_PAS,coal_ppl_u,hist,1985.0,,,0.2598202,,sv_2c_cf
R12_PAS,coal_ppl_u,hist,1990.0,,,0.4265918,,sv_2c_cf
R12_PAS,coal_ppl_u,hist,1995.0,,,0.501906,,sv_2c_cf
R12_PAS,coal_ppl_u,hist,2000.0,,,1.672663,,sv_2c_cf
R12_PAS,coal_ppl_u,hist,2005.0,,,0.16866799999999998,,sv_2c_cf
R12_PAS,coal_ppl_u,hist,2010.0,,,0.7959518,,sv_2c_cf
R12_PAS,coal_ppl_u,hist,2015.0,,,2.4154199999999997,,sv_2c_cf
R12_PAS,coal_ppl_u,hist,2020.0,,,1.540774,,sv_2c_cf
R12_PAS,coal_ppl_u,hist,2025.0,,,0.0,,sv_2c_cf
R12_PAS,gas_cc,hist,1990.0,M1,1.7160937664435234,,,sv_2c_cf
R12_PAS,gas_cc,hist,1995.0,M1,9.19828249291816,,,sv_2c_cf
R12_PAS,gas_cc,hist,2000.0,M1,16.92403624100804,,,sv_2c_cf
R12_PAS,gas_cc,hist,2005.0,M1,29.87570059090028,,,sv_2c_cf
R12_PAS,gas_cc,hist,2010.0,M1,43.930454696985045,,,sv_2c_cf
R12_PAS,gas_cc,hist,2015.0,M1,52.330678517845655,,,sv_2c_cf
R12_PAS,gas_cc,hist,2020.0,M1,56.03639753426513,,,sv_2c_cf
R12_PAS,gas_cc,hist,2025.0,M1,69.2601102121039,,,sv_2c_cf
R12_PAS,gas_ct,hist,1990.0,M1,0.6494648981786108,,,sv_2c_cf
R12_PAS,gas_ct,hist,1995.0,M1,1.7593929539176256,,,sv_2c_cf
R12_PAS,gas_ct,hist,2000.0,M1,1.9004680694301657,,,sv_2c_cf
R12_PAS,gas_ct,hist,2005.0,M1,2.4549709415788064,,,sv_2c_cf
R12_PAS,gas_ct,hist,2010.0,M1,2.530963314445119,,,sv_2c_cf
R12_PAS,gas_ct,hist,2015.0,M1,2.6810612971508685,,,sv_2c_cf
R12_PAS,gas_ct,hist,2020.0,M1,2.8210152307742202,,,sv_2c_cf
R12_PAS,gas_ct,hist,2025.0,M1,2.350064979803135,,,sv_2c_cf
R12_PAS,gas_ppl,hist,1990.0,M1,1.8563413353778662,,,sv_2c_cf
R12_PAS,gas_ppl,hist,1995.0,M1,3.0385245531642138,,,sv_2c_cf
R12_PAS,gas_ppl,hist,2000.0,M1,3.7308956895617946,,,sv_2c_cf
R12_PAS,gas_ppl,hist,2005.0,M1,4.551028467520916,,,sv_2c_cf
R12_PAS,gas_ppl,hist,2010.0,M1,5.553381988569837,,,sv_2c_cf
R12_PAS,gas_ppl,hist,2015.0,M1,6.123160185003473,,,sv_2c_cf
R12_PAS,gas_ppl,hist,2020.0,M1,6.472587234960646,,,sv_2c_cf
R12_PAS,gas_ppl,hist,2025.0,M1,3.119591175,,,sv_2c_cf
R12_PAS,igcc,hist,1990.0,M1,0.0,,,sv_2c_cf
R12_PAS,igcc,hist,1995.0,M1,0.0,,,sv_2c_cf
R12_PAS,igcc,hist,2000.0,M1,0.0,,,sv_2c_cf
R12_PAS,igcc,hist,2005.0,M1,0.0,,,sv_2c_cf
R12_PAS,igcc,hist,2010.0,M1,0.0,,,sv_2c_cf
R12_PAS,igcc,hist,2015.0,M1,0.0,,,sv_2c_cf
R12_PAS,igcc,hist,2020.0,M1,0.0,,,sv_2c_cf
R12_PAS,igcc,hist,2025.0,M1,0.0,,,sv_2c_cf
R12_PAS,igcc,hist,1960.0,,,0.0,,sv_2c_cf
R12_PAS,igcc,hist,1965.0,,,0.0,,sv_2c_cf
R12_PAS,igcc,hist,1970.0,,,0.0,,sv_2c_cf
R12_PAS,igcc,hist,1975.0,,,0.0,,sv_2c_cf
R12_PAS,igcc,hist,1980.0,,,0.0,,sv_2c_cf
R12_PAS,igcc,hist,1985.0,,,0.0,,sv_2c_cf
R12_PAS,igcc,hist,1990.0,,,0.0,,sv_2c_cf
R12_PAS,igcc,hist,1995.0,,,0.0,,sv_2c_cf
R12_PAS,igcc,hist,2000.0,,,0.0,,sv_2c_cf
R12_PAS,igcc,hist,2005.0,,,0.0,,sv_2c_cf
R12_PAS,igcc,hist,2010.0,,,0.0,,sv_2c_cf
R12_PAS,igcc,hist,2015.0,,,0.0,,sv_2c_cf
R12_PAS,igcc,hist,2020.0,,,0.0,,sv_2c_cf
R12_PAS,igcc,hist,2025.0,,,0.0,,sv_2c_cf
R12_RCPA,coal_adv,hist,1990.0,M1,0.0,,,sv_2c_cf
R12_RCPA,coal_adv,hist,1995.0,M1,0.0,,,sv_2c_cf
R12_RCPA,coal_adv,hist,2000.0,M1,0.0,,,sv_2c_cf
R12_RCPA,coal_adv,hist,2005.0,M1,0.0,,,sv_2c_cf
R12_RCPA,coal_adv,hist,2010.0,M1,0.0,,,sv_2c_cf
R12_RCPA,coal_adv,hist,2015.0,M1,0.5820283780926199,,,sv_2c_cf
R12_RCPA,coal_adv,hist,2020.0,M1,1.5185520000000001,,,sv_2c_cf
R12_RCPA,coal_adv,hist,2025.0,M1,5.584099488978294,,,sv_2c_cf
R12_RCPA,coal_adv,hist,1960.0,,,0.0,,sv_2c_cf
R12_RCPA,coal_adv,hist,1965.0,,,0.0,,sv_2c_cf
R12_RCPA,coal_adv,hist,1970.0,,,0.0,,sv_2c_cf
R12_RCPA,coal_adv,hist,1975.0,,,0.0,,sv_2c_cf
R12_RCPA,coal_adv,hist,1980.0,,,0.0,,sv_2c_cf
R12_RCPA,coal_adv,hist,1985.0,,,0.0,,sv_2c_cf
R12_RCPA,coal_adv,hist,1990.0,,,0.0,,sv_2c_cf
R12_RCPA,coal_adv,hist,1995.0,,,0.0,,sv_2c_cf
R12_RCPA,coal_adv,hist,2000.0,,,0.0,,sv_2c_cf
R12_RCPA,coal_adv,hist,2005.0,,,0.0,,sv_2c_cf
R12_RCPA,coal_adv,hist,2010.0,,,0.0,,sv_2c_cf
R12_RCPA,coal_adv,hist,2015.0,,,0.24880000000000002,,sv_2c_cf
R12_RCPA,coal_adv,hist,2020.0,,,0.1376,,sv_2c_cf
R12_RCPA,coal_adv,hist,2025.0,,,1.006143513460921,,sv_2c_cf
R12_RCPA,coal_ppl,hist,1990.0,M1,0.0,,,sv_2c_cf
R12_RCPA,coal_ppl,hist,1995.0,M1,0.0,,,sv_2c_cf
R12_RCPA,coal_ppl,hist,2000.0,M1,0.0,,,sv_2c_cf
R12_RCPA,coal_ppl,hist,2005.0,M1,1.01363052905464,,,sv_2c_cf
R12_RCPA,coal_ppl,hist,2010.0,M1,1.126910908161992,,,sv_2c_cf
R12_RCPA,coal_ppl,hist,2015.0,M1,1.4357040991114527,,,sv_2c_cf
R12_RCPA,coal_ppl,hist,2020.0,M1,5.592087255413575,,,sv_2c_cf
R12_RCPA,coal_ppl,hist,2025.0,M1,11.556893186004313,,,sv_2c_cf
R12_RCPA,coal_ppl,hist,1960.0,,,0.0,,sv_2c_cf
R12_RCPA,coal_ppl,hist,1965.0,,,0.0,,sv_2c_cf
R12_RCPA,coal_ppl,hist,1970.0,,,0.0,,sv_2c_cf
R12_RCPA,coal_ppl,hist,1975.0,,,0.0,,sv_2c_cf
R12_RCPA,coal_ppl,hist,1980.0,,,0.0,,sv_2c_cf
R12_RCPA,coal_ppl,hist,1985.0,,,0.0,,sv_2c_cf
R12_RCPA,coal_ppl,hist,1990.0,,,0.0,,sv_2c_cf
R12_RCPA,coal_ppl,hist,1995.0,,,0.0,,sv_2c_cf
R12_RCPA,coal_ppl,hist,2000.0,,,0.0,,sv_2c_cf
R12_RCPA,coal_ppl,hist,2005.0,,,0.23850130095403294,,sv_2c_cf
R12_RCPA,coal_ppl,hist,2010.0,,,0.06,,sv_2c_cf
R12_RCPA,coal_ppl,hist,2015.0,,,0.132,,sv_2c_cf
R12_RCPA,coal_ppl,hist,2020.0,,,0.9780849094775979,,sv_2c_cf
R12_RCPA,coal_ppl,hist,2025.0,,,1.4520309148169614,,sv_2c_cf
R12_RCPA,coal_ppl_u,hist,1990.0,M1,1.8469000000000004,,,sv_2c_cf
R12_RCPA,coal_ppl_u,hist,1995.0,M1,1.4844,,,sv_2c_cf
R12_RCPA,coal_ppl_u,hist,2000.0,M1,1.6429,,,sv_2c_cf
R12_RCPA,coal_ppl_u,hist,2005.0,M1,1.77506947094536,,,sv_2c_cf
R12_RCPA,coal_ppl_u,hist,2010.0,M1,2.223689091838008,,,sv_2c_cf
R12_RCPA,coal_ppl_u,hist,2015.0,M1,5.757967522795926,,,sv_2c_cf
R12_RCPA,coal_ppl_u,hist,2020.0,M1,9.105676500000001,,,sv_2c_cf
R12_RCPA,coal_ppl_u,hist,2025.0,M1,10.060303875000002,,,sv_2c_cf
R12_RCPA,coal_ppl_u,hist,1960.0,,,0.0,,sv_2c_cf
R12_RCPA,coal_ppl_u,hist,1965.0,,,0.0658,,sv_2c_cf
R12_RCPA,coal_ppl_u,hist,1970.0,,,0.0716,,sv_2c_cf
R12_RCPA,coal_ppl_u,hist,1975.0,,,0.2802,,sv_2c_cf
R12_RCPA,coal_ppl_u,hist,1980.0,,,0.08199999999999999,,sv_2c_cf
R12_RCPA,coal_ppl_u,hist,1985.0,,,0.2808,,sv_2c_cf
R12_RCPA,coal_ppl_u,hist,1990.0,,,0.0936,,sv_2c_cf
R12_RCPA,coal_ppl_u,hist,1995.0,,,0.04,,sv_2c_cf
R12_RCPA,coal_ppl_u,hist,2000.0,,,0.0112,,sv_2c_cf
R12_RCPA,coal_ppl_u,hist,2005.0,,,0.02,,sv_2c_cf
R12_RCPA,coal_ppl_u,hist,2010.0,,,0.30601999999999996,,sv_2c_cf
R12_RCPA,coal_ppl_u,hist,2015.0,,,2.0144,,sv_2c_cf
R12_RCPA,coal_ppl_u,hist,2020.0,,,0.6508,,sv_2c_cf
R12_RCPA,coal_ppl_u,hist,2025.0,,,0.0,,sv_2c_cf
R12_RCPA,gas_cc,hist,1990.0,M1,0.00023333333333333333,,,sv_2c_cf
R12_RCPA,gas_cc,hist,1995.0,M1,0.08493333333333333,,,sv_2c_cf
R12_RCPA,gas_cc,hist,2000.0,M1,0.38805515839598936,,,sv_2c_cf
R12_RCPA,gas_cc,hist,2005.0,M1,2.437401594511986,,,sv_2c_cf
R12_RCPA,gas_cc,hist,2010.0,M1,4.8341370966336275,,,sv_2c_cf
R12_RCPA,gas_cc,hist,2015.0,M1,5.146989678158469,,,sv_2c_cf
R12_RCPA,gas_cc,hist,2020.0,M1,3.73891534238577,,,sv_2c_cf
R12_RCPA,gas_cc,hist,2025.0,M1,8.177373828957471,,,sv_2c_cf
R12_RCPA,gas_ct,hist,1990.0,M1,0.00023333333333333333,,,sv_2c_cf
R12_RCPA,gas_ct,hist,1995.0,M1,0.00023333333333333333,,,sv_2c_cf
R12_RCPA,gas_ct,hist,2000.0,M1,0.10782614371865114,,,sv_2c_cf
R12_RCPA,gas_ct,hist,2005.0,M1,0.10782614371865114,,,sv_2c_cf
R12_RCPA,gas_ct,hist,2010.0,M1,0.10782614371865115,,,sv_2c_cf
R12_RCPA,gas_ct,hist,2015.0,M1,0.10782614371865114,,,sv_2c_cf
R12_RCPA,gas_ct,hist,2020.0,M1,0.07832788644802584,,,sv_2c_cf
R12_RCPA,gas_ct,hist,2025.0,M1,0.1768282951084741,,,sv_2c_cf
R12_RCPA,gas_ppl,hist,1990.0,M1,0.00023333333333333333,,,sv_2c_cf
R12_RCPA,gas_ppl,hist,1995.0,M1,0.00023333333333333333,,,sv_2c_cf
R12_RCPA,gas_ppl,hist,2000.0,M1,0.0014186978853596272,,,sv_2c_cf
R12_RCPA,gas_ppl,hist,2005.0,M1,0.002572261769362937,,,sv_2c_cf
R12_RCPA,gas_ppl,hist,2010.0,M1,0.09773675964772223,,,sv_2c_cf
R12_RCPA,gas_ppl,hist,2015.0,M1,0.24148417812287962,,,sv_2c_cf
R12_RCPA,gas_ppl,hist,2020.0,M1,0.17542077116620428,,,sv_2c_cf
R12_RCPA,gas_ppl,hist,2025.0,M1,0.0,,,sv_2c_cf
R12_RCPA,igcc,hist,1990.0,M1,0.0,,,sv_2c_cf
R12_RCPA,igcc,hist,1995.0,M1,0.0,,,sv_2c_cf
R12_RCPA,igcc,hist,2000.0,M1,0.0,,,sv_2c_cf
R12_RCPA,igcc,hist,2005.0,M1,0.0,,,sv_2c_cf
R12_RCPA,igcc,hist,2010.0,M1,0.0,,,sv_2c_cf
R12_RCPA,igcc,hist,2015.0,M1,0.0,,,sv_2c_cf
R12_RCPA,igcc,hist,2020.0,M1,0.0,,,sv_2c_cf
R12_RCPA,igcc,hist,2025.0,M1,0.0,,,sv_2c_cf
R12_RCPA,igcc,hist,1960.0,,,0.0,,sv_2c_cf
R12_RCPA,igcc,hist,1965.0,,,0.0,,sv_2c_cf
R12_RCPA,igcc,hist,1970.0,,,0.0,,sv_2c_cf
R12_RCPA,igcc,hist,1975.0,,,0.0,,sv_2c_cf
R12_RCPA,igcc,hist,1980.0,,,0.0,,sv_2c_cf
R12_RCPA,igcc,hist,1985.0,,,0.0,,sv_2c_cf
R12_RCPA,igcc,hist,1990.0,,,0.0,,sv_2c_cf
R12_RCPA,igcc,hist,1995.0,,,0.0,,sv_2c_cf
R12_RCPA,igcc,hist,2000.0,,,0.0,,sv_2c_cf
R12_RCPA,igcc,hist,2005.0,,,0.0,,sv_2c_cf
R12_RCPA,igcc,hist,2010.0,,,0.0,,sv_2c_cf
R12_RCPA,igcc,hist,2015.0,,,0.0,,sv_2c_cf
R12_RCPA,igcc,hist,2020.0,,,0.0,,sv_2c_cf
R12_RCPA,igcc,hist,2025.0,,,0.0,,sv_2c_cf
R12_SAS,coal_adv,hist,1990.0,M1,0.0,,,sv_2c_cf
R12_SAS,coal_adv,hist,1995.0,M1,0.0,,,sv_2c_cf
R12_SAS,coal_adv,hist,2000.0,M1,0.0,,,sv_2c_cf
R12_SAS,coal_adv,hist,2005.0,M1,0.0,,,sv_2c_cf
R12_SAS,coal_adv,hist,2010.0,M1,0.0,,,sv_2c_cf
R12_SAS,coal_adv,hist,2015.0,M1,17.25838217288207,,,sv_2c_cf
R12_SAS,coal_adv,hist,2020.0,M1,23.903849571618682,,,sv_2c_cf
R12_SAS,coal_adv,hist,2025.0,M1,38.05589779918299,,,sv_2c_cf
R12_SAS,coal_adv,hist,1960.0,,,0.0,,sv_2c_cf
R12_SAS,coal_adv,hist,1965.0,,,0.0,,sv_2c_cf
R12_SAS,coal_adv,hist,1970.0,,,0.0,,sv_2c_cf
R12_SAS,coal_adv,hist,1975.0,,,0.0,,sv_2c_cf
R12_SAS,coal_adv,hist,1980.0,,,0.0,,sv_2c_cf
R12_SAS,coal_adv,hist,1985.0,,,0.0,,sv_2c_cf
R12_SAS,coal_adv,hist,1990.0,,,0.0,,sv_2c_cf
R12_SAS,coal_adv,hist,1995.0,,,0.0,,sv_2c_cf
R12_SAS,coal_adv,hist,2000.0,,,0.0,,sv_2c_cf
R12_SAS,coal_adv,hist,2005.0,,,0.0,,sv_2c_cf
R12_SAS,coal_adv,hist,2010.0,,,0.0,,sv_2c_cf
R12_SAS,coal_adv,hist,2015.0,,,6.139,,sv_2c_cf
R12_SAS,coal_adv,hist,2020.0,,,6.481,,sv_2c_cf
R12_SAS,coal_adv,hist,2025.0,,,0.7685643042712995,,sv_2c_cf
R12_SAS,coal_ppl,hist,1990.0,M1,0.008563546762180485,,,sv_2c_cf
R12_SAS,coal_ppl,hist,1995.0,M1,0.008563546762180485,,,sv_2c_cf
R12_SAS,coal_ppl,hist,2000.0,M1,0.6272350139325067,,,sv_2c_cf
R12_SAS,coal_ppl,hist,2005.0,M1,0.6272350139325067,,,sv_2c_cf
R12_SAS,coal_ppl,hist,2010.0,M1,1.8294024367249468,,,sv_2c_cf
R12_SAS,coal_ppl,hist,2015.0,M1,3.431825932170912,,,sv_2c_cf
R12_SAS,coal_ppl,hist,2020.0,M1,4.127066774048149,,,sv_2c_cf
R12_SAS,coal_ppl,hist,2025.0,M1,14.704150907550051,,,sv_2c_cf
R12_SAS,coal_ppl,hist,1960.0,,,0.0,,sv_2c_cf
R12_SAS,coal_ppl,hist,1965.0,,,0.0,,sv_2c_cf
R12_SAS,coal_ppl,hist,1970.0,,,0.0,,sv_2c_cf
R12_SAS,coal_ppl,hist,1975.0,,,0.0,,sv_2c_cf
R12_SAS,coal_ppl,hist,1980.0,,,0.0,,sv_2c_cf
R12_SAS,coal_ppl,hist,1985.0,,,0.1,,sv_2c_cf
R12_SAS,coal_ppl,hist,1990.0,,,0.001,,sv_2c_cf
R12_SAS,coal_ppl,hist,1995.0,,,0.0,,sv_2c_cf
R12_SAS,coal_ppl,hist,2000.0,,,0.1,,sv_2c_cf
R12_SAS,coal_ppl,hist,2005.0,,,0.0,,sv_2c_cf
R12_SAS,coal_ppl,hist,2010.0,,,0.2936,,sv_2c_cf
R12_SAS,coal_ppl,hist,2015.0,,,0.5700000000000001,,sv_2c_cf
R12_SAS,coal_ppl,hist,2020.0,,,0.67,,sv_2c_cf
R12_SAS,coal_ppl,hist,2025.0,,,2.704388953222657,,sv_2c_cf
R12_SAS,coal_ppl_u,hist,1990.0,M1,21.588036453237816,,,sv_2c_cf
R12_SAS,coal_ppl_u,hist,1995.0,M1,33.576736453237814,,,sv_2c_cf
R12_SAS,coal_ppl_u,hist,2000.0,M1,43.523864986067494,,,sv_2c_cf
R12_SAS,coal_ppl_u,hist,2005.0,M1,53.83246498606749,,,sv_2c_cf
R12_SAS,coal_ppl_u,hist,2010.0,M1,73.44039756327506,,,sv_2c_cf
R12_SAS,coal_ppl_u,hist,2015.0,M1,97.884091894947,,,sv_2c_cf
R12_SAS,coal_ppl_u,hist,2020.0,M1,101.31901859999999,,,sv_2c_cf
R12_SAS,coal_ppl_u,hist,2025.0,M1,103.15814269999998,,,sv_2c_cf
R12_SAS,coal_ppl_u,hist,1960.0,,,0.021,,sv_2c_cf
R12_SAS,coal_ppl_u,hist,1965.0,,,0.064,,sv_2c_cf
R12_SAS,coal_ppl_u,hist,1970.0,,,0.0805,,sv_2c_cf
R12_SAS,coal_ppl_u,hist,1975.0,,,0.14154000000000003,,sv_2c_cf
R12_SAS,coal_ppl_u,hist,1980.0,,,0.6448100000000001,,sv_2c_cf
R12_SAS,coal_ppl_u,hist,1985.0,,,1.8487,,sv_2c_cf
R12_SAS,coal_ppl_u,hist,1990.0,,,3.06112,,sv_2c_cf
R12_SAS,coal_ppl_u,hist,1995.0,,,2.1217599999999996,,sv_2c_cf
R12_SAS,coal_ppl_u,hist,2000.0,,,2.009776,,sv_2c_cf
R12_SAS,coal_ppl_u,hist,2005.0,,,1.8705,,sv_2c_cf
R12_SAS,coal_ppl_u,hist,2010.0,,,6.16734,,sv_2c_cf
R12_SAS,coal_ppl_u,hist,2015.0,,,11.052833999999999,,sv_2c_cf
R12_SAS,coal_ppl_u,hist,2020.0,,,4.35474,,sv_2c_cf
R12_SAS,coal_ppl_u,hist,2025.0,,,0.0,,sv_2c_cf
R12_SAS,gas_cc,hist,1990.0,M1,2.2629664377283354,,,sv_2c_cf
R12_SAS,gas_cc,hist,1995.0,M1,4.234956337110847,,,sv_2c_cf
R12_SAS,gas_cc,hist,2000.0,M1,7.6254432314340725,,,sv_2c_cf
R12_SAS,gas_cc,hist,2005.0,M1,11.620969305814,,,sv_2c_cf
R12_SAS,gas_cc,hist,2010.0,M1,14.305204609477617,,,sv_2c_cf
R12_SAS,gas_cc,hist,2015.0,M1,12.496597608371008,,,sv_2c_cf
R12_SAS,gas_cc,hist,2020.0,M1,15.901113460077411,,,sv_2c_cf
R12_SAS,gas_cc,hist,2025.0,M1,26.897734904557357,,,sv_2c_cf
R12_SAS,gas_ct,hist,1990.0,M1,0.1465887337264551,,,sv_2c_cf
R12_SAS,gas_ct,hist,1995.0,M1,0.20028337009441394,,,sv_2c_cf
R12_SAS,gas_ct,hist,2000.0,M1,0.30123151756777905,,,sv_2c_cf
R12_SAS,gas_ct,hist,2005.0,M1,0.5224609459219425,,,sv_2c_cf
R12_SAS,gas_ct,hist,2010.0,M1,0.6593807408608038,,,sv_2c_cf
R12_SAS,gas_ct,hist,2015.0,M1,0.5605649749475847,,,sv_2c_cf
R12_SAS,gas_ct,hist,2020.0,M1,0.6662853572695004,,,sv_2c_cf
R12_SAS,gas_ct,hist,2025.0,M1,21.991073335194674,,,sv_2c_cf
R12_SAS,gas_ppl,hist,1990.0,M1,0.9171448285452097,,,sv_2c_cf
R12_SAS,gas_ppl,hist,1995.0,M1,1.755160292794739,,,sv_2c_cf
R12_SAS,gas_ppl,hist,2000.0,M1,2.5445252509981504,,,sv_2c_cf
R12_SAS,gas_ppl,hist,2005.0,M1,3.923169748264057,,,sv_2c_cf
R12_SAS,gas_ppl,hist,2010.0,M1,4.629814649661579,,,sv_2c_cf
R12_SAS,gas_ppl,hist,2015.0,M1,3.977537416681407,,,sv_2c_cf
R12_SAS,gas_ppl,hist,2020.0,M1,4.212282682653086,,,sv_2c_cf
R12_SAS,gas_ppl,hist,2025.0,M1,0.0,,,sv_2c_cf
R12_SAS,igcc,hist,1990.0,M1,0.0,,,sv_2c_cf
R12_SAS,igcc,hist,1995.0,M1,0.0,,,sv_2c_cf
R12_SAS,igcc,hist,2000.0,M1,0.0,,,sv_2c_cf
R12_SAS,igcc,hist,2005.0,M1,0.0,,,sv_2c_cf
R12_SAS,igcc,hist,2010.0,M1,0.0,,,sv_2c_cf
R12_SAS,igcc,hist,2015.0,M1,0.0,,,sv_2c_cf
R12_SAS,igcc,hist,2020.0,M1,0.0,,,sv_2c_cf
R12_SAS,igcc,hist,2025.0,M1,0.0,,,sv_2c_cf
R12_SAS,igcc,hist,1960.0,,,0.0,,sv_2c_cf
R12_SAS,igcc,hist,1965.0,,,0.0,,sv_2c_cf
R12_SAS,igcc,hist,1970.0,,,0.0,,sv_2c_cf
R12_SAS,igcc,hist,1975.0,,,0.0,,sv_2c_cf
R12_SAS,igcc,hist,1980.0,,,0.0,,sv_2c_cf
R12_SAS,igcc,hist,1985.0,,,0.0,,sv_2c_cf
R12_SAS,igcc,hist,1990.0,,,0.0,,sv_2c_cf
R12_SAS,igcc,hist,1995.0,,,0.0,,sv_2c_cf
R12_SAS,igcc,hist,2000.0,,,0.0,,sv_2c_cf
R12_SAS,igcc,hist,2005.0,,,0.0,,sv_2c_cf
R12_SAS,igcc,hist,2010.0,,,0.0,,sv_2c_cf
R12_SAS,igcc,hist,2015.0,,,0.0,,sv_2c_cf
R12_SAS,igcc,hist,2020.0,,,0.0,,sv_2c_cf
R12_SAS,igcc,hist,2025.0,,,0.0,,sv_2c_cf
R12_SAS,coal_adv_cfNH3,1985,1985.0,,,0.0,,sv_2c_cf
R12_SAS,coal_adv_cfNH3,1990,1990.0,,,0.0,,sv_2c_cf
R12_SAS,coal_adv_cfNH3,1995,1995.0,,,0.0,,sv_2c_cf
R12_SAS,coal_adv_cfNH3,2000,2000.0,,,0.0,,sv_2c_cf
R12_SAS,coal_adv_cfNH3,2005,2005.0,,,0.0,,sv_2c_cf
R12_SAS,coal_ppl_u_cfNH3,1960,1960.0,,,0.0,,sv_2c_cf
R12_SAS,coal_ppl_u_cfNH3,1965,1965.0,,,0.0,,sv_2c_cf
R12_SAS,coal_ppl_u_cfNH3,1970,1970.0,,,0.0,,sv_2c_cf
R12_SAS,coal_ppl_u_cfNH3,1970,2030.0,,,0.0,,sv_2c_cf
R12_SAS,coal_ppl_u_cfNH3,1975,1975.0,,,0.0,,sv_2c_cf
R12_SAS,coal_ppl_u_cfNH3,1975,2030.0,,,0.0,,sv_2c_cf
R12_SAS,coal_ppl_u_cfNH3,1980,1980.0,,,0.0,,sv_2c_cf
R12_SAS,coal_ppl_u_cfNH3,1980,2030.0,,,0.0,,sv_2c_cf
R12_SAS,coal_ppl_u_cfNH3,1980,2035.0,,,0.0,,sv_2c_cf
R12_SAS,coal_ppl_u_cfNH3,1985,1985.0,,,0.0,,sv_2c_cf
R12_SAS,coal_ppl_u_cfNH3,1985,2030.0,,,0.0,,sv_2c_cf
R12_SAS,coal_ppl_u_cfNH3,1985,2035.0,,,0.0,,sv_2c_cf
R12_SAS,coal_ppl_u_cfNH3,1990,1990.0,,,0.0,,sv_2c_cf
R12_SAS,coal_ppl_u_cfNH3,1990,2030.0,,,0.0,,sv_2c_cf
R12_SAS,coal_ppl_u_cfNH3,1990,2035.0,,,0.0,,sv_2c_cf
R12_SAS,coal_ppl_u_cfNH3,1990,2040.0,,,0.0,,sv_2c_cf
R12_SAS,coal_ppl_u_cfNH3,1995,1995.0,,,0.0,,sv_2c_cf
R12_SAS,coal_ppl_u_cfNH3,1995,2030.0,,,0.0,,sv_2c_cf
R12_SAS,coal_ppl_u_cfNH3,1995,2035.0,,,0.0,,sv_2c_cf
R12_SAS,coal_ppl_u_cfNH3,1995,2040.0,,,0.0,,sv_2c_cf
R12_SAS,coal_ppl_u_cfNH3,2000,2000.0,,,0.0,,sv_2c_cf
R12_SAS,coal_ppl_u_cfNH3,2000,2030.0,,,0.0,,sv_2c_cf
R12_SAS,coal_ppl_u_cfNH3,2000,2035.0,,,0.0,,sv_2c_cf
R12_SAS,coal_ppl_u_cfNH3,2000,2040.0,,,0.0,,sv_2c_cf
R12_SAS,coal_ppl_u_cfNH3,2000,2045.0,,,0.0,,sv_2c_cf
R12_SAS,coal_ppl_u_cfNH3,2005,2005.0,,,0.0,,sv_2c_cf
R12_SAS,coal_ppl_u_cfNH3,2005,2030.0,,,0.0,,sv_2c_cf
R12_SAS,coal_ppl_u_cfNH3,2005,2035.0,,,0.0,,sv_2c_cf
R12_SAS,coal_ppl_u_cfNH3,2005,2040.0,,,0.0,,sv_2c_cf
R12_SAS,coal_ppl_u_cfNH3,2005,2045.0,,,0.0,,sv_2c_cf
R12_SAS,coal_ppl_cfNH3,1985,1985.0,,,0.0,,sv_2c_cf
R12_SAS,coal_ppl_cfNH3,1990,1990.0,,,0.0,,sv_2c_cf
R12_SAS,coal_ppl_cfNH3,1995,1995.0,,,0.0,,sv_2c_cf
R12_SAS,coal_ppl_cfNH3,1995,2030.0,,,0.0,,sv_2c_cf
R12_SAS,coal_ppl_cfNH3,2000,2000.0,,,0.0,,sv_2c_cf
R12_SAS,coal_ppl_cfNH3,2000,2030.0,,,0.0,,sv_2c_cf
R12_SAS,coal_ppl_cfNH3,2005,2005.0,,,0.0,,sv_2c_cf
R12_SAS,coal_ppl_cfNH3,2005,2030.0,,,0.0,,sv_2c_cf
R12_SAS,coal_ppl_cfNH3,2005,2035.0,,,0.0,,sv_2c_cf
R12_PAS,coal_adv_cfNH3,1970,1970.0,,,0.0,,sv_2c_cf
R12_PAS,coal_adv_cfNH3,1975,1975.0,,,0.0,,sv_2c_cf
R12_PAS,coal_adv_cfNH3,1980,1980.0,,,0.0,,sv_2c_cf
R12_PAS,coal_adv_cfNH3,1985,1985.0,,,0.0,,sv_2c_cf
R12_PAS,coal_adv_cfNH3,1990,1990.0,,,0.0,,sv_2c_cf
R12_PAS,coal_ppl_u_cfNH3,1965,1965.0,,,0.0,,sv_2c_cf
R12_PAS,coal_ppl_u_cfNH3,1970,1970.0,,,0.0,,sv_2c_cf
R12_PAS,coal_ppl_u_cfNH3,1975,1975.0,,,0.0,,sv_2c_cf
R12_PAS,coal_ppl_u_cfNH3,1975,2030.0,,,0.0,,sv_2c_cf
R12_PAS,coal_ppl_u_cfNH3,1980,1980.0,,,0.0,,sv_2c_cf
R12_PAS,coal_ppl_u_cfNH3,1980,2030.0,,,0.0,,sv_2c_cf
R12_PAS,coal_ppl_u_cfNH3,1985,1985.0,,,0.0,,sv_2c_cf
R12_PAS,coal_ppl_u_cfNH3,1985,2030.0,,,0.0,,sv_2c_cf
R12_PAS,coal_ppl_u_cfNH3,1985,2035.0,,,0.0,,sv_2c_cf
R12_PAS,coal_ppl_u_cfNH3,1990,1990.0,,,0.0,,sv_2c_cf
R12_PAS,coal_ppl_u_cfNH3,1990,2030.0,,,0.0,,sv_2c_cf
R12_PAS,coal_ppl_u_cfNH3,1990,2035.0,,,0.0,,sv_2c_cf
R12_PAS,coal_ppl_cfNH3,1970,1970.0,,,0.0,,sv_2c_cf
R12_PAS,coal_ppl_cfNH3,1975,1975.0,,,0.0,,sv_2c_cf
R12_PAS,coal_ppl_cfNH3,1980,1980.0,,,0.0,,sv_2c_cf
R12_PAS,coal_ppl_cfNH3,1980,2030.0,,,0.0,,sv_2c_cf
R12_PAS,coal_ppl_cfNH3,1985,1985.0,,,0.0,,sv_2c_cf
R12_PAS,coal_ppl_cfNH3,1985,2030.0,,,0.0,,sv_2c_cf
R12_PAS,coal_ppl_cfNH3,1990,1990.0,,,0.0,,sv_2c_cf
R12_PAS,coal_ppl_cfNH3,1990,2030.0,,,0.0,,sv_2c_cf
R12_PAS,coal_ppl_cfNH3,1990,2035.0,,,0.0,,sv_2c_cf
R12_CHN,coal_adv_cfNH3,1980,1980.0,,,0.0,,sv_2c_cf
R12_CHN,coal_adv_cfNH3,1985,1985.0,,,0.0,,sv_2c_cf
R12_CHN,coal_adv_cfNH3,1990,1990.0,,,0.0,,sv_2c_cf
R12_CHN,coal_ppl_u_cfNH3,1960,1960.0,,,0.0,,sv_2c_cf
R12_CHN,coal_ppl_u_cfNH3,1965,1965.0,,,0.0,,sv_2c_cf
R12_CHN,coal_ppl_u_cfNH3,1970,1970.0,,,0.0,,sv_2c_cf
R12_CHN,coal_ppl_u_cfNH3,1970,2030.0,,,0.0,,sv_2c_cf
R12_CHN,coal_ppl_u_cfNH3,1975,1975.0,,,0.0,,sv_2c_cf
R12_CHN,coal_ppl_u_cfNH3,1975,2030.0,,,0.0,,sv_2c_cf
R12_CHN,coal_ppl_u_cfNH3,1980,1980.0,,,0.0,,sv_2c_cf
R12_CHN,coal_ppl_u_cfNH3,1980,2030.0,,,0.0,,sv_2c_cf
R12_CHN,coal_ppl_u_cfNH3,1980,2035.0,,,0.0,,sv_2c_cf
R12_CHN,coal_ppl_u_cfNH3,1985,1985.0,,,0.0,,sv_2c_cf
R12_CHN,coal_ppl_u_cfNH3,1985,2030.0,,,0.0,,sv_2c_cf
R12_CHN,coal_ppl_u_cfNH3,1985,2035.0,,,0.0,,sv_2c_cf
R12_CHN,coal_ppl_u_cfNH3,1990,1990.0,,,0.0,,sv_2c_cf
R12_CHN,coal_ppl_u_cfNH3,1990,2030.0,,,0.0,,sv_2c_cf
R12_CHN,coal_ppl_u_cfNH3,1990,2035.0,,,0.0,,sv_2c_cf
R12_CHN,coal_ppl_u_cfNH3,1990,2040.0,,,0.0,,sv_2c_cf
R12_CHN,coal_ppl_cfNH3,1980,1980.0,,,0.0,,sv_2c_cf
R12_CHN,coal_ppl_cfNH3,1985,1985.0,,,0.0,,sv_2c_cf
R12_CHN,coal_ppl_cfNH3,1990,1990.0,,,0.0,,sv_2c_cf
R12_CHN,coal_ppl_cfNH3,1990,2030.0,,,0.0,,sv_2c_cf
R12_RCPA,coal_adv_cfNH3,1980,1980.0,,,0.0,,sv_2c_cf
R12_RCPA,coal_adv_cfNH3,1985,1985.0,,,0.0,,sv_2c_cf
R12_RCPA,coal_adv_cfNH3,1990,1990.0,,,0.0,,sv_2c_cf
R12_RCPA,coal_ppl_u_cfNH3,1960,1960.0,,,0.0,,sv_2c_cf
R12_RCPA,coal_ppl_u_cfNH3,1965,1965.0,,,0.0,,sv_2c_cf
R12_RCPA,coal_ppl_u_cfNH3,1970,1970.0,,,0.0,,sv_2c_cf
R12_RCPA,coal_ppl_u_cfNH3,1970,2030.0,,,0.0,,sv_2c_cf
R12_RCPA,coal_ppl_u_cfNH3,1975,1975.0,,,0.0,,sv_2c_cf
R12_RCPA,coal_ppl_u_cfNH3,1975,2030.0,,,0.0,,sv_2c_cf
R12_RCPA,coal_ppl_u_cfNH3,1980,1980.0,,,0.0,,sv_2c_cf
R12_RCPA,coal_ppl_u_cfNH3,1980,2030.0,,,0.0,,sv_2c_cf
R12_RCPA,coal_ppl_u_cfNH3,1980,2035.0,,,0.0,,sv_2c_cf
R12_RCPA,coal_ppl_u_cfNH3,1985,1985.0,,,0.0,,sv_2c_cf
R12_RCPA,coal_ppl_u_cfNH3,1985,2030.0,,,0.0,,sv_2c_cf
R12_RCPA,coal_ppl_u_cfNH3,1985,2035.0,,,0.0,,sv_2c_cf
R12_RCPA,coal_ppl_u_cfNH3,1990,1990.0,,,0.0,,sv_2c_cf
R12_RCPA,coal_ppl_u_cfNH3,1990,2030.0,,,0.0,,sv_2c_cf
R12_RCPA,coal_ppl_u_cfNH3,1990,2035.0,,,0.0,,sv_2c_cf
R12_RCPA,coal_ppl_u_cfNH3,1990,2040.0,,,0.0,,sv_2c_cf
R12_RCPA,coal_ppl_cfNH3,1980,1980.0,,,0.0,,sv_2c_cf
R12_RCPA,coal_ppl_cfNH3,1985,1985.0,,,0.0,,sv_2c_cf
R12_RCPA,coal_ppl_cfNH3,1990,1990.0,,,0.0,,sv_2c_cf
R12_RCPA,coal_ppl_cfNH3,1990,2030.0,,,0.0,,sv_2c_cf
