relation,node_rel,year_rel,node_loc,technology,year_act,mode,value,unit
CO2_cc,R12_AFR,2010,R12_AFR,coal_adv_cfNH3,2010,M2,1.558723404255318,???
CO2_cc,R12_AFR,2015,R12_AFR,coal_adv_cfNH3,2015,M2,1.558723404255318,???
CO2_cc,R12_AFR,2020,R12_AFR,coal_adv_cfNH3,2020,M2,1.558723404255318,???
CO2_cc,R12_AFR,2025,R12_AFR,coal_adv_cfNH3,2025,M2,1.558723404255318,???
CO2_cc,R12_AFR,2030,R12_AFR,coal_adv_cfNH3,2030,M2,1.558723404255318,???
CO2_cc,R12_AFR,2035,R12_AFR,coal_adv_cfNH3,2035,M2,1.558723404255318,???
CO2_cc,R12_AFR,2040,R12_AFR,coal_adv_cfNH3,2040,M2,1.558723404255318,???
CO2_cc,R12_AFR,2045,R12_AFR,coal_adv_cfNH3,2045,M2,1.558723404255318,???
CO2_cc,R12_AFR,2050,R12_AFR,coal_adv_cfNH3,2050,M2,1.558723404255318,???
CO2_cc,R12_AFR,2055,R12_AFR,coal_adv_cfNH3,2055,M2,1.558723404255318,???
CO2_cc,R12_AFR,2060,R12_AFR,coal_adv_cfNH3,2060,M2,1.558723404255318,???
CO2_cc,R12_AFR,2070,R12_AFR,coal_adv_cfNH3,2070,M2,1.558723404255318,???
CO2_cc,R12_AFR,2080,R12_AFR,coal_adv_cfNH3,2080,M2,1.558723404255318,???
CO2_cc,R12_AFR,2090,R12_AFR,coal_adv_cfNH3,2090,M2,1.558723404255318,???
CO2_cc,R12_AFR,2100,R12_AFR,coal_adv_cfNH3,2100,M2,1.558723404255318,???
CO2_cc,R12_AFR,2110,R12_AFR,coal_adv_cfNH3,2110,M2,1.558723404255318,???
CO2_cc,R12_CHN,2010,R12_CHN,coal_adv_cfNH3,2010,M2,1.558723404255318,???
CO2_cc,R12_CHN,2015,R12_CHN,coal_adv_cfNH3,2015,M2,1.558723404255318,???
CO2_cc,R12_CHN,2020,R12_CHN,coal_adv_cfNH3,2020,M2,1.558723404255318,???
CO2_cc,R12_CHN,2030,R12_CHN,coal_adv_cfNH3,2030,M2,1.558723404255318,???
CO2_cc,R12_CHN,2035,R12_CHN,coal_adv_cfNH3,2035,M2,1.558723404255318,???
CO2_cc,R12_CHN,2040,R12_CHN,coal_adv_cfNH3,2040,M2,1.558723404255318,???
CO2_cc,R12_CHN,2045,R12_CHN,coal_adv_cfNH3,2045,M2,1.558723404255318,???
CO2_cc,R12_CHN,2050,R12_CHN,coal_adv_cfNH3,2050,M2,1.558723404255318,???
CO2_cc,R12_CHN,2055,R12_CHN,coal_adv_cfNH3,2055,M2,1.558723404255318,???
CO2_cc,R12_CHN,2060,R12_CHN,coal_adv_cfNH3,2060,M2,1.558723404255318,???
CO2_cc,R12_CHN,2070,R12_CHN,coal_adv_cfNH3,2070,M2,1.558723404255318,???
CO2_cc,R12_CHN,2080,R12_CHN,coal_adv_cfNH3,2080,M2,1.558723404255318,???
CO2_cc,R12_CHN,2090,R12_CHN,coal_adv_cfNH3,2090,M2,1.558723404255318,???
CO2_cc,R12_CHN,2100,R12_CHN,coal_adv_cfNH3,2100,M2,1.558723404255318,???
CO2_cc,R12_CHN,2110,R12_CHN,coal_adv_cfNH3,2110,M2,1.558723404255318,???
CO2_cc,R12_CHN,2000,R12_CHN,coal_adv_cfNH3,2000,M2,1.558723404255318,???
CO2_cc,R12_CHN,2005,R12_CHN,coal_adv_cfNH3,2005,M2,1.558723404255318,???
CO2_cc,R12_CHN,1995,R12_CHN,coal_adv_cfNH3,1995,M2,1.558723404255318,???
CO2_cc,R12_CHN,2025,R12_CHN,coal_adv_cfNH3,2025,M2,1.558723404255318,???
CO2_cc,R12_EEU,2010,R12_EEU,coal_adv_cfNH3,2010,M2,1.558723404255318,???
CO2_cc,R12_EEU,2015,R12_EEU,coal_adv_cfNH3,2015,M2,1.558723404255318,???
CO2_cc,R12_EEU,2020,R12_EEU,coal_adv_cfNH3,2020,M2,1.558723404255318,???
CO2_cc,R12_EEU,2040,R12_EEU,coal_adv_cfNH3,2040,M2,1.558723404255318,???
CO2_cc,R12_EEU,2045,R12_EEU,coal_adv_cfNH3,2045,M2,1.558723404255318,???
CO2_cc,R12_EEU,2050,R12_EEU,coal_adv_cfNH3,2050,M2,1.558723404255318,???
CO2_cc,R12_EEU,2055,R12_EEU,coal_adv_cfNH3,2055,M2,1.558723404255318,???
CO2_cc,R12_EEU,2060,R12_EEU,coal_adv_cfNH3,2060,M2,1.558723404255318,???
CO2_cc,R12_EEU,2070,R12_EEU,coal_adv_cfNH3,2070,M2,1.558723404255318,???
CO2_cc,R12_EEU,2080,R12_EEU,coal_adv_cfNH3,2080,M2,1.558723404255318,???
CO2_cc,R12_EEU,2090,R12_EEU,coal_adv_cfNH3,2090,M2,1.558723404255318,???
CO2_cc,R12_EEU,2100,R12_EEU,coal_adv_cfNH3,2100,M2,1.558723404255318,???
CO2_cc,R12_EEU,2110,R12_EEU,coal_adv_cfNH3,2110,M2,1.558723404255318,???
CO2_cc,R12_EEU,2005,R12_EEU,coal_adv_cfNH3,2005,M2,1.558723404255318,???
CO2_cc,R12_EEU,2035,R12_EEU,coal_adv_cfNH3,2035,M2,1.558723404255318,???
CO2_cc,R12_EEU,2000,R12_EEU,coal_adv_cfNH3,2000,M2,1.558723404255318,???
CO2_cc,R12_EEU,1995,R12_EEU,coal_adv_cfNH3,1995,M2,1.558723404255318,???
CO2_cc,R12_EEU,2030,R12_EEU,coal_adv_cfNH3,2030,M2,1.558723404255318,???
CO2_cc,R12_EEU,1990,R12_EEU,coal_adv_cfNH3,1990,M2,1.558723404255318,???
CO2_cc,R12_EEU,1985,R12_EEU,coal_adv_cfNH3,1985,M2,1.558723404255318,???
CO2_cc,R12_EEU,2025,R12_EEU,coal_adv_cfNH3,2025,M2,1.558723404255318,???
CO2_cc,R12_FSU,2055,R12_FSU,coal_adv_cfNH3,2055,M2,1.558723404255318,???
CO2_cc,R12_FSU,2060,R12_FSU,coal_adv_cfNH3,2060,M2,1.558723404255318,???
CO2_cc,R12_FSU,2070,R12_FSU,coal_adv_cfNH3,2070,M2,1.558723404255318,???
CO2_cc,R12_FSU,2080,R12_FSU,coal_adv_cfNH3,2080,M2,1.558723404255318,???
CO2_cc,R12_FSU,2090,R12_FSU,coal_adv_cfNH3,2090,M2,1.558723404255318,???
CO2_cc,R12_FSU,2100,R12_FSU,coal_adv_cfNH3,2100,M2,1.558723404255318,???
CO2_cc,R12_FSU,2110,R12_FSU,coal_adv_cfNH3,2110,M2,1.558723404255318,???
CO2_cc,R12_FSU,2020,R12_FSU,coal_adv_cfNH3,2020,M2,1.558723404255318,???
CO2_cc,R12_FSU,2015,R12_FSU,coal_adv_cfNH3,2015,M2,1.558723404255318,???
CO2_cc,R12_FSU,2050,R12_FSU,coal_adv_cfNH3,2050,M2,1.558723404255318,???
CO2_cc,R12_FSU,2010,R12_FSU,coal_adv_cfNH3,2010,M2,1.558723404255318,???
CO2_cc,R12_FSU,2005,R12_FSU,coal_adv_cfNH3,2005,M2,1.558723404255318,???
CO2_cc,R12_FSU,2045,R12_FSU,coal_adv_cfNH3,2045,M2,1.558723404255318,???
CO2_cc,R12_FSU,2000,R12_FSU,coal_adv_cfNH3,2000,M2,1.558723404255318,???
CO2_cc,R12_FSU,1995,R12_FSU,coal_adv_cfNH3,1995,M2,1.558723404255318,???
CO2_cc,R12_FSU,2040,R12_FSU,coal_adv_cfNH3,2040,M2,1.558723404255318,???
CO2_cc,R12_FSU,1990,R12_FSU,coal_adv_cfNH3,1990,M2,1.558723404255318,???
CO2_cc,R12_FSU,1985,R12_FSU,coal_adv_cfNH3,1985,M2,1.558723404255318,???
CO2_cc,R12_FSU,2035,R12_FSU,coal_adv_cfNH3,2035,M2,1.558723404255318,???
CO2_cc,R12_FSU,1980,R12_FSU,coal_adv_cfNH3,1980,M2,1.558723404255318,???
CO2_cc,R12_FSU,1975,R12_FSU,coal_adv_cfNH3,1975,M2,1.558723404255318,???
CO2_cc,R12_FSU,2030,R12_FSU,coal_adv_cfNH3,2030,M2,1.558723404255318,???
CO2_cc,R12_FSU,1970,R12_FSU,coal_adv_cfNH3,1970,M2,1.558723404255318,???
CO2_cc,R12_FSU,1965,R12_FSU,coal_adv_cfNH3,1965,M2,1.558723404255318,???
CO2_cc,R12_FSU,2025,R12_FSU,coal_adv_cfNH3,2025,M2,1.558723404255318,???
CO2_cc,R12_LAM,2010,R12_LAM,coal_adv_cfNH3,2010,M2,1.558723404255318,???
CO2_cc,R12_LAM,2015,R12_LAM,coal_adv_cfNH3,2015,M2,1.558723404255318,???
CO2_cc,R12_LAM,2020,R12_LAM,coal_adv_cfNH3,2020,M2,1.558723404255318,???
CO2_cc,R12_LAM,2025,R12_LAM,coal_adv_cfNH3,2025,M2,1.558723404255318,???
CO2_cc,R12_LAM,2030,R12_LAM,coal_adv_cfNH3,2030,M2,1.558723404255318,???
CO2_cc,R12_LAM,2035,R12_LAM,coal_adv_cfNH3,2035,M2,1.558723404255318,???
CO2_cc,R12_LAM,2040,R12_LAM,coal_adv_cfNH3,2040,M2,1.558723404255318,???
CO2_cc,R12_LAM,2045,R12_LAM,coal_adv_cfNH3,2045,M2,1.558723404255318,???
CO2_cc,R12_LAM,2050,R12_LAM,coal_adv_cfNH3,2050,M2,1.558723404255318,???
CO2_cc,R12_LAM,2055,R12_LAM,coal_adv_cfNH3,2055,M2,1.558723404255318,???
CO2_cc,R12_LAM,2060,R12_LAM,coal_adv_cfNH3,2060,M2,1.558723404255318,???
CO2_cc,R12_LAM,2070,R12_LAM,coal_adv_cfNH3,2070,M2,1.558723404255318,???
CO2_cc,R12_LAM,2080,R12_LAM,coal_adv_cfNH3,2080,M2,1.558723404255318,???
CO2_cc,R12_LAM,2090,R12_LAM,coal_adv_cfNH3,2090,M2,1.558723404255318,???
CO2_cc,R12_LAM,2100,R12_LAM,coal_adv_cfNH3,2100,M2,1.558723404255318,???
CO2_cc,R12_LAM,2110,R12_LAM,coal_adv_cfNH3,2110,M2,1.558723404255318,???
CO2_cc,R12_MEA,2010,R12_MEA,coal_adv_cfNH3,2010,M2,1.558723404255318,???
CO2_cc,R12_MEA,2015,R12_MEA,coal_adv_cfNH3,2015,M2,1.558723404255318,???
CO2_cc,R12_MEA,2020,R12_MEA,coal_adv_cfNH3,2020,M2,1.558723404255318,???
CO2_cc,R12_MEA,2025,R12_MEA,coal_adv_cfNH3,2025,M2,1.558723404255318,???
CO2_cc,R12_MEA,2030,R12_MEA,coal_adv_cfNH3,2030,M2,1.558723404255318,???
CO2_cc,R12_MEA,2035,R12_MEA,coal_adv_cfNH3,2035,M2,1.558723404255318,???
CO2_cc,R12_MEA,2040,R12_MEA,coal_adv_cfNH3,2040,M2,1.558723404255318,???
CO2_cc,R12_MEA,2045,R12_MEA,coal_adv_cfNH3,2045,M2,1.558723404255318,???
CO2_cc,R12_MEA,2050,R12_MEA,coal_adv_cfNH3,2050,M2,1.558723404255318,???
CO2_cc,R12_MEA,2055,R12_MEA,coal_adv_cfNH3,2055,M2,1.558723404255318,???
CO2_cc,R12_MEA,2060,R12_MEA,coal_adv_cfNH3,2060,M2,1.558723404255318,???
CO2_cc,R12_MEA,2070,R12_MEA,coal_adv_cfNH3,2070,M2,1.558723404255318,???
CO2_cc,R12_MEA,2080,R12_MEA,coal_adv_cfNH3,2080,M2,1.558723404255318,???
CO2_cc,R12_MEA,2090,R12_MEA,coal_adv_cfNH3,2090,M2,1.558723404255318,???
CO2_cc,R12_MEA,2100,R12_MEA,coal_adv_cfNH3,2100,M2,1.558723404255318,???
CO2_cc,R12_MEA,2110,R12_MEA,coal_adv_cfNH3,2110,M2,1.558723404255318,???
CO2_cc,R12_NAM,2010,R12_NAM,coal_adv_cfNH3,2010,M2,1.558723404255318,???
CO2_cc,R12_NAM,2025,R12_NAM,coal_adv_cfNH3,2025,M2,1.558723404255318,???
CO2_cc,R12_NAM,2030,R12_NAM,coal_adv_cfNH3,2030,M2,1.558723404255318,???
CO2_cc,R12_NAM,2035,R12_NAM,coal_adv_cfNH3,2035,M2,1.558723404255318,???
CO2_cc,R12_NAM,2040,R12_NAM,coal_adv_cfNH3,2040,M2,1.558723404255318,???
CO2_cc,R12_NAM,2045,R12_NAM,coal_adv_cfNH3,2045,M2,1.558723404255318,???
CO2_cc,R12_NAM,2055,R12_NAM,coal_adv_cfNH3,2055,M2,1.558723404255318,???
CO2_cc,R12_NAM,2060,R12_NAM,coal_adv_cfNH3,2060,M2,1.558723404255318,???
CO2_cc,R12_NAM,2070,R12_NAM,coal_adv_cfNH3,2070,M2,1.558723404255318,???
CO2_cc,R12_NAM,2080,R12_NAM,coal_adv_cfNH3,2080,M2,1.558723404255318,???
CO2_cc,R12_NAM,2090,R12_NAM,coal_adv_cfNH3,2090,M2,1.558723404255318,???
CO2_cc,R12_NAM,2100,R12_NAM,coal_adv_cfNH3,2100,M2,1.558723404255318,???
CO2_cc,R12_NAM,2110,R12_NAM,coal_adv_cfNH3,2110,M2,1.558723404255318,???
CO2_cc,R12_NAM,1995,R12_NAM,coal_adv_cfNH3,1995,M2,1.558723404255318,???
CO2_cc,R12_NAM,2000,R12_NAM,coal_adv_cfNH3,2000,M2,1.558723404255318,???
CO2_cc,R12_NAM,2005,R12_NAM,coal_adv_cfNH3,2005,M2,1.558723404255318,???
CO2_cc,R12_NAM,1990,R12_NAM,coal_adv_cfNH3,1990,M2,1.558723404255318,???
CO2_cc,R12_NAM,1985,R12_NAM,coal_adv_cfNH3,1985,M2,1.558723404255318,???
CO2_cc,R12_NAM,1980,R12_NAM,coal_adv_cfNH3,1980,M2,1.558723404255318,???
CO2_cc,R12_NAM,1975,R12_NAM,coal_adv_cfNH3,1975,M2,1.558723404255318,???
CO2_cc,R12_NAM,1970,R12_NAM,coal_adv_cfNH3,1970,M2,1.558723404255318,???
CO2_cc,R12_NAM,1965,R12_NAM,coal_adv_cfNH3,1965,M2,1.558723404255318,???
CO2_cc,R12_NAM,2020,R12_NAM,coal_adv_cfNH3,2020,M2,1.558723404255318,???
CO2_cc,R12_NAM,2015,R12_NAM,coal_adv_cfNH3,2015,M2,1.558723404255318,???
CO2_cc,R12_NAM,2050,R12_NAM,coal_adv_cfNH3,2050,M2,1.558723404255318,???
CO2_cc,R12_PAO,2010,R12_PAO,coal_adv_cfNH3,2010,M2,1.558723404255318,???
CO2_cc,R12_PAO,2015,R12_PAO,coal_adv_cfNH3,2015,M2,1.558723404255318,???
CO2_cc,R12_PAO,2020,R12_PAO,coal_adv_cfNH3,2020,M2,1.558723404255318,???
CO2_cc,R12_PAO,2025,R12_PAO,coal_adv_cfNH3,2025,M2,1.558723404255318,???
CO2_cc,R12_PAO,2040,R12_PAO,coal_adv_cfNH3,2040,M2,1.558723404255318,???
CO2_cc,R12_PAO,2045,R12_PAO,coal_adv_cfNH3,2045,M2,1.558723404255318,???
CO2_cc,R12_PAO,2050,R12_PAO,coal_adv_cfNH3,2050,M2,1.558723404255318,???
CO2_cc,R12_PAO,2055,R12_PAO,coal_adv_cfNH3,2055,M2,1.558723404255318,???
CO2_cc,R12_PAO,2060,R12_PAO,coal_adv_cfNH3,2060,M2,1.558723404255318,???
CO2_cc,R12_PAO,2070,R12_PAO,coal_adv_cfNH3,2070,M2,1.558723404255318,???
CO2_cc,R12_PAO,2080,R12_PAO,coal_adv_cfNH3,2080,M2,1.558723404255318,???
CO2_cc,R12_PAO,2090,R12_PAO,coal_adv_cfNH3,2090,M2,1.558723404255318,???
CO2_cc,R12_PAO,2100,R12_PAO,coal_adv_cfNH3,2100,M2,1.558723404255318,???
CO2_cc,R12_PAO,2110,R12_PAO,coal_adv_cfNH3,2110,M2,1.558723404255318,???
CO2_cc,R12_PAO,1990,R12_PAO,coal_adv_cfNH3,1990,M2,1.558723404255318,???
CO2_cc,R12_PAO,1995,R12_PAO,coal_adv_cfNH3,1995,M2,1.558723404255318,???
CO2_cc,R12_PAO,1985,R12_PAO,coal_adv_cfNH3,1985,M2,1.558723404255318,???
CO2_cc,R12_PAO,2005,R12_PAO,coal_adv_cfNH3,2005,M2,1.558723404255318,???
CO2_cc,R12_PAO,2035,R12_PAO,coal_adv_cfNH3,2035,M2,1.558723404255318,???
CO2_cc,R12_PAO,2000,R12_PAO,coal_adv_cfNH3,2000,M2,1.558723404255318,???
CO2_cc,R12_PAO,2030,R12_PAO,coal_adv_cfNH3,2030,M2,1.558723404255318,???
CO2_cc,R12_PAS,2010,R12_PAS,coal_adv_cfNH3,2010,M2,1.558723404255318,???
CO2_cc,R12_PAS,2015,R12_PAS,coal_adv_cfNH3,2015,M2,1.558723404255318,???
CO2_cc,R12_PAS,2020,R12_PAS,coal_adv_cfNH3,2020,M2,1.558723404255318,???
CO2_cc,R12_PAS,2030,R12_PAS,coal_adv_cfNH3,2030,M2,1.558723404255318,???
CO2_cc,R12_PAS,2035,R12_PAS,coal_adv_cfNH3,2035,M2,1.558723404255318,???
CO2_cc,R12_PAS,2040,R12_PAS,coal_adv_cfNH3,2040,M2,1.558723404255318,???
CO2_cc,R12_PAS,2045,R12_PAS,coal_adv_cfNH3,2045,M2,1.558723404255318,???
CO2_cc,R12_PAS,2050,R12_PAS,coal_adv_cfNH3,2050,M2,1.558723404255318,???
CO2_cc,R12_PAS,2055,R12_PAS,coal_adv_cfNH3,2055,M2,1.558723404255318,???
CO2_cc,R12_PAS,2060,R12_PAS,coal_adv_cfNH3,2060,M2,1.558723404255318,???
CO2_cc,R12_PAS,2070,R12_PAS,coal_adv_cfNH3,2070,M2,1.558723404255318,???
CO2_cc,R12_PAS,2080,R12_PAS,coal_adv_cfNH3,2080,M2,1.558723404255318,???
CO2_cc,R12_PAS,2090,R12_PAS,coal_adv_cfNH3,2090,M2,1.558723404255318,???
CO2_cc,R12_PAS,2100,R12_PAS,coal_adv_cfNH3,2100,M2,1.558723404255318,???
CO2_cc,R12_PAS,2110,R12_PAS,coal_adv_cfNH3,2110,M2,1.558723404255318,???
CO2_cc,R12_PAS,2000,R12_PAS,coal_adv_cfNH3,2000,M2,1.558723404255318,???
CO2_cc,R12_PAS,2005,R12_PAS,coal_adv_cfNH3,2005,M2,1.558723404255318,???
CO2_cc,R12_PAS,1995,R12_PAS,coal_adv_cfNH3,1995,M2,1.558723404255318,???
CO2_cc,R12_PAS,2025,R12_PAS,coal_adv_cfNH3,2025,M2,1.558723404255318,???
CO2_cc,R12_RCPA,2010,R12_RCPA,coal_adv_cfNH3,2010,M2,1.558723404255318,???
CO2_cc,R12_RCPA,2015,R12_RCPA,coal_adv_cfNH3,2015,M2,1.558723404255318,???
CO2_cc,R12_RCPA,2020,R12_RCPA,coal_adv_cfNH3,2020,M2,1.558723404255318,???
CO2_cc,R12_RCPA,2025,R12_RCPA,coal_adv_cfNH3,2025,M2,1.558723404255318,???
CO2_cc,R12_RCPA,2030,R12_RCPA,coal_adv_cfNH3,2030,M2,1.558723404255318,???
CO2_cc,R12_RCPA,2035,R12_RCPA,coal_adv_cfNH3,2035,M2,1.558723404255318,???
CO2_cc,R12_RCPA,2040,R12_RCPA,coal_adv_cfNH3,2040,M2,1.558723404255318,???
CO2_cc,R12_RCPA,2045,R12_RCPA,coal_adv_cfNH3,2045,M2,1.558723404255318,???
CO2_cc,R12_RCPA,2050,R12_RCPA,coal_adv_cfNH3,2050,M2,1.558723404255318,???
CO2_cc,R12_RCPA,2055,R12_RCPA,coal_adv_cfNH3,2055,M2,1.558723404255318,???
CO2_cc,R12_RCPA,2060,R12_RCPA,coal_adv_cfNH3,2060,M2,1.558723404255318,???
CO2_cc,R12_RCPA,2070,R12_RCPA,coal_adv_cfNH3,2070,M2,1.558723404255318,???
CO2_cc,R12_RCPA,2080,R12_RCPA,coal_adv_cfNH3,2080,M2,1.558723404255318,???
CO2_cc,R12_RCPA,2090,R12_RCPA,coal_adv_cfNH3,2090,M2,1.558723404255318,???
CO2_cc,R12_RCPA,2100,R12_RCPA,coal_adv_cfNH3,2100,M2,1.558723404255318,???
CO2_cc,R12_RCPA,2110,R12_RCPA,coal_adv_cfNH3,2110,M2,1.558723404255318,???
CO2_cc,R12_RCPA,1995,R12_RCPA,coal_adv_cfNH3,1995,M2,1.558723404255318,???
CO2_cc,R12_RCPA,2000,R12_RCPA,coal_adv_cfNH3,2000,M2,1.558723404255318,???
CO2_cc,R12_RCPA,2005,R12_RCPA,coal_adv_cfNH3,2005,M2,1.558723404255318,???
CO2_cc,R12_SAS,2010,R12_SAS,coal_adv_cfNH3,2010,M2,1.558723404255318,???
CO2_cc,R12_SAS,2015,R12_SAS,coal_adv_cfNH3,2015,M2,1.558723404255318,???
CO2_cc,R12_SAS,2020,R12_SAS,coal_adv_cfNH3,2020,M2,1.558723404255318,???
CO2_cc,R12_SAS,2025,R12_SAS,coal_adv_cfNH3,2025,M2,1.558723404255318,???
CO2_cc,R12_SAS,2030,R12_SAS,coal_adv_cfNH3,2030,M2,1.558723404255318,???
CO2_cc,R12_SAS,2035,R12_SAS,coal_adv_cfNH3,2035,M2,1.558723404255318,???
CO2_cc,R12_SAS,2040,R12_SAS,coal_adv_cfNH3,2040,M2,1.558723404255318,???
CO2_cc,R12_SAS,2045,R12_SAS,coal_adv_cfNH3,2045,M2,1.558723404255318,???
CO2_cc,R12_SAS,2050,R12_SAS,coal_adv_cfNH3,2050,M2,1.558723404255318,???
CO2_cc,R12_SAS,2055,R12_SAS,coal_adv_cfNH3,2055,M2,1.558723404255318,???
CO2_cc,R12_SAS,2060,R12_SAS,coal_adv_cfNH3,2060,M2,1.558723404255318,???
CO2_cc,R12_SAS,2070,R12_SAS,coal_adv_cfNH3,2070,M2,1.558723404255318,???
CO2_cc,R12_SAS,2080,R12_SAS,coal_adv_cfNH3,2080,M2,1.558723404255318,???
CO2_cc,R12_SAS,2090,R12_SAS,coal_adv_cfNH3,2090,M2,1.558723404255318,???
CO2_cc,R12_SAS,2100,R12_SAS,coal_adv_cfNH3,2100,M2,1.558723404255318,???
CO2_cc,R12_SAS,2110,R12_SAS,coal_adv_cfNH3,2110,M2,1.558723404255318,???
CO2_cc,R12_WEU,2010,R12_WEU,coal_adv_cfNH3,2010,M2,1.558723404255318,???
CO2_cc,R12_WEU,2025,R12_WEU,coal_adv_cfNH3,2025,M2,1.558723404255318,???
CO2_cc,R12_WEU,2030,R12_WEU,coal_adv_cfNH3,2030,M2,1.558723404255318,???
CO2_cc,R12_WEU,2035,R12_WEU,coal_adv_cfNH3,2035,M2,1.558723404255318,???
CO2_cc,R12_WEU,2040,R12_WEU,coal_adv_cfNH3,2040,M2,1.558723404255318,???
CO2_cc,R12_WEU,2055,R12_WEU,coal_adv_cfNH3,2055,M2,1.558723404255318,???
CO2_cc,R12_WEU,2060,R12_WEU,coal_adv_cfNH3,2060,M2,1.558723404255318,???
CO2_cc,R12_WEU,2070,R12_WEU,coal_adv_cfNH3,2070,M2,1.558723404255318,???
CO2_cc,R12_WEU,2080,R12_WEU,coal_adv_cfNH3,2080,M2,1.558723404255318,???
CO2_cc,R12_WEU,2090,R12_WEU,coal_adv_cfNH3,2090,M2,1.558723404255318,???
CO2_cc,R12_WEU,2100,R12_WEU,coal_adv_cfNH3,2100,M2,1.558723404255318,???
CO2_cc,R12_WEU,2110,R12_WEU,coal_adv_cfNH3,2110,M2,1.558723404255318,???
CO2_cc,R12_WEU,1990,R12_WEU,coal_adv_cfNH3,1990,M2,1.558723404255318,???
CO2_cc,R12_WEU,1995,R12_WEU,coal_adv_cfNH3,1995,M2,1.558723404255318,???
CO2_cc,R12_WEU,2000,R12_WEU,coal_adv_cfNH3,2000,M2,1.558723404255318,???
CO2_cc,R12_WEU,2005,R12_WEU,coal_adv_cfNH3,2005,M2,1.558723404255318,???
CO2_cc,R12_WEU,1985,R12_WEU,coal_adv_cfNH3,1985,M2,1.558723404255318,???
CO2_cc,R12_WEU,1980,R12_WEU,coal_adv_cfNH3,1980,M2,1.558723404255318,???
CO2_cc,R12_WEU,1975,R12_WEU,coal_adv_cfNH3,1975,M2,1.558723404255318,???
CO2_cc,R12_WEU,1970,R12_WEU,coal_adv_cfNH3,1970,M2,1.558723404255318,???
CO2_cc,R12_WEU,2020,R12_WEU,coal_adv_cfNH3,2020,M2,1.558723404255318,???
CO2_cc,R12_WEU,2050,R12_WEU,coal_adv_cfNH3,2050,M2,1.558723404255318,???
CO2_cc,R12_WEU,2015,R12_WEU,coal_adv_cfNH3,2015,M2,1.558723404255318,???
CO2_cc,R12_WEU,2045,R12_WEU,coal_adv_cfNH3,2045,M2,1.558723404255318,???
CO2_cc,R12_AFR,1995,R12_AFR,coal_ppl_cfNH3,1995,M2,1.927894736842101,???
CO2_cc,R12_AFR,2000,R12_AFR,coal_ppl_cfNH3,2000,M2,2.154705882352938,???
CO2_cc,R12_AFR,2005,R12_AFR,coal_ppl_cfNH3,2005,M2,1.979999999999991,???
CO2_cc,R12_AFR,2010,R12_AFR,coal_ppl_cfNH3,2010,M2,1.927894736842101,???
CO2_cc,R12_AFR,2015,R12_AFR,coal_ppl_cfNH3,2015,M2,1.917853618421052,???
CO2_cc,R12_AFR,2020,R12_AFR,coal_ppl_cfNH3,2020,M2,1.907812499999994,???
CO2_cc,R12_AFR,2025,R12_AFR,coal_ppl_cfNH3,2025,M2,1.891454240785761,???
CO2_cc,R12_AFR,2030,R12_AFR,coal_ppl_cfNH3,2030,M2,1.875095981571537,???
CO2_cc,R12_AFR,2035,R12_AFR,coal_ppl_cfNH3,2035,M2,1.8595213106951518,???
CO2_cc,R12_AFR,2040,R12_AFR,coal_ppl_cfNH3,2040,M2,1.843946639818776,???
CO2_cc,R12_AFR,2045,R12_AFR,coal_ppl_cfNH3,2045,M2,1.8377233199093879,???
CO2_cc,R12_AFR,2050,R12_AFR,coal_ppl_cfNH3,2050,M2,1.831499999999991,???
CO2_cc,R12_AFR,2055,R12_AFR,coal_ppl_cfNH3,2055,M2,1.831499999999991,???
CO2_cc,R12_AFR,2060,R12_AFR,coal_ppl_cfNH3,2060,M2,1.831499999999991,???
CO2_cc,R12_AFR,2070,R12_AFR,coal_ppl_cfNH3,2070,M2,1.831499999999991,???
CO2_cc,R12_AFR,2080,R12_AFR,coal_ppl_cfNH3,2080,M2,1.831499999999991,???
CO2_cc,R12_AFR,2090,R12_AFR,coal_ppl_cfNH3,2090,M2,1.831499999999991,???
CO2_cc,R12_AFR,2100,R12_AFR,coal_ppl_cfNH3,2100,M2,1.831499999999991,???
CO2_cc,R12_AFR,2110,R12_AFR,coal_ppl_cfNH3,2110,M2,1.831499999999991,???
CO2_cc,R12_EEU,1995,R12_EEU,coal_ppl_cfNH3,1995,M2,1.927894736842101,???
CO2_cc,R12_EEU,2000,R12_EEU,coal_ppl_cfNH3,2000,M2,2.093142857142852,???
CO2_cc,R12_EEU,2005,R12_EEU,coal_ppl_cfNH3,2005,M2,2.093142857142852,???
CO2_cc,R12_EEU,2010,R12_EEU,coal_ppl_cfNH3,2010,M2,2.0349999999999993,???
CO2_cc,R12_EEU,2025,R12_EEU,coal_ppl_cfNH3,2025,M2,1.956041331714153,???
CO2_cc,R12_EEU,2030,R12_EEU,coal_ppl_cfNH3,2030,M2,1.921321793863098,???
CO2_cc,R12_EEU,2035,R12_EEU,coal_ppl_cfNH3,2035,M2,1.888707514615866,???
CO2_cc,R12_EEU,2040,R12_EEU,coal_ppl_cfNH3,2040,M2,1.856093235368634,???
CO2_cc,R12_EEU,2045,R12_EEU,coal_ppl_cfNH3,2045,M2,1.8437966176843168,???
CO2_cc,R12_EEU,2055,R12_EEU,coal_ppl_cfNH3,2055,M2,1.831499999999991,???
CO2_cc,R12_EEU,2060,R12_EEU,coal_ppl_cfNH3,2060,M2,1.831499999999991,???
CO2_cc,R12_EEU,2070,R12_EEU,coal_ppl_cfNH3,2070,M2,1.831499999999991,???
CO2_cc,R12_EEU,2080,R12_EEU,coal_ppl_cfNH3,2080,M2,1.831499999999991,???
CO2_cc,R12_EEU,2090,R12_EEU,coal_ppl_cfNH3,2090,M2,1.831499999999991,???
CO2_cc,R12_EEU,2100,R12_EEU,coal_ppl_cfNH3,2100,M2,1.831499999999991,???
CO2_cc,R12_EEU,2110,R12_EEU,coal_ppl_cfNH3,2110,M2,1.831499999999991,???
CO2_cc,R12_FSU,1995,R12_FSU,coal_ppl_cfNH3,1995,M2,1.927894736842101,???
CO2_cc,R12_FSU,2000,R12_FSU,coal_ppl_cfNH3,2000,M2,2.36322580645161,???
CO2_cc,R12_FSU,2005,R12_FSU,coal_ppl_cfNH3,2005,M2,2.441999999999997,???
CO2_cc,R12_FSU,2010,R12_FSU,coal_ppl_cfNH3,2010,M2,2.36322580645161,???
CO2_cc,R12_FSU,2025,R12_FSU,coal_ppl_cfNH3,2025,M2,2.139952650224823,???
CO2_cc,R12_FSU,2030,R12_FSU,coal_ppl_cfNH3,2030,M2,2.0463687150837933,???
CO2_cc,R12_FSU,2035,R12_FSU,coal_ppl_cfNH3,2035,M2,1.9672565224903473,???
CO2_cc,R12_FSU,2040,R12_FSU,coal_ppl_cfNH3,2040,M2,1.888144329896901,???
CO2_cc,R12_FSU,2045,R12_FSU,coal_ppl_cfNH3,2045,M2,1.8598221649484459,???
CO2_cc,R12_FSU,2055,R12_FSU,coal_ppl_cfNH3,2055,M2,1.831499999999991,???
CO2_cc,R12_FSU,2060,R12_FSU,coal_ppl_cfNH3,2060,M2,1.831499999999991,???
CO2_cc,R12_FSU,2070,R12_FSU,coal_ppl_cfNH3,2070,M2,1.831499999999991,???
CO2_cc,R12_FSU,2080,R12_FSU,coal_ppl_cfNH3,2080,M2,1.831499999999991,???
CO2_cc,R12_FSU,2090,R12_FSU,coal_ppl_cfNH3,2090,M2,1.831499999999991,???
CO2_cc,R12_FSU,2100,R12_FSU,coal_ppl_cfNH3,2100,M2,1.831499999999991,???
CO2_cc,R12_FSU,2110,R12_FSU,coal_ppl_cfNH3,2110,M2,1.831499999999991,???
CO2_cc,R12_LAM,1995,R12_LAM,coal_ppl_cfNH3,1995,M2,1.927894736842101,???
CO2_cc,R12_LAM,2000,R12_LAM,coal_ppl_cfNH3,2000,M2,2.289374999999991,???
CO2_cc,R12_LAM,2005,R12_LAM,coal_ppl_cfNH3,2005,M2,2.154705882352938,???
CO2_cc,R12_LAM,2010,R12_LAM,coal_ppl_cfNH3,2010,M2,2.093142857142852,???
CO2_cc,R12_LAM,2025,R12_LAM,coal_ppl_cfNH3,2025,M2,1.989891823732407,???
CO2_cc,R12_LAM,2030,R12_LAM,coal_ppl_cfNH3,2030,M2,1.944783647464824,???
CO2_cc,R12_LAM,2035,R12_LAM,coal_ppl_cfNH3,2035,M2,1.9037419381488871,???
CO2_cc,R12_LAM,2040,R12_LAM,coal_ppl_cfNH3,2040,M2,1.8627002288329502,???
CO2_cc,R12_LAM,2045,R12_LAM,coal_ppl_cfNH3,2045,M2,1.8471001144164751,???
CO2_cc,R12_LAM,2055,R12_LAM,coal_ppl_cfNH3,2055,M2,1.831499999999991,???
CO2_cc,R12_LAM,2060,R12_LAM,coal_ppl_cfNH3,2060,M2,1.831499999999991,???
CO2_cc,R12_LAM,2070,R12_LAM,coal_ppl_cfNH3,2070,M2,1.831499999999991,???
CO2_cc,R12_LAM,2080,R12_LAM,coal_ppl_cfNH3,2080,M2,1.831499999999991,???
CO2_cc,R12_LAM,2090,R12_LAM,coal_ppl_cfNH3,2090,M2,1.831499999999991,???
CO2_cc,R12_LAM,2100,R12_LAM,coal_ppl_cfNH3,2100,M2,1.831499999999991,???
CO2_cc,R12_LAM,2110,R12_LAM,coal_ppl_cfNH3,2110,M2,1.831499999999991,???
CO2_cc,R12_MEA,2005,R12_MEA,coal_ppl_cfNH3,2005,M2,1.8453400503778261,???
CO2_cc,R12_MEA,2010,R12_MEA,coal_ppl_cfNH3,2010,M2,1.831499999999991,???
CO2_cc,R12_MEA,2015,R12_MEA,coal_ppl_cfNH3,2015,M2,1.831499999999991,???
CO2_cc,R12_MEA,2020,R12_MEA,coal_ppl_cfNH3,2020,M2,1.831499999999991,???
CO2_cc,R12_MEA,2035,R12_MEA,coal_ppl_cfNH3,2035,M2,1.831499999999991,???
CO2_cc,R12_MEA,2040,R12_MEA,coal_ppl_cfNH3,2040,M2,1.831499999999991,???
CO2_cc,R12_MEA,2045,R12_MEA,coal_ppl_cfNH3,2045,M2,1.831499999999991,???
CO2_cc,R12_MEA,2050,R12_MEA,coal_ppl_cfNH3,2050,M2,1.831499999999991,???
CO2_cc,R12_MEA,2055,R12_MEA,coal_ppl_cfNH3,2055,M2,1.831499999999991,???
CO2_cc,R12_MEA,2060,R12_MEA,coal_ppl_cfNH3,2060,M2,1.831499999999991,???
CO2_cc,R12_MEA,2070,R12_MEA,coal_ppl_cfNH3,2070,M2,1.831499999999991,???
CO2_cc,R12_MEA,2080,R12_MEA,coal_ppl_cfNH3,2080,M2,1.831499999999991,???
CO2_cc,R12_MEA,2090,R12_MEA,coal_ppl_cfNH3,2090,M2,1.831499999999991,???
CO2_cc,R12_MEA,2100,R12_MEA,coal_ppl_cfNH3,2100,M2,1.831499999999991,???
CO2_cc,R12_MEA,2110,R12_MEA,coal_ppl_cfNH3,2110,M2,1.831499999999991,???
CO2_cc,R12_NAM,1990,R12_NAM,coal_ppl_cfNH3,1990,M2,1.927894736842101,???
CO2_cc,R12_NAM,1995,R12_NAM,coal_ppl_cfNH3,1995,M2,1.927894736842101,???
CO2_cc,R12_NAM,2000,R12_NAM,coal_ppl_cfNH3,2000,M2,1.990760869565217,???
CO2_cc,R12_NAM,2005,R12_NAM,coal_ppl_cfNH3,2005,M2,1.9853658536585312,???
CO2_cc,R12_NAM,2010,R12_NAM,coal_ppl_cfNH3,2010,M2,1.927894736842101,???
CO2_cc,R12_NAM,2025,R12_NAM,coal_ppl_cfNH3,2025,M2,1.891454240785761,???
CO2_cc,R12_NAM,2030,R12_NAM,coal_ppl_cfNH3,2030,M2,1.875095981571537,???
CO2_cc,R12_NAM,2035,R12_NAM,coal_ppl_cfNH3,2035,M2,1.8595213106951518,???
CO2_cc,R12_NAM,2045,R12_NAM,coal_ppl_cfNH3,2045,M2,1.8377233199093879,???
CO2_cc,R12_NAM,2055,R12_NAM,coal_ppl_cfNH3,2055,M2,1.831499999999991,???
CO2_cc,R12_NAM,2060,R12_NAM,coal_ppl_cfNH3,2060,M2,1.831499999999991,???
CO2_cc,R12_PAO,1990,R12_PAO,coal_ppl_cfNH3,1990,M2,1.912793733681462,???
CO2_cc,R12_PAO,1995,R12_PAO,coal_ppl_cfNH3,1995,M2,1.927894736842101,???
CO2_cc,R12_PAO,2000,R12_PAO,coal_ppl_cfNH3,2000,M2,1.974663072776277,???
CO2_cc,R12_PAO,2005,R12_PAO,coal_ppl_cfNH3,2005,M2,1.888144329896901,???
CO2_cc,R12_PAO,2010,R12_PAO,coal_ppl_cfNH3,2010,M2,1.927894736842101,???
CO2_cc,R12_PAO,2025,R12_PAO,coal_ppl_cfNH3,2025,M2,1.891454240785761,???
CO2_cc,R12_PAO,2030,R12_PAO,coal_ppl_cfNH3,2030,M2,1.875095981571537,???
CO2_cc,R12_PAO,2035,R12_PAO,coal_ppl_cfNH3,2035,M2,1.8595213106951518,???
CO2_cc,R12_PAO,2045,R12_PAO,coal_ppl_cfNH3,2045,M2,1.8377233199093879,???
CO2_cc,R12_PAO,2055,R12_PAO,coal_ppl_cfNH3,2055,M2,1.831499999999991,???
CO2_cc,R12_PAO,2060,R12_PAO,coal_ppl_cfNH3,2060,M2,1.831499999999991,???
CO2_cc,R12_PAS,1995,R12_PAS,coal_ppl_cfNH3,1995,M2,1.927894736842101,???
CO2_cc,R12_PAS,2000,R12_PAS,coal_ppl_cfNH3,2000,M2,2.0812500000000003,???
CO2_cc,R12_PAS,2005,R12_PAS,coal_ppl_cfNH3,2005,M2,2.069491525423722,???
CO2_cc,R12_PAS,2010,R12_PAS,coal_ppl_cfNH3,2010,M2,2.0349999999999993,???
CO2_cc,R12_PAS,2025,R12_PAS,coal_ppl_cfNH3,2025,M2,1.956041331714153,???
CO2_cc,R12_PAS,2030,R12_PAS,coal_ppl_cfNH3,2030,M2,1.921321793863098,???
CO2_cc,R12_PAS,2035,R12_PAS,coal_ppl_cfNH3,2035,M2,1.888707514615866,???
CO2_cc,R12_PAS,2040,R12_PAS,coal_ppl_cfNH3,2040,M2,1.856093235368634,???
CO2_cc,R12_PAS,2055,R12_PAS,coal_ppl_cfNH3,2055,M2,1.831499999999991,???
CO2_cc,R12_PAS,2060,R12_PAS,coal_ppl_cfNH3,2060,M2,1.831499999999991,???
CO2_cc,R12_PAS,2070,R12_PAS,coal_ppl_cfNH3,2070,M2,1.831499999999991,???
CO2_cc,R12_PAS,2080,R12_PAS,coal_ppl_cfNH3,2080,M2,1.831499999999991,???
CO2_cc,R12_PAS,2090,R12_PAS,coal_ppl_cfNH3,2090,M2,1.831499999999991,???
CO2_cc,R12_PAS,2100,R12_PAS,coal_ppl_cfNH3,2100,M2,1.831499999999991,???
CO2_cc,R12_PAS,2110,R12_PAS,coal_ppl_cfNH3,2110,M2,1.831499999999991,???
CO2_cc,R12_SAS,1995,R12_SAS,coal_ppl_cfNH3,1995,M2,1.927894736842101,???
CO2_cc,R12_SAS,2010,R12_SAS,coal_ppl_cfNH3,2010,M2,1.927894736842101,???
CO2_cc,R12_SAS,2015,R12_SAS,coal_ppl_cfNH3,2015,M2,1.927894736842101,???
CO2_cc,R12_SAS,2020,R12_SAS,coal_ppl_cfNH3,2020,M2,1.927894736842101,???
CO2_cc,R12_SAS,2025,R12_SAS,coal_ppl_cfNH3,2025,M2,1.927894736842101,???
CO2_cc,R12_SAS,2040,R12_SAS,coal_ppl_cfNH3,2040,M2,1.927894736842101,???
CO2_cc,R12_SAS,2045,R12_SAS,coal_ppl_cfNH3,2045,M2,1.8796973684210463,???
CO2_cc,R12_SAS,2050,R12_SAS,coal_ppl_cfNH3,2050,M2,1.831499999999991,???
CO2_cc,R12_SAS,2055,R12_SAS,coal_ppl_cfNH3,2055,M2,1.831499999999991,???
CO2_cc,R12_SAS,2060,R12_SAS,coal_ppl_cfNH3,2060,M2,1.831499999999991,???
CO2_cc,R12_SAS,2070,R12_SAS,coal_ppl_cfNH3,2070,M2,1.831499999999991,???
CO2_cc,R12_SAS,2080,R12_SAS,coal_ppl_cfNH3,2080,M2,1.831499999999991,???
CO2_cc,R12_SAS,2090,R12_SAS,coal_ppl_cfNH3,2090,M2,1.831499999999991,???
CO2_cc,R12_SAS,2100,R12_SAS,coal_ppl_cfNH3,2100,M2,1.831499999999991,???
CO2_cc,R12_SAS,2110,R12_SAS,coal_ppl_cfNH3,2110,M2,1.831499999999991,???
CO2_cc,R12_WEU,1990,R12_WEU,coal_ppl_cfNH3,1990,M2,1.990760869565217,???
CO2_cc,R12_WEU,1995,R12_WEU,coal_ppl_cfNH3,1995,M2,1.979999999999991,???
CO2_cc,R12_WEU,2000,R12_WEU,coal_ppl_cfNH3,2000,M2,1.897927461139896,???
CO2_cc,R12_WEU,2005,R12_WEU,coal_ppl_cfNH3,2005,M2,1.817866004962779,???
CO2_cc,R12_WEU,2010,R12_WEU,coal_ppl_cfNH3,2010,M2,1.831499999999991,???
CO2_cc,R12_WEU,2025,R12_WEU,coal_ppl_cfNH3,2025,M2,1.831499999999991,???
CO2_cc,R12_WEU,2030,R12_WEU,coal_ppl_cfNH3,2030,M2,1.831499999999991,???
CO2_cc,R12_WEU,2035,R12_WEU,coal_ppl_cfNH3,2035,M2,1.831499999999991,???
CO2_cc,R12_WEU,2045,R12_WEU,coal_ppl_cfNH3,2045,M2,1.831499999999991,???
CO2_cc,R12_WEU,2055,R12_WEU,coal_ppl_cfNH3,2055,M2,1.831499999999991,???
CO2_cc,R12_WEU,2060,R12_WEU,coal_ppl_cfNH3,2060,M2,1.831499999999991,???
CO2_cc,R12_MEA,1990,R12_MEA,coal_ppl_cfNH3,1990,M2,1.927894736842101,???
CO2_cc,R12_PAS,1990,R12_PAS,coal_ppl_cfNH3,1990,M2,1.927894736842101,???
CO2_cc,R12_SAS,1990,R12_SAS,coal_ppl_cfNH3,1990,M2,1.927894736842101,???
CO2_cc,R12_EEU,1990,R12_EEU,coal_ppl_cfNH3,1990,M2,1.927894736842101,???
CO2_cc,R12_FSU,1990,R12_FSU,coal_ppl_cfNH3,1990,M2,1.927894736842101,???
CO2_cc,R12_EEU,1985,R12_EEU,coal_ppl_cfNH3,1985,M2,1.927894736842101,???
CO2_cc,R12_EEU,1980,R12_EEU,coal_ppl_cfNH3,1980,M2,1.927894736842101,???
CO2_cc,R12_EEU,1975,R12_EEU,coal_ppl_cfNH3,1975,M2,1.927894736842101,???
CO2_cc,R12_EEU,1970,R12_EEU,coal_ppl_cfNH3,1970,M2,1.927894736842101,???
CO2_cc,R12_EEU,1965,R12_EEU,coal_ppl_cfNH3,1965,M2,1.927894736842101,???
CO2_cc,R12_EEU,1960,R12_EEU,coal_ppl_cfNH3,1960,M2,1.927894736842101,???
CO2_cc,R12_FSU,1985,R12_FSU,coal_ppl_cfNH3,1985,M2,1.927894736842101,???
CO2_cc,R12_FSU,1980,R12_FSU,coal_ppl_cfNH3,1980,M2,1.927894736842101,???
CO2_cc,R12_FSU,1975,R12_FSU,coal_ppl_cfNH3,1975,M2,1.927894736842101,???
CO2_cc,R12_FSU,1970,R12_FSU,coal_ppl_cfNH3,1970,M2,1.927894736842101,???
CO2_cc,R12_FSU,1965,R12_FSU,coal_ppl_cfNH3,1965,M2,1.927894736842101,???
CO2_cc,R12_LAM,1990,R12_LAM,coal_ppl_cfNH3,1990,M2,1.927894736842101,???
CO2_cc,R12_LAM,1985,R12_LAM,coal_ppl_cfNH3,1985,M2,1.927894736842101,???
CO2_cc,R12_LAM,1980,R12_LAM,coal_ppl_cfNH3,1980,M2,1.927894736842101,???
CO2_cc,R12_LAM,1975,R12_LAM,coal_ppl_cfNH3,1975,M2,1.927894736842101,???
CO2_cc,R12_LAM,1970,R12_LAM,coal_ppl_cfNH3,1970,M2,1.927894736842101,???
CO2_cc,R12_LAM,1965,R12_LAM,coal_ppl_cfNH3,1965,M2,1.927894736842101,???
CO2_cc,R12_NAM,1985,R12_NAM,coal_ppl_cfNH3,1985,M2,1.927894736842101,???
CO2_cc,R12_NAM,1980,R12_NAM,coal_ppl_cfNH3,1980,M2,1.927894736842101,???
CO2_cc,R12_NAM,1975,R12_NAM,coal_ppl_cfNH3,1975,M2,1.927894736842101,???
CO2_cc,R12_NAM,1970,R12_NAM,coal_ppl_cfNH3,1970,M2,1.927894736842101,???
CO2_cc,R12_NAM,1965,R12_NAM,coal_ppl_cfNH3,1965,M2,1.927894736842101,???
CO2_cc,R12_NAM,1960,R12_NAM,coal_ppl_cfNH3,1960,M2,1.927894736842101,???
CO2_cc,R12_PAO,1985,R12_PAO,coal_ppl_cfNH3,1985,M2,1.912793733681462,???
CO2_cc,R12_PAO,1980,R12_PAO,coal_ppl_cfNH3,1980,M2,1.912793733681462,???
CO2_cc,R12_PAO,1975,R12_PAO,coal_ppl_cfNH3,1975,M2,1.912793733681462,???
CO2_cc,R12_PAO,1970,R12_PAO,coal_ppl_cfNH3,1970,M2,1.912793733681462,???
CO2_cc,R12_PAO,1965,R12_PAO,coal_ppl_cfNH3,1965,M2,1.912793733681462,???
CO2_cc,R12_PAS,1985,R12_PAS,coal_ppl_cfNH3,1985,M2,1.927894736842101,???
CO2_cc,R12_PAS,1980,R12_PAS,coal_ppl_cfNH3,1980,M2,1.927894736842101,???
CO2_cc,R12_PAS,1975,R12_PAS,coal_ppl_cfNH3,1975,M2,1.927894736842101,???
CO2_cc,R12_PAS,1970,R12_PAS,coal_ppl_cfNH3,1970,M2,1.927894736842101,???
CO2_cc,R12_SAS,1985,R12_SAS,coal_ppl_cfNH3,1985,M2,1.927894736842101,???
CO2_cc,R12_WEU,1985,R12_WEU,coal_ppl_cfNH3,1985,M2,1.990760869565217,???
CO2_cc,R12_WEU,1980,R12_WEU,coal_ppl_cfNH3,1980,M2,1.990760869565217,???
CO2_cc,R12_WEU,1975,R12_WEU,coal_ppl_cfNH3,1975,M2,1.990760869565217,???
CO2_cc,R12_WEU,1970,R12_WEU,coal_ppl_cfNH3,1970,M2,1.990760869565217,???
CO2_cc,R12_WEU,1965,R12_WEU,coal_ppl_cfNH3,1965,M2,1.990760869565217,???
CO2_cc,R12_WEU,1960,R12_WEU,coal_ppl_cfNH3,1960,M2,1.990760869565217,???
CO2_cc,R12_NAM,2040,R12_NAM,coal_ppl_cfNH3,2040,M2,1.843946639818776,???
CO2_cc,R12_NAM,2070,R12_NAM,coal_ppl_cfNH3,2070,M2,1.831499999999991,???
CO2_cc,R12_PAO,2040,R12_PAO,coal_ppl_cfNH3,2040,M2,1.843946639818776,???
CO2_cc,R12_PAO,2070,R12_PAO,coal_ppl_cfNH3,2070,M2,1.831499999999991,???
CO2_cc,R12_WEU,2040,R12_WEU,coal_ppl_cfNH3,2040,M2,1.831499999999991,???
CO2_cc,R12_WEU,2070,R12_WEU,coal_ppl_cfNH3,2070,M2,1.831499999999991,???
CO2_cc,R12_CHN,1995,R12_CHN,coal_ppl_cfNH3,1995,M2,2.219999999999994,???
CO2_cc,R12_CHN,2000,R12_CHN,coal_ppl_cfNH3,2000,M2,2.247239263803678,???
CO2_cc,R12_CHN,2015,R12_CHN,coal_ppl_cfNH3,2015,M2,2.1179779411764694,???
CO2_cc,R12_CHN,2020,R12_CHN,coal_ppl_cfNH3,2020,M2,2.0812500000000003,???
CO2_cc,R12_CHN,2025,R12_CHN,coal_ppl_cfNH3,2025,M2,2.025302419354833,???
CO2_cc,R12_CHN,2030,R12_CHN,coal_ppl_cfNH3,2030,M2,1.9693548387096749,???
CO2_cc,R12_CHN,2045,R12_CHN,coal_ppl_cfNH3,2045,M2,1.850188775510196,???
CO2_cc,R12_CHN,2050,R12_CHN,coal_ppl_cfNH3,2050,M2,1.831499999999991,???
CO2_cc,R12_CHN,2055,R12_CHN,coal_ppl_cfNH3,2055,M2,1.831499999999991,???
CO2_cc,R12_CHN,2060,R12_CHN,coal_ppl_cfNH3,2060,M2,1.831499999999991,???
CO2_cc,R12_CHN,2070,R12_CHN,coal_ppl_cfNH3,2070,M2,1.831499999999991,???
CO2_cc,R12_CHN,2080,R12_CHN,coal_ppl_cfNH3,2080,M2,1.831499999999991,???
CO2_cc,R12_CHN,2090,R12_CHN,coal_ppl_cfNH3,2090,M2,1.831499999999991,???
CO2_cc,R12_CHN,2100,R12_CHN,coal_ppl_cfNH3,2100,M2,1.831499999999991,???
CO2_cc,R12_CHN,2110,R12_CHN,coal_ppl_cfNH3,2110,M2,1.831499999999991,???
CO2_cc,R12_CHN,1990,R12_CHN,coal_ppl_cfNH3,1990,M2,2.219999999999994,???
CO2_cc,R12_CHN,1985,R12_CHN,coal_ppl_cfNH3,1985,M2,2.219999999999994,???
CO2_cc,R12_CHN,1980,R12_CHN,coal_ppl_cfNH3,1980,M2,2.219999999999994,???
CO2_cc,R12_RCPA,1995,R12_RCPA,coal_ppl_cfNH3,1995,M2,2.219999999999994,???
CO2_cc,R12_RCPA,2000,R12_RCPA,coal_ppl_cfNH3,2000,M2,2.247239263803678,???
CO2_cc,R12_RCPA,2005,R12_RCPA,coal_ppl_cfNH3,2005,M2,2.282242990654197,???
CO2_cc,R12_RCPA,2010,R12_RCPA,coal_ppl_cfNH3,2010,M2,2.154705882352938,???
CO2_cc,R12_RCPA,2015,R12_RCPA,coal_ppl_cfNH3,2015,M2,2.1179779411764694,???
CO2_cc,R12_RCPA,2020,R12_RCPA,coal_ppl_cfNH3,2020,M2,2.0812500000000003,???
CO2_cc,R12_RCPA,2025,R12_RCPA,coal_ppl_cfNH3,2025,M2,2.025302419354833,???
CO2_cc,R12_RCPA,2030,R12_RCPA,coal_ppl_cfNH3,2030,M2,1.9693548387096749,???
CO2_cc,R12_RCPA,2035,R12_RCPA,coal_ppl_cfNH3,2035,M2,1.919116194865038,???
CO2_cc,R12_RCPA,2040,R12_RCPA,coal_ppl_cfNH3,2040,M2,1.868877551020401,???
CO2_cc,R12_RCPA,2045,R12_RCPA,coal_ppl_cfNH3,2045,M2,1.850188775510196,???
CO2_cc,R12_RCPA,2050,R12_RCPA,coal_ppl_cfNH3,2050,M2,1.831499999999991,???
CO2_cc,R12_RCPA,2055,R12_RCPA,coal_ppl_cfNH3,2055,M2,1.831499999999991,???
CO2_cc,R12_RCPA,2060,R12_RCPA,coal_ppl_cfNH3,2060,M2,1.831499999999991,???
CO2_cc,R12_RCPA,2070,R12_RCPA,coal_ppl_cfNH3,2070,M2,1.831499999999991,???
CO2_cc,R12_RCPA,2080,R12_RCPA,coal_ppl_cfNH3,2080,M2,1.831499999999991,???
CO2_cc,R12_RCPA,2090,R12_RCPA,coal_ppl_cfNH3,2090,M2,1.831499999999991,???
CO2_cc,R12_RCPA,2100,R12_RCPA,coal_ppl_cfNH3,2100,M2,1.831499999999991,???
CO2_cc,R12_RCPA,2110,R12_RCPA,coal_ppl_cfNH3,2110,M2,1.831499999999991,???
CO2_cc,R12_RCPA,1990,R12_RCPA,coal_ppl_cfNH3,1990,M2,2.219999999999994,???
CO2_cc,R12_RCPA,1985,R12_RCPA,coal_ppl_cfNH3,1985,M2,2.219999999999994,???
CO2_cc,R12_RCPA,1980,R12_RCPA,coal_ppl_cfNH3,1980,M2,2.219999999999994,???
CO2_cc,R12_EEU,2020,R12_EEU,coal_ppl_cfNH3,2020,M2,1.990760869565217,???
CO2_cc,R12_EEU,2015,R12_EEU,coal_ppl_cfNH3,2015,M2,2.012880434782608,???
CO2_cc,R12_EEU,2050,R12_EEU,coal_ppl_cfNH3,2050,M2,1.831499999999991,???
CO2_cc,R12_LAM,2020,R12_LAM,coal_ppl_cfNH3,2020,M2,2.0349999999999993,???
CO2_cc,R12_LAM,2015,R12_LAM,coal_ppl_cfNH3,2015,M2,2.064071428571421,???
CO2_cc,R12_LAM,2050,R12_LAM,coal_ppl_cfNH3,2050,M2,1.831499999999991,???
CO2_cc,R12_MEA,2000,R12_MEA,coal_ppl_cfNH3,2000,M2,1.849999999999995,???
CO2_cc,R12_MEA,2030,R12_MEA,coal_ppl_cfNH3,2030,M2,1.831499999999991,???
CO2_cc,R12_MEA,1995,R12_MEA,coal_ppl_cfNH3,1995,M2,1.927894736842101,???
CO2_cc,R12_MEA,2025,R12_MEA,coal_ppl_cfNH3,2025,M2,1.831499999999991,???
CO2_cc,R12_NAM,2020,R12_NAM,coal_ppl_cfNH3,2020,M2,1.907812499999994,???
CO2_cc,R12_NAM,2015,R12_NAM,coal_ppl_cfNH3,2015,M2,1.917853618421052,???
CO2_cc,R12_NAM,2050,R12_NAM,coal_ppl_cfNH3,2050,M2,1.831499999999991,???
CO2_cc,R12_SAS,2005,R12_SAS,coal_ppl_cfNH3,2005,M2,1.927894736842101,???
CO2_cc,R12_SAS,2035,R12_SAS,coal_ppl_cfNH3,2035,M2,1.927894736842101,???
CO2_cc,R12_SAS,2000,R12_SAS,coal_ppl_cfNH3,2000,M2,1.927894736842101,???
CO2_cc,R12_SAS,2030,R12_SAS,coal_ppl_cfNH3,2030,M2,1.927894736842101,???
CO2_cc,R12_WEU,2020,R12_WEU,coal_ppl_cfNH3,2020,M2,1.831499999999991,???
CO2_cc,R12_WEU,2015,R12_WEU,coal_ppl_cfNH3,2015,M2,1.831499999999991,???
CO2_cc,R12_WEU,2050,R12_WEU,coal_ppl_cfNH3,2050,M2,1.831499999999991,???
CO2_cc,R12_FSU,2020,R12_FSU,coal_ppl_cfNH3,2020,M2,2.233536585365853,???
CO2_cc,R12_FSU,2015,R12_FSU,coal_ppl_cfNH3,2015,M2,2.298381195908727,???
CO2_cc,R12_FSU,2050,R12_FSU,coal_ppl_cfNH3,2050,M2,1.831499999999991,???
CO2_cc,R12_PAO,2020,R12_PAO,coal_ppl_cfNH3,2020,M2,1.907812499999994,???
CO2_cc,R12_PAO,2015,R12_PAO,coal_ppl_cfNH3,2015,M2,1.917853618421052,???
CO2_cc,R12_PAO,2050,R12_PAO,coal_ppl_cfNH3,2050,M2,1.831499999999991,???
CO2_cc,R12_PAS,2020,R12_PAS,coal_ppl_cfNH3,2020,M2,1.990760869565217,???
CO2_cc,R12_PAS,2050,R12_PAS,coal_ppl_cfNH3,2050,M2,1.831499999999991,???
CO2_cc,R12_PAS,2015,R12_PAS,coal_ppl_cfNH3,2015,M2,2.012880434782608,???
CO2_cc,R12_PAS,2045,R12_PAS,coal_ppl_cfNH3,2045,M2,1.8437966176843168,???
CO2_cc,R12_CHN,2010,R12_CHN,coal_ppl_cfNH3,2010,M2,2.154705882352938,???
CO2_cc,R12_CHN,2040,R12_CHN,coal_ppl_cfNH3,2040,M2,1.868877551020401,???
CO2_cc,R12_CHN,2005,R12_CHN,coal_ppl_cfNH3,2005,M2,2.282242990654197,???
CO2_cc,R12_CHN,2035,R12_CHN,coal_ppl_cfNH3,2035,M2,1.919116194865038,???
CO2_cc,R12_AFR,1990,R12_AFR,coal_ppl_u_cfNH3,1990,M2,2.154708468,???
CO2_cc,R12_AFR,1995,R12_AFR,coal_ppl_u_cfNH3,1995,M2,2.154708468,???
CO2_cc,R12_AFR,2000,R12_AFR,coal_ppl_u_cfNH3,2000,M2,2.154708468,???
CO2_cc,R12_AFR,2005,R12_AFR,coal_ppl_u_cfNH3,2005,M2,1.9799980199999998,???
CO2_cc,R12_AFR,2010,R12_AFR,coal_ppl_u_cfNH3,2010,M2,1.9278955079999998,???
CO2_cc,R12_AFR,2020,R12_AFR,coal_ppl_u_cfNH3,2020,M2,1.9278955079999998,???
CO2_cc,R12_AFR,2025,R12_AFR,coal_ppl_u_cfNH3,2025,M2,1.9278955079999998,???
CO2_cc,R12_AFR,2030,R12_AFR,coal_ppl_u_cfNH3,2030,M2,1.9278955079999998,???
CO2_cc,R12_AFR,2035,R12_AFR,coal_ppl_u_cfNH3,2035,M2,1.9278955079999998,???
CO2_cc,R12_AFR,2040,R12_AFR,coal_ppl_u_cfNH3,2040,M2,1.9278955079999998,???
CO2_cc,R12_EEU,1990,R12_EEU,coal_ppl_u_cfNH3,1990,M2,2.32571196,???
CO2_cc,R12_EEU,1995,R12_EEU,coal_ppl_u_cfNH3,1995,M2,2.21999778,???
CO2_cc,R12_EEU,2000,R12_EEU,coal_ppl_u_cfNH3,2000,M2,2.093140763999991,???
CO2_cc,R12_EEU,2005,R12_EEU,coal_ppl_u_cfNH3,2005,M2,2.093140763999991,???
CO2_cc,R12_EEU,2010,R12_EEU,coal_ppl_u_cfNH3,2010,M2,2.035001628,???
CO2_cc,R12_EEU,2015,R12_EEU,coal_ppl_u_cfNH3,2015,M2,2.035001628,???
CO2_cc,R12_EEU,2020,R12_EEU,coal_ppl_u_cfNH3,2020,M2,1.9799980199999998,???
CO2_cc,R12_EEU,2025,R12_EEU,coal_ppl_u_cfNH3,2025,M2,1.9799980199999998,???
CO2_cc,R12_FSU,1990,R12_FSU,coal_ppl_u_cfNH3,1990,M2,2.240364059999991,???
CO2_cc,R12_FSU,1995,R12_FSU,coal_ppl_u_cfNH3,1995,M2,2.154708468,???
CO2_cc,R12_FSU,2000,R12_FSU,coal_ppl_u_cfNH3,2000,M2,2.363228406,???
CO2_cc,R12_FSU,2005,R12_FSU,coal_ppl_u_cfNH3,2005,M2,2.4419975579999997,???
CO2_cc,R12_FSU,2010,R12_FSU,coal_ppl_u_cfNH3,2010,M2,2.363228406,???
CO2_cc,R12_FSU,2015,R12_FSU,coal_ppl_u_cfNH3,2015,M2,2.363228406,???
CO2_cc,R12_FSU,2020,R12_FSU,coal_ppl_u_cfNH3,2020,M2,2.093140763999991,???
CO2_cc,R12_FSU,2025,R12_FSU,coal_ppl_u_cfNH3,2025,M2,2.093140763999991,???
CO2_cc,R12_LAM,1990,R12_LAM,coal_ppl_u_cfNH3,1990,M2,2.552612831999991,???
CO2_cc,R12_LAM,1995,R12_LAM,coal_ppl_u_cfNH3,1995,M2,2.4419975579999997,???
CO2_cc,R12_LAM,2000,R12_LAM,coal_ppl_u_cfNH3,2000,M2,2.289374999999991,???
CO2_cc,R12_LAM,2005,R12_LAM,coal_ppl_u_cfNH3,2005,M2,2.154708468,???
CO2_cc,R12_LAM,2010,R12_LAM,coal_ppl_u_cfNH3,2010,M2,2.093140763999991,???
CO2_cc,R12_LAM,2020,R12_LAM,coal_ppl_u_cfNH3,2020,M2,1.9799980199999998,???
CO2_cc,R12_LAM,2025,R12_LAM,coal_ppl_u_cfNH3,2025,M2,1.9799980199999998,???
CO2_cc,R12_LAM,2030,R12_LAM,coal_ppl_u_cfNH3,2030,M2,1.9278955079999998,???
CO2_cc,R12_LAM,2035,R12_LAM,coal_ppl_u_cfNH3,2035,M2,1.9278955079999998,???
CO2_cc,R12_LAM,2040,R12_LAM,coal_ppl_u_cfNH3,2040,M2,1.9278955079999998,???
CO2_cc,R12_MEA,1990,R12_MEA,coal_ppl_u_cfNH3,1990,M2,2.075353236,???
CO2_cc,R12_MEA,1995,R12_MEA,coal_ppl_u_cfNH3,1995,M2,1.9799980199999998,???
CO2_cc,R12_MEA,2000,R12_MEA,coal_ppl_u_cfNH3,2000,M2,1.8499981499999998,???
CO2_cc,R12_MEA,2005,R12_MEA,coal_ppl_u_cfNH3,2005,M2,1.845338814,???
CO2_cc,R12_MEA,2010,R12_MEA,coal_ppl_u_cfNH3,2010,M2,1.845338814,???
CO2_cc,R12_MEA,2020,R12_MEA,coal_ppl_u_cfNH3,2020,M2,1.845338814,???
CO2_cc,R12_MEA,2025,R12_MEA,coal_ppl_u_cfNH3,2025,M2,1.845338814,???
CO2_cc,R12_MEA,2030,R12_MEA,coal_ppl_u_cfNH3,2030,M2,1.845338814,???
CO2_cc,R12_MEA,2035,R12_MEA,coal_ppl_u_cfNH3,2035,M2,1.845338814,???
CO2_cc,R12_MEA,2040,R12_MEA,coal_ppl_u_cfNH3,2040,M2,1.845338814,???
CO2_cc,R12_NAM,1990,R12_NAM,coal_ppl_u_cfNH3,1990,M2,1.9799980199999998,???
CO2_cc,R12_NAM,1995,R12_NAM,coal_ppl_u_cfNH3,1995,M2,1.953602441999991,???
CO2_cc,R12_NAM,2000,R12_NAM,coal_ppl_u_cfNH3,2000,M2,1.990759914,???
CO2_cc,R12_NAM,2005,R12_NAM,coal_ppl_u_cfNH3,2005,M2,1.985367978,???
CO2_cc,R12_NAM,2010,R12_NAM,coal_ppl_u_cfNH3,2010,M2,1.9278955079999998,???
CO2_cc,R12_NAM,2015,R12_NAM,coal_ppl_u_cfNH3,2015,M2,1.9278955079999998,???
CO2_cc,R12_NAM,2020,R12_NAM,coal_ppl_u_cfNH3,2020,M2,1.9278955079999998,???
CO2_cc,R12_NAM,2025,R12_NAM,coal_ppl_u_cfNH3,2025,M2,1.9278955079999998,???
CO2_cc,R12_PAO,1990,R12_PAO,coal_ppl_u_cfNH3,1990,M2,1.912796622,???
CO2_cc,R12_PAO,1995,R12_PAO,coal_ppl_u_cfNH3,1995,M2,1.9278955079999998,???
CO2_cc,R12_PAO,2000,R12_PAO,coal_ppl_u_cfNH3,2000,M2,1.9746646919999908,???
CO2_cc,R12_PAO,2005,R12_PAO,coal_ppl_u_cfNH3,2005,M2,1.888144632,???
CO2_cc,R12_PAO,2010,R12_PAO,coal_ppl_u_cfNH3,2010,M2,1.9278955079999998,???
CO2_cc,R12_PAO,2015,R12_PAO,coal_ppl_u_cfNH3,2015,M2,1.9278955079999998,???
CO2_cc,R12_PAO,2020,R12_PAO,coal_ppl_u_cfNH3,2020,M2,1.9278955079999998,???
CO2_cc,R12_PAO,2025,R12_PAO,coal_ppl_u_cfNH3,2025,M2,1.9278955079999998,???
CO2_cc,R12_PAS,1990,R12_PAS,coal_ppl_u_cfNH3,1990,M2,2.001639024,???
CO2_cc,R12_PAS,1995,R12_PAS,coal_ppl_u_cfNH3,1995,M2,2.035001628,???
CO2_cc,R12_PAS,2000,R12_PAS,coal_ppl_u_cfNH3,2000,M2,2.081250666,???
CO2_cc,R12_PAS,2005,R12_PAS,coal_ppl_u_cfNH3,2005,M2,2.069492436,???
CO2_cc,R12_PAS,2010,R12_PAS,coal_ppl_u_cfNH3,2010,M2,2.035001628,???
CO2_cc,R12_PAS,2020,R12_PAS,coal_ppl_u_cfNH3,2020,M2,1.9278955079999998,???
CO2_cc,R12_PAS,2025,R12_PAS,coal_ppl_u_cfNH3,2025,M2,1.9278955079999998,???
CO2_cc,R12_PAS,2030,R12_PAS,coal_ppl_u_cfNH3,2030,M2,1.9278955079999998,???
CO2_cc,R12_PAS,2035,R12_PAS,coal_ppl_u_cfNH3,2035,M2,1.9278955079999998,???
CO2_cc,R12_PAS,2040,R12_PAS,coal_ppl_u_cfNH3,2040,M2,1.9278955079999998,???
CO2_cc,R12_SAS,1990,R12_SAS,coal_ppl_u_cfNH3,1990,M2,2.543748372,???
CO2_cc,R12_SAS,1995,R12_SAS,coal_ppl_u_cfNH3,1995,M2,2.363228406,???
CO2_cc,R12_SAS,2000,R12_SAS,coal_ppl_u_cfNH3,2000,M2,2.6904148919999997,???
CO2_cc,R12_SAS,2005,R12_SAS,coal_ppl_u_cfNH3,2005,M2,2.801528333999991,???
CO2_cc,R12_SAS,2010,R12_SAS,coal_ppl_u_cfNH3,2010,M2,2.764524707999991,???
CO2_cc,R12_SAS,2020,R12_SAS,coal_ppl_u_cfNH3,2020,M2,2.5262099279999912,???
CO2_cc,R12_SAS,2025,R12_SAS,coal_ppl_u_cfNH3,2025,M2,2.5262099279999912,???
CO2_cc,R12_SAS,2030,R12_SAS,coal_ppl_u_cfNH3,2030,M2,2.363228406,???
CO2_cc,R12_SAS,2035,R12_SAS,coal_ppl_u_cfNH3,2035,M2,2.363228406,???
CO2_cc,R12_SAS,2040,R12_SAS,coal_ppl_u_cfNH3,2040,M2,2.21999778,???
CO2_cc,R12_WEU,1990,R12_WEU,coal_ppl_u_cfNH3,1990,M2,1.990759914,???
CO2_cc,R12_WEU,1995,R12_WEU,coal_ppl_u_cfNH3,1995,M2,1.953602441999991,???
CO2_cc,R12_WEU,2000,R12_WEU,coal_ppl_u_cfNH3,2000,M2,1.897924841999991,???
CO2_cc,R12_WEU,2005,R12_WEU,coal_ppl_u_cfNH3,2005,M2,1.817866314,???
CO2_cc,R12_WEU,2010,R12_WEU,coal_ppl_u_cfNH3,2010,M2,1.9278955079999998,???
CO2_cc,R12_WEU,2015,R12_WEU,coal_ppl_u_cfNH3,2015,M2,1.9278955079999998,???
CO2_cc,R12_WEU,2020,R12_WEU,coal_ppl_u_cfNH3,2020,M2,1.9278955079999998,???
CO2_cc,R12_WEU,2025,R12_WEU,coal_ppl_u_cfNH3,2025,M2,1.9278955079999998,???
CO2_cc,R12_NAM,2030,R12_NAM,coal_ppl_u_cfNH3,2030,M2,1.9278955079999998,???
CO2_cc,R12_NAM,2035,R12_NAM,coal_ppl_u_cfNH3,2035,M2,1.9278955079999998,???
CO2_cc,R12_NAM,2040,R12_NAM,coal_ppl_u_cfNH3,2040,M2,1.9278955079999998,???
CO2_cc,R12_PAO,2030,R12_PAO,coal_ppl_u_cfNH3,2030,M2,1.9278955079999998,???
CO2_cc,R12_PAO,2035,R12_PAO,coal_ppl_u_cfNH3,2035,M2,1.9278955079999998,???
CO2_cc,R12_PAO,2040,R12_PAO,coal_ppl_u_cfNH3,2040,M2,1.9278955079999998,???
CO2_cc,R12_EEU,2030,R12_EEU,coal_ppl_u_cfNH3,2030,M2,1.9278955079999998,???
CO2_cc,R12_EEU,2035,R12_EEU,coal_ppl_u_cfNH3,2035,M2,1.9278955079999998,???
CO2_cc,R12_EEU,2040,R12_EEU,coal_ppl_u_cfNH3,2040,M2,1.9278955079999998,???
CO2_cc,R12_FSU,2030,R12_FSU,coal_ppl_u_cfNH3,2030,M2,1.9278955079999998,???
CO2_cc,R12_FSU,2035,R12_FSU,coal_ppl_u_cfNH3,2035,M2,1.9278955079999998,???
CO2_cc,R12_FSU,2040,R12_FSU,coal_ppl_u_cfNH3,2040,M2,1.9278955079999998,???
CO2_cc,R12_WEU,2030,R12_WEU,coal_ppl_u_cfNH3,2030,M2,1.9278955079999998,???
CO2_cc,R12_WEU,2035,R12_WEU,coal_ppl_u_cfNH3,2035,M2,1.9278955079999998,???
CO2_cc,R12_WEU,2040,R12_WEU,coal_ppl_u_cfNH3,2040,M2,1.9278955079999998,???
CO2_cc,R12_AFR,2050,R12_AFR,coal_ppl_u_cfNH3,2050,M2,1.9278955079999998,???
CO2_cc,R12_AFR,1985,R12_AFR,coal_ppl_u_cfNH3,1985,M2,2.154708468,???
CO2_cc,R12_AFR,1980,R12_AFR,coal_ppl_u_cfNH3,1980,M2,2.154708468,???
CO2_cc,R12_AFR,1975,R12_AFR,coal_ppl_u_cfNH3,1975,M2,2.154708468,???
CO2_cc,R12_AFR,1970,R12_AFR,coal_ppl_u_cfNH3,1970,M2,2.154708468,???
CO2_cc,R12_AFR,1965,R12_AFR,coal_ppl_u_cfNH3,1965,M2,2.154708468,???
CO2_cc,R12_AFR,1960,R12_AFR,coal_ppl_u_cfNH3,1960,M2,2.154708468,???
CO2_cc,R12_EEU,2045,R12_EEU,coal_ppl_u_cfNH3,2045,M2,1.9278955079999998,???
CO2_cc,R12_EEU,2050,R12_EEU,coal_ppl_u_cfNH3,2050,M2,1.9278955079999998,???
CO2_cc,R12_EEU,1985,R12_EEU,coal_ppl_u_cfNH3,1985,M2,2.32571196,???
CO2_cc,R12_EEU,1980,R12_EEU,coal_ppl_u_cfNH3,1980,M2,2.32571196,???
CO2_cc,R12_EEU,1975,R12_EEU,coal_ppl_u_cfNH3,1975,M2,2.32571196,???
CO2_cc,R12_EEU,1970,R12_EEU,coal_ppl_u_cfNH3,1970,M2,2.32571196,???
CO2_cc,R12_EEU,1965,R12_EEU,coal_ppl_u_cfNH3,1965,M2,2.32571196,???
CO2_cc,R12_EEU,1960,R12_EEU,coal_ppl_u_cfNH3,1960,M2,2.32571196,???
CO2_cc,R12_FSU,2045,R12_FSU,coal_ppl_u_cfNH3,2045,M2,1.9278955079999998,???
CO2_cc,R12_FSU,2050,R12_FSU,coal_ppl_u_cfNH3,2050,M2,1.9278955079999998,???
CO2_cc,R12_FSU,1985,R12_FSU,coal_ppl_u_cfNH3,1985,M2,2.240364059999991,???
CO2_cc,R12_FSU,1980,R12_FSU,coal_ppl_u_cfNH3,1980,M2,2.240364059999991,???
CO2_cc,R12_FSU,1975,R12_FSU,coal_ppl_u_cfNH3,1975,M2,2.240364059999991,???
CO2_cc,R12_FSU,1970,R12_FSU,coal_ppl_u_cfNH3,1970,M2,2.240364059999991,???
CO2_cc,R12_FSU,1965,R12_FSU,coal_ppl_u_cfNH3,1965,M2,2.240364059999991,???
CO2_cc,R12_FSU,1960,R12_FSU,coal_ppl_u_cfNH3,1960,M2,2.240364059999991,???
CO2_cc,R12_LAM,2050,R12_LAM,coal_ppl_u_cfNH3,2050,M2,1.9278955079999998,???
CO2_cc,R12_LAM,1985,R12_LAM,coal_ppl_u_cfNH3,1985,M2,2.552612831999991,???
CO2_cc,R12_LAM,1980,R12_LAM,coal_ppl_u_cfNH3,1980,M2,2.552612831999991,???
CO2_cc,R12_LAM,1975,R12_LAM,coal_ppl_u_cfNH3,1975,M2,2.552612831999991,???
CO2_cc,R12_LAM,1970,R12_LAM,coal_ppl_u_cfNH3,1970,M2,2.552612831999991,???
CO2_cc,R12_LAM,1965,R12_LAM,coal_ppl_u_cfNH3,1965,M2,2.552612831999991,???
CO2_cc,R12_LAM,1960,R12_LAM,coal_ppl_u_cfNH3,1960,M2,2.552612831999991,???
CO2_cc,R12_MEA,1985,R12_MEA,coal_ppl_u_cfNH3,1985,M2,2.075353236,???
CO2_cc,R12_MEA,1980,R12_MEA,coal_ppl_u_cfNH3,1980,M2,2.075353236,???
CO2_cc,R12_MEA,1975,R12_MEA,coal_ppl_u_cfNH3,1975,M2,2.075353236,???
CO2_cc,R12_MEA,1970,R12_MEA,coal_ppl_u_cfNH3,1970,M2,2.075353236,???
CO2_cc,R12_NAM,2045,R12_NAM,coal_ppl_u_cfNH3,2045,M2,1.9278955079999998,???
CO2_cc,R12_NAM,2050,R12_NAM,coal_ppl_u_cfNH3,2050,M2,1.9278955079999998,???
CO2_cc,R12_NAM,1985,R12_NAM,coal_ppl_u_cfNH3,1985,M2,1.9799980199999998,???
CO2_cc,R12_NAM,1980,R12_NAM,coal_ppl_u_cfNH3,1980,M2,1.9799980199999998,???
CO2_cc,R12_NAM,1975,R12_NAM,coal_ppl_u_cfNH3,1975,M2,1.9799980199999998,???
CO2_cc,R12_NAM,1970,R12_NAM,coal_ppl_u_cfNH3,1970,M2,1.9799980199999998,???
CO2_cc,R12_NAM,1965,R12_NAM,coal_ppl_u_cfNH3,1965,M2,1.9799980199999998,???
CO2_cc,R12_NAM,1960,R12_NAM,coal_ppl_u_cfNH3,1960,M2,1.9799980199999998,???
CO2_cc,R12_PAO,2045,R12_PAO,coal_ppl_u_cfNH3,2045,M2,1.9278955079999998,???
CO2_cc,R12_PAO,2050,R12_PAO,coal_ppl_u_cfNH3,2050,M2,1.9278955079999998,???
CO2_cc,R12_PAO,1985,R12_PAO,coal_ppl_u_cfNH3,1985,M2,1.912796622,???
CO2_cc,R12_PAO,1980,R12_PAO,coal_ppl_u_cfNH3,1980,M2,1.912796622,???
CO2_cc,R12_PAO,1975,R12_PAO,coal_ppl_u_cfNH3,1975,M2,1.912796622,???
CO2_cc,R12_PAO,1970,R12_PAO,coal_ppl_u_cfNH3,1970,M2,1.912796622,???
CO2_cc,R12_PAO,1965,R12_PAO,coal_ppl_u_cfNH3,1965,M2,1.912796622,???
CO2_cc,R12_PAO,1960,R12_PAO,coal_ppl_u_cfNH3,1960,M2,1.912796622,???
CO2_cc,R12_PAS,2050,R12_PAS,coal_ppl_u_cfNH3,2050,M2,1.9278955079999998,???
CO2_cc,R12_PAS,1985,R12_PAS,coal_ppl_u_cfNH3,1985,M2,2.001639024,???
CO2_cc,R12_PAS,1980,R12_PAS,coal_ppl_u_cfNH3,1980,M2,2.001639024,???
CO2_cc,R12_PAS,1975,R12_PAS,coal_ppl_u_cfNH3,1975,M2,2.001639024,???
CO2_cc,R12_PAS,1970,R12_PAS,coal_ppl_u_cfNH3,1970,M2,2.001639024,???
CO2_cc,R12_PAS,1965,R12_PAS,coal_ppl_u_cfNH3,1965,M2,2.001639024,???
CO2_cc,R12_SAS,2050,R12_SAS,coal_ppl_u_cfNH3,2050,M2,2.093140763999991,???
CO2_cc,R12_SAS,1985,R12_SAS,coal_ppl_u_cfNH3,1985,M2,2.543748372,???
CO2_cc,R12_SAS,1980,R12_SAS,coal_ppl_u_cfNH3,1980,M2,2.543748372,???
CO2_cc,R12_SAS,1975,R12_SAS,coal_ppl_u_cfNH3,1975,M2,2.543748372,???
CO2_cc,R12_SAS,1970,R12_SAS,coal_ppl_u_cfNH3,1970,M2,2.543748372,???
CO2_cc,R12_SAS,1965,R12_SAS,coal_ppl_u_cfNH3,1965,M2,2.543748372,???
CO2_cc,R12_SAS,1960,R12_SAS,coal_ppl_u_cfNH3,1960,M2,2.543748372,???
CO2_cc,R12_WEU,2045,R12_WEU,coal_ppl_u_cfNH3,2045,M2,1.9278955079999998,???
CO2_cc,R12_WEU,2050,R12_WEU,coal_ppl_u_cfNH3,2050,M2,1.9278955079999998,???
CO2_cc,R12_WEU,1985,R12_WEU,coal_ppl_u_cfNH3,1985,M2,1.990759914,???
CO2_cc,R12_WEU,1980,R12_WEU,coal_ppl_u_cfNH3,1980,M2,1.990759914,???
CO2_cc,R12_WEU,1975,R12_WEU,coal_ppl_u_cfNH3,1975,M2,1.990759914,???
CO2_cc,R12_WEU,1970,R12_WEU,coal_ppl_u_cfNH3,1970,M2,1.990759914,???
CO2_cc,R12_WEU,1965,R12_WEU,coal_ppl_u_cfNH3,1965,M2,1.990759914,???
CO2_cc,R12_WEU,1960,R12_WEU,coal_ppl_u_cfNH3,1960,M2,1.990759914,???
CO2_cc,R12_CHN,1990,R12_CHN,coal_ppl_u_cfNH3,1990,M2,2.21999778,???
CO2_cc,R12_CHN,1995,R12_CHN,coal_ppl_u_cfNH3,1995,M2,2.21999778,???
CO2_cc,R12_CHN,2000,R12_CHN,coal_ppl_u_cfNH3,2000,M2,2.2472358480000003,???
CO2_cc,R12_CHN,2005,R12_CHN,coal_ppl_u_cfNH3,2005,M2,2.282239476,???
CO2_cc,R12_CHN,2010,R12_CHN,coal_ppl_u_cfNH3,2010,M2,2.154708468,???
CO2_cc,R12_CHN,2020,R12_CHN,coal_ppl_u_cfNH3,2020,M2,2.035001628,???
CO2_cc,R12_CHN,2025,R12_CHN,coal_ppl_u_cfNH3,2025,M2,2.035001628,???
CO2_cc,R12_CHN,2030,R12_CHN,coal_ppl_u_cfNH3,2030,M2,1.9278955079999998,???
CO2_cc,R12_CHN,2035,R12_CHN,coal_ppl_u_cfNH3,2035,M2,1.9278955079999998,???
CO2_cc,R12_CHN,2040,R12_CHN,coal_ppl_u_cfNH3,2040,M2,1.9278955079999998,???
CO2_cc,R12_CHN,2050,R12_CHN,coal_ppl_u_cfNH3,2050,M2,1.9278955079999998,???
CO2_cc,R12_CHN,1985,R12_CHN,coal_ppl_u_cfNH3,1985,M2,2.21999778,???
CO2_cc,R12_CHN,1980,R12_CHN,coal_ppl_u_cfNH3,1980,M2,2.21999778,???
CO2_cc,R12_CHN,1975,R12_CHN,coal_ppl_u_cfNH3,1975,M2,2.21999778,???
CO2_cc,R12_CHN,1970,R12_CHN,coal_ppl_u_cfNH3,1970,M2,2.21999778,???
CO2_cc,R12_CHN,1965,R12_CHN,coal_ppl_u_cfNH3,1965,M2,2.21999778,???
CO2_cc,R12_CHN,1960,R12_CHN,coal_ppl_u_cfNH3,1960,M2,2.21999778,???
CO2_cc,R12_RCPA,1990,R12_RCPA,coal_ppl_u_cfNH3,1990,M2,2.21999778,???
CO2_cc,R12_RCPA,1995,R12_RCPA,coal_ppl_u_cfNH3,1995,M2,2.21999778,???
CO2_cc,R12_RCPA,2000,R12_RCPA,coal_ppl_u_cfNH3,2000,M2,2.2472358480000003,???
CO2_cc,R12_RCPA,2005,R12_RCPA,coal_ppl_u_cfNH3,2005,M2,2.282239476,???
CO2_cc,R12_RCPA,2010,R12_RCPA,coal_ppl_u_cfNH3,2010,M2,2.154708468,???
CO2_cc,R12_RCPA,2020,R12_RCPA,coal_ppl_u_cfNH3,2020,M2,2.035001628,???
CO2_cc,R12_RCPA,2025,R12_RCPA,coal_ppl_u_cfNH3,2025,M2,2.035001628,???
CO2_cc,R12_RCPA,2030,R12_RCPA,coal_ppl_u_cfNH3,2030,M2,1.9278955079999998,???
CO2_cc,R12_RCPA,2035,R12_RCPA,coal_ppl_u_cfNH3,2035,M2,1.9278955079999998,???
CO2_cc,R12_RCPA,2040,R12_RCPA,coal_ppl_u_cfNH3,2040,M2,1.9278955079999998,???
CO2_cc,R12_RCPA,2050,R12_RCPA,coal_ppl_u_cfNH3,2050,M2,1.9278955079999998,???
CO2_cc,R12_RCPA,1985,R12_RCPA,coal_ppl_u_cfNH3,1985,M2,2.21999778,???
CO2_cc,R12_RCPA,1980,R12_RCPA,coal_ppl_u_cfNH3,1980,M2,2.21999778,???
CO2_cc,R12_RCPA,1975,R12_RCPA,coal_ppl_u_cfNH3,1975,M2,2.21999778,???
CO2_cc,R12_RCPA,1970,R12_RCPA,coal_ppl_u_cfNH3,1970,M2,2.21999778,???
CO2_cc,R12_RCPA,1965,R12_RCPA,coal_ppl_u_cfNH3,1965,M2,2.21999778,???
CO2_cc,R12_RCPA,1960,R12_RCPA,coal_ppl_u_cfNH3,1960,M2,2.21999778,???
CO2_cc,R12_AFR,2015,R12_AFR,coal_ppl_u_cfNH3,2015,M2,1.9278955079999998,???
CO2_cc,R12_AFR,2045,R12_AFR,coal_ppl_u_cfNH3,2045,M2,1.9278955079999998,???
CO2_cc,R12_LAM,2015,R12_LAM,coal_ppl_u_cfNH3,2015,M2,2.093140763999991,???
CO2_cc,R12_LAM,2045,R12_LAM,coal_ppl_u_cfNH3,2045,M2,1.9278955079999998,???
CO2_cc,R12_MEA,2015,R12_MEA,coal_ppl_u_cfNH3,2015,M2,1.845338814,???
CO2_cc,R12_MEA,2045,R12_MEA,coal_ppl_u_cfNH3,2045,M2,1.845338814,???
CO2_cc,R12_SAS,2015,R12_SAS,coal_ppl_u_cfNH3,2015,M2,2.764524707999991,???
CO2_cc,R12_SAS,2045,R12_SAS,coal_ppl_u_cfNH3,2045,M2,2.21999778,???
CO2_cc,R12_PAS,2015,R12_PAS,coal_ppl_u_cfNH3,2015,M2,2.035001628,???
CO2_cc,R12_PAS,2045,R12_PAS,coal_ppl_u_cfNH3,2045,M2,1.9278955079999998,???
CO2_cc,R12_CHN,2015,R12_CHN,coal_ppl_u_cfNH3,2015,M2,2.154708468,???
CO2_cc,R12_CHN,2045,R12_CHN,coal_ppl_u_cfNH3,2045,M2,1.9278955079999998,???
CO2_cc,R12_RCPA,2015,R12_RCPA,coal_ppl_u_cfNH3,2015,M2,2.154708468,???
CO2_cc,R12_RCPA,2045,R12_RCPA,coal_ppl_u_cfNH3,2045,M2,1.9278955079999998,???
N2O_Emission,R12_AFR,1995,R12_AFR,coal_adv_cfNH3,1995,M2,0.1168421052631578,???
N2O_Emission,R12_AFR,2000,R12_AFR,coal_adv_cfNH3,2000,M2,0.13058823529411678,???
N2O_Emission,R12_AFR,2005,R12_AFR,coal_adv_cfNH3,2005,M2,0.11999999999999987,???
N2O_Emission,R12_AFR,2010,R12_AFR,coal_adv_cfNH3,2010,M2,0.1168421052631578,???
N2O_Emission,R12_AFR,2015,R12_AFR,coal_adv_cfNH3,2015,M2,0.11623355263157892,???
N2O_Emission,R12_AFR,2020,R12_AFR,coal_adv_cfNH3,2020,M2,0.11562499999999992,???
N2O_Emission,R12_AFR,2025,R12_AFR,coal_adv_cfNH3,2025,M2,0.11463359035065264,???
N2O_Emission,R12_AFR,2030,R12_AFR,coal_adv_cfNH3,2030,M2,0.11364218070130536,???
N2O_Emission,R12_AFR,2035,R12_AFR,coal_adv_cfNH3,2035,M2,0.1126982612542519,???
N2O_Emission,R12_AFR,2040,R12_AFR,coal_adv_cfNH3,2040,M2,0.11175434180719848,???
N2O_Emission,R12_AFR,2045,R12_AFR,coal_adv_cfNH3,2045,M2,0.11137717090359923,???
N2O_Emission,R12_AFR,2050,R12_AFR,coal_adv_cfNH3,2050,M2,0.111,???
N2O_Emission,R12_AFR,2055,R12_AFR,coal_adv_cfNH3,2055,M2,0.111,???
N2O_Emission,R12_AFR,2060,R12_AFR,coal_adv_cfNH3,2060,M2,0.111,???
N2O_Emission,R12_AFR,2070,R12_AFR,coal_adv_cfNH3,2070,M2,0.111,???
N2O_Emission,R12_AFR,2080,R12_AFR,coal_adv_cfNH3,2080,M2,0.111,???
N2O_Emission,R12_AFR,2090,R12_AFR,coal_adv_cfNH3,2090,M2,0.111,???
N2O_Emission,R12_AFR,2100,R12_AFR,coal_adv_cfNH3,2100,M2,0.111,???
N2O_Emission,R12_AFR,2110,R12_AFR,coal_adv_cfNH3,2110,M2,0.111,???
N2O_Emission,R12_EEU,1995,R12_EEU,coal_adv_cfNH3,1995,M2,0.1168421052631578,???
N2O_Emission,R12_EEU,2000,R12_EEU,coal_adv_cfNH3,2000,M2,0.126857142857142,???
N2O_Emission,R12_EEU,2005,R12_EEU,coal_adv_cfNH3,2005,M2,0.126857142857142,???
N2O_Emission,R12_EEU,2010,R12_EEU,coal_adv_cfNH3,2010,M2,0.12333333333333239,???
N2O_Emission,R12_EEU,2025,R12_EEU,coal_adv_cfNH3,2025,M2,0.11854795949782775,???
N2O_Emission,R12_EEU,2030,R12_EEU,coal_adv_cfNH3,2030,M2,0.11644374508261213,???
N2O_Emission,R12_EEU,2035,R12_EEU,coal_adv_cfNH3,2035,M2,0.11446712209793136,???
N2O_Emission,R12_EEU,2040,R12_EEU,coal_adv_cfNH3,2040,M2,0.11249049911325047,???
N2O_Emission,R12_EEU,2045,R12_EEU,coal_adv_cfNH3,2045,M2,0.11174524955662525,???
N2O_Emission,R12_EEU,2055,R12_EEU,coal_adv_cfNH3,2055,M2,0.111,???
N2O_Emission,R12_EEU,2060,R12_EEU,coal_adv_cfNH3,2060,M2,0.111,???
N2O_Emission,R12_EEU,2070,R12_EEU,coal_adv_cfNH3,2070,M2,0.111,???
N2O_Emission,R12_EEU,2080,R12_EEU,coal_adv_cfNH3,2080,M2,0.111,???
N2O_Emission,R12_EEU,2090,R12_EEU,coal_adv_cfNH3,2090,M2,0.111,???
N2O_Emission,R12_EEU,2100,R12_EEU,coal_adv_cfNH3,2100,M2,0.111,???
N2O_Emission,R12_EEU,2110,R12_EEU,coal_adv_cfNH3,2110,M2,0.111,???
N2O_Emission,R12_FSU,1995,R12_FSU,coal_adv_cfNH3,1995,M2,0.1168421052631578,???
N2O_Emission,R12_FSU,2000,R12_FSU,coal_adv_cfNH3,2000,M2,0.1432258064516124,???
N2O_Emission,R12_FSU,2005,R12_FSU,coal_adv_cfNH3,2005,M2,0.1479999999999996,???
N2O_Emission,R12_FSU,2010,R12_FSU,coal_adv_cfNH3,2010,M2,0.1432258064516124,???
N2O_Emission,R12_FSU,2025,R12_FSU,coal_adv_cfNH3,2025,M2,0.1296941000136252,???
N2O_Emission,R12_FSU,2030,R12_FSU,coal_adv_cfNH3,2030,M2,0.1240223463687144,???
N2O_Emission,R12_FSU,2035,R12_FSU,coal_adv_cfNH3,2035,M2,0.11922766802971824,???
N2O_Emission,R12_FSU,2040,R12_FSU,coal_adv_cfNH3,2040,M2,0.11443298969072159,???
N2O_Emission,R12_FSU,2045,R12_FSU,coal_adv_cfNH3,2045,M2,0.1127164948453608,???
N2O_Emission,R12_FSU,2055,R12_FSU,coal_adv_cfNH3,2055,M2,0.111,???
N2O_Emission,R12_FSU,2060,R12_FSU,coal_adv_cfNH3,2060,M2,0.111,???
N2O_Emission,R12_FSU,2070,R12_FSU,coal_adv_cfNH3,2070,M2,0.111,???
N2O_Emission,R12_FSU,2080,R12_FSU,coal_adv_cfNH3,2080,M2,0.111,???
N2O_Emission,R12_FSU,2090,R12_FSU,coal_adv_cfNH3,2090,M2,0.111,???
N2O_Emission,R12_FSU,2100,R12_FSU,coal_adv_cfNH3,2100,M2,0.111,???
N2O_Emission,R12_FSU,2110,R12_FSU,coal_adv_cfNH3,2110,M2,0.111,???
N2O_Emission,R12_LAM,1995,R12_LAM,coal_adv_cfNH3,1995,M2,0.1168421052631578,???
N2O_Emission,R12_LAM,2000,R12_LAM,coal_adv_cfNH3,2000,M2,0.1387499999999988,???
N2O_Emission,R12_LAM,2005,R12_LAM,coal_adv_cfNH3,2005,M2,0.13058823529411678,???
N2O_Emission,R12_LAM,2010,R12_LAM,coal_adv_cfNH3,2010,M2,0.126857142857142,???
N2O_Emission,R12_LAM,2025,R12_LAM,coal_adv_cfNH3,2025,M2,0.1205995044686304,???
N2O_Emission,R12_LAM,2030,R12_LAM,coal_adv_cfNH3,2030,M2,0.11786567560392876,???
N2O_Emission,R12_LAM,2035,R12_LAM,coal_adv_cfNH3,2035,M2,0.11537829928175077,???
N2O_Emission,R12_LAM,2040,R12_LAM,coal_adv_cfNH3,2040,M2,0.11289092295957276,???
N2O_Emission,R12_LAM,2045,R12_LAM,coal_adv_cfNH3,2045,M2,0.1119454614797863,???
N2O_Emission,R12_LAM,2055,R12_LAM,coal_adv_cfNH3,2055,M2,0.111,???
N2O_Emission,R12_LAM,2060,R12_LAM,coal_adv_cfNH3,2060,M2,0.111,???
N2O_Emission,R12_LAM,2070,R12_LAM,coal_adv_cfNH3,2070,M2,0.111,???
N2O_Emission,R12_LAM,2080,R12_LAM,coal_adv_cfNH3,2080,M2,0.111,???
N2O_Emission,R12_LAM,2090,R12_LAM,coal_adv_cfNH3,2090,M2,0.111,???
N2O_Emission,R12_LAM,2100,R12_LAM,coal_adv_cfNH3,2100,M2,0.111,???
N2O_Emission,R12_LAM,2110,R12_LAM,coal_adv_cfNH3,2110,M2,0.111,???
N2O_Emission,R12_MEA,2005,R12_MEA,coal_adv_cfNH3,2005,M2,0.11183879093198988,???
N2O_Emission,R12_MEA,2010,R12_MEA,coal_adv_cfNH3,2010,M2,0.111,???
N2O_Emission,R12_MEA,2015,R12_MEA,coal_adv_cfNH3,2015,M2,0.111,???
N2O_Emission,R12_MEA,2020,R12_MEA,coal_adv_cfNH3,2020,M2,0.111,???
N2O_Emission,R12_MEA,2035,R12_MEA,coal_adv_cfNH3,2035,M2,0.111,???
N2O_Emission,R12_MEA,2040,R12_MEA,coal_adv_cfNH3,2040,M2,0.111,???
N2O_Emission,R12_MEA,2045,R12_MEA,coal_adv_cfNH3,2045,M2,0.111,???
N2O_Emission,R12_MEA,2050,R12_MEA,coal_adv_cfNH3,2050,M2,0.111,???
N2O_Emission,R12_MEA,2055,R12_MEA,coal_adv_cfNH3,2055,M2,0.111,???
N2O_Emission,R12_MEA,2060,R12_MEA,coal_adv_cfNH3,2060,M2,0.111,???
N2O_Emission,R12_MEA,2070,R12_MEA,coal_adv_cfNH3,2070,M2,0.111,???
N2O_Emission,R12_MEA,2080,R12_MEA,coal_adv_cfNH3,2080,M2,0.111,???
N2O_Emission,R12_MEA,2090,R12_MEA,coal_adv_cfNH3,2090,M2,0.111,???
N2O_Emission,R12_MEA,2100,R12_MEA,coal_adv_cfNH3,2100,M2,0.111,???
N2O_Emission,R12_MEA,2110,R12_MEA,coal_adv_cfNH3,2110,M2,0.111,???
N2O_Emission,R12_NAM,1990,R12_NAM,coal_adv_cfNH3,1990,M2,0.1168421052631578,???
N2O_Emission,R12_NAM,1995,R12_NAM,coal_adv_cfNH3,1995,M2,0.1168421052631578,???
N2O_Emission,R12_NAM,2000,R12_NAM,coal_adv_cfNH3,2000,M2,0.1206521739130428,???
N2O_Emission,R12_NAM,2005,R12_NAM,coal_adv_cfNH3,2005,M2,0.12032520325203239,???
N2O_Emission,R12_NAM,2010,R12_NAM,coal_adv_cfNH3,2010,M2,0.1168421052631578,???
N2O_Emission,R12_NAM,2025,R12_NAM,coal_adv_cfNH3,2025,M2,0.11463359035065264,???
N2O_Emission,R12_NAM,2030,R12_NAM,coal_adv_cfNH3,2030,M2,0.11364218070130536,???
N2O_Emission,R12_NAM,2035,R12_NAM,coal_adv_cfNH3,2035,M2,0.1126982612542519,???
N2O_Emission,R12_NAM,2045,R12_NAM,coal_adv_cfNH3,2045,M2,0.11137717090359923,???
N2O_Emission,R12_NAM,2055,R12_NAM,coal_adv_cfNH3,2055,M2,0.111,???
N2O_Emission,R12_NAM,2060,R12_NAM,coal_adv_cfNH3,2060,M2,0.111,???
N2O_Emission,R12_PAO,1990,R12_PAO,coal_adv_cfNH3,1990,M2,0.11592689295039155,???
N2O_Emission,R12_PAO,1995,R12_PAO,coal_adv_cfNH3,1995,M2,0.1168421052631578,???
N2O_Emission,R12_PAO,2000,R12_PAO,coal_adv_cfNH3,2000,M2,0.11967654986522905,???
N2O_Emission,R12_PAO,2005,R12_PAO,coal_adv_cfNH3,2005,M2,0.11443298969072159,???
N2O_Emission,R12_PAO,2010,R12_PAO,coal_adv_cfNH3,2010,M2,0.1168421052631578,???
N2O_Emission,R12_PAO,2025,R12_PAO,coal_adv_cfNH3,2025,M2,0.11463359035065264,???
N2O_Emission,R12_PAO,2030,R12_PAO,coal_adv_cfNH3,2030,M2,0.11364218070130536,???
N2O_Emission,R12_PAO,2035,R12_PAO,coal_adv_cfNH3,2035,M2,0.1126982612542519,???
N2O_Emission,R12_PAO,2045,R12_PAO,coal_adv_cfNH3,2045,M2,0.11137717090359923,???
N2O_Emission,R12_PAO,2055,R12_PAO,coal_adv_cfNH3,2055,M2,0.111,???
N2O_Emission,R12_PAO,2060,R12_PAO,coal_adv_cfNH3,2060,M2,0.111,???
N2O_Emission,R12_PAS,1995,R12_PAS,coal_adv_cfNH3,1995,M2,0.1168421052631578,???
N2O_Emission,R12_PAS,2000,R12_PAS,coal_adv_cfNH3,2000,M2,0.1261363636363632,???
N2O_Emission,R12_PAS,2005,R12_PAS,coal_adv_cfNH3,2005,M2,0.1254237288135588,???
N2O_Emission,R12_PAS,2010,R12_PAS,coal_adv_cfNH3,2010,M2,0.12333333333333239,???
N2O_Emission,R12_PAS,2025,R12_PAS,coal_adv_cfNH3,2025,M2,0.11854795949782775,???
N2O_Emission,R12_PAS,2030,R12_PAS,coal_adv_cfNH3,2030,M2,0.11644374508261213,???
N2O_Emission,R12_PAS,2035,R12_PAS,coal_adv_cfNH3,2035,M2,0.11446712209793136,???
N2O_Emission,R12_PAS,2040,R12_PAS,coal_adv_cfNH3,2040,M2,0.11249049911325047,???
N2O_Emission,R12_PAS,2055,R12_PAS,coal_adv_cfNH3,2055,M2,0.111,???
N2O_Emission,R12_PAS,2060,R12_PAS,coal_adv_cfNH3,2060,M2,0.111,???
N2O_Emission,R12_PAS,2070,R12_PAS,coal_adv_cfNH3,2070,M2,0.111,???
N2O_Emission,R12_PAS,2080,R12_PAS,coal_adv_cfNH3,2080,M2,0.111,???
N2O_Emission,R12_PAS,2090,R12_PAS,coal_adv_cfNH3,2090,M2,0.111,???
N2O_Emission,R12_PAS,2100,R12_PAS,coal_adv_cfNH3,2100,M2,0.111,???
N2O_Emission,R12_PAS,2110,R12_PAS,coal_adv_cfNH3,2110,M2,0.111,???
N2O_Emission,R12_SAS,1995,R12_SAS,coal_adv_cfNH3,1995,M2,0.1168421052631578,???
N2O_Emission,R12_SAS,2010,R12_SAS,coal_adv_cfNH3,2010,M2,0.1168421052631578,???
N2O_Emission,R12_SAS,2015,R12_SAS,coal_adv_cfNH3,2015,M2,0.1168421052631578,???
N2O_Emission,R12_SAS,2020,R12_SAS,coal_adv_cfNH3,2020,M2,0.1168421052631578,???
N2O_Emission,R12_SAS,2025,R12_SAS,coal_adv_cfNH3,2025,M2,0.1168421052631578,???
N2O_Emission,R12_SAS,2040,R12_SAS,coal_adv_cfNH3,2040,M2,0.1168421052631578,???
N2O_Emission,R12_SAS,2045,R12_SAS,coal_adv_cfNH3,2045,M2,0.11392105263157884,???
N2O_Emission,R12_SAS,2050,R12_SAS,coal_adv_cfNH3,2050,M2,0.111,???
N2O_Emission,R12_SAS,2055,R12_SAS,coal_adv_cfNH3,2055,M2,0.111,???
N2O_Emission,R12_SAS,2060,R12_SAS,coal_adv_cfNH3,2060,M2,0.111,???
N2O_Emission,R12_SAS,2070,R12_SAS,coal_adv_cfNH3,2070,M2,0.111,???
N2O_Emission,R12_SAS,2080,R12_SAS,coal_adv_cfNH3,2080,M2,0.111,???
N2O_Emission,R12_SAS,2090,R12_SAS,coal_adv_cfNH3,2090,M2,0.111,???
N2O_Emission,R12_SAS,2100,R12_SAS,coal_adv_cfNH3,2100,M2,0.111,???
N2O_Emission,R12_SAS,2110,R12_SAS,coal_adv_cfNH3,2110,M2,0.111,???
N2O_Emission,R12_WEU,1990,R12_WEU,coal_adv_cfNH3,1990,M2,0.1206521739130428,???
N2O_Emission,R12_WEU,1995,R12_WEU,coal_adv_cfNH3,1995,M2,0.11999999999999987,???
N2O_Emission,R12_WEU,2000,R12_WEU,coal_adv_cfNH3,2000,M2,0.11502590673575123,???
N2O_Emission,R12_WEU,2005,R12_WEU,coal_adv_cfNH3,2005,M2,0.1101736972704714,???
N2O_Emission,R12_WEU,2010,R12_WEU,coal_adv_cfNH3,2010,M2,0.111,???
N2O_Emission,R12_WEU,2025,R12_WEU,coal_adv_cfNH3,2025,M2,0.111,???
N2O_Emission,R12_WEU,2030,R12_WEU,coal_adv_cfNH3,2030,M2,0.111,???
N2O_Emission,R12_WEU,2035,R12_WEU,coal_adv_cfNH3,2035,M2,0.111,???
N2O_Emission,R12_WEU,2045,R12_WEU,coal_adv_cfNH3,2045,M2,0.111,???
N2O_Emission,R12_WEU,2055,R12_WEU,coal_adv_cfNH3,2055,M2,0.111,???
N2O_Emission,R12_WEU,2060,R12_WEU,coal_adv_cfNH3,2060,M2,0.111,???
N2O_Emission,R12_MEA,1990,R12_MEA,coal_adv_cfNH3,1990,M2,0.1168421052631578,???
N2O_Emission,R12_PAS,1990,R12_PAS,coal_adv_cfNH3,1990,M2,0.1168421052631578,???
N2O_Emission,R12_SAS,1990,R12_SAS,coal_adv_cfNH3,1990,M2,0.1168421052631578,???
N2O_Emission,R12_EEU,1990,R12_EEU,coal_adv_cfNH3,1990,M2,0.1168421052631578,???
N2O_Emission,R12_FSU,1990,R12_FSU,coal_adv_cfNH3,1990,M2,0.1168421052631578,???
N2O_Emission,R12_EEU,1985,R12_EEU,coal_adv_cfNH3,1985,M2,0.1168421052631578,???
N2O_Emission,R12_EEU,1980,R12_EEU,coal_adv_cfNH3,1980,M2,0.1168421052631578,???
N2O_Emission,R12_EEU,1975,R12_EEU,coal_adv_cfNH3,1975,M2,0.1168421052631578,???
N2O_Emission,R12_EEU,1970,R12_EEU,coal_adv_cfNH3,1970,M2,0.1168421052631578,???
N2O_Emission,R12_EEU,1965,R12_EEU,coal_adv_cfNH3,1965,M2,0.1168421052631578,???
N2O_Emission,R12_EEU,1960,R12_EEU,coal_adv_cfNH3,1960,M2,0.1168421052631578,???
N2O_Emission,R12_FSU,1985,R12_FSU,coal_adv_cfNH3,1985,M2,0.1168421052631578,???
N2O_Emission,R12_FSU,1980,R12_FSU,coal_adv_cfNH3,1980,M2,0.1168421052631578,???
N2O_Emission,R12_FSU,1975,R12_FSU,coal_adv_cfNH3,1975,M2,0.1168421052631578,???
N2O_Emission,R12_FSU,1970,R12_FSU,coal_adv_cfNH3,1970,M2,0.1168421052631578,???
N2O_Emission,R12_FSU,1965,R12_FSU,coal_adv_cfNH3,1965,M2,0.1168421052631578,???
N2O_Emission,R12_LAM,1990,R12_LAM,coal_adv_cfNH3,1990,M2,0.1168421052631578,???
N2O_Emission,R12_LAM,1985,R12_LAM,coal_adv_cfNH3,1985,M2,0.1168421052631578,???
N2O_Emission,R12_LAM,1980,R12_LAM,coal_adv_cfNH3,1980,M2,0.1168421052631578,???
N2O_Emission,R12_LAM,1975,R12_LAM,coal_adv_cfNH3,1975,M2,0.1168421052631578,???
N2O_Emission,R12_LAM,1970,R12_LAM,coal_adv_cfNH3,1970,M2,0.1168421052631578,???
N2O_Emission,R12_LAM,1965,R12_LAM,coal_adv_cfNH3,1965,M2,0.1168421052631578,???
N2O_Emission,R12_NAM,1985,R12_NAM,coal_adv_cfNH3,1985,M2,0.1168421052631578,???
N2O_Emission,R12_NAM,1980,R12_NAM,coal_adv_cfNH3,1980,M2,0.1168421052631578,???
N2O_Emission,R12_NAM,1975,R12_NAM,coal_adv_cfNH3,1975,M2,0.1168421052631578,???
N2O_Emission,R12_NAM,1970,R12_NAM,coal_adv_cfNH3,1970,M2,0.1168421052631578,???
N2O_Emission,R12_NAM,1965,R12_NAM,coal_adv_cfNH3,1965,M2,0.1168421052631578,???
N2O_Emission,R12_NAM,1960,R12_NAM,coal_adv_cfNH3,1960,M2,0.1168421052631578,???
N2O_Emission,R12_PAO,1985,R12_PAO,coal_adv_cfNH3,1985,M2,0.11592689295039155,???
N2O_Emission,R12_PAO,1980,R12_PAO,coal_adv_cfNH3,1980,M2,0.11592689295039155,???
N2O_Emission,R12_PAO,1975,R12_PAO,coal_adv_cfNH3,1975,M2,0.11592689295039155,???
N2O_Emission,R12_PAO,1970,R12_PAO,coal_adv_cfNH3,1970,M2,0.11592689295039155,???
N2O_Emission,R12_PAO,1965,R12_PAO,coal_adv_cfNH3,1965,M2,0.11592689295039155,???
N2O_Emission,R12_PAS,1985,R12_PAS,coal_adv_cfNH3,1985,M2,0.1168421052631578,???
N2O_Emission,R12_PAS,1980,R12_PAS,coal_adv_cfNH3,1980,M2,0.1168421052631578,???
N2O_Emission,R12_PAS,1975,R12_PAS,coal_adv_cfNH3,1975,M2,0.1168421052631578,???
N2O_Emission,R12_PAS,1970,R12_PAS,coal_adv_cfNH3,1970,M2,0.1168421052631578,???
N2O_Emission,R12_SAS,1985,R12_SAS,coal_adv_cfNH3,1985,M2,0.1168421052631578,???
N2O_Emission,R12_WEU,1985,R12_WEU,coal_adv_cfNH3,1985,M2,0.1206521739130428,???
N2O_Emission,R12_WEU,1980,R12_WEU,coal_adv_cfNH3,1980,M2,0.1206521739130428,???
N2O_Emission,R12_WEU,1975,R12_WEU,coal_adv_cfNH3,1975,M2,0.1206521739130428,???
N2O_Emission,R12_WEU,1970,R12_WEU,coal_adv_cfNH3,1970,M2,0.1206521739130428,???
N2O_Emission,R12_WEU,1965,R12_WEU,coal_adv_cfNH3,1965,M2,0.1206521739130428,???
N2O_Emission,R12_WEU,1960,R12_WEU,coal_adv_cfNH3,1960,M2,0.1206521739130428,???
N2O_Emission,R12_NAM,2040,R12_NAM,coal_adv_cfNH3,2040,M2,0.11175434180719848,???
N2O_Emission,R12_NAM,2070,R12_NAM,coal_adv_cfNH3,2070,M2,0.111,???
N2O_Emission,R12_PAO,2040,R12_PAO,coal_adv_cfNH3,2040,M2,0.11175434180719848,???
N2O_Emission,R12_PAO,2070,R12_PAO,coal_adv_cfNH3,2070,M2,0.111,???
N2O_Emission,R12_WEU,2040,R12_WEU,coal_adv_cfNH3,2040,M2,0.111,???
N2O_Emission,R12_WEU,2070,R12_WEU,coal_adv_cfNH3,2070,M2,0.111,???
N2O_Emission,R12_CHN,1995,R12_CHN,coal_adv_cfNH3,1995,M2,0.13454545454545438,???
N2O_Emission,R12_CHN,2000,R12_CHN,coal_adv_cfNH3,2000,M2,0.1361963190184044,???
N2O_Emission,R12_CHN,2015,R12_CHN,coal_adv_cfNH3,2015,M2,0.12836229946524,???
N2O_Emission,R12_CHN,2020,R12_CHN,coal_adv_cfNH3,2020,M2,0.1261363636363632,???
N2O_Emission,R12_CHN,2025,R12_CHN,coal_adv_cfNH3,2025,M2,0.1227456011730204,???
N2O_Emission,R12_CHN,2030,R12_CHN,coal_adv_cfNH3,2030,M2,0.11935483870967736,???
N2O_Emission,R12_CHN,2045,R12_CHN,coal_adv_cfNH3,2045,M2,0.11213265306122448,???
N2O_Emission,R12_CHN,2050,R12_CHN,coal_adv_cfNH3,2050,M2,0.111,???
N2O_Emission,R12_CHN,2055,R12_CHN,coal_adv_cfNH3,2055,M2,0.111,???
N2O_Emission,R12_CHN,2060,R12_CHN,coal_adv_cfNH3,2060,M2,0.111,???
N2O_Emission,R12_CHN,2070,R12_CHN,coal_adv_cfNH3,2070,M2,0.111,???
N2O_Emission,R12_CHN,2080,R12_CHN,coal_adv_cfNH3,2080,M2,0.111,???
N2O_Emission,R12_CHN,2090,R12_CHN,coal_adv_cfNH3,2090,M2,0.111,???
N2O_Emission,R12_CHN,2100,R12_CHN,coal_adv_cfNH3,2100,M2,0.111,???
N2O_Emission,R12_CHN,2110,R12_CHN,coal_adv_cfNH3,2110,M2,0.111,???
N2O_Emission,R12_CHN,1990,R12_CHN,coal_adv_cfNH3,1990,M2,0.13454545454545438,???
N2O_Emission,R12_CHN,1985,R12_CHN,coal_adv_cfNH3,1985,M2,0.13454545454545438,???
N2O_Emission,R12_CHN,1980,R12_CHN,coal_adv_cfNH3,1980,M2,0.13454545454545438,???
N2O_Emission,R12_RCPA,1995,R12_RCPA,coal_adv_cfNH3,1995,M2,0.13454545454545438,???
N2O_Emission,R12_RCPA,2000,R12_RCPA,coal_adv_cfNH3,2000,M2,0.1361963190184044,???
N2O_Emission,R12_RCPA,2005,R12_RCPA,coal_adv_cfNH3,2005,M2,0.1383177570093456,???
N2O_Emission,R12_RCPA,2010,R12_RCPA,coal_adv_cfNH3,2010,M2,0.13058823529411678,???
N2O_Emission,R12_RCPA,2015,R12_RCPA,coal_adv_cfNH3,2015,M2,0.12836229946524,???
N2O_Emission,R12_RCPA,2020,R12_RCPA,coal_adv_cfNH3,2020,M2,0.1261363636363632,???
N2O_Emission,R12_RCPA,2025,R12_RCPA,coal_adv_cfNH3,2025,M2,0.1227456011730204,???
N2O_Emission,R12_RCPA,2030,R12_RCPA,coal_adv_cfNH3,2030,M2,0.11935483870967736,???
N2O_Emission,R12_RCPA,2035,R12_RCPA,coal_adv_cfNH3,2035,M2,0.11631007241606316,???
N2O_Emission,R12_RCPA,2040,R12_RCPA,coal_adv_cfNH3,2040,M2,0.11326530612244895,???
N2O_Emission,R12_RCPA,2045,R12_RCPA,coal_adv_cfNH3,2045,M2,0.11213265306122448,???
N2O_Emission,R12_RCPA,2050,R12_RCPA,coal_adv_cfNH3,2050,M2,0.111,???
N2O_Emission,R12_RCPA,2055,R12_RCPA,coal_adv_cfNH3,2055,M2,0.111,???
N2O_Emission,R12_RCPA,2060,R12_RCPA,coal_adv_cfNH3,2060,M2,0.111,???
N2O_Emission,R12_RCPA,2070,R12_RCPA,coal_adv_cfNH3,2070,M2,0.111,???
N2O_Emission,R12_RCPA,2080,R12_RCPA,coal_adv_cfNH3,2080,M2,0.111,???
N2O_Emission,R12_RCPA,2090,R12_RCPA,coal_adv_cfNH3,2090,M2,0.111,???
N2O_Emission,R12_RCPA,2100,R12_RCPA,coal_adv_cfNH3,2100,M2,0.111,???
N2O_Emission,R12_RCPA,2110,R12_RCPA,coal_adv_cfNH3,2110,M2,0.111,???
N2O_Emission,R12_RCPA,1990,R12_RCPA,coal_adv_cfNH3,1990,M2,0.13454545454545438,???
N2O_Emission,R12_RCPA,1985,R12_RCPA,coal_adv_cfNH3,1985,M2,0.13454545454545438,???
N2O_Emission,R12_RCPA,1980,R12_RCPA,coal_adv_cfNH3,1980,M2,0.13454545454545438,???
N2O_Emission,R12_EEU,2020,R12_EEU,coal_adv_cfNH3,2020,M2,0.1206521739130428,???
N2O_Emission,R12_EEU,2015,R12_EEU,coal_adv_cfNH3,2015,M2,0.1219927536231876,???
N2O_Emission,R12_EEU,2050,R12_EEU,coal_adv_cfNH3,2050,M2,0.111,???
N2O_Emission,R12_LAM,2020,R12_LAM,coal_adv_cfNH3,2020,M2,0.12333333333333239,???
N2O_Emission,R12_LAM,2015,R12_LAM,coal_adv_cfNH3,2015,M2,0.1250952380952372,???
N2O_Emission,R12_LAM,2050,R12_LAM,coal_adv_cfNH3,2050,M2,0.111,???
N2O_Emission,R12_MEA,2000,R12_MEA,coal_adv_cfNH3,2000,M2,0.11212121212121208,???
N2O_Emission,R12_MEA,2030,R12_MEA,coal_adv_cfNH3,2030,M2,0.111,???
N2O_Emission,R12_MEA,1995,R12_MEA,coal_adv_cfNH3,1995,M2,0.1168421052631578,???
N2O_Emission,R12_MEA,2025,R12_MEA,coal_adv_cfNH3,2025,M2,0.111,???
N2O_Emission,R12_NAM,2020,R12_NAM,coal_adv_cfNH3,2020,M2,0.11562499999999992,???
N2O_Emission,R12_NAM,2015,R12_NAM,coal_adv_cfNH3,2015,M2,0.11623355263157892,???
N2O_Emission,R12_NAM,2050,R12_NAM,coal_adv_cfNH3,2050,M2,0.111,???
N2O_Emission,R12_SAS,2005,R12_SAS,coal_adv_cfNH3,2005,M2,0.1168421052631578,???
N2O_Emission,R12_SAS,2035,R12_SAS,coal_adv_cfNH3,2035,M2,0.1168421052631578,???
N2O_Emission,R12_SAS,2000,R12_SAS,coal_adv_cfNH3,2000,M2,0.1168421052631578,???
N2O_Emission,R12_SAS,2030,R12_SAS,coal_adv_cfNH3,2030,M2,0.1168421052631578,???
N2O_Emission,R12_WEU,2020,R12_WEU,coal_adv_cfNH3,2020,M2,0.111,???
N2O_Emission,R12_WEU,2015,R12_WEU,coal_adv_cfNH3,2015,M2,0.111,???
N2O_Emission,R12_WEU,2050,R12_WEU,coal_adv_cfNH3,2050,M2,0.111,???
N2O_Emission,R12_FSU,2020,R12_FSU,coal_adv_cfNH3,2020,M2,0.135365853658536,???
N2O_Emission,R12_FSU,2015,R12_FSU,coal_adv_cfNH3,2015,M2,0.1392958300550736,???
N2O_Emission,R12_FSU,2050,R12_FSU,coal_adv_cfNH3,2050,M2,0.111,???
N2O_Emission,R12_PAO,2020,R12_PAO,coal_adv_cfNH3,2020,M2,0.11562499999999992,???
N2O_Emission,R12_PAO,2015,R12_PAO,coal_adv_cfNH3,2015,M2,0.11623355263157892,???
N2O_Emission,R12_PAO,2050,R12_PAO,coal_adv_cfNH3,2050,M2,0.111,???
N2O_Emission,R12_PAS,2020,R12_PAS,coal_adv_cfNH3,2020,M2,0.1206521739130428,???
N2O_Emission,R12_PAS,2050,R12_PAS,coal_adv_cfNH3,2050,M2,0.111,???
N2O_Emission,R12_PAS,2015,R12_PAS,coal_adv_cfNH3,2015,M2,0.1219927536231876,???
N2O_Emission,R12_PAS,2045,R12_PAS,coal_adv_cfNH3,2045,M2,0.11174524955662525,???
N2O_Emission,R12_CHN,2010,R12_CHN,coal_adv_cfNH3,2010,M2,0.13058823529411678,???
N2O_Emission,R12_CHN,2040,R12_CHN,coal_adv_cfNH3,2040,M2,0.11326530612244895,???
N2O_Emission,R12_CHN,2005,R12_CHN,coal_adv_cfNH3,2005,M2,0.1383177570093456,???
N2O_Emission,R12_CHN,2035,R12_CHN,coal_adv_cfNH3,2035,M2,0.11631007241606316,???
N2O_Emission,R12_AFR,1995,R12_AFR,coal_ppl_cfNH3,1995,M2,0.1168421052631578,???
N2O_Emission,R12_AFR,2000,R12_AFR,coal_ppl_cfNH3,2000,M2,0.13058823529411678,???
N2O_Emission,R12_AFR,2005,R12_AFR,coal_ppl_cfNH3,2005,M2,0.11999999999999987,???
N2O_Emission,R12_AFR,2010,R12_AFR,coal_ppl_cfNH3,2010,M2,0.1168421052631578,???
N2O_Emission,R12_AFR,2015,R12_AFR,coal_ppl_cfNH3,2015,M2,0.11623355263157892,???
N2O_Emission,R12_AFR,2020,R12_AFR,coal_ppl_cfNH3,2020,M2,0.11562499999999992,???
N2O_Emission,R12_AFR,2025,R12_AFR,coal_ppl_cfNH3,2025,M2,0.11463359035065264,???
N2O_Emission,R12_AFR,2030,R12_AFR,coal_ppl_cfNH3,2030,M2,0.11364218070130536,???
N2O_Emission,R12_AFR,2035,R12_AFR,coal_ppl_cfNH3,2035,M2,0.1126982612542519,???
N2O_Emission,R12_AFR,2040,R12_AFR,coal_ppl_cfNH3,2040,M2,0.11175434180719848,???
N2O_Emission,R12_AFR,2045,R12_AFR,coal_ppl_cfNH3,2045,M2,0.11137717090359923,???
N2O_Emission,R12_AFR,2050,R12_AFR,coal_ppl_cfNH3,2050,M2,0.111,???
N2O_Emission,R12_AFR,2055,R12_AFR,coal_ppl_cfNH3,2055,M2,0.111,???
N2O_Emission,R12_AFR,2060,R12_AFR,coal_ppl_cfNH3,2060,M2,0.111,???
N2O_Emission,R12_AFR,2070,R12_AFR,coal_ppl_cfNH3,2070,M2,0.111,???
N2O_Emission,R12_AFR,2080,R12_AFR,coal_ppl_cfNH3,2080,M2,0.111,???
N2O_Emission,R12_AFR,2090,R12_AFR,coal_ppl_cfNH3,2090,M2,0.111,???
N2O_Emission,R12_AFR,2100,R12_AFR,coal_ppl_cfNH3,2100,M2,0.111,???
N2O_Emission,R12_AFR,2110,R12_AFR,coal_ppl_cfNH3,2110,M2,0.111,???
N2O_Emission,R12_EEU,1995,R12_EEU,coal_ppl_cfNH3,1995,M2,0.1168421052631578,???
N2O_Emission,R12_EEU,2000,R12_EEU,coal_ppl_cfNH3,2000,M2,0.126857142857142,???
N2O_Emission,R12_EEU,2005,R12_EEU,coal_ppl_cfNH3,2005,M2,0.126857142857142,???
N2O_Emission,R12_EEU,2010,R12_EEU,coal_ppl_cfNH3,2010,M2,0.12333333333333239,???
N2O_Emission,R12_EEU,2025,R12_EEU,coal_ppl_cfNH3,2025,M2,0.11854795949782775,???
N2O_Emission,R12_EEU,2030,R12_EEU,coal_ppl_cfNH3,2030,M2,0.11644374508261213,???
N2O_Emission,R12_EEU,2035,R12_EEU,coal_ppl_cfNH3,2035,M2,0.11446712209793136,???
N2O_Emission,R12_EEU,2040,R12_EEU,coal_ppl_cfNH3,2040,M2,0.11249049911325047,???
N2O_Emission,R12_EEU,2045,R12_EEU,coal_ppl_cfNH3,2045,M2,0.11174524955662525,???
N2O_Emission,R12_EEU,2055,R12_EEU,coal_ppl_cfNH3,2055,M2,0.111,???
N2O_Emission,R12_EEU,2060,R12_EEU,coal_ppl_cfNH3,2060,M2,0.111,???
N2O_Emission,R12_EEU,2070,R12_EEU,coal_ppl_cfNH3,2070,M2,0.111,???
N2O_Emission,R12_EEU,2080,R12_EEU,coal_ppl_cfNH3,2080,M2,0.111,???
N2O_Emission,R12_EEU,2090,R12_EEU,coal_ppl_cfNH3,2090,M2,0.111,???
N2O_Emission,R12_EEU,2100,R12_EEU,coal_ppl_cfNH3,2100,M2,0.111,???
N2O_Emission,R12_EEU,2110,R12_EEU,coal_ppl_cfNH3,2110,M2,0.111,???
N2O_Emission,R12_FSU,1995,R12_FSU,coal_ppl_cfNH3,1995,M2,0.1168421052631578,???
N2O_Emission,R12_FSU,2000,R12_FSU,coal_ppl_cfNH3,2000,M2,0.1432258064516124,???
N2O_Emission,R12_FSU,2005,R12_FSU,coal_ppl_cfNH3,2005,M2,0.1479999999999996,???
N2O_Emission,R12_FSU,2010,R12_FSU,coal_ppl_cfNH3,2010,M2,0.1432258064516124,???
N2O_Emission,R12_FSU,2025,R12_FSU,coal_ppl_cfNH3,2025,M2,0.1296941000136252,???
N2O_Emission,R12_FSU,2030,R12_FSU,coal_ppl_cfNH3,2030,M2,0.1240223463687144,???
N2O_Emission,R12_FSU,2035,R12_FSU,coal_ppl_cfNH3,2035,M2,0.11922766802971824,???
N2O_Emission,R12_FSU,2040,R12_FSU,coal_ppl_cfNH3,2040,M2,0.11443298969072159,???
N2O_Emission,R12_FSU,2045,R12_FSU,coal_ppl_cfNH3,2045,M2,0.1127164948453608,???
N2O_Emission,R12_FSU,2055,R12_FSU,coal_ppl_cfNH3,2055,M2,0.111,???
N2O_Emission,R12_FSU,2060,R12_FSU,coal_ppl_cfNH3,2060,M2,0.111,???
N2O_Emission,R12_FSU,2070,R12_FSU,coal_ppl_cfNH3,2070,M2,0.111,???
N2O_Emission,R12_FSU,2080,R12_FSU,coal_ppl_cfNH3,2080,M2,0.111,???
N2O_Emission,R12_FSU,2090,R12_FSU,coal_ppl_cfNH3,2090,M2,0.111,???
N2O_Emission,R12_FSU,2100,R12_FSU,coal_ppl_cfNH3,2100,M2,0.111,???
N2O_Emission,R12_FSU,2110,R12_FSU,coal_ppl_cfNH3,2110,M2,0.111,???
N2O_Emission,R12_LAM,1995,R12_LAM,coal_ppl_cfNH3,1995,M2,0.1168421052631578,???
N2O_Emission,R12_LAM,2000,R12_LAM,coal_ppl_cfNH3,2000,M2,0.1387499999999988,???
N2O_Emission,R12_LAM,2005,R12_LAM,coal_ppl_cfNH3,2005,M2,0.13058823529411678,???
N2O_Emission,R12_LAM,2010,R12_LAM,coal_ppl_cfNH3,2010,M2,0.126857142857142,???
N2O_Emission,R12_LAM,2025,R12_LAM,coal_ppl_cfNH3,2025,M2,0.1205995044686304,???
N2O_Emission,R12_LAM,2030,R12_LAM,coal_ppl_cfNH3,2030,M2,0.11786567560392876,???
N2O_Emission,R12_LAM,2035,R12_LAM,coal_ppl_cfNH3,2035,M2,0.11537829928175077,???
N2O_Emission,R12_LAM,2040,R12_LAM,coal_ppl_cfNH3,2040,M2,0.11289092295957276,???
N2O_Emission,R12_LAM,2045,R12_LAM,coal_ppl_cfNH3,2045,M2,0.1119454614797863,???
N2O_Emission,R12_LAM,2055,R12_LAM,coal_ppl_cfNH3,2055,M2,0.111,???
N2O_Emission,R12_LAM,2060,R12_LAM,coal_ppl_cfNH3,2060,M2,0.111,???
N2O_Emission,R12_LAM,2070,R12_LAM,coal_ppl_cfNH3,2070,M2,0.111,???
N2O_Emission,R12_LAM,2080,R12_LAM,coal_ppl_cfNH3,2080,M2,0.111,???
N2O_Emission,R12_LAM,2090,R12_LAM,coal_ppl_cfNH3,2090,M2,0.111,???
N2O_Emission,R12_LAM,2100,R12_LAM,coal_ppl_cfNH3,2100,M2,0.111,???
N2O_Emission,R12_LAM,2110,R12_LAM,coal_ppl_cfNH3,2110,M2,0.111,???
N2O_Emission,R12_MEA,2005,R12_MEA,coal_ppl_cfNH3,2005,M2,0.11183879093198988,???
N2O_Emission,R12_MEA,2010,R12_MEA,coal_ppl_cfNH3,2010,M2,0.111,???
N2O_Emission,R12_MEA,2015,R12_MEA,coal_ppl_cfNH3,2015,M2,0.111,???
N2O_Emission,R12_MEA,2020,R12_MEA,coal_ppl_cfNH3,2020,M2,0.111,???
N2O_Emission,R12_MEA,2035,R12_MEA,coal_ppl_cfNH3,2035,M2,0.111,???
N2O_Emission,R12_MEA,2040,R12_MEA,coal_ppl_cfNH3,2040,M2,0.111,???
N2O_Emission,R12_MEA,2045,R12_MEA,coal_ppl_cfNH3,2045,M2,0.111,???
N2O_Emission,R12_MEA,2050,R12_MEA,coal_ppl_cfNH3,2050,M2,0.111,???
N2O_Emission,R12_MEA,2055,R12_MEA,coal_ppl_cfNH3,2055,M2,0.111,???
N2O_Emission,R12_MEA,2060,R12_MEA,coal_ppl_cfNH3,2060,M2,0.111,???
N2O_Emission,R12_MEA,2070,R12_MEA,coal_ppl_cfNH3,2070,M2,0.111,???
N2O_Emission,R12_MEA,2080,R12_MEA,coal_ppl_cfNH3,2080,M2,0.111,???
N2O_Emission,R12_MEA,2090,R12_MEA,coal_ppl_cfNH3,2090,M2,0.111,???
N2O_Emission,R12_MEA,2100,R12_MEA,coal_ppl_cfNH3,2100,M2,0.111,???
N2O_Emission,R12_MEA,2110,R12_MEA,coal_ppl_cfNH3,2110,M2,0.111,???
N2O_Emission,R12_NAM,1990,R12_NAM,coal_ppl_cfNH3,1990,M2,0.1168421052631578,???
N2O_Emission,R12_NAM,1995,R12_NAM,coal_ppl_cfNH3,1995,M2,0.1168421052631578,???
N2O_Emission,R12_NAM,2000,R12_NAM,coal_ppl_cfNH3,2000,M2,0.1206521739130428,???
N2O_Emission,R12_NAM,2005,R12_NAM,coal_ppl_cfNH3,2005,M2,0.12032520325203239,???
N2O_Emission,R12_NAM,2010,R12_NAM,coal_ppl_cfNH3,2010,M2,0.1168421052631578,???
N2O_Emission,R12_NAM,2025,R12_NAM,coal_ppl_cfNH3,2025,M2,0.11463359035065264,???
N2O_Emission,R12_NAM,2030,R12_NAM,coal_ppl_cfNH3,2030,M2,0.11364218070130536,???
N2O_Emission,R12_NAM,2035,R12_NAM,coal_ppl_cfNH3,2035,M2,0.1126982612542519,???
N2O_Emission,R12_NAM,2045,R12_NAM,coal_ppl_cfNH3,2045,M2,0.11137717090359923,???
N2O_Emission,R12_NAM,2055,R12_NAM,coal_ppl_cfNH3,2055,M2,0.111,???
N2O_Emission,R12_NAM,2060,R12_NAM,coal_ppl_cfNH3,2060,M2,0.111,???
N2O_Emission,R12_PAO,1990,R12_PAO,coal_ppl_cfNH3,1990,M2,0.11592689295039155,???
N2O_Emission,R12_PAO,1995,R12_PAO,coal_ppl_cfNH3,1995,M2,0.1168421052631578,???
N2O_Emission,R12_PAO,2000,R12_PAO,coal_ppl_cfNH3,2000,M2,0.11967654986522905,???
N2O_Emission,R12_PAO,2005,R12_PAO,coal_ppl_cfNH3,2005,M2,0.11443298969072159,???
N2O_Emission,R12_PAO,2010,R12_PAO,coal_ppl_cfNH3,2010,M2,0.1168421052631578,???
N2O_Emission,R12_PAO,2025,R12_PAO,coal_ppl_cfNH3,2025,M2,0.11463359035065264,???
N2O_Emission,R12_PAO,2030,R12_PAO,coal_ppl_cfNH3,2030,M2,0.11364218070130536,???
N2O_Emission,R12_PAO,2035,R12_PAO,coal_ppl_cfNH3,2035,M2,0.1126982612542519,???
N2O_Emission,R12_PAO,2045,R12_PAO,coal_ppl_cfNH3,2045,M2,0.11137717090359923,???
N2O_Emission,R12_PAO,2055,R12_PAO,coal_ppl_cfNH3,2055,M2,0.111,???
N2O_Emission,R12_PAO,2060,R12_PAO,coal_ppl_cfNH3,2060,M2,0.111,???
N2O_Emission,R12_PAS,1995,R12_PAS,coal_ppl_cfNH3,1995,M2,0.1168421052631578,???
N2O_Emission,R12_PAS,2000,R12_PAS,coal_ppl_cfNH3,2000,M2,0.1261363636363632,???
N2O_Emission,R12_PAS,2005,R12_PAS,coal_ppl_cfNH3,2005,M2,0.1254237288135588,???
N2O_Emission,R12_PAS,2010,R12_PAS,coal_ppl_cfNH3,2010,M2,0.12333333333333239,???
N2O_Emission,R12_PAS,2025,R12_PAS,coal_ppl_cfNH3,2025,M2,0.11854795949782775,???
N2O_Emission,R12_PAS,2030,R12_PAS,coal_ppl_cfNH3,2030,M2,0.11644374508261213,???
N2O_Emission,R12_PAS,2035,R12_PAS,coal_ppl_cfNH3,2035,M2,0.11446712209793136,???
N2O_Emission,R12_PAS,2040,R12_PAS,coal_ppl_cfNH3,2040,M2,0.11249049911325047,???
N2O_Emission,R12_PAS,2055,R12_PAS,coal_ppl_cfNH3,2055,M2,0.111,???
N2O_Emission,R12_PAS,2060,R12_PAS,coal_ppl_cfNH3,2060,M2,0.111,???
N2O_Emission,R12_PAS,2070,R12_PAS,coal_ppl_cfNH3,2070,M2,0.111,???
N2O_Emission,R12_PAS,2080,R12_PAS,coal_ppl_cfNH3,2080,M2,0.111,???
N2O_Emission,R12_PAS,2090,R12_PAS,coal_ppl_cfNH3,2090,M2,0.111,???
N2O_Emission,R12_PAS,2100,R12_PAS,coal_ppl_cfNH3,2100,M2,0.111,???
N2O_Emission,R12_PAS,2110,R12_PAS,coal_ppl_cfNH3,2110,M2,0.111,???
N2O_Emission,R12_SAS,1995,R12_SAS,coal_ppl_cfNH3,1995,M2,0.1168421052631578,???
N2O_Emission,R12_SAS,2010,R12_SAS,coal_ppl_cfNH3,2010,M2,0.1168421052631578,???
N2O_Emission,R12_SAS,2015,R12_SAS,coal_ppl_cfNH3,2015,M2,0.1168421052631578,???
N2O_Emission,R12_SAS,2020,R12_SAS,coal_ppl_cfNH3,2020,M2,0.1168421052631578,???
N2O_Emission,R12_SAS,2025,R12_SAS,coal_ppl_cfNH3,2025,M2,0.1168421052631578,???
N2O_Emission,R12_SAS,2040,R12_SAS,coal_ppl_cfNH3,2040,M2,0.1168421052631578,???
N2O_Emission,R12_SAS,2045,R12_SAS,coal_ppl_cfNH3,2045,M2,0.11392105263157884,???
N2O_Emission,R12_SAS,2050,R12_SAS,coal_ppl_cfNH3,2050,M2,0.111,???
N2O_Emission,R12_SAS,2055,R12_SAS,coal_ppl_cfNH3,2055,M2,0.111,???
N2O_Emission,R12_SAS,2060,R12_SAS,coal_ppl_cfNH3,2060,M2,0.111,???
N2O_Emission,R12_SAS,2070,R12_SAS,coal_ppl_cfNH3,2070,M2,0.111,???
N2O_Emission,R12_SAS,2080,R12_SAS,coal_ppl_cfNH3,2080,M2,0.111,???
N2O_Emission,R12_SAS,2090,R12_SAS,coal_ppl_cfNH3,2090,M2,0.111,???
N2O_Emission,R12_SAS,2100,R12_SAS,coal_ppl_cfNH3,2100,M2,0.111,???
N2O_Emission,R12_SAS,2110,R12_SAS,coal_ppl_cfNH3,2110,M2,0.111,???
N2O_Emission,R12_WEU,1990,R12_WEU,coal_ppl_cfNH3,1990,M2,0.1206521739130428,???
N2O_Emission,R12_WEU,1995,R12_WEU,coal_ppl_cfNH3,1995,M2,0.11999999999999987,???
N2O_Emission,R12_WEU,2000,R12_WEU,coal_ppl_cfNH3,2000,M2,0.11502590673575123,???
N2O_Emission,R12_WEU,2005,R12_WEU,coal_ppl_cfNH3,2005,M2,0.1101736972704714,???
N2O_Emission,R12_WEU,2010,R12_WEU,coal_ppl_cfNH3,2010,M2,0.111,???
N2O_Emission,R12_WEU,2025,R12_WEU,coal_ppl_cfNH3,2025,M2,0.111,???
N2O_Emission,R12_WEU,2030,R12_WEU,coal_ppl_cfNH3,2030,M2,0.111,???
N2O_Emission,R12_WEU,2035,R12_WEU,coal_ppl_cfNH3,2035,M2,0.111,???
N2O_Emission,R12_WEU,2045,R12_WEU,coal_ppl_cfNH3,2045,M2,0.111,???
N2O_Emission,R12_WEU,2055,R12_WEU,coal_ppl_cfNH3,2055,M2,0.111,???
N2O_Emission,R12_WEU,2060,R12_WEU,coal_ppl_cfNH3,2060,M2,0.111,???
N2O_Emission,R12_MEA,1990,R12_MEA,coal_ppl_cfNH3,1990,M2,0.1168421052631578,???
N2O_Emission,R12_PAS,1990,R12_PAS,coal_ppl_cfNH3,1990,M2,0.1168421052631578,???
N2O_Emission,R12_SAS,1990,R12_SAS,coal_ppl_cfNH3,1990,M2,0.1168421052631578,???
N2O_Emission,R12_EEU,1990,R12_EEU,coal_ppl_cfNH3,1990,M2,0.1168421052631578,???
N2O_Emission,R12_FSU,1990,R12_FSU,coal_ppl_cfNH3,1990,M2,0.1168421052631578,???
N2O_Emission,R12_EEU,1985,R12_EEU,coal_ppl_cfNH3,1985,M2,0.1168421052631578,???
N2O_Emission,R12_EEU,1980,R12_EEU,coal_ppl_cfNH3,1980,M2,0.1168421052631578,???
N2O_Emission,R12_EEU,1975,R12_EEU,coal_ppl_cfNH3,1975,M2,0.1168421052631578,???
N2O_Emission,R12_EEU,1970,R12_EEU,coal_ppl_cfNH3,1970,M2,0.1168421052631578,???
N2O_Emission,R12_EEU,1965,R12_EEU,coal_ppl_cfNH3,1965,M2,0.1168421052631578,???
N2O_Emission,R12_EEU,1960,R12_EEU,coal_ppl_cfNH3,1960,M2,0.1168421052631578,???
N2O_Emission,R12_FSU,1985,R12_FSU,coal_ppl_cfNH3,1985,M2,0.1168421052631578,???
N2O_Emission,R12_FSU,1980,R12_FSU,coal_ppl_cfNH3,1980,M2,0.1168421052631578,???
N2O_Emission,R12_FSU,1975,R12_FSU,coal_ppl_cfNH3,1975,M2,0.1168421052631578,???
N2O_Emission,R12_FSU,1970,R12_FSU,coal_ppl_cfNH3,1970,M2,0.1168421052631578,???
N2O_Emission,R12_FSU,1965,R12_FSU,coal_ppl_cfNH3,1965,M2,0.1168421052631578,???
N2O_Emission,R12_LAM,1990,R12_LAM,coal_ppl_cfNH3,1990,M2,0.1168421052631578,???
N2O_Emission,R12_LAM,1985,R12_LAM,coal_ppl_cfNH3,1985,M2,0.1168421052631578,???
N2O_Emission,R12_LAM,1980,R12_LAM,coal_ppl_cfNH3,1980,M2,0.1168421052631578,???
N2O_Emission,R12_LAM,1975,R12_LAM,coal_ppl_cfNH3,1975,M2,0.1168421052631578,???
N2O_Emission,R12_LAM,1970,R12_LAM,coal_ppl_cfNH3,1970,M2,0.1168421052631578,???
N2O_Emission,R12_LAM,1965,R12_LAM,coal_ppl_cfNH3,1965,M2,0.1168421052631578,???
N2O_Emission,R12_NAM,1985,R12_NAM,coal_ppl_cfNH3,1985,M2,0.1168421052631578,???
N2O_Emission,R12_NAM,1980,R12_NAM,coal_ppl_cfNH3,1980,M2,0.1168421052631578,???
N2O_Emission,R12_NAM,1975,R12_NAM,coal_ppl_cfNH3,1975,M2,0.1168421052631578,???
N2O_Emission,R12_NAM,1970,R12_NAM,coal_ppl_cfNH3,1970,M2,0.1168421052631578,???
N2O_Emission,R12_NAM,1965,R12_NAM,coal_ppl_cfNH3,1965,M2,0.1168421052631578,???
N2O_Emission,R12_NAM,1960,R12_NAM,coal_ppl_cfNH3,1960,M2,0.1168421052631578,???
N2O_Emission,R12_PAO,1985,R12_PAO,coal_ppl_cfNH3,1985,M2,0.11592689295039155,???
N2O_Emission,R12_PAO,1980,R12_PAO,coal_ppl_cfNH3,1980,M2,0.11592689295039155,???
N2O_Emission,R12_PAO,1975,R12_PAO,coal_ppl_cfNH3,1975,M2,0.11592689295039155,???
N2O_Emission,R12_PAO,1970,R12_PAO,coal_ppl_cfNH3,1970,M2,0.11592689295039155,???
N2O_Emission,R12_PAO,1965,R12_PAO,coal_ppl_cfNH3,1965,M2,0.11592689295039155,???
N2O_Emission,R12_PAS,1985,R12_PAS,coal_ppl_cfNH3,1985,M2,0.1168421052631578,???
N2O_Emission,R12_PAS,1980,R12_PAS,coal_ppl_cfNH3,1980,M2,0.1168421052631578,???
N2O_Emission,R12_PAS,1975,R12_PAS,coal_ppl_cfNH3,1975,M2,0.1168421052631578,???
N2O_Emission,R12_PAS,1970,R12_PAS,coal_ppl_cfNH3,1970,M2,0.1168421052631578,???
N2O_Emission,R12_SAS,1985,R12_SAS,coal_ppl_cfNH3,1985,M2,0.1168421052631578,???
N2O_Emission,R12_WEU,1985,R12_WEU,coal_ppl_cfNH3,1985,M2,0.1206521739130428,???
N2O_Emission,R12_WEU,1980,R12_WEU,coal_ppl_cfNH3,1980,M2,0.1206521739130428,???
N2O_Emission,R12_WEU,1975,R12_WEU,coal_ppl_cfNH3,1975,M2,0.1206521739130428,???
N2O_Emission,R12_WEU,1970,R12_WEU,coal_ppl_cfNH3,1970,M2,0.1206521739130428,???
N2O_Emission,R12_WEU,1965,R12_WEU,coal_ppl_cfNH3,1965,M2,0.1206521739130428,???
N2O_Emission,R12_WEU,1960,R12_WEU,coal_ppl_cfNH3,1960,M2,0.1206521739130428,???
N2O_Emission,R12_NAM,2040,R12_NAM,coal_ppl_cfNH3,2040,M2,0.11175434180719848,???
N2O_Emission,R12_NAM,2070,R12_NAM,coal_ppl_cfNH3,2070,M2,0.111,???
N2O_Emission,R12_PAO,2040,R12_PAO,coal_ppl_cfNH3,2040,M2,0.11175434180719848,???
N2O_Emission,R12_PAO,2070,R12_PAO,coal_ppl_cfNH3,2070,M2,0.111,???
N2O_Emission,R12_WEU,2040,R12_WEU,coal_ppl_cfNH3,2040,M2,0.111,???
N2O_Emission,R12_WEU,2070,R12_WEU,coal_ppl_cfNH3,2070,M2,0.111,???
N2O_Emission,R12_CHN,1995,R12_CHN,coal_ppl_cfNH3,1995,M2,0.13454545454545438,???
N2O_Emission,R12_CHN,2000,R12_CHN,coal_ppl_cfNH3,2000,M2,0.1361963190184044,???
N2O_Emission,R12_CHN,2015,R12_CHN,coal_ppl_cfNH3,2015,M2,0.12836229946524,???
N2O_Emission,R12_CHN,2020,R12_CHN,coal_ppl_cfNH3,2020,M2,0.1261363636363632,???
N2O_Emission,R12_CHN,2025,R12_CHN,coal_ppl_cfNH3,2025,M2,0.1227456011730204,???
N2O_Emission,R12_CHN,2030,R12_CHN,coal_ppl_cfNH3,2030,M2,0.11935483870967736,???
N2O_Emission,R12_CHN,2045,R12_CHN,coal_ppl_cfNH3,2045,M2,0.11213265306122448,???
N2O_Emission,R12_CHN,2050,R12_CHN,coal_ppl_cfNH3,2050,M2,0.111,???
N2O_Emission,R12_CHN,2055,R12_CHN,coal_ppl_cfNH3,2055,M2,0.111,???
N2O_Emission,R12_CHN,2060,R12_CHN,coal_ppl_cfNH3,2060,M2,0.111,???
N2O_Emission,R12_CHN,2070,R12_CHN,coal_ppl_cfNH3,2070,M2,0.111,???
N2O_Emission,R12_CHN,2080,R12_CHN,coal_ppl_cfNH3,2080,M2,0.111,???
N2O_Emission,R12_CHN,2090,R12_CHN,coal_ppl_cfNH3,2090,M2,0.111,???
N2O_Emission,R12_CHN,2100,R12_CHN,coal_ppl_cfNH3,2100,M2,0.111,???
N2O_Emission,R12_CHN,2110,R12_CHN,coal_ppl_cfNH3,2110,M2,0.111,???
N2O_Emission,R12_CHN,1990,R12_CHN,coal_ppl_cfNH3,1990,M2,0.13454545454545438,???
N2O_Emission,R12_CHN,1985,R12_CHN,coal_ppl_cfNH3,1985,M2,0.13454545454545438,???
N2O_Emission,R12_CHN,1980,R12_CHN,coal_ppl_cfNH3,1980,M2,0.13454545454545438,???
N2O_Emission,R12_RCPA,1995,R12_RCPA,coal_ppl_cfNH3,1995,M2,0.13454545454545438,???
N2O_Emission,R12_RCPA,2000,R12_RCPA,coal_ppl_cfNH3,2000,M2,0.1361963190184044,???
N2O_Emission,R12_RCPA,2005,R12_RCPA,coal_ppl_cfNH3,2005,M2,0.1383177570093456,???
N2O_Emission,R12_RCPA,2010,R12_RCPA,coal_ppl_cfNH3,2010,M2,0.13058823529411678,???
N2O_Emission,R12_RCPA,2015,R12_RCPA,coal_ppl_cfNH3,2015,M2,0.12836229946524,???
N2O_Emission,R12_RCPA,2020,R12_RCPA,coal_ppl_cfNH3,2020,M2,0.1261363636363632,???
N2O_Emission,R12_RCPA,2025,R12_RCPA,coal_ppl_cfNH3,2025,M2,0.1227456011730204,???
N2O_Emission,R12_RCPA,2030,R12_RCPA,coal_ppl_cfNH3,2030,M2,0.11935483870967736,???
N2O_Emission,R12_RCPA,2035,R12_RCPA,coal_ppl_cfNH3,2035,M2,0.11631007241606316,???
N2O_Emission,R12_RCPA,2040,R12_RCPA,coal_ppl_cfNH3,2040,M2,0.11326530612244895,???
N2O_Emission,R12_RCPA,2045,R12_RCPA,coal_ppl_cfNH3,2045,M2,0.11213265306122448,???
N2O_Emission,R12_RCPA,2050,R12_RCPA,coal_ppl_cfNH3,2050,M2,0.111,???
N2O_Emission,R12_RCPA,2055,R12_RCPA,coal_ppl_cfNH3,2055,M2,0.111,???
N2O_Emission,R12_RCPA,2060,R12_RCPA,coal_ppl_cfNH3,2060,M2,0.111,???
N2O_Emission,R12_RCPA,2070,R12_RCPA,coal_ppl_cfNH3,2070,M2,0.111,???
N2O_Emission,R12_RCPA,2080,R12_RCPA,coal_ppl_cfNH3,2080,M2,0.111,???
N2O_Emission,R12_RCPA,2090,R12_RCPA,coal_ppl_cfNH3,2090,M2,0.111,???
N2O_Emission,R12_RCPA,2100,R12_RCPA,coal_ppl_cfNH3,2100,M2,0.111,???
N2O_Emission,R12_RCPA,2110,R12_RCPA,coal_ppl_cfNH3,2110,M2,0.111,???
N2O_Emission,R12_RCPA,1990,R12_RCPA,coal_ppl_cfNH3,1990,M2,0.13454545454545438,???
N2O_Emission,R12_RCPA,1985,R12_RCPA,coal_ppl_cfNH3,1985,M2,0.13454545454545438,???
N2O_Emission,R12_RCPA,1980,R12_RCPA,coal_ppl_cfNH3,1980,M2,0.13454545454545438,???
N2O_Emission,R12_EEU,2020,R12_EEU,coal_ppl_cfNH3,2020,M2,0.1206521739130428,???
N2O_Emission,R12_EEU,2015,R12_EEU,coal_ppl_cfNH3,2015,M2,0.1219927536231876,???
N2O_Emission,R12_EEU,2050,R12_EEU,coal_ppl_cfNH3,2050,M2,0.111,???
N2O_Emission,R12_LAM,2020,R12_LAM,coal_ppl_cfNH3,2020,M2,0.12333333333333239,???
N2O_Emission,R12_LAM,2015,R12_LAM,coal_ppl_cfNH3,2015,M2,0.1250952380952372,???
N2O_Emission,R12_LAM,2050,R12_LAM,coal_ppl_cfNH3,2050,M2,0.111,???
N2O_Emission,R12_MEA,2000,R12_MEA,coal_ppl_cfNH3,2000,M2,0.11212121212121208,???
N2O_Emission,R12_MEA,2030,R12_MEA,coal_ppl_cfNH3,2030,M2,0.111,???
N2O_Emission,R12_MEA,1995,R12_MEA,coal_ppl_cfNH3,1995,M2,0.1168421052631578,???
N2O_Emission,R12_MEA,2025,R12_MEA,coal_ppl_cfNH3,2025,M2,0.111,???
N2O_Emission,R12_NAM,2020,R12_NAM,coal_ppl_cfNH3,2020,M2,0.11562499999999992,???
N2O_Emission,R12_NAM,2015,R12_NAM,coal_ppl_cfNH3,2015,M2,0.11623355263157892,???
N2O_Emission,R12_NAM,2050,R12_NAM,coal_ppl_cfNH3,2050,M2,0.111,???
N2O_Emission,R12_SAS,2005,R12_SAS,coal_ppl_cfNH3,2005,M2,0.1168421052631578,???
N2O_Emission,R12_SAS,2035,R12_SAS,coal_ppl_cfNH3,2035,M2,0.1168421052631578,???
N2O_Emission,R12_SAS,2000,R12_SAS,coal_ppl_cfNH3,2000,M2,0.1168421052631578,???
N2O_Emission,R12_SAS,2030,R12_SAS,coal_ppl_cfNH3,2030,M2,0.1168421052631578,???
N2O_Emission,R12_WEU,2020,R12_WEU,coal_ppl_cfNH3,2020,M2,0.111,???
N2O_Emission,R12_WEU,2015,R12_WEU,coal_ppl_cfNH3,2015,M2,0.111,???
N2O_Emission,R12_WEU,2050,R12_WEU,coal_ppl_cfNH3,2050,M2,0.111,???
N2O_Emission,R12_FSU,2020,R12_FSU,coal_ppl_cfNH3,2020,M2,0.135365853658536,???
N2O_Emission,R12_FSU,2015,R12_FSU,coal_ppl_cfNH3,2015,M2,0.1392958300550736,???
N2O_Emission,R12_FSU,2050,R12_FSU,coal_ppl_cfNH3,2050,M2,0.111,???
N2O_Emission,R12_PAO,2020,R12_PAO,coal_ppl_cfNH3,2020,M2,0.11562499999999992,???
N2O_Emission,R12_PAO,2015,R12_PAO,coal_ppl_cfNH3,2015,M2,0.11623355263157892,???
N2O_Emission,R12_PAO,2050,R12_PAO,coal_ppl_cfNH3,2050,M2,0.111,???
N2O_Emission,R12_PAS,2020,R12_PAS,coal_ppl_cfNH3,2020,M2,0.1206521739130428,???
N2O_Emission,R12_PAS,2050,R12_PAS,coal_ppl_cfNH3,2050,M2,0.111,???
N2O_Emission,R12_PAS,2015,R12_PAS,coal_ppl_cfNH3,2015,M2,0.1219927536231876,???
N2O_Emission,R12_PAS,2045,R12_PAS,coal_ppl_cfNH3,2045,M2,0.11174524955662525,???
N2O_Emission,R12_CHN,2010,R12_CHN,coal_ppl_cfNH3,2010,M2,0.13058823529411678,???
N2O_Emission,R12_CHN,2040,R12_CHN,coal_ppl_cfNH3,2040,M2,0.11326530612244895,???
N2O_Emission,R12_CHN,2005,R12_CHN,coal_ppl_cfNH3,2005,M2,0.1383177570093456,???
N2O_Emission,R12_CHN,2035,R12_CHN,coal_ppl_cfNH3,2035,M2,0.11631007241606316,???
N2O_Emission,R12_AFR,1990,R12_AFR,coal_ppl_u_cfNH3,1990,M1,0.13058823529411678,???
N2O_Emission,R12_AFR,1995,R12_AFR,coal_ppl_u_cfNH3,1995,M1,0.13058823529411678,???
N2O_Emission,R12_AFR,2000,R12_AFR,coal_ppl_u_cfNH3,2000,M1,0.13058823529411678,???
N2O_Emission,R12_AFR,2005,R12_AFR,coal_ppl_u_cfNH3,2005,M1,0.11999999999999987,???
N2O_Emission,R12_AFR,2010,R12_AFR,coal_ppl_u_cfNH3,2010,M1,0.1168421052631578,???
N2O_Emission,R12_AFR,2020,R12_AFR,coal_ppl_u_cfNH3,2020,M1,0.1168421052631578,???
N2O_Emission,R12_AFR,2025,R12_AFR,coal_ppl_u_cfNH3,2025,M1,0.1168421052631578,???
N2O_Emission,R12_AFR,2030,R12_AFR,coal_ppl_u_cfNH3,2030,M1,0.1168421052631578,???
N2O_Emission,R12_AFR,2035,R12_AFR,coal_ppl_u_cfNH3,2035,M1,0.1168421052631578,???
N2O_Emission,R12_AFR,2040,R12_AFR,coal_ppl_u_cfNH3,2040,M1,0.1168421052631578,???
N2O_Emission,R12_EEU,1990,R12_EEU,coal_ppl_u_cfNH3,1990,M1,0.14095238095238039,???
N2O_Emission,R12_EEU,1995,R12_EEU,coal_ppl_u_cfNH3,1995,M1,0.13454545454545438,???
N2O_Emission,R12_EEU,2000,R12_EEU,coal_ppl_u_cfNH3,2000,M1,0.126857142857142,???
N2O_Emission,R12_EEU,2005,R12_EEU,coal_ppl_u_cfNH3,2005,M1,0.126857142857142,???
N2O_Emission,R12_EEU,2010,R12_EEU,coal_ppl_u_cfNH3,2010,M1,0.12333333333333239,???
N2O_Emission,R12_EEU,2015,R12_EEU,coal_ppl_u_cfNH3,2015,M1,0.12166666666666559,???
N2O_Emission,R12_EEU,2020,R12_EEU,coal_ppl_u_cfNH3,2020,M1,0.11999999999999987,???
N2O_Emission,R12_EEU,2025,R12_EEU,coal_ppl_u_cfNH3,2025,M1,0.11999999999999987,???
N2O_Emission,R12_FSU,1990,R12_FSU,coal_ppl_u_cfNH3,1990,M1,0.1357798165137612,???
N2O_Emission,R12_FSU,1995,R12_FSU,coal_ppl_u_cfNH3,1995,M1,0.13058823529411678,???
N2O_Emission,R12_FSU,2000,R12_FSU,coal_ppl_u_cfNH3,2000,M1,0.1432258064516124,???
N2O_Emission,R12_FSU,2005,R12_FSU,coal_ppl_u_cfNH3,2005,M1,0.1479999999999996,???
N2O_Emission,R12_FSU,2010,R12_FSU,coal_ppl_u_cfNH3,2010,M1,0.1432258064516124,???
N2O_Emission,R12_FSU,2015,R12_FSU,coal_ppl_u_cfNH3,2015,M1,0.1350414746543772,???
N2O_Emission,R12_FSU,2020,R12_FSU,coal_ppl_u_cfNH3,2020,M1,0.126857142857142,???
N2O_Emission,R12_FSU,2025,R12_FSU,coal_ppl_u_cfNH3,2025,M1,0.126857142857142,???
N2O_Emission,R12_LAM,1990,R12_LAM,coal_ppl_u_cfNH3,1990,M1,0.1547038327526124,???
N2O_Emission,R12_LAM,1995,R12_LAM,coal_ppl_u_cfNH3,1995,M1,0.1479999999999996,???
N2O_Emission,R12_LAM,2000,R12_LAM,coal_ppl_u_cfNH3,2000,M1,0.1387499999999988,???
N2O_Emission,R12_LAM,2005,R12_LAM,coal_ppl_u_cfNH3,2005,M1,0.13058823529411678,???
N2O_Emission,R12_LAM,2010,R12_LAM,coal_ppl_u_cfNH3,2010,M1,0.126857142857142,???
N2O_Emission,R12_LAM,2020,R12_LAM,coal_ppl_u_cfNH3,2020,M1,0.11999999999999987,???
N2O_Emission,R12_LAM,2025,R12_LAM,coal_ppl_u_cfNH3,2025,M1,0.11842105263157883,???
N2O_Emission,R12_LAM,2030,R12_LAM,coal_ppl_u_cfNH3,2030,M1,0.1168421052631578,???
N2O_Emission,R12_LAM,2035,R12_LAM,coal_ppl_u_cfNH3,2035,M1,0.1168421052631578,???
N2O_Emission,R12_LAM,2040,R12_LAM,coal_ppl_u_cfNH3,2040,M1,0.1168421052631578,???
N2O_Emission,R12_MEA,1990,R12_MEA,coal_ppl_u_cfNH3,1990,M1,0.1257790368271944,???
N2O_Emission,R12_MEA,1995,R12_MEA,coal_ppl_u_cfNH3,1995,M1,0.11999999999999987,???
N2O_Emission,R12_MEA,2000,R12_MEA,coal_ppl_u_cfNH3,2000,M1,0.11212121212121208,???
N2O_Emission,R12_MEA,2005,R12_MEA,coal_ppl_u_cfNH3,2005,M1,0.11183879093198988,???
N2O_Emission,R12_MEA,2010,R12_MEA,coal_ppl_u_cfNH3,2010,M1,0.11183879093198988,???
N2O_Emission,R12_MEA,2020,R12_MEA,coal_ppl_u_cfNH3,2020,M1,0.11183879093198988,???
N2O_Emission,R12_MEA,2025,R12_MEA,coal_ppl_u_cfNH3,2025,M1,0.11183879093198988,???
N2O_Emission,R12_MEA,2030,R12_MEA,coal_ppl_u_cfNH3,2030,M1,0.11183879093198988,???
N2O_Emission,R12_MEA,2035,R12_MEA,coal_ppl_u_cfNH3,2035,M1,0.11183879093198988,???
N2O_Emission,R12_MEA,2040,R12_MEA,coal_ppl_u_cfNH3,2040,M1,0.11183879093198988,???
N2O_Emission,R12_NAM,1990,R12_NAM,coal_ppl_u_cfNH3,1990,M1,0.11999999999999987,???
N2O_Emission,R12_NAM,1995,R12_NAM,coal_ppl_u_cfNH3,1995,M1,0.11839999999999991,???
N2O_Emission,R12_NAM,2000,R12_NAM,coal_ppl_u_cfNH3,2000,M1,0.1206521739130428,???
N2O_Emission,R12_NAM,2005,R12_NAM,coal_ppl_u_cfNH3,2005,M1,0.12032520325203239,???
N2O_Emission,R12_NAM,2010,R12_NAM,coal_ppl_u_cfNH3,2010,M1,0.1168421052631578,???
N2O_Emission,R12_NAM,2015,R12_NAM,coal_ppl_u_cfNH3,2015,M1,0.1168421052631578,???
N2O_Emission,R12_NAM,2020,R12_NAM,coal_ppl_u_cfNH3,2020,M1,0.1168421052631578,???
N2O_Emission,R12_NAM,2025,R12_NAM,coal_ppl_u_cfNH3,2025,M1,0.1168421052631578,???
N2O_Emission,R12_PAO,1990,R12_PAO,coal_ppl_u_cfNH3,1990,M1,0.11592689295039155,???
N2O_Emission,R12_PAO,1995,R12_PAO,coal_ppl_u_cfNH3,1995,M1,0.1168421052631578,???
N2O_Emission,R12_PAO,2000,R12_PAO,coal_ppl_u_cfNH3,2000,M1,0.11967654986522905,???
N2O_Emission,R12_PAO,2005,R12_PAO,coal_ppl_u_cfNH3,2005,M1,0.11443298969072159,???
N2O_Emission,R12_PAO,2010,R12_PAO,coal_ppl_u_cfNH3,2010,M1,0.1168421052631578,???
N2O_Emission,R12_PAO,2015,R12_PAO,coal_ppl_u_cfNH3,2015,M1,0.1168421052631578,???
N2O_Emission,R12_PAO,2020,R12_PAO,coal_ppl_u_cfNH3,2020,M1,0.1168421052631578,???
N2O_Emission,R12_PAO,2025,R12_PAO,coal_ppl_u_cfNH3,2025,M1,0.1168421052631578,???
N2O_Emission,R12_PAS,1990,R12_PAS,coal_ppl_u_cfNH3,1990,M1,0.1213114754098356,???
N2O_Emission,R12_PAS,1995,R12_PAS,coal_ppl_u_cfNH3,1995,M1,0.12333333333333239,???
N2O_Emission,R12_PAS,2000,R12_PAS,coal_ppl_u_cfNH3,2000,M1,0.1261363636363632,???
N2O_Emission,R12_PAS,2005,R12_PAS,coal_ppl_u_cfNH3,2005,M1,0.1254237288135588,???
N2O_Emission,R12_PAS,2010,R12_PAS,coal_ppl_u_cfNH3,2010,M1,0.12333333333333239,???
N2O_Emission,R12_PAS,2020,R12_PAS,coal_ppl_u_cfNH3,2020,M1,0.1168421052631578,???
N2O_Emission,R12_PAS,2025,R12_PAS,coal_ppl_u_cfNH3,2025,M1,0.1168421052631578,???
N2O_Emission,R12_PAS,2030,R12_PAS,coal_ppl_u_cfNH3,2030,M1,0.1168421052631578,???
N2O_Emission,R12_PAS,2035,R12_PAS,coal_ppl_u_cfNH3,2035,M1,0.1168421052631578,???
N2O_Emission,R12_PAS,2040,R12_PAS,coal_ppl_u_cfNH3,2040,M1,0.1168421052631578,???
N2O_Emission,R12_SAS,1990,R12_SAS,coal_ppl_u_cfNH3,1990,M1,0.15416666666666637,???
N2O_Emission,R12_SAS,1995,R12_SAS,coal_ppl_u_cfNH3,1995,M1,0.1432258064516124,???
N2O_Emission,R12_SAS,2000,R12_SAS,coal_ppl_u_cfNH3,2000,M1,0.16305545354388482,???
N2O_Emission,R12_SAS,2005,R12_SAS,coal_ppl_u_cfNH3,2005,M1,0.1697896749521988,???
N2O_Emission,R12_SAS,2010,R12_SAS,coal_ppl_u_cfNH3,2010,M1,0.1675471698113196,???
N2O_Emission,R12_SAS,2020,R12_SAS,coal_ppl_u_cfNH3,2020,M1,0.1531034482758612,???
N2O_Emission,R12_SAS,2025,R12_SAS,coal_ppl_u_cfNH3,2025,M1,0.1481646273637368,???
N2O_Emission,R12_SAS,2030,R12_SAS,coal_ppl_u_cfNH3,2030,M1,0.1432258064516124,???
N2O_Emission,R12_SAS,2035,R12_SAS,coal_ppl_u_cfNH3,2035,M1,0.1388856304985328,???
N2O_Emission,R12_SAS,2040,R12_SAS,coal_ppl_u_cfNH3,2040,M1,0.13454545454545438,???
N2O_Emission,R12_WEU,1990,R12_WEU,coal_ppl_u_cfNH3,1990,M1,0.1206521739130428,???
N2O_Emission,R12_WEU,1995,R12_WEU,coal_ppl_u_cfNH3,1995,M1,0.11839999999999991,???
N2O_Emission,R12_WEU,2000,R12_WEU,coal_ppl_u_cfNH3,2000,M1,0.11502590673575123,???
N2O_Emission,R12_WEU,2005,R12_WEU,coal_ppl_u_cfNH3,2005,M1,0.1101736972704714,???
N2O_Emission,R12_WEU,2010,R12_WEU,coal_ppl_u_cfNH3,2010,M1,0.1168421052631578,???
N2O_Emission,R12_WEU,2015,R12_WEU,coal_ppl_u_cfNH3,2015,M1,0.1168421052631578,???
N2O_Emission,R12_WEU,2020,R12_WEU,coal_ppl_u_cfNH3,2020,M1,0.1168421052631578,???
N2O_Emission,R12_WEU,2025,R12_WEU,coal_ppl_u_cfNH3,2025,M1,0.1168421052631578,???
N2O_Emission,R12_NAM,2030,R12_NAM,coal_ppl_u_cfNH3,2030,M1,0.1168421052631578,???
N2O_Emission,R12_NAM,2035,R12_NAM,coal_ppl_u_cfNH3,2035,M1,0.1168421052631578,???
N2O_Emission,R12_NAM,2040,R12_NAM,coal_ppl_u_cfNH3,2040,M1,0.1168421052631578,???
N2O_Emission,R12_PAO,2030,R12_PAO,coal_ppl_u_cfNH3,2030,M1,0.1168421052631578,???
N2O_Emission,R12_PAO,2035,R12_PAO,coal_ppl_u_cfNH3,2035,M1,0.1168421052631578,???
N2O_Emission,R12_PAO,2040,R12_PAO,coal_ppl_u_cfNH3,2040,M1,0.1168421052631578,???
N2O_Emission,R12_EEU,2030,R12_EEU,coal_ppl_u_cfNH3,2030,M1,0.11999999999999987,???
N2O_Emission,R12_EEU,2035,R12_EEU,coal_ppl_u_cfNH3,2035,M1,0.11999999999999987,???
N2O_Emission,R12_EEU,2040,R12_EEU,coal_ppl_u_cfNH3,2040,M1,0.11999999999999987,???
N2O_Emission,R12_FSU,2030,R12_FSU,coal_ppl_u_cfNH3,2030,M1,0.126857142857142,???
N2O_Emission,R12_FSU,2035,R12_FSU,coal_ppl_u_cfNH3,2035,M1,0.126857142857142,???
N2O_Emission,R12_FSU,2040,R12_FSU,coal_ppl_u_cfNH3,2040,M1,0.126857142857142,???
N2O_Emission,R12_WEU,2030,R12_WEU,coal_ppl_u_cfNH3,2030,M1,0.1168421052631578,???
N2O_Emission,R12_WEU,2035,R12_WEU,coal_ppl_u_cfNH3,2035,M1,0.1168421052631578,???
N2O_Emission,R12_WEU,2040,R12_WEU,coal_ppl_u_cfNH3,2040,M1,0.1168421052631578,???
N2O_Emission,R12_AFR,2050,R12_AFR,coal_ppl_u_cfNH3,2050,M1,0.1168421052631578,???
N2O_Emission,R12_AFR,1985,R12_AFR,coal_ppl_u_cfNH3,1985,M1,0.13058823529411678,???
N2O_Emission,R12_AFR,1980,R12_AFR,coal_ppl_u_cfNH3,1980,M1,0.13058823529411678,???
N2O_Emission,R12_AFR,1975,R12_AFR,coal_ppl_u_cfNH3,1975,M1,0.13058823529411678,???
N2O_Emission,R12_AFR,1970,R12_AFR,coal_ppl_u_cfNH3,1970,M1,0.13058823529411678,???
N2O_Emission,R12_AFR,1965,R12_AFR,coal_ppl_u_cfNH3,1965,M1,0.13058823529411678,???
N2O_Emission,R12_AFR,1960,R12_AFR,coal_ppl_u_cfNH3,1960,M1,0.13058823529411678,???
N2O_Emission,R12_EEU,2045,R12_EEU,coal_ppl_u_cfNH3,2045,M1,0.11999999999999987,???
N2O_Emission,R12_EEU,2050,R12_EEU,coal_ppl_u_cfNH3,2050,M1,0.11999999999999987,???
N2O_Emission,R12_EEU,1985,R12_EEU,coal_ppl_u_cfNH3,1985,M1,0.14095238095238039,???
N2O_Emission,R12_EEU,1980,R12_EEU,coal_ppl_u_cfNH3,1980,M1,0.14095238095238039,???
N2O_Emission,R12_EEU,1975,R12_EEU,coal_ppl_u_cfNH3,1975,M1,0.14095238095238039,???
N2O_Emission,R12_EEU,1970,R12_EEU,coal_ppl_u_cfNH3,1970,M1,0.14095238095238039,???
N2O_Emission,R12_EEU,1965,R12_EEU,coal_ppl_u_cfNH3,1965,M1,0.14095238095238039,???
N2O_Emission,R12_EEU,1960,R12_EEU,coal_ppl_u_cfNH3,1960,M1,0.14095238095238039,???
N2O_Emission,R12_FSU,2045,R12_FSU,coal_ppl_u_cfNH3,2045,M1,0.126857142857142,???
N2O_Emission,R12_FSU,2050,R12_FSU,coal_ppl_u_cfNH3,2050,M1,0.126857142857142,???
N2O_Emission,R12_FSU,1985,R12_FSU,coal_ppl_u_cfNH3,1985,M1,0.1357798165137612,???
N2O_Emission,R12_FSU,1980,R12_FSU,coal_ppl_u_cfNH3,1980,M1,0.1357798165137612,???
N2O_Emission,R12_FSU,1975,R12_FSU,coal_ppl_u_cfNH3,1975,M1,0.1357798165137612,???
N2O_Emission,R12_FSU,1970,R12_FSU,coal_ppl_u_cfNH3,1970,M1,0.1357798165137612,???
N2O_Emission,R12_FSU,1965,R12_FSU,coal_ppl_u_cfNH3,1965,M1,0.1357798165137612,???
N2O_Emission,R12_FSU,1960,R12_FSU,coal_ppl_u_cfNH3,1960,M1,0.1357798165137612,???
N2O_Emission,R12_LAM,2050,R12_LAM,coal_ppl_u_cfNH3,2050,M1,0.1168421052631578,???
N2O_Emission,R12_LAM,1985,R12_LAM,coal_ppl_u_cfNH3,1985,M1,0.1547038327526124,???
N2O_Emission,R12_LAM,1980,R12_LAM,coal_ppl_u_cfNH3,1980,M1,0.1547038327526124,???
N2O_Emission,R12_LAM,1975,R12_LAM,coal_ppl_u_cfNH3,1975,M1,0.1547038327526124,???
N2O_Emission,R12_LAM,1970,R12_LAM,coal_ppl_u_cfNH3,1970,M1,0.1547038327526124,???
N2O_Emission,R12_LAM,1965,R12_LAM,coal_ppl_u_cfNH3,1965,M1,0.1547038327526124,???
N2O_Emission,R12_LAM,1960,R12_LAM,coal_ppl_u_cfNH3,1960,M1,0.1547038327526124,???
N2O_Emission,R12_MEA,1985,R12_MEA,coal_ppl_u_cfNH3,1985,M1,0.1257790368271944,???
N2O_Emission,R12_MEA,1980,R12_MEA,coal_ppl_u_cfNH3,1980,M1,0.1257790368271944,???
N2O_Emission,R12_MEA,1975,R12_MEA,coal_ppl_u_cfNH3,1975,M1,0.1257790368271944,???
N2O_Emission,R12_MEA,1970,R12_MEA,coal_ppl_u_cfNH3,1970,M1,0.1257790368271944,???
N2O_Emission,R12_NAM,2045,R12_NAM,coal_ppl_u_cfNH3,2045,M1,0.1168421052631578,???
N2O_Emission,R12_NAM,2050,R12_NAM,coal_ppl_u_cfNH3,2050,M1,0.1168421052631578,???
N2O_Emission,R12_NAM,1985,R12_NAM,coal_ppl_u_cfNH3,1985,M1,0.11999999999999987,???
N2O_Emission,R12_NAM,1980,R12_NAM,coal_ppl_u_cfNH3,1980,M1,0.11999999999999987,???
N2O_Emission,R12_NAM,1975,R12_NAM,coal_ppl_u_cfNH3,1975,M1,0.11999999999999987,???
N2O_Emission,R12_NAM,1970,R12_NAM,coal_ppl_u_cfNH3,1970,M1,0.11999999999999987,???
N2O_Emission,R12_NAM,1965,R12_NAM,coal_ppl_u_cfNH3,1965,M1,0.11999999999999987,???
N2O_Emission,R12_NAM,1960,R12_NAM,coal_ppl_u_cfNH3,1960,M1,0.11999999999999987,???
N2O_Emission,R12_PAO,2045,R12_PAO,coal_ppl_u_cfNH3,2045,M1,0.1168421052631578,???
N2O_Emission,R12_PAO,2050,R12_PAO,coal_ppl_u_cfNH3,2050,M1,0.1168421052631578,???
N2O_Emission,R12_PAO,1985,R12_PAO,coal_ppl_u_cfNH3,1985,M1,0.11592689295039155,???
N2O_Emission,R12_PAO,1980,R12_PAO,coal_ppl_u_cfNH3,1980,M1,0.11592689295039155,???
N2O_Emission,R12_PAO,1975,R12_PAO,coal_ppl_u_cfNH3,1975,M1,0.11592689295039155,???
N2O_Emission,R12_PAO,1970,R12_PAO,coal_ppl_u_cfNH3,1970,M1,0.11592689295039155,???
N2O_Emission,R12_PAO,1965,R12_PAO,coal_ppl_u_cfNH3,1965,M1,0.11592689295039155,???
N2O_Emission,R12_PAO,1960,R12_PAO,coal_ppl_u_cfNH3,1960,M1,0.11592689295039155,???
N2O_Emission,R12_PAS,2050,R12_PAS,coal_ppl_u_cfNH3,2050,M1,0.1168421052631578,???
N2O_Emission,R12_PAS,1985,R12_PAS,coal_ppl_u_cfNH3,1985,M1,0.1213114754098356,???
N2O_Emission,R12_PAS,1980,R12_PAS,coal_ppl_u_cfNH3,1980,M1,0.1213114754098356,???
N2O_Emission,R12_PAS,1975,R12_PAS,coal_ppl_u_cfNH3,1975,M1,0.1213114754098356,???
N2O_Emission,R12_PAS,1970,R12_PAS,coal_ppl_u_cfNH3,1970,M1,0.1213114754098356,???
N2O_Emission,R12_PAS,1965,R12_PAS,coal_ppl_u_cfNH3,1965,M1,0.1213114754098356,???
N2O_Emission,R12_SAS,2050,R12_SAS,coal_ppl_u_cfNH3,2050,M1,0.13454545454545438,???
N2O_Emission,R12_SAS,1985,R12_SAS,coal_ppl_u_cfNH3,1985,M1,0.15416666666666637,???
N2O_Emission,R12_SAS,1980,R12_SAS,coal_ppl_u_cfNH3,1980,M1,0.15416666666666637,???
N2O_Emission,R12_SAS,1975,R12_SAS,coal_ppl_u_cfNH3,1975,M1,0.15416666666666637,???
N2O_Emission,R12_SAS,1970,R12_SAS,coal_ppl_u_cfNH3,1970,M1,0.15416666666666637,???
N2O_Emission,R12_SAS,1965,R12_SAS,coal_ppl_u_cfNH3,1965,M1,0.15416666666666637,???
N2O_Emission,R12_SAS,1960,R12_SAS,coal_ppl_u_cfNH3,1960,M1,0.15416666666666637,???
N2O_Emission,R12_WEU,2045,R12_WEU,coal_ppl_u_cfNH3,2045,M1,0.1168421052631578,???
N2O_Emission,R12_WEU,2050,R12_WEU,coal_ppl_u_cfNH3,2050,M1,0.1168421052631578,???
N2O_Emission,R12_WEU,1985,R12_WEU,coal_ppl_u_cfNH3,1985,M1,0.1206521739130428,???
N2O_Emission,R12_WEU,1980,R12_WEU,coal_ppl_u_cfNH3,1980,M1,0.1206521739130428,???
N2O_Emission,R12_WEU,1975,R12_WEU,coal_ppl_u_cfNH3,1975,M1,0.1206521739130428,???
N2O_Emission,R12_WEU,1970,R12_WEU,coal_ppl_u_cfNH3,1970,M1,0.1206521739130428,???
N2O_Emission,R12_WEU,1965,R12_WEU,coal_ppl_u_cfNH3,1965,M1,0.1206521739130428,???
N2O_Emission,R12_WEU,1960,R12_WEU,coal_ppl_u_cfNH3,1960,M1,0.1206521739130428,???
N2O_Emission,R12_CHN,1990,R12_CHN,coal_ppl_u_cfNH3,1990,M1,0.13454545454545438,???
N2O_Emission,R12_CHN,1995,R12_CHN,coal_ppl_u_cfNH3,1995,M1,0.13454545454545438,???
N2O_Emission,R12_CHN,2000,R12_CHN,coal_ppl_u_cfNH3,2000,M1,0.1361963190184044,???
N2O_Emission,R12_CHN,2005,R12_CHN,coal_ppl_u_cfNH3,2005,M1,0.1383177570093456,???
N2O_Emission,R12_CHN,2010,R12_CHN,coal_ppl_u_cfNH3,2010,M1,0.13058823529411678,???
N2O_Emission,R12_CHN,2020,R12_CHN,coal_ppl_u_cfNH3,2020,M1,0.12333333333333239,???
N2O_Emission,R12_CHN,2025,R12_CHN,coal_ppl_u_cfNH3,2025,M1,0.12008771929824479,???
N2O_Emission,R12_CHN,2030,R12_CHN,coal_ppl_u_cfNH3,2030,M1,0.1168421052631578,???
N2O_Emission,R12_CHN,2035,R12_CHN,coal_ppl_u_cfNH3,2035,M1,0.1168421052631578,???
N2O_Emission,R12_CHN,2040,R12_CHN,coal_ppl_u_cfNH3,2040,M1,0.1168421052631578,???
N2O_Emission,R12_CHN,2050,R12_CHN,coal_ppl_u_cfNH3,2050,M1,0.1168421052631578,???
N2O_Emission,R12_CHN,1985,R12_CHN,coal_ppl_u_cfNH3,1985,M1,0.13454545454545438,???
N2O_Emission,R12_CHN,1980,R12_CHN,coal_ppl_u_cfNH3,1980,M1,0.13454545454545438,???
N2O_Emission,R12_CHN,1975,R12_CHN,coal_ppl_u_cfNH3,1975,M1,0.13454545454545438,???
N2O_Emission,R12_CHN,1970,R12_CHN,coal_ppl_u_cfNH3,1970,M1,0.13454545454545438,???
N2O_Emission,R12_CHN,1965,R12_CHN,coal_ppl_u_cfNH3,1965,M1,0.13454545454545438,???
N2O_Emission,R12_CHN,1960,R12_CHN,coal_ppl_u_cfNH3,1960,M1,0.13454545454545438,???
N2O_Emission,R12_RCPA,1990,R12_RCPA,coal_ppl_u_cfNH3,1990,M1,0.13454545454545438,???
N2O_Emission,R12_RCPA,1995,R12_RCPA,coal_ppl_u_cfNH3,1995,M1,0.13454545454545438,???
N2O_Emission,R12_RCPA,2000,R12_RCPA,coal_ppl_u_cfNH3,2000,M1,0.1361963190184044,???
N2O_Emission,R12_RCPA,2005,R12_RCPA,coal_ppl_u_cfNH3,2005,M1,0.1383177570093456,???
N2O_Emission,R12_RCPA,2010,R12_RCPA,coal_ppl_u_cfNH3,2010,M1,0.13058823529411678,???
N2O_Emission,R12_RCPA,2020,R12_RCPA,coal_ppl_u_cfNH3,2020,M1,0.12333333333333239,???
N2O_Emission,R12_RCPA,2025,R12_RCPA,coal_ppl_u_cfNH3,2025,M1,0.12008771929824479,???
N2O_Emission,R12_RCPA,2030,R12_RCPA,coal_ppl_u_cfNH3,2030,M1,0.1168421052631578,???
N2O_Emission,R12_RCPA,2035,R12_RCPA,coal_ppl_u_cfNH3,2035,M1,0.1168421052631578,???
N2O_Emission,R12_RCPA,2040,R12_RCPA,coal_ppl_u_cfNH3,2040,M1,0.1168421052631578,???
N2O_Emission,R12_RCPA,2050,R12_RCPA,coal_ppl_u_cfNH3,2050,M1,0.1168421052631578,???
N2O_Emission,R12_RCPA,1985,R12_RCPA,coal_ppl_u_cfNH3,1985,M1,0.13454545454545438,???
N2O_Emission,R12_RCPA,1980,R12_RCPA,coal_ppl_u_cfNH3,1980,M1,0.13454545454545438,???
N2O_Emission,R12_RCPA,1975,R12_RCPA,coal_ppl_u_cfNH3,1975,M1,0.13454545454545438,???
N2O_Emission,R12_RCPA,1970,R12_RCPA,coal_ppl_u_cfNH3,1970,M1,0.13454545454545438,???
N2O_Emission,R12_RCPA,1965,R12_RCPA,coal_ppl_u_cfNH3,1965,M1,0.13454545454545438,???
N2O_Emission,R12_RCPA,1960,R12_RCPA,coal_ppl_u_cfNH3,1960,M1,0.13454545454545438,???
N2O_Emission,R12_AFR,2015,R12_AFR,coal_ppl_u_cfNH3,2015,M1,0.1168421052631578,???
N2O_Emission,R12_AFR,2045,R12_AFR,coal_ppl_u_cfNH3,2045,M1,0.1168421052631578,???
N2O_Emission,R12_LAM,2015,R12_LAM,coal_ppl_u_cfNH3,2015,M1,0.12342857142857039,???
N2O_Emission,R12_LAM,2045,R12_LAM,coal_ppl_u_cfNH3,2045,M1,0.1168421052631578,???
N2O_Emission,R12_MEA,2015,R12_MEA,coal_ppl_u_cfNH3,2015,M1,0.11183879093198988,???
N2O_Emission,R12_MEA,2045,R12_MEA,coal_ppl_u_cfNH3,2045,M1,0.11183879093198988,???
N2O_Emission,R12_SAS,2015,R12_SAS,coal_ppl_u_cfNH3,2015,M1,0.1603253090435904,???
N2O_Emission,R12_SAS,2045,R12_SAS,coal_ppl_u_cfNH3,2045,M1,0.13454545454545438,???
N2O_Emission,R12_PAS,2015,R12_PAS,coal_ppl_u_cfNH3,2015,M1,0.12008771929824479,???
N2O_Emission,R12_PAS,2045,R12_PAS,coal_ppl_u_cfNH3,2045,M1,0.1168421052631578,???
N2O_Emission,R12_CHN,2015,R12_CHN,coal_ppl_u_cfNH3,2015,M1,0.1269607843137252,???
N2O_Emission,R12_CHN,2045,R12_CHN,coal_ppl_u_cfNH3,2045,M1,0.1168421052631578,???
N2O_Emission,R12_RCPA,2015,R12_RCPA,coal_ppl_u_cfNH3,2015,M1,0.1269607843137252,???
N2O_Emission,R12_RCPA,2045,R12_RCPA,coal_ppl_u_cfNH3,2045,M1,0.1168421052631578,???
green_nh3_cofire,R12_AFR,2025,R12_AFR,coal_adv_cfNH3,2025,M2,-0.361702127659574,???
green_nh3_cofire,R12_CHN,2025,R12_CHN,coal_adv_cfNH3,2025,M2,-0.361702127659574,???
green_nh3_cofire,R12_EEU,2025,R12_EEU,coal_adv_cfNH3,2025,M2,-0.361702127659574,???
green_nh3_cofire,R12_FSU,2025,R12_FSU,coal_adv_cfNH3,2025,M2,-0.361702127659574,???
green_nh3_cofire,R12_LAM,2025,R12_LAM,coal_adv_cfNH3,2025,M2,-0.361702127659574,???
green_nh3_cofire,R12_MEA,2025,R12_MEA,coal_adv_cfNH3,2025,M2,-0.361702127659574,???
green_nh3_cofire,R12_NAM,2025,R12_NAM,coal_adv_cfNH3,2025,M2,-0.361702127659574,???
green_nh3_cofire,R12_PAO,2025,R12_PAO,coal_adv_cfNH3,2025,M2,-0.361702127659574,???
green_nh3_cofire,R12_PAS,2025,R12_PAS,coal_adv_cfNH3,2025,M2,-0.361702127659574,???
green_nh3_cofire,R12_RCPA,2025,R12_RCPA,coal_adv_cfNH3,2025,M2,-0.361702127659574,???
green_nh3_cofire,R12_SAS,2025,R12_SAS,coal_adv_cfNH3,2025,M2,-0.361702127659574,???
green_nh3_cofire,R12_WEU,2025,R12_WEU,coal_adv_cfNH3,2025,M2,-0.361702127659574,???
green_nh3_cofire,R12_AFR,2030,R12_AFR,coal_adv_cfNH3,2030,M2,-0.361702127659574,???
green_nh3_cofire,R12_CHN,2030,R12_CHN,coal_adv_cfNH3,2030,M2,-0.361702127659574,???
green_nh3_cofire,R12_EEU,2030,R12_EEU,coal_adv_cfNH3,2030,M2,-0.361702127659574,???
green_nh3_cofire,R12_FSU,2030,R12_FSU,coal_adv_cfNH3,2030,M2,-0.361702127659574,???
green_nh3_cofire,R12_LAM,2030,R12_LAM,coal_adv_cfNH3,2030,M2,-0.361702127659574,???
green_nh3_cofire,R12_MEA,2030,R12_MEA,coal_adv_cfNH3,2030,M2,-0.361702127659574,???
green_nh3_cofire,R12_NAM,2030,R12_NAM,coal_adv_cfNH3,2030,M2,-0.361702127659574,???
green_nh3_cofire,R12_PAO,2030,R12_PAO,coal_adv_cfNH3,2030,M2,-0.361702127659574,???
green_nh3_cofire,R12_PAS,2030,R12_PAS,coal_adv_cfNH3,2030,M2,-0.361702127659574,???
green_nh3_cofire,R12_RCPA,2030,R12_RCPA,coal_adv_cfNH3,2030,M2,-0.361702127659574,???
green_nh3_cofire,R12_SAS,2030,R12_SAS,coal_adv_cfNH3,2030,M2,-0.361702127659574,???
green_nh3_cofire,R12_WEU,2030,R12_WEU,coal_adv_cfNH3,2030,M2,-0.361702127659574,???
green_nh3_cofire,R12_AFR,2035,R12_AFR,coal_adv_cfNH3,2035,M2,-0.361702127659574,???
green_nh3_cofire,R12_CHN,2035,R12_CHN,coal_adv_cfNH3,2035,M2,-0.361702127659574,???
green_nh3_cofire,R12_EEU,2035,R12_EEU,coal_adv_cfNH3,2035,M2,-0.361702127659574,???
green_nh3_cofire,R12_FSU,2035,R12_FSU,coal_adv_cfNH3,2035,M2,-0.361702127659574,???
green_nh3_cofire,R12_LAM,2035,R12_LAM,coal_adv_cfNH3,2035,M2,-0.361702127659574,???
green_nh3_cofire,R12_MEA,2035,R12_MEA,coal_adv_cfNH3,2035,M2,-0.361702127659574,???
green_nh3_cofire,R12_NAM,2035,R12_NAM,coal_adv_cfNH3,2035,M2,-0.361702127659574,???
green_nh3_cofire,R12_PAO,2035,R12_PAO,coal_adv_cfNH3,2035,M2,-0.361702127659574,???
green_nh3_cofire,R12_PAS,2035,R12_PAS,coal_adv_cfNH3,2035,M2,-0.361702127659574,???
green_nh3_cofire,R12_RCPA,2035,R12_RCPA,coal_adv_cfNH3,2035,M2,-0.361702127659574,???
green_nh3_cofire,R12_SAS,2035,R12_SAS,coal_adv_cfNH3,2035,M2,-0.361702127659574,???
green_nh3_cofire,R12_WEU,2035,R12_WEU,coal_adv_cfNH3,2035,M2,-0.361702127659574,???
green_nh3_cofire,R12_AFR,2040,R12_AFR,coal_adv_cfNH3,2040,M2,-0.361702127659574,???
green_nh3_cofire,R12_CHN,2040,R12_CHN,coal_adv_cfNH3,2040,M2,-0.361702127659574,???
green_nh3_cofire,R12_EEU,2040,R12_EEU,coal_adv_cfNH3,2040,M2,-0.361702127659574,???
green_nh3_cofire,R12_FSU,2040,R12_FSU,coal_adv_cfNH3,2040,M2,-0.361702127659574,???
green_nh3_cofire,R12_LAM,2040,R12_LAM,coal_adv_cfNH3,2040,M2,-0.361702127659574,???
green_nh3_cofire,R12_MEA,2040,R12_MEA,coal_adv_cfNH3,2040,M2,-0.361702127659574,???
green_nh3_cofire,R12_NAM,2040,R12_NAM,coal_adv_cfNH3,2040,M2,-0.361702127659574,???
green_nh3_cofire,R12_PAO,2040,R12_PAO,coal_adv_cfNH3,2040,M2,-0.361702127659574,???
green_nh3_cofire,R12_PAS,2040,R12_PAS,coal_adv_cfNH3,2040,M2,-0.361702127659574,???
green_nh3_cofire,R12_RCPA,2040,R12_RCPA,coal_adv_cfNH3,2040,M2,-0.361702127659574,???
green_nh3_cofire,R12_SAS,2040,R12_SAS,coal_adv_cfNH3,2040,M2,-0.361702127659574,???
green_nh3_cofire,R12_WEU,2040,R12_WEU,coal_adv_cfNH3,2040,M2,-0.361702127659574,???
green_nh3_cofire,R12_AFR,2045,R12_AFR,coal_adv_cfNH3,2045,M2,-0.361702127659574,???
green_nh3_cofire,R12_CHN,2045,R12_CHN,coal_adv_cfNH3,2045,M2,-0.361702127659574,???
green_nh3_cofire,R12_EEU,2045,R12_EEU,coal_adv_cfNH3,2045,M2,-0.361702127659574,???
green_nh3_cofire,R12_FSU,2045,R12_FSU,coal_adv_cfNH3,2045,M2,-0.361702127659574,???
green_nh3_cofire,R12_LAM,2045,R12_LAM,coal_adv_cfNH3,2045,M2,-0.361702127659574,???
green_nh3_cofire,R12_MEA,2045,R12_MEA,coal_adv_cfNH3,2045,M2,-0.361702127659574,???
green_nh3_cofire,R12_NAM,2045,R12_NAM,coal_adv_cfNH3,2045,M2,-0.361702127659574,???
green_nh3_cofire,R12_PAO,2045,R12_PAO,coal_adv_cfNH3,2045,M2,-0.361702127659574,???
green_nh3_cofire,R12_PAS,2045,R12_PAS,coal_adv_cfNH3,2045,M2,-0.361702127659574,???
green_nh3_cofire,R12_RCPA,2045,R12_RCPA,coal_adv_cfNH3,2045,M2,-0.361702127659574,???
green_nh3_cofire,R12_SAS,2045,R12_SAS,coal_adv_cfNH3,2045,M2,-0.361702127659574,???
green_nh3_cofire,R12_WEU,2045,R12_WEU,coal_adv_cfNH3,2045,M2,-0.361702127659574,???
green_nh3_cofire,R12_AFR,2050,R12_AFR,coal_adv_cfNH3,2050,M2,-0.361702127659574,???
green_nh3_cofire,R12_CHN,2050,R12_CHN,coal_adv_cfNH3,2050,M2,-0.361702127659574,???
green_nh3_cofire,R12_EEU,2050,R12_EEU,coal_adv_cfNH3,2050,M2,-0.361702127659574,???
green_nh3_cofire,R12_FSU,2050,R12_FSU,coal_adv_cfNH3,2050,M2,-0.361702127659574,???
green_nh3_cofire,R12_LAM,2050,R12_LAM,coal_adv_cfNH3,2050,M2,-0.361702127659574,???
green_nh3_cofire,R12_MEA,2050,R12_MEA,coal_adv_cfNH3,2050,M2,-0.361702127659574,???
green_nh3_cofire,R12_NAM,2050,R12_NAM,coal_adv_cfNH3,2050,M2,-0.361702127659574,???
green_nh3_cofire,R12_PAO,2050,R12_PAO,coal_adv_cfNH3,2050,M2,-0.361702127659574,???
green_nh3_cofire,R12_PAS,2050,R12_PAS,coal_adv_cfNH3,2050,M2,-0.361702127659574,???
green_nh3_cofire,R12_RCPA,2050,R12_RCPA,coal_adv_cfNH3,2050,M2,-0.361702127659574,???
green_nh3_cofire,R12_SAS,2050,R12_SAS,coal_adv_cfNH3,2050,M2,-0.361702127659574,???
green_nh3_cofire,R12_WEU,2050,R12_WEU,coal_adv_cfNH3,2050,M2,-0.361702127659574,???
green_nh3_cofire,R12_AFR,2055,R12_AFR,coal_adv_cfNH3,2055,M2,-0.361702127659574,???
green_nh3_cofire,R12_CHN,2055,R12_CHN,coal_adv_cfNH3,2055,M2,-0.361702127659574,???
green_nh3_cofire,R12_EEU,2055,R12_EEU,coal_adv_cfNH3,2055,M2,-0.361702127659574,???
green_nh3_cofire,R12_FSU,2055,R12_FSU,coal_adv_cfNH3,2055,M2,-0.361702127659574,???
green_nh3_cofire,R12_LAM,2055,R12_LAM,coal_adv_cfNH3,2055,M2,-0.361702127659574,???
green_nh3_cofire,R12_MEA,2055,R12_MEA,coal_adv_cfNH3,2055,M2,-0.361702127659574,???
green_nh3_cofire,R12_NAM,2055,R12_NAM,coal_adv_cfNH3,2055,M2,-0.361702127659574,???
green_nh3_cofire,R12_PAO,2055,R12_PAO,coal_adv_cfNH3,2055,M2,-0.361702127659574,???
green_nh3_cofire,R12_PAS,2055,R12_PAS,coal_adv_cfNH3,2055,M2,-0.361702127659574,???
green_nh3_cofire,R12_RCPA,2055,R12_RCPA,coal_adv_cfNH3,2055,M2,-0.361702127659574,???
green_nh3_cofire,R12_SAS,2055,R12_SAS,coal_adv_cfNH3,2055,M2,-0.361702127659574,???
green_nh3_cofire,R12_WEU,2055,R12_WEU,coal_adv_cfNH3,2055,M2,-0.361702127659574,???
green_nh3_cofire,R12_AFR,2060,R12_AFR,coal_adv_cfNH3,2060,M2,-0.361702127659574,???
green_nh3_cofire,R12_CHN,2060,R12_CHN,coal_adv_cfNH3,2060,M2,-0.361702127659574,???
green_nh3_cofire,R12_EEU,2060,R12_EEU,coal_adv_cfNH3,2060,M2,-0.361702127659574,???
green_nh3_cofire,R12_FSU,2060,R12_FSU,coal_adv_cfNH3,2060,M2,-0.361702127659574,???
green_nh3_cofire,R12_LAM,2060,R12_LAM,coal_adv_cfNH3,2060,M2,-0.361702127659574,???
green_nh3_cofire,R12_MEA,2060,R12_MEA,coal_adv_cfNH3,2060,M2,-0.361702127659574,???
green_nh3_cofire,R12_NAM,2060,R12_NAM,coal_adv_cfNH3,2060,M2,-0.361702127659574,???
green_nh3_cofire,R12_PAO,2060,R12_PAO,coal_adv_cfNH3,2060,M2,-0.361702127659574,???
green_nh3_cofire,R12_PAS,2060,R12_PAS,coal_adv_cfNH3,2060,M2,-0.361702127659574,???
green_nh3_cofire,R12_RCPA,2060,R12_RCPA,coal_adv_cfNH3,2060,M2,-0.361702127659574,???
green_nh3_cofire,R12_SAS,2060,R12_SAS,coal_adv_cfNH3,2060,M2,-0.361702127659574,???
green_nh3_cofire,R12_WEU,2060,R12_WEU,coal_adv_cfNH3,2060,M2,-0.361702127659574,???
green_nh3_cofire,R12_AFR,2070,R12_AFR,coal_adv_cfNH3,2070,M2,-0.361702127659574,???
green_nh3_cofire,R12_CHN,2070,R12_CHN,coal_adv_cfNH3,2070,M2,-0.361702127659574,???
green_nh3_cofire,R12_EEU,2070,R12_EEU,coal_adv_cfNH3,2070,M2,-0.361702127659574,???
green_nh3_cofire,R12_FSU,2070,R12_FSU,coal_adv_cfNH3,2070,M2,-0.361702127659574,???
green_nh3_cofire,R12_LAM,2070,R12_LAM,coal_adv_cfNH3,2070,M2,-0.361702127659574,???
green_nh3_cofire,R12_MEA,2070,R12_MEA,coal_adv_cfNH3,2070,M2,-0.361702127659574,???
green_nh3_cofire,R12_NAM,2070,R12_NAM,coal_adv_cfNH3,2070,M2,-0.361702127659574,???
green_nh3_cofire,R12_PAO,2070,R12_PAO,coal_adv_cfNH3,2070,M2,-0.361702127659574,???
green_nh3_cofire,R12_PAS,2070,R12_PAS,coal_adv_cfNH3,2070,M2,-0.361702127659574,???
green_nh3_cofire,R12_RCPA,2070,R12_RCPA,coal_adv_cfNH3,2070,M2,-0.361702127659574,???
green_nh3_cofire,R12_SAS,2070,R12_SAS,coal_adv_cfNH3,2070,M2,-0.361702127659574,???
green_nh3_cofire,R12_WEU,2070,R12_WEU,coal_adv_cfNH3,2070,M2,-0.361702127659574,???
green_nh3_cofire,R12_AFR,2080,R12_AFR,coal_adv_cfNH3,2080,M2,-0.361702127659574,???
green_nh3_cofire,R12_CHN,2080,R12_CHN,coal_adv_cfNH3,2080,M2,-0.361702127659574,???
green_nh3_cofire,R12_EEU,2080,R12_EEU,coal_adv_cfNH3,2080,M2,-0.361702127659574,???
green_nh3_cofire,R12_FSU,2080,R12_FSU,coal_adv_cfNH3,2080,M2,-0.361702127659574,???
green_nh3_cofire,R12_LAM,2080,R12_LAM,coal_adv_cfNH3,2080,M2,-0.361702127659574,???
green_nh3_cofire,R12_MEA,2080,R12_MEA,coal_adv_cfNH3,2080,M2,-0.361702127659574,???
green_nh3_cofire,R12_NAM,2080,R12_NAM,coal_adv_cfNH3,2080,M2,-0.361702127659574,???
green_nh3_cofire,R12_PAO,2080,R12_PAO,coal_adv_cfNH3,2080,M2,-0.361702127659574,???
green_nh3_cofire,R12_PAS,2080,R12_PAS,coal_adv_cfNH3,2080,M2,-0.361702127659574,???
green_nh3_cofire,R12_RCPA,2080,R12_RCPA,coal_adv_cfNH3,2080,M2,-0.361702127659574,???
green_nh3_cofire,R12_SAS,2080,R12_SAS,coal_adv_cfNH3,2080,M2,-0.361702127659574,???
green_nh3_cofire,R12_WEU,2080,R12_WEU,coal_adv_cfNH3,2080,M2,-0.361702127659574,???
green_nh3_cofire,R12_AFR,2090,R12_AFR,coal_adv_cfNH3,2090,M2,-0.361702127659574,???
green_nh3_cofire,R12_CHN,2090,R12_CHN,coal_adv_cfNH3,2090,M2,-0.361702127659574,???
green_nh3_cofire,R12_EEU,2090,R12_EEU,coal_adv_cfNH3,2090,M2,-0.361702127659574,???
green_nh3_cofire,R12_FSU,2090,R12_FSU,coal_adv_cfNH3,2090,M2,-0.361702127659574,???
green_nh3_cofire,R12_LAM,2090,R12_LAM,coal_adv_cfNH3,2090,M2,-0.361702127659574,???
green_nh3_cofire,R12_MEA,2090,R12_MEA,coal_adv_cfNH3,2090,M2,-0.361702127659574,???
green_nh3_cofire,R12_NAM,2090,R12_NAM,coal_adv_cfNH3,2090,M2,-0.361702127659574,???
green_nh3_cofire,R12_PAO,2090,R12_PAO,coal_adv_cfNH3,2090,M2,-0.361702127659574,???
green_nh3_cofire,R12_PAS,2090,R12_PAS,coal_adv_cfNH3,2090,M2,-0.361702127659574,???
green_nh3_cofire,R12_RCPA,2090,R12_RCPA,coal_adv_cfNH3,2090,M2,-0.361702127659574,???
green_nh3_cofire,R12_SAS,2090,R12_SAS,coal_adv_cfNH3,2090,M2,-0.361702127659574,???
green_nh3_cofire,R12_WEU,2090,R12_WEU,coal_adv_cfNH3,2090,M2,-0.361702127659574,???
green_nh3_cofire,R12_AFR,2100,R12_AFR,coal_adv_cfNH3,2100,M2,-0.361702127659574,???
green_nh3_cofire,R12_CHN,2100,R12_CHN,coal_adv_cfNH3,2100,M2,-0.361702127659574,???
green_nh3_cofire,R12_EEU,2100,R12_EEU,coal_adv_cfNH3,2100,M2,-0.361702127659574,???
green_nh3_cofire,R12_FSU,2100,R12_FSU,coal_adv_cfNH3,2100,M2,-0.361702127659574,???
green_nh3_cofire,R12_LAM,2100,R12_LAM,coal_adv_cfNH3,2100,M2,-0.361702127659574,???
green_nh3_cofire,R12_MEA,2100,R12_MEA,coal_adv_cfNH3,2100,M2,-0.361702127659574,???
green_nh3_cofire,R12_NAM,2100,R12_NAM,coal_adv_cfNH3,2100,M2,-0.361702127659574,???
green_nh3_cofire,R12_PAO,2100,R12_PAO,coal_adv_cfNH3,2100,M2,-0.361702127659574,???
green_nh3_cofire,R12_PAS,2100,R12_PAS,coal_adv_cfNH3,2100,M2,-0.361702127659574,???
green_nh3_cofire,R12_RCPA,2100,R12_RCPA,coal_adv_cfNH3,2100,M2,-0.361702127659574,???
green_nh3_cofire,R12_SAS,2100,R12_SAS,coal_adv_cfNH3,2100,M2,-0.361702127659574,???
green_nh3_cofire,R12_WEU,2100,R12_WEU,coal_adv_cfNH3,2100,M2,-0.361702127659574,???
green_nh3_cofire,R12_AFR,2110,R12_AFR,coal_adv_cfNH3,2110,M2,-0.361702127659574,???
green_nh3_cofire,R12_CHN,2110,R12_CHN,coal_adv_cfNH3,2110,M2,-0.361702127659574,???
green_nh3_cofire,R12_EEU,2110,R12_EEU,coal_adv_cfNH3,2110,M2,-0.361702127659574,???
green_nh3_cofire,R12_FSU,2110,R12_FSU,coal_adv_cfNH3,2110,M2,-0.361702127659574,???
green_nh3_cofire,R12_LAM,2110,R12_LAM,coal_adv_cfNH3,2110,M2,-0.361702127659574,???
green_nh3_cofire,R12_MEA,2110,R12_MEA,coal_adv_cfNH3,2110,M2,-0.361702127659574,???
green_nh3_cofire,R12_NAM,2110,R12_NAM,coal_adv_cfNH3,2110,M2,-0.361702127659574,???
green_nh3_cofire,R12_PAO,2110,R12_PAO,coal_adv_cfNH3,2110,M2,-0.361702127659574,???
green_nh3_cofire,R12_PAS,2110,R12_PAS,coal_adv_cfNH3,2110,M2,-0.361702127659574,???
green_nh3_cofire,R12_RCPA,2110,R12_RCPA,coal_adv_cfNH3,2110,M2,-0.361702127659574,???
green_nh3_cofire,R12_SAS,2110,R12_SAS,coal_adv_cfNH3,2110,M2,-0.361702127659574,???
green_nh3_cofire,R12_WEU,2110,R12_WEU,coal_adv_cfNH3,2110,M2,-0.361702127659574,???
green_nh3_cofire,R12_AFR,2025,R12_AFR,electr_NH3,2025,M1,1.0,???
green_nh3_cofire,R12_CHN,2025,R12_CHN,electr_NH3,2025,M1,1.0,???
green_nh3_cofire,R12_EEU,2025,R12_EEU,electr_NH3,2025,M1,1.0,???
green_nh3_cofire,R12_FSU,2025,R12_FSU,electr_NH3,2025,M1,1.0,???
green_nh3_cofire,R12_LAM,2025,R12_LAM,electr_NH3,2025,M1,1.0,???
green_nh3_cofire,R12_MEA,2025,R12_MEA,electr_NH3,2025,M1,1.0,???
green_nh3_cofire,R12_NAM,2025,R12_NAM,electr_NH3,2025,M1,1.0,???
green_nh3_cofire,R12_PAO,2025,R12_PAO,electr_NH3,2025,M1,1.0,???
green_nh3_cofire,R12_PAS,2025,R12_PAS,electr_NH3,2025,M1,1.0,???
green_nh3_cofire,R12_RCPA,2025,R12_RCPA,electr_NH3,2025,M1,1.0,???
green_nh3_cofire,R12_SAS,2025,R12_SAS,electr_NH3,2025,M1,1.0,???
green_nh3_cofire,R12_WEU,2025,R12_WEU,electr_NH3,2025,M1,1.0,???
green_nh3_cofire,R12_AFR,2030,R12_AFR,electr_NH3,2030,M1,1.0,???
green_nh3_cofire,R12_CHN,2030,R12_CHN,electr_NH3,2030,M1,1.0,???
green_nh3_cofire,R12_EEU,2030,R12_EEU,electr_NH3,2030,M1,1.0,???
green_nh3_cofire,R12_FSU,2030,R12_FSU,electr_NH3,2030,M1,1.0,???
green_nh3_cofire,R12_LAM,2030,R12_LAM,electr_NH3,2030,M1,1.0,???
green_nh3_cofire,R12_MEA,2030,R12_MEA,electr_NH3,2030,M1,1.0,???
green_nh3_cofire,R12_NAM,2030,R12_NAM,electr_NH3,2030,M1,1.0,???
green_nh3_cofire,R12_PAO,2030,R12_PAO,electr_NH3,2030,M1,1.0,???
green_nh3_cofire,R12_PAS,2030,R12_PAS,electr_NH3,2030,M1,1.0,???
green_nh3_cofire,R12_RCPA,2030,R12_RCPA,electr_NH3,2030,M1,1.0,???
green_nh3_cofire,R12_SAS,2030,R12_SAS,electr_NH3,2030,M1,1.0,???
green_nh3_cofire,R12_WEU,2030,R12_WEU,electr_NH3,2030,M1,1.0,???
green_nh3_cofire,R12_AFR,2035,R12_AFR,electr_NH3,2035,M1,1.0,???
green_nh3_cofire,R12_CHN,2035,R12_CHN,electr_NH3,2035,M1,1.0,???
green_nh3_cofire,R12_EEU,2035,R12_EEU,electr_NH3,2035,M1,1.0,???
green_nh3_cofire,R12_FSU,2035,R12_FSU,electr_NH3,2035,M1,1.0,???
green_nh3_cofire,R12_LAM,2035,R12_LAM,electr_NH3,2035,M1,1.0,???
green_nh3_cofire,R12_MEA,2035,R12_MEA,electr_NH3,2035,M1,1.0,???
green_nh3_cofire,R12_NAM,2035,R12_NAM,electr_NH3,2035,M1,1.0,???
green_nh3_cofire,R12_PAO,2035,R12_PAO,electr_NH3,2035,M1,1.0,???
green_nh3_cofire,R12_PAS,2035,R12_PAS,electr_NH3,2035,M1,1.0,???
green_nh3_cofire,R12_RCPA,2035,R12_RCPA,electr_NH3,2035,M1,1.0,???
green_nh3_cofire,R12_SAS,2035,R12_SAS,electr_NH3,2035,M1,1.0,???
green_nh3_cofire,R12_WEU,2035,R12_WEU,electr_NH3,2035,M1,1.0,???
green_nh3_cofire,R12_AFR,2040,R12_AFR,electr_NH3,2040,M1,1.0,???
green_nh3_cofire,R12_CHN,2040,R12_CHN,electr_NH3,2040,M1,1.0,???
green_nh3_cofire,R12_EEU,2040,R12_EEU,electr_NH3,2040,M1,1.0,???
green_nh3_cofire,R12_FSU,2040,R12_FSU,electr_NH3,2040,M1,1.0,???
green_nh3_cofire,R12_LAM,2040,R12_LAM,electr_NH3,2040,M1,1.0,???
green_nh3_cofire,R12_MEA,2040,R12_MEA,electr_NH3,2040,M1,1.0,???
green_nh3_cofire,R12_NAM,2040,R12_NAM,electr_NH3,2040,M1,1.0,???
green_nh3_cofire,R12_PAO,2040,R12_PAO,electr_NH3,2040,M1,1.0,???
green_nh3_cofire,R12_PAS,2040,R12_PAS,electr_NH3,2040,M1,1.0,???
green_nh3_cofire,R12_RCPA,2040,R12_RCPA,electr_NH3,2040,M1,1.0,???
green_nh3_cofire,R12_SAS,2040,R12_SAS,electr_NH3,2040,M1,1.0,???
green_nh3_cofire,R12_WEU,2040,R12_WEU,electr_NH3,2040,M1,1.0,???
green_nh3_cofire,R12_AFR,2045,R12_AFR,electr_NH3,2045,M1,1.0,???
green_nh3_cofire,R12_CHN,2045,R12_CHN,electr_NH3,2045,M1,1.0,???
green_nh3_cofire,R12_EEU,2045,R12_EEU,electr_NH3,2045,M1,1.0,???
green_nh3_cofire,R12_FSU,2045,R12_FSU,electr_NH3,2045,M1,1.0,???
green_nh3_cofire,R12_LAM,2045,R12_LAM,electr_NH3,2045,M1,1.0,???
green_nh3_cofire,R12_MEA,2045,R12_MEA,electr_NH3,2045,M1,1.0,???
green_nh3_cofire,R12_NAM,2045,R12_NAM,electr_NH3,2045,M1,1.0,???
green_nh3_cofire,R12_PAO,2045,R12_PAO,electr_NH3,2045,M1,1.0,???
green_nh3_cofire,R12_PAS,2045,R12_PAS,electr_NH3,2045,M1,1.0,???
green_nh3_cofire,R12_RCPA,2045,R12_RCPA,electr_NH3,2045,M1,1.0,???
green_nh3_cofire,R12_SAS,2045,R12_SAS,electr_NH3,2045,M1,1.0,???
green_nh3_cofire,R12_WEU,2045,R12_WEU,electr_NH3,2045,M1,1.0,???
green_nh3_cofire,R12_AFR,2050,R12_AFR,electr_NH3,2050,M1,1.0,???
green_nh3_cofire,R12_CHN,2050,R12_CHN,electr_NH3,2050,M1,1.0,???
green_nh3_cofire,R12_EEU,2050,R12_EEU,electr_NH3,2050,M1,1.0,???
green_nh3_cofire,R12_FSU,2050,R12_FSU,electr_NH3,2050,M1,1.0,???
green_nh3_cofire,R12_LAM,2050,R12_LAM,electr_NH3,2050,M1,1.0,???
green_nh3_cofire,R12_MEA,2050,R12_MEA,electr_NH3,2050,M1,1.0,???
green_nh3_cofire,R12_NAM,2050,R12_NAM,electr_NH3,2050,M1,1.0,???
green_nh3_cofire,R12_PAO,2050,R12_PAO,electr_NH3,2050,M1,1.0,???
green_nh3_cofire,R12_PAS,2050,R12_PAS,electr_NH3,2050,M1,1.0,???
green_nh3_cofire,R12_RCPA,2050,R12_RCPA,electr_NH3,2050,M1,1.0,???
green_nh3_cofire,R12_SAS,2050,R12_SAS,electr_NH3,2050,M1,1.0,???
green_nh3_cofire,R12_WEU,2050,R12_WEU,electr_NH3,2050,M1,1.0,???
green_nh3_cofire,R12_AFR,2055,R12_AFR,electr_NH3,2055,M1,1.0,???
green_nh3_cofire,R12_CHN,2055,R12_CHN,electr_NH3,2055,M1,1.0,???
green_nh3_cofire,R12_EEU,2055,R12_EEU,electr_NH3,2055,M1,1.0,???
green_nh3_cofire,R12_FSU,2055,R12_FSU,electr_NH3,2055,M1,1.0,???
green_nh3_cofire,R12_LAM,2055,R12_LAM,electr_NH3,2055,M1,1.0,???
green_nh3_cofire,R12_MEA,2055,R12_MEA,electr_NH3,2055,M1,1.0,???
green_nh3_cofire,R12_NAM,2055,R12_NAM,electr_NH3,2055,M1,1.0,???
green_nh3_cofire,R12_PAO,2055,R12_PAO,electr_NH3,2055,M1,1.0,???
green_nh3_cofire,R12_PAS,2055,R12_PAS,electr_NH3,2055,M1,1.0,???
green_nh3_cofire,R12_RCPA,2055,R12_RCPA,electr_NH3,2055,M1,1.0,???
green_nh3_cofire,R12_SAS,2055,R12_SAS,electr_NH3,2055,M1,1.0,???
green_nh3_cofire,R12_WEU,2055,R12_WEU,electr_NH3,2055,M1,1.0,???
green_nh3_cofire,R12_AFR,2060,R12_AFR,electr_NH3,2060,M1,1.0,???
green_nh3_cofire,R12_CHN,2060,R12_CHN,electr_NH3,2060,M1,1.0,???
green_nh3_cofire,R12_EEU,2060,R12_EEU,electr_NH3,2060,M1,1.0,???
green_nh3_cofire,R12_FSU,2060,R12_FSU,electr_NH3,2060,M1,1.0,???
green_nh3_cofire,R12_LAM,2060,R12_LAM,electr_NH3,2060,M1,1.0,???
green_nh3_cofire,R12_MEA,2060,R12_MEA,electr_NH3,2060,M1,1.0,???
green_nh3_cofire,R12_NAM,2060,R12_NAM,electr_NH3,2060,M1,1.0,???
green_nh3_cofire,R12_PAO,2060,R12_PAO,electr_NH3,2060,M1,1.0,???
green_nh3_cofire,R12_PAS,2060,R12_PAS,electr_NH3,2060,M1,1.0,???
green_nh3_cofire,R12_RCPA,2060,R12_RCPA,electr_NH3,2060,M1,1.0,???
green_nh3_cofire,R12_SAS,2060,R12_SAS,electr_NH3,2060,M1,1.0,???
green_nh3_cofire,R12_WEU,2060,R12_WEU,electr_NH3,2060,M1,1.0,???
green_nh3_cofire,R12_AFR,2070,R12_AFR,electr_NH3,2070,M1,1.0,???
green_nh3_cofire,R12_CHN,2070,R12_CHN,electr_NH3,2070,M1,1.0,???
green_nh3_cofire,R12_EEU,2070,R12_EEU,electr_NH3,2070,M1,1.0,???
green_nh3_cofire,R12_FSU,2070,R12_FSU,electr_NH3,2070,M1,1.0,???
green_nh3_cofire,R12_LAM,2070,R12_LAM,electr_NH3,2070,M1,1.0,???
green_nh3_cofire,R12_MEA,2070,R12_MEA,electr_NH3,2070,M1,1.0,???
green_nh3_cofire,R12_NAM,2070,R12_NAM,electr_NH3,2070,M1,1.0,???
green_nh3_cofire,R12_PAO,2070,R12_PAO,electr_NH3,2070,M1,1.0,???
green_nh3_cofire,R12_PAS,2070,R12_PAS,electr_NH3,2070,M1,1.0,???
green_nh3_cofire,R12_RCPA,2070,R12_RCPA,electr_NH3,2070,M1,1.0,???
green_nh3_cofire,R12_SAS,2070,R12_SAS,electr_NH3,2070,M1,1.0,???
green_nh3_cofire,R12_WEU,2070,R12_WEU,electr_NH3,2070,M1,1.0,???
green_nh3_cofire,R12_AFR,2080,R12_AFR,electr_NH3,2080,M1,1.0,???
green_nh3_cofire,R12_CHN,2080,R12_CHN,electr_NH3,2080,M1,1.0,???
green_nh3_cofire,R12_EEU,2080,R12_EEU,electr_NH3,2080,M1,1.0,???
green_nh3_cofire,R12_FSU,2080,R12_FSU,electr_NH3,2080,M1,1.0,???
green_nh3_cofire,R12_LAM,2080,R12_LAM,electr_NH3,2080,M1,1.0,???
green_nh3_cofire,R12_MEA,2080,R12_MEA,electr_NH3,2080,M1,1.0,???
green_nh3_cofire,R12_NAM,2080,R12_NAM,electr_NH3,2080,M1,1.0,???
green_nh3_cofire,R12_PAO,2080,R12_PAO,electr_NH3,2080,M1,1.0,???
green_nh3_cofire,R12_PAS,2080,R12_PAS,electr_NH3,2080,M1,1.0,???
green_nh3_cofire,R12_RCPA,2080,R12_RCPA,electr_NH3,2080,M1,1.0,???
green_nh3_cofire,R12_SAS,2080,R12_SAS,electr_NH3,2080,M1,1.0,???
green_nh3_cofire,R12_WEU,2080,R12_WEU,electr_NH3,2080,M1,1.0,???
green_nh3_cofire,R12_AFR,2090,R12_AFR,electr_NH3,2090,M1,1.0,???
green_nh3_cofire,R12_CHN,2090,R12_CHN,electr_NH3,2090,M1,1.0,???
green_nh3_cofire,R12_EEU,2090,R12_EEU,electr_NH3,2090,M1,1.0,???
green_nh3_cofire,R12_FSU,2090,R12_FSU,electr_NH3,2090,M1,1.0,???
green_nh3_cofire,R12_LAM,2090,R12_LAM,electr_NH3,2090,M1,1.0,???
green_nh3_cofire,R12_MEA,2090,R12_MEA,electr_NH3,2090,M1,1.0,???
green_nh3_cofire,R12_NAM,2090,R12_NAM,electr_NH3,2090,M1,1.0,???
green_nh3_cofire,R12_PAO,2090,R12_PAO,electr_NH3,2090,M1,1.0,???
green_nh3_cofire,R12_PAS,2090,R12_PAS,electr_NH3,2090,M1,1.0,???
green_nh3_cofire,R12_RCPA,2090,R12_RCPA,electr_NH3,2090,M1,1.0,???
green_nh3_cofire,R12_SAS,2090,R12_SAS,electr_NH3,2090,M1,1.0,???
green_nh3_cofire,R12_WEU,2090,R12_WEU,electr_NH3,2090,M1,1.0,???
green_nh3_cofire,R12_AFR,2100,R12_AFR,electr_NH3,2100,M1,1.0,???
green_nh3_cofire,R12_CHN,2100,R12_CHN,electr_NH3,2100,M1,1.0,???
green_nh3_cofire,R12_EEU,2100,R12_EEU,electr_NH3,2100,M1,1.0,???
green_nh3_cofire,R12_FSU,2100,R12_FSU,electr_NH3,2100,M1,1.0,???
green_nh3_cofire,R12_LAM,2100,R12_LAM,electr_NH3,2100,M1,1.0,???
green_nh3_cofire,R12_MEA,2100,R12_MEA,electr_NH3,2100,M1,1.0,???
green_nh3_cofire,R12_NAM,2100,R12_NAM,electr_NH3,2100,M1,1.0,???
green_nh3_cofire,R12_PAO,2100,R12_PAO,electr_NH3,2100,M1,1.0,???
green_nh3_cofire,R12_PAS,2100,R12_PAS,electr_NH3,2100,M1,1.0,???
green_nh3_cofire,R12_RCPA,2100,R12_RCPA,electr_NH3,2100,M1,1.0,???
green_nh3_cofire,R12_SAS,2100,R12_SAS,electr_NH3,2100,M1,1.0,???
green_nh3_cofire,R12_WEU,2100,R12_WEU,electr_NH3,2100,M1,1.0,???
green_nh3_cofire,R12_AFR,2110,R12_AFR,electr_NH3,2110,M1,1.0,???
green_nh3_cofire,R12_CHN,2110,R12_CHN,electr_NH3,2110,M1,1.0,???
green_nh3_cofire,R12_EEU,2110,R12_EEU,electr_NH3,2110,M1,1.0,???
green_nh3_cofire,R12_FSU,2110,R12_FSU,electr_NH3,2110,M1,1.0,???
green_nh3_cofire,R12_LAM,2110,R12_LAM,electr_NH3,2110,M1,1.0,???
green_nh3_cofire,R12_MEA,2110,R12_MEA,electr_NH3,2110,M1,1.0,???
green_nh3_cofire,R12_NAM,2110,R12_NAM,electr_NH3,2110,M1,1.0,???
green_nh3_cofire,R12_PAO,2110,R12_PAO,electr_NH3,2110,M1,1.0,???
green_nh3_cofire,R12_PAS,2110,R12_PAS,electr_NH3,2110,M1,1.0,???
green_nh3_cofire,R12_RCPA,2110,R12_RCPA,electr_NH3,2110,M1,1.0,???
green_nh3_cofire,R12_SAS,2110,R12_SAS,electr_NH3,2110,M1,1.0,???
green_nh3_cofire,R12_WEU,2110,R12_WEU,electr_NH3,2110,M1,1.0,???
green_nh3_cofire,R12_AFR,2025,R12_AFR,coal_ppl_cfNH3,2025,M2,-0.258183762051019,???
green_nh3_cofire,R12_CHN,2025,R12_CHN,coal_ppl_cfNH3,2025,M2,-0.27645405669599205,???
green_nh3_cofire,R12_EEU,2025,R12_EEU,coal_ppl_cfNH3,2025,M2,-0.266999908778891,???
green_nh3_cofire,R12_FSU,2025,R12_FSU,coal_ppl_cfNH3,2025,M2,-0.29210382885951697,???
green_nh3_cofire,R12_LAM,2025,R12_LAM,coal_ppl_cfNH3,2025,M2,-0.271620505559979,???
green_nh3_cofire,R12_MEA,2025,R12_MEA,coal_ppl_cfNH3,2025,M2,-0.25,???
green_nh3_cofire,R12_NAM,2025,R12_NAM,coal_ppl_cfNH3,2025,M2,-0.258183762051019,???
green_nh3_cofire,R12_PAO,2025,R12_PAO,coal_ppl_cfNH3,2025,M2,-0.258183762051019,???
green_nh3_cofire,R12_PAS,2025,R12_PAS,coal_ppl_cfNH3,2025,M2,-0.266999908778891,???
green_nh3_cofire,R12_RCPA,2025,R12_RCPA,coal_ppl_cfNH3,2025,M2,-0.27645405669599205,???
green_nh3_cofire,R12_SAS,2025,R12_SAS,coal_ppl_cfNH3,2025,M2,-0.263157894736842,???
green_nh3_cofire,R12_WEU,2025,R12_WEU,coal_ppl_cfNH3,2025,M2,-0.25,???
green_nh3_cofire,R12_AFR,2030,R12_AFR,coal_ppl_cfNH3,2030,M2,-0.255950857435372,???
green_nh3_cofire,R12_CHN,2030,R12_CHN,coal_ppl_cfNH3,2030,M2,-0.268817204301075,???
green_nh3_cofire,R12_EEU,2030,R12_EEU,coal_ppl_cfNH3,2030,M2,-0.262260687123,???
green_nh3_cofire,R12_FSU,2030,R12_FSU,coal_ppl_cfNH3,2030,M2,-0.279329608938547,???
green_nh3_cofire,R12_LAM,2030,R12_LAM,coal_ppl_cfNH3,2030,M2,-0.26546323334218197,???
green_nh3_cofire,R12_MEA,2030,R12_MEA,coal_ppl_cfNH3,2030,M2,-0.25,???
green_nh3_cofire,R12_NAM,2030,R12_NAM,coal_ppl_cfNH3,2030,M2,-0.255950857435372,???
green_nh3_cofire,R12_PAO,2030,R12_PAO,coal_ppl_cfNH3,2030,M2,-0.255950857435372,???
green_nh3_cofire,R12_PAS,2030,R12_PAS,coal_ppl_cfNH3,2030,M2,-0.262260687123,???
green_nh3_cofire,R12_RCPA,2030,R12_RCPA,coal_ppl_cfNH3,2030,M2,-0.268817204301075,???
green_nh3_cofire,R12_SAS,2030,R12_SAS,coal_ppl_cfNH3,2030,M2,-0.263157894736842,???
green_nh3_cofire,R12_WEU,2030,R12_WEU,coal_ppl_cfNH3,2030,M2,-0.25,???
green_nh3_cofire,R12_AFR,2035,R12_AFR,coal_ppl_cfNH3,2035,M2,-0.253824912734801,???
green_nh3_cofire,R12_CHN,2035,R12_CHN,coal_ppl_cfNH3,2035,M2,-0.2619596225587,???
green_nh3_cofire,R12_EEU,2035,R12_EEU,coal_ppl_cfNH3,2035,M2,-0.257808833553899,???
green_nh3_cofire,R12_FSU,2035,R12_FSU,coal_ppl_cfNH3,2035,M2,-0.268530783850717,???
green_nh3_cofire,R12_LAM,2035,R12_LAM,coal_ppl_cfNH3,2035,M2,-0.259861034418357,???
green_nh3_cofire,R12_MEA,2035,R12_MEA,coal_ppl_cfNH3,2035,M2,-0.25,???
green_nh3_cofire,R12_NAM,2035,R12_NAM,coal_ppl_cfNH3,2035,M2,-0.253824912734801,???
green_nh3_cofire,R12_PAO,2035,R12_PAO,coal_ppl_cfNH3,2035,M2,-0.253824912734801,???
green_nh3_cofire,R12_PAS,2035,R12_PAS,coal_ppl_cfNH3,2035,M2,-0.257808833553899,???
green_nh3_cofire,R12_RCPA,2035,R12_RCPA,coal_ppl_cfNH3,2035,M2,-0.2619596225587,???
green_nh3_cofire,R12_SAS,2035,R12_SAS,coal_ppl_cfNH3,2035,M2,-0.263157894736842,???
green_nh3_cofire,R12_WEU,2035,R12_WEU,coal_ppl_cfNH3,2035,M2,-0.25,???
green_nh3_cofire,R12_AFR,2040,R12_AFR,coal_ppl_cfNH3,2040,M2,-0.25169896803423103,???
green_nh3_cofire,R12_CHN,2040,R12_CHN,coal_ppl_cfNH3,2040,M2,-0.255102040816326,???
green_nh3_cofire,R12_EEU,2040,R12_EEU,coal_ppl_cfNH3,2040,M2,-0.253356979984798,???
green_nh3_cofire,R12_FSU,2040,R12_FSU,coal_ppl_cfNH3,2040,M2,-0.257731958762886,???
green_nh3_cofire,R12_LAM,2040,R12_LAM,coal_ppl_cfNH3,2040,M2,-0.254258835494533,???
green_nh3_cofire,R12_MEA,2040,R12_MEA,coal_ppl_cfNH3,2040,M2,-0.25,???
green_nh3_cofire,R12_NAM,2040,R12_NAM,coal_ppl_cfNH3,2040,M2,-0.25169896803423103,???
green_nh3_cofire,R12_PAO,2040,R12_PAO,coal_ppl_cfNH3,2040,M2,-0.25169896803423103,???
green_nh3_cofire,R12_PAS,2040,R12_PAS,coal_ppl_cfNH3,2040,M2,-0.253356979984798,???
green_nh3_cofire,R12_RCPA,2040,R12_RCPA,coal_ppl_cfNH3,2040,M2,-0.255102040816326,???
green_nh3_cofire,R12_SAS,2040,R12_SAS,coal_ppl_cfNH3,2040,M2,-0.263157894736842,???
green_nh3_cofire,R12_WEU,2040,R12_WEU,coal_ppl_cfNH3,2040,M2,-0.25,???
green_nh3_cofire,R12_AFR,2045,R12_AFR,coal_ppl_cfNH3,2045,M2,-0.25084948401711504,???
green_nh3_cofire,R12_CHN,2045,R12_CHN,coal_ppl_cfNH3,2045,M2,-0.252551020408163,???
green_nh3_cofire,R12_EEU,2045,R12_EEU,coal_ppl_cfNH3,2045,M2,-0.251678489992399,???
green_nh3_cofire,R12_FSU,2045,R12_FSU,coal_ppl_cfNH3,2045,M2,-0.253865979381443,???
green_nh3_cofire,R12_LAM,2045,R12_LAM,coal_ppl_cfNH3,2045,M2,-0.252129417747266,???
green_nh3_cofire,R12_MEA,2045,R12_MEA,coal_ppl_cfNH3,2045,M2,-0.25,???
green_nh3_cofire,R12_NAM,2045,R12_NAM,coal_ppl_cfNH3,2045,M2,0.0,???
green_nh3_cofire,R12_PAO,2045,R12_PAO,coal_ppl_cfNH3,2045,M2,0.0,???
green_nh3_cofire,R12_PAS,2045,R12_PAS,coal_ppl_cfNH3,2045,M2,-0.251678489992399,???
green_nh3_cofire,R12_RCPA,2045,R12_RCPA,coal_ppl_cfNH3,2045,M2,-0.252551020408163,???
green_nh3_cofire,R12_SAS,2045,R12_SAS,coal_ppl_cfNH3,2045,M2,-0.256578947368421,???
green_nh3_cofire,R12_WEU,2045,R12_WEU,coal_ppl_cfNH3,2045,M2,0.0,???
green_nh3_cofire,R12_AFR,2050,R12_AFR,coal_ppl_cfNH3,2050,M2,-0.25084948401711504,???
green_nh3_cofire,R12_CHN,2050,R12_CHN,coal_ppl_cfNH3,2050,M2,-0.252551020408163,???
green_nh3_cofire,R12_EEU,2050,R12_EEU,coal_ppl_cfNH3,2050,M2,-0.251678489992399,???
green_nh3_cofire,R12_FSU,2050,R12_FSU,coal_ppl_cfNH3,2050,M2,-0.253865979381443,???
green_nh3_cofire,R12_LAM,2050,R12_LAM,coal_ppl_cfNH3,2050,M2,-0.252129417747266,???
green_nh3_cofire,R12_MEA,2050,R12_MEA,coal_ppl_cfNH3,2050,M2,-0.25,???
green_nh3_cofire,R12_NAM,2050,R12_NAM,coal_ppl_cfNH3,2050,M2,0.0,???
green_nh3_cofire,R12_PAO,2050,R12_PAO,coal_ppl_cfNH3,2050,M2,0.0,???
green_nh3_cofire,R12_PAS,2050,R12_PAS,coal_ppl_cfNH3,2050,M2,-0.251678489992399,???
green_nh3_cofire,R12_RCPA,2050,R12_RCPA,coal_ppl_cfNH3,2050,M2,-0.252551020408163,???
green_nh3_cofire,R12_SAS,2050,R12_SAS,coal_ppl_cfNH3,2050,M2,-0.256578947368421,???
green_nh3_cofire,R12_WEU,2050,R12_WEU,coal_ppl_cfNH3,2050,M2,0.0,???
green_nh3_cofire,R12_AFR,2055,R12_AFR,coal_ppl_cfNH3,2055,M2,-0.25084948401711504,???
green_nh3_cofire,R12_CHN,2055,R12_CHN,coal_ppl_cfNH3,2055,M2,-0.252551020408163,???
green_nh3_cofire,R12_EEU,2055,R12_EEU,coal_ppl_cfNH3,2055,M2,-0.251678489992399,???
green_nh3_cofire,R12_FSU,2055,R12_FSU,coal_ppl_cfNH3,2055,M2,-0.253865979381443,???
green_nh3_cofire,R12_LAM,2055,R12_LAM,coal_ppl_cfNH3,2055,M2,-0.252129417747266,???
green_nh3_cofire,R12_MEA,2055,R12_MEA,coal_ppl_cfNH3,2055,M2,-0.25,???
green_nh3_cofire,R12_NAM,2055,R12_NAM,coal_ppl_cfNH3,2055,M2,0.0,???
green_nh3_cofire,R12_PAO,2055,R12_PAO,coal_ppl_cfNH3,2055,M2,0.0,???
green_nh3_cofire,R12_PAS,2055,R12_PAS,coal_ppl_cfNH3,2055,M2,-0.251678489992399,???
green_nh3_cofire,R12_RCPA,2055,R12_RCPA,coal_ppl_cfNH3,2055,M2,-0.252551020408163,???
green_nh3_cofire,R12_SAS,2055,R12_SAS,coal_ppl_cfNH3,2055,M2,-0.256578947368421,???
green_nh3_cofire,R12_WEU,2055,R12_WEU,coal_ppl_cfNH3,2055,M2,0.0,???
green_nh3_cofire,R12_AFR,2060,R12_AFR,coal_ppl_cfNH3,2060,M2,-0.25084948401711504,???
green_nh3_cofire,R12_CHN,2060,R12_CHN,coal_ppl_cfNH3,2060,M2,-0.252551020408163,???
green_nh3_cofire,R12_EEU,2060,R12_EEU,coal_ppl_cfNH3,2060,M2,-0.251678489992399,???
green_nh3_cofire,R12_FSU,2060,R12_FSU,coal_ppl_cfNH3,2060,M2,-0.253865979381443,???
green_nh3_cofire,R12_LAM,2060,R12_LAM,coal_ppl_cfNH3,2060,M2,-0.252129417747266,???
green_nh3_cofire,R12_MEA,2060,R12_MEA,coal_ppl_cfNH3,2060,M2,-0.25,???
green_nh3_cofire,R12_NAM,2060,R12_NAM,coal_ppl_cfNH3,2060,M2,0.0,???
green_nh3_cofire,R12_PAO,2060,R12_PAO,coal_ppl_cfNH3,2060,M2,0.0,???
green_nh3_cofire,R12_PAS,2060,R12_PAS,coal_ppl_cfNH3,2060,M2,-0.251678489992399,???
green_nh3_cofire,R12_RCPA,2060,R12_RCPA,coal_ppl_cfNH3,2060,M2,-0.252551020408163,???
green_nh3_cofire,R12_SAS,2060,R12_SAS,coal_ppl_cfNH3,2060,M2,-0.256578947368421,???
green_nh3_cofire,R12_WEU,2060,R12_WEU,coal_ppl_cfNH3,2060,M2,0.0,???
green_nh3_cofire,R12_AFR,2070,R12_AFR,coal_ppl_cfNH3,2070,M2,-0.25084948401711504,???
green_nh3_cofire,R12_CHN,2070,R12_CHN,coal_ppl_cfNH3,2070,M2,-0.252551020408163,???
green_nh3_cofire,R12_EEU,2070,R12_EEU,coal_ppl_cfNH3,2070,M2,-0.251678489992399,???
green_nh3_cofire,R12_FSU,2070,R12_FSU,coal_ppl_cfNH3,2070,M2,-0.253865979381443,???
green_nh3_cofire,R12_LAM,2070,R12_LAM,coal_ppl_cfNH3,2070,M2,-0.252129417747266,???
green_nh3_cofire,R12_MEA,2070,R12_MEA,coal_ppl_cfNH3,2070,M2,-0.25,???
green_nh3_cofire,R12_NAM,2070,R12_NAM,coal_ppl_cfNH3,2070,M2,0.0,???
green_nh3_cofire,R12_PAO,2070,R12_PAO,coal_ppl_cfNH3,2070,M2,0.0,???
green_nh3_cofire,R12_PAS,2070,R12_PAS,coal_ppl_cfNH3,2070,M2,-0.251678489992399,???
green_nh3_cofire,R12_RCPA,2070,R12_RCPA,coal_ppl_cfNH3,2070,M2,-0.252551020408163,???
green_nh3_cofire,R12_SAS,2070,R12_SAS,coal_ppl_cfNH3,2070,M2,-0.256578947368421,???
green_nh3_cofire,R12_WEU,2070,R12_WEU,coal_ppl_cfNH3,2070,M2,0.0,???
green_nh3_cofire,R12_AFR,2080,R12_AFR,coal_ppl_cfNH3,2080,M2,-0.25084948401711504,???
green_nh3_cofire,R12_CHN,2080,R12_CHN,coal_ppl_cfNH3,2080,M2,-0.252551020408163,???
green_nh3_cofire,R12_EEU,2080,R12_EEU,coal_ppl_cfNH3,2080,M2,-0.251678489992399,???
green_nh3_cofire,R12_FSU,2080,R12_FSU,coal_ppl_cfNH3,2080,M2,-0.253865979381443,???
green_nh3_cofire,R12_LAM,2080,R12_LAM,coal_ppl_cfNH3,2080,M2,-0.252129417747266,???
green_nh3_cofire,R12_MEA,2080,R12_MEA,coal_ppl_cfNH3,2080,M2,-0.25,???
green_nh3_cofire,R12_NAM,2080,R12_NAM,coal_ppl_cfNH3,2080,M2,0.0,???
green_nh3_cofire,R12_PAO,2080,R12_PAO,coal_ppl_cfNH3,2080,M2,0.0,???
green_nh3_cofire,R12_PAS,2080,R12_PAS,coal_ppl_cfNH3,2080,M2,-0.251678489992399,???
green_nh3_cofire,R12_RCPA,2080,R12_RCPA,coal_ppl_cfNH3,2080,M2,-0.252551020408163,???
green_nh3_cofire,R12_SAS,2080,R12_SAS,coal_ppl_cfNH3,2080,M2,-0.256578947368421,???
green_nh3_cofire,R12_WEU,2080,R12_WEU,coal_ppl_cfNH3,2080,M2,0.0,???
green_nh3_cofire,R12_AFR,2090,R12_AFR,coal_ppl_cfNH3,2090,M2,-0.25084948401711504,???
green_nh3_cofire,R12_CHN,2090,R12_CHN,coal_ppl_cfNH3,2090,M2,-0.252551020408163,???
green_nh3_cofire,R12_EEU,2090,R12_EEU,coal_ppl_cfNH3,2090,M2,-0.251678489992399,???
green_nh3_cofire,R12_FSU,2090,R12_FSU,coal_ppl_cfNH3,2090,M2,-0.253865979381443,???
green_nh3_cofire,R12_LAM,2090,R12_LAM,coal_ppl_cfNH3,2090,M2,-0.252129417747266,???
green_nh3_cofire,R12_MEA,2090,R12_MEA,coal_ppl_cfNH3,2090,M2,-0.25,???
green_nh3_cofire,R12_NAM,2090,R12_NAM,coal_ppl_cfNH3,2090,M2,0.0,???
green_nh3_cofire,R12_PAO,2090,R12_PAO,coal_ppl_cfNH3,2090,M2,0.0,???
green_nh3_cofire,R12_PAS,2090,R12_PAS,coal_ppl_cfNH3,2090,M2,-0.251678489992399,???
green_nh3_cofire,R12_RCPA,2090,R12_RCPA,coal_ppl_cfNH3,2090,M2,-0.252551020408163,???
green_nh3_cofire,R12_SAS,2090,R12_SAS,coal_ppl_cfNH3,2090,M2,-0.256578947368421,???
green_nh3_cofire,R12_WEU,2090,R12_WEU,coal_ppl_cfNH3,2090,M2,0.0,???
green_nh3_cofire,R12_AFR,2100,R12_AFR,coal_ppl_cfNH3,2100,M2,-0.25084948401711504,???
green_nh3_cofire,R12_CHN,2100,R12_CHN,coal_ppl_cfNH3,2100,M2,-0.252551020408163,???
green_nh3_cofire,R12_EEU,2100,R12_EEU,coal_ppl_cfNH3,2100,M2,-0.251678489992399,???
green_nh3_cofire,R12_FSU,2100,R12_FSU,coal_ppl_cfNH3,2100,M2,-0.253865979381443,???
green_nh3_cofire,R12_LAM,2100,R12_LAM,coal_ppl_cfNH3,2100,M2,-0.252129417747266,???
green_nh3_cofire,R12_MEA,2100,R12_MEA,coal_ppl_cfNH3,2100,M2,-0.25,???
green_nh3_cofire,R12_NAM,2100,R12_NAM,coal_ppl_cfNH3,2100,M2,0.0,???
green_nh3_cofire,R12_PAO,2100,R12_PAO,coal_ppl_cfNH3,2100,M2,0.0,???
green_nh3_cofire,R12_PAS,2100,R12_PAS,coal_ppl_cfNH3,2100,M2,-0.251678489992399,???
green_nh3_cofire,R12_RCPA,2100,R12_RCPA,coal_ppl_cfNH3,2100,M2,-0.252551020408163,???
green_nh3_cofire,R12_SAS,2100,R12_SAS,coal_ppl_cfNH3,2100,M2,-0.256578947368421,???
green_nh3_cofire,R12_WEU,2100,R12_WEU,coal_ppl_cfNH3,2100,M2,0.0,???
green_nh3_cofire,R12_AFR,2110,R12_AFR,coal_ppl_cfNH3,2110,M2,-0.25084948401711504,???
green_nh3_cofire,R12_CHN,2110,R12_CHN,coal_ppl_cfNH3,2110,M2,-0.252551020408163,???
green_nh3_cofire,R12_EEU,2110,R12_EEU,coal_ppl_cfNH3,2110,M2,-0.251678489992399,???
green_nh3_cofire,R12_FSU,2110,R12_FSU,coal_ppl_cfNH3,2110,M2,-0.253865979381443,???
green_nh3_cofire,R12_LAM,2110,R12_LAM,coal_ppl_cfNH3,2110,M2,-0.252129417747266,???
green_nh3_cofire,R12_MEA,2110,R12_MEA,coal_ppl_cfNH3,2110,M2,-0.25,???
green_nh3_cofire,R12_NAM,2110,R12_NAM,coal_ppl_cfNH3,2110,M2,0.0,???
green_nh3_cofire,R12_PAO,2110,R12_PAO,coal_ppl_cfNH3,2110,M2,0.0,???
green_nh3_cofire,R12_PAS,2110,R12_PAS,coal_ppl_cfNH3,2110,M2,-0.251678489992399,???
green_nh3_cofire,R12_RCPA,2110,R12_RCPA,coal_ppl_cfNH3,2110,M2,-0.252551020408163,???
green_nh3_cofire,R12_SAS,2110,R12_SAS,coal_ppl_cfNH3,2110,M2,-0.256578947368421,???
green_nh3_cofire,R12_WEU,2110,R12_WEU,coal_ppl_cfNH3,2110,M2,0.0,???
green_nh3_cofire,R12_AFR,2025,R12_AFR,coal_ppl_u_cfNH3,2025,M2,-0.258183762051019,???
green_nh3_cofire,R12_CHN,2025,R12_CHN,coal_ppl_u_cfNH3,2025,M2,-0.27645405669599205,???
green_nh3_cofire,R12_EEU,2025,R12_EEU,coal_ppl_u_cfNH3,2025,M2,-0.266999908778891,???
green_nh3_cofire,R12_FSU,2025,R12_FSU,coal_ppl_u_cfNH3,2025,M2,-0.29210382885951697,???
green_nh3_cofire,R12_LAM,2025,R12_LAM,coal_ppl_u_cfNH3,2025,M2,-0.271620505559979,???
green_nh3_cofire,R12_MEA,2025,R12_MEA,coal_ppl_u_cfNH3,2025,M2,-0.25,???
green_nh3_cofire,R12_NAM,2025,R12_NAM,coal_ppl_u_cfNH3,2025,M2,-0.258183762051019,???
green_nh3_cofire,R12_PAO,2025,R12_PAO,coal_ppl_u_cfNH3,2025,M2,-0.258183762051019,???
green_nh3_cofire,R12_PAS,2025,R12_PAS,coal_ppl_u_cfNH3,2025,M2,-0.266999908778891,???
green_nh3_cofire,R12_RCPA,2025,R12_RCPA,coal_ppl_u_cfNH3,2025,M2,-0.27645405669599205,???
green_nh3_cofire,R12_SAS,2025,R12_SAS,coal_ppl_u_cfNH3,2025,M2,-0.263157894736842,???
green_nh3_cofire,R12_WEU,2025,R12_WEU,coal_ppl_u_cfNH3,2025,M2,-0.25,???
green_nh3_cofire,R12_AFR,2030,R12_AFR,coal_ppl_u_cfNH3,2030,M2,-0.258183762051019,???
green_nh3_cofire,R12_CHN,2030,R12_CHN,coal_ppl_u_cfNH3,2030,M2,-0.27645405669599205,???
green_nh3_cofire,R12_EEU,2030,R12_EEU,coal_ppl_u_cfNH3,2030,M2,-0.266999908778891,???
green_nh3_cofire,R12_FSU,2030,R12_FSU,coal_ppl_u_cfNH3,2030,M2,-0.29210382885951697,???
green_nh3_cofire,R12_LAM,2030,R12_LAM,coal_ppl_u_cfNH3,2030,M2,-0.271620505559979,???
green_nh3_cofire,R12_MEA,2030,R12_MEA,coal_ppl_u_cfNH3,2030,M2,-0.25,???
green_nh3_cofire,R12_NAM,2030,R12_NAM,coal_ppl_u_cfNH3,2030,M2,-0.258183762051019,???
green_nh3_cofire,R12_PAO,2030,R12_PAO,coal_ppl_u_cfNH3,2030,M2,-0.258183762051019,???
green_nh3_cofire,R12_PAS,2030,R12_PAS,coal_ppl_u_cfNH3,2030,M2,-0.266999908778891,???
green_nh3_cofire,R12_RCPA,2030,R12_RCPA,coal_ppl_u_cfNH3,2030,M2,-0.27645405669599205,???
green_nh3_cofire,R12_SAS,2030,R12_SAS,coal_ppl_u_cfNH3,2030,M2,-0.263157894736842,???
green_nh3_cofire,R12_WEU,2030,R12_WEU,coal_ppl_u_cfNH3,2030,M2,-0.25,???
green_nh3_cofire,R12_AFR,2035,R12_AFR,coal_ppl_u_cfNH3,2035,M2,-0.258183762051019,???
green_nh3_cofire,R12_CHN,2035,R12_CHN,coal_ppl_u_cfNH3,2035,M2,-0.27645405669599205,???
green_nh3_cofire,R12_EEU,2035,R12_EEU,coal_ppl_u_cfNH3,2035,M2,-0.266999908778891,???
green_nh3_cofire,R12_FSU,2035,R12_FSU,coal_ppl_u_cfNH3,2035,M2,-0.29210382885951697,???
green_nh3_cofire,R12_LAM,2035,R12_LAM,coal_ppl_u_cfNH3,2035,M2,-0.271620505559979,???
green_nh3_cofire,R12_MEA,2035,R12_MEA,coal_ppl_u_cfNH3,2035,M2,-0.25,???
green_nh3_cofire,R12_NAM,2035,R12_NAM,coal_ppl_u_cfNH3,2035,M2,-0.258183762051019,???
green_nh3_cofire,R12_PAO,2035,R12_PAO,coal_ppl_u_cfNH3,2035,M2,-0.258183762051019,???
green_nh3_cofire,R12_PAS,2035,R12_PAS,coal_ppl_u_cfNH3,2035,M2,-0.266999908778891,???
green_nh3_cofire,R12_RCPA,2035,R12_RCPA,coal_ppl_u_cfNH3,2035,M2,-0.27645405669599205,???
green_nh3_cofire,R12_SAS,2035,R12_SAS,coal_ppl_u_cfNH3,2035,M2,-0.263157894736842,???
green_nh3_cofire,R12_WEU,2035,R12_WEU,coal_ppl_u_cfNH3,2035,M2,-0.25,???
green_nh3_cofire,R12_AFR,2040,R12_AFR,coal_ppl_u_cfNH3,2040,M2,-0.258183762051019,???
green_nh3_cofire,R12_CHN,2040,R12_CHN,coal_ppl_u_cfNH3,2040,M2,-0.27645405669599205,???
green_nh3_cofire,R12_EEU,2040,R12_EEU,coal_ppl_u_cfNH3,2040,M2,-0.266999908778891,???
green_nh3_cofire,R12_FSU,2040,R12_FSU,coal_ppl_u_cfNH3,2040,M2,-0.29210382885951697,???
green_nh3_cofire,R12_LAM,2040,R12_LAM,coal_ppl_u_cfNH3,2040,M2,-0.271620505559979,???
green_nh3_cofire,R12_MEA,2040,R12_MEA,coal_ppl_u_cfNH3,2040,M2,-0.25,???
green_nh3_cofire,R12_NAM,2040,R12_NAM,coal_ppl_u_cfNH3,2040,M2,-0.258183762051019,???
green_nh3_cofire,R12_PAO,2040,R12_PAO,coal_ppl_u_cfNH3,2040,M2,-0.258183762051019,???
green_nh3_cofire,R12_PAS,2040,R12_PAS,coal_ppl_u_cfNH3,2040,M2,-0.266999908778891,???
green_nh3_cofire,R12_RCPA,2040,R12_RCPA,coal_ppl_u_cfNH3,2040,M2,-0.27645405669599205,???
green_nh3_cofire,R12_SAS,2040,R12_SAS,coal_ppl_u_cfNH3,2040,M2,-0.263157894736842,???
green_nh3_cofire,R12_WEU,2040,R12_WEU,coal_ppl_u_cfNH3,2040,M2,-0.25,???
green_nh3_cofire,R12_AFR,2045,R12_AFR,coal_ppl_u_cfNH3,2045,M2,-0.258183762051019,???
green_nh3_cofire,R12_CHN,2045,R12_CHN,coal_ppl_u_cfNH3,2045,M2,-0.27645405669599205,???
green_nh3_cofire,R12_EEU,2045,R12_EEU,coal_ppl_u_cfNH3,2045,M2,-0.266999908778891,???
green_nh3_cofire,R12_FSU,2045,R12_FSU,coal_ppl_u_cfNH3,2045,M2,-0.29210382885951697,???
green_nh3_cofire,R12_LAM,2045,R12_LAM,coal_ppl_u_cfNH3,2045,M2,-0.271620505559979,???
green_nh3_cofire,R12_MEA,2045,R12_MEA,coal_ppl_u_cfNH3,2045,M2,-0.25,???
green_nh3_cofire,R12_NAM,2045,R12_NAM,coal_ppl_u_cfNH3,2045,M2,-0.258183762051019,???
green_nh3_cofire,R12_PAO,2045,R12_PAO,coal_ppl_u_cfNH3,2045,M2,-0.258183762051019,???
green_nh3_cofire,R12_PAS,2045,R12_PAS,coal_ppl_u_cfNH3,2045,M2,-0.266999908778891,???
green_nh3_cofire,R12_RCPA,2045,R12_RCPA,coal_ppl_u_cfNH3,2045,M2,-0.27645405669599205,???
green_nh3_cofire,R12_SAS,2045,R12_SAS,coal_ppl_u_cfNH3,2045,M2,-0.263157894736842,???
green_nh3_cofire,R12_WEU,2045,R12_WEU,coal_ppl_u_cfNH3,2045,M2,-0.25,???
green_nh3_cofire,R12_AFR,2050,R12_AFR,coal_ppl_u_cfNH3,2050,M2,-0.258183762051019,???
green_nh3_cofire,R12_CHN,2050,R12_CHN,coal_ppl_u_cfNH3,2050,M2,-0.27645405669599205,???
green_nh3_cofire,R12_EEU,2050,R12_EEU,coal_ppl_u_cfNH3,2050,M2,-0.266999908778891,???
green_nh3_cofire,R12_FSU,2050,R12_FSU,coal_ppl_u_cfNH3,2050,M2,-0.29210382885951697,???
green_nh3_cofire,R12_LAM,2050,R12_LAM,coal_ppl_u_cfNH3,2050,M2,-0.271620505559979,???
green_nh3_cofire,R12_MEA,2050,R12_MEA,coal_ppl_u_cfNH3,2050,M2,-0.25,???
green_nh3_cofire,R12_NAM,2050,R12_NAM,coal_ppl_u_cfNH3,2050,M2,-0.258183762051019,???
green_nh3_cofire,R12_PAO,2050,R12_PAO,coal_ppl_u_cfNH3,2050,M2,-0.258183762051019,???
green_nh3_cofire,R12_PAS,2050,R12_PAS,coal_ppl_u_cfNH3,2050,M2,-0.266999908778891,???
green_nh3_cofire,R12_RCPA,2050,R12_RCPA,coal_ppl_u_cfNH3,2050,M2,-0.27645405669599205,???
green_nh3_cofire,R12_SAS,2050,R12_SAS,coal_ppl_u_cfNH3,2050,M2,-0.263157894736842,???
green_nh3_cofire,R12_WEU,2050,R12_WEU,coal_ppl_u_cfNH3,2050,M2,-0.25,???
green_nh3_cofire,R12_AFR,2055,R12_AFR,coal_ppl_u_cfNH3,2055,M2,-0.258183762051019,???
green_nh3_cofire,R12_CHN,2055,R12_CHN,coal_ppl_u_cfNH3,2055,M2,-0.27645405669599205,???
green_nh3_cofire,R12_EEU,2055,R12_EEU,coal_ppl_u_cfNH3,2055,M2,-0.266999908778891,???
green_nh3_cofire,R12_FSU,2055,R12_FSU,coal_ppl_u_cfNH3,2055,M2,-0.29210382885951697,???
green_nh3_cofire,R12_LAM,2055,R12_LAM,coal_ppl_u_cfNH3,2055,M2,-0.271620505559979,???
green_nh3_cofire,R12_MEA,2055,R12_MEA,coal_ppl_u_cfNH3,2055,M2,-0.25,???
green_nh3_cofire,R12_NAM,2055,R12_NAM,coal_ppl_u_cfNH3,2055,M2,-0.258183762051019,???
green_nh3_cofire,R12_PAO,2055,R12_PAO,coal_ppl_u_cfNH3,2055,M2,-0.258183762051019,???
green_nh3_cofire,R12_PAS,2055,R12_PAS,coal_ppl_u_cfNH3,2055,M2,-0.266999908778891,???
green_nh3_cofire,R12_RCPA,2055,R12_RCPA,coal_ppl_u_cfNH3,2055,M2,-0.27645405669599205,???
green_nh3_cofire,R12_SAS,2055,R12_SAS,coal_ppl_u_cfNH3,2055,M2,-0.263157894736842,???
green_nh3_cofire,R12_WEU,2055,R12_WEU,coal_ppl_u_cfNH3,2055,M2,-0.25,???
green_nh3_cofire,R12_AFR,2060,R12_AFR,coal_ppl_u_cfNH3,2060,M2,-0.258183762051019,???
green_nh3_cofire,R12_CHN,2060,R12_CHN,coal_ppl_u_cfNH3,2060,M2,-0.27645405669599205,???
green_nh3_cofire,R12_EEU,2060,R12_EEU,coal_ppl_u_cfNH3,2060,M2,-0.266999908778891,???
green_nh3_cofire,R12_FSU,2060,R12_FSU,coal_ppl_u_cfNH3,2060,M2,-0.29210382885951697,???
green_nh3_cofire,R12_LAM,2060,R12_LAM,coal_ppl_u_cfNH3,2060,M2,-0.271620505559979,???
green_nh3_cofire,R12_MEA,2060,R12_MEA,coal_ppl_u_cfNH3,2060,M2,-0.25,???
green_nh3_cofire,R12_NAM,2060,R12_NAM,coal_ppl_u_cfNH3,2060,M2,-0.258183762051019,???
green_nh3_cofire,R12_PAO,2060,R12_PAO,coal_ppl_u_cfNH3,2060,M2,-0.258183762051019,???
green_nh3_cofire,R12_PAS,2060,R12_PAS,coal_ppl_u_cfNH3,2060,M2,-0.266999908778891,???
green_nh3_cofire,R12_RCPA,2060,R12_RCPA,coal_ppl_u_cfNH3,2060,M2,-0.27645405669599205,???
green_nh3_cofire,R12_SAS,2060,R12_SAS,coal_ppl_u_cfNH3,2060,M2,-0.263157894736842,???
green_nh3_cofire,R12_WEU,2060,R12_WEU,coal_ppl_u_cfNH3,2060,M2,-0.25,???
green_nh3_cofire,R12_AFR,2070,R12_AFR,coal_ppl_u_cfNH3,2070,M2,-0.258183762051019,???
green_nh3_cofire,R12_CHN,2070,R12_CHN,coal_ppl_u_cfNH3,2070,M2,-0.27645405669599205,???
green_nh3_cofire,R12_EEU,2070,R12_EEU,coal_ppl_u_cfNH3,2070,M2,-0.266999908778891,???
green_nh3_cofire,R12_FSU,2070,R12_FSU,coal_ppl_u_cfNH3,2070,M2,-0.29210382885951697,???
green_nh3_cofire,R12_LAM,2070,R12_LAM,coal_ppl_u_cfNH3,2070,M2,-0.271620505559979,???
green_nh3_cofire,R12_MEA,2070,R12_MEA,coal_ppl_u_cfNH3,2070,M2,-0.25,???
green_nh3_cofire,R12_NAM,2070,R12_NAM,coal_ppl_u_cfNH3,2070,M2,-0.258183762051019,???
green_nh3_cofire,R12_PAO,2070,R12_PAO,coal_ppl_u_cfNH3,2070,M2,-0.258183762051019,???
green_nh3_cofire,R12_PAS,2070,R12_PAS,coal_ppl_u_cfNH3,2070,M2,-0.266999908778891,???
green_nh3_cofire,R12_RCPA,2070,R12_RCPA,coal_ppl_u_cfNH3,2070,M2,-0.27645405669599205,???
green_nh3_cofire,R12_SAS,2070,R12_SAS,coal_ppl_u_cfNH3,2070,M2,-0.263157894736842,???
green_nh3_cofire,R12_WEU,2070,R12_WEU,coal_ppl_u_cfNH3,2070,M2,-0.25,???
green_nh3_cofire,R12_AFR,2080,R12_AFR,coal_ppl_u_cfNH3,2080,M2,-0.258183762051019,???
green_nh3_cofire,R12_CHN,2080,R12_CHN,coal_ppl_u_cfNH3,2080,M2,-0.27645405669599205,???
green_nh3_cofire,R12_EEU,2080,R12_EEU,coal_ppl_u_cfNH3,2080,M2,-0.266999908778891,???
green_nh3_cofire,R12_FSU,2080,R12_FSU,coal_ppl_u_cfNH3,2080,M2,-0.29210382885951697,???
green_nh3_cofire,R12_LAM,2080,R12_LAM,coal_ppl_u_cfNH3,2080,M2,-0.271620505559979,???
green_nh3_cofire,R12_MEA,2080,R12_MEA,coal_ppl_u_cfNH3,2080,M2,-0.25,???
green_nh3_cofire,R12_NAM,2080,R12_NAM,coal_ppl_u_cfNH3,2080,M2,-0.258183762051019,???
green_nh3_cofire,R12_PAO,2080,R12_PAO,coal_ppl_u_cfNH3,2080,M2,-0.258183762051019,???
green_nh3_cofire,R12_PAS,2080,R12_PAS,coal_ppl_u_cfNH3,2080,M2,-0.266999908778891,???
green_nh3_cofire,R12_RCPA,2080,R12_RCPA,coal_ppl_u_cfNH3,2080,M2,-0.27645405669599205,???
green_nh3_cofire,R12_SAS,2080,R12_SAS,coal_ppl_u_cfNH3,2080,M2,-0.263157894736842,???
green_nh3_cofire,R12_WEU,2080,R12_WEU,coal_ppl_u_cfNH3,2080,M2,-0.25,???
green_nh3_cofire,R12_AFR,2090,R12_AFR,coal_ppl_u_cfNH3,2090,M2,-0.258183762051019,???
green_nh3_cofire,R12_CHN,2090,R12_CHN,coal_ppl_u_cfNH3,2090,M2,-0.27645405669599205,???
green_nh3_cofire,R12_EEU,2090,R12_EEU,coal_ppl_u_cfNH3,2090,M2,-0.266999908778891,???
green_nh3_cofire,R12_FSU,2090,R12_FSU,coal_ppl_u_cfNH3,2090,M2,-0.29210382885951697,???
green_nh3_cofire,R12_LAM,2090,R12_LAM,coal_ppl_u_cfNH3,2090,M2,-0.271620505559979,???
green_nh3_cofire,R12_MEA,2090,R12_MEA,coal_ppl_u_cfNH3,2090,M2,-0.25,???
green_nh3_cofire,R12_NAM,2090,R12_NAM,coal_ppl_u_cfNH3,2090,M2,-0.258183762051019,???
green_nh3_cofire,R12_PAO,2090,R12_PAO,coal_ppl_u_cfNH3,2090,M2,-0.258183762051019,???
green_nh3_cofire,R12_PAS,2090,R12_PAS,coal_ppl_u_cfNH3,2090,M2,-0.266999908778891,???
green_nh3_cofire,R12_RCPA,2090,R12_RCPA,coal_ppl_u_cfNH3,2090,M2,-0.27645405669599205,???
green_nh3_cofire,R12_SAS,2090,R12_SAS,coal_ppl_u_cfNH3,2090,M2,-0.263157894736842,???
green_nh3_cofire,R12_WEU,2090,R12_WEU,coal_ppl_u_cfNH3,2090,M2,-0.25,???
green_nh3_cofire,R12_AFR,2100,R12_AFR,coal_ppl_u_cfNH3,2100,M2,-0.258183762051019,???
green_nh3_cofire,R12_CHN,2100,R12_CHN,coal_ppl_u_cfNH3,2100,M2,-0.27645405669599205,???
green_nh3_cofire,R12_EEU,2100,R12_EEU,coal_ppl_u_cfNH3,2100,M2,-0.266999908778891,???
green_nh3_cofire,R12_FSU,2100,R12_FSU,coal_ppl_u_cfNH3,2100,M2,-0.29210382885951697,???
green_nh3_cofire,R12_LAM,2100,R12_LAM,coal_ppl_u_cfNH3,2100,M2,-0.271620505559979,???
green_nh3_cofire,R12_MEA,2100,R12_MEA,coal_ppl_u_cfNH3,2100,M2,-0.25,???
green_nh3_cofire,R12_NAM,2100,R12_NAM,coal_ppl_u_cfNH3,2100,M2,-0.258183762051019,???
green_nh3_cofire,R12_PAO,2100,R12_PAO,coal_ppl_u_cfNH3,2100,M2,-0.258183762051019,???
green_nh3_cofire,R12_PAS,2100,R12_PAS,coal_ppl_u_cfNH3,2100,M2,-0.266999908778891,???
green_nh3_cofire,R12_RCPA,2100,R12_RCPA,coal_ppl_u_cfNH3,2100,M2,-0.27645405669599205,???
green_nh3_cofire,R12_SAS,2100,R12_SAS,coal_ppl_u_cfNH3,2100,M2,-0.263157894736842,???
green_nh3_cofire,R12_WEU,2100,R12_WEU,coal_ppl_u_cfNH3,2100,M2,-0.25,???
green_nh3_cofire,R12_AFR,2110,R12_AFR,coal_ppl_u_cfNH3,2110,M2,-0.258183762051019,???
green_nh3_cofire,R12_CHN,2110,R12_CHN,coal_ppl_u_cfNH3,2110,M2,-0.27645405669599205,???
green_nh3_cofire,R12_EEU,2110,R12_EEU,coal_ppl_u_cfNH3,2110,M2,-0.266999908778891,???
green_nh3_cofire,R12_FSU,2110,R12_FSU,coal_ppl_u_cfNH3,2110,M2,-0.29210382885951697,???
green_nh3_cofire,R12_LAM,2110,R12_LAM,coal_ppl_u_cfNH3,2110,M2,-0.271620505559979,???
green_nh3_cofire,R12_MEA,2110,R12_MEA,coal_ppl_u_cfNH3,2110,M2,-0.25,???
green_nh3_cofire,R12_NAM,2110,R12_NAM,coal_ppl_u_cfNH3,2110,M2,-0.258183762051019,???
green_nh3_cofire,R12_PAO,2110,R12_PAO,coal_ppl_u_cfNH3,2110,M2,-0.258183762051019,???
green_nh3_cofire,R12_PAS,2110,R12_PAS,coal_ppl_u_cfNH3,2110,M2,-0.266999908778891,???
green_nh3_cofire,R12_RCPA,2110,R12_RCPA,coal_ppl_u_cfNH3,2110,M2,-0.27645405669599205,???
green_nh3_cofire,R12_SAS,2110,R12_SAS,coal_ppl_u_cfNH3,2110,M2,-0.263157894736842,???
green_nh3_cofire,R12_WEU,2110,R12_WEU,coal_ppl_u_cfNH3,2110,M2,-0.25,???
green_nh3_cofire,R12_AFR,2025,R12_AFR,biomass_NH3,2025,M1,1.0,???
green_nh3_cofire,R12_CHN,2025,R12_CHN,biomass_NH3,2025,M1,1.0,???
green_nh3_cofire,R12_EEU,2025,R12_EEU,biomass_NH3,2025,M1,1.0,???
green_nh3_cofire,R12_FSU,2025,R12_FSU,biomass_NH3,2025,M1,1.0,???
green_nh3_cofire,R12_LAM,2025,R12_LAM,biomass_NH3,2025,M1,1.0,???
green_nh3_cofire,R12_MEA,2025,R12_MEA,biomass_NH3,2025,M1,1.0,???
green_nh3_cofire,R12_NAM,2025,R12_NAM,biomass_NH3,2025,M1,1.0,???
green_nh3_cofire,R12_PAO,2025,R12_PAO,biomass_NH3,2025,M1,1.0,???
green_nh3_cofire,R12_PAS,2025,R12_PAS,biomass_NH3,2025,M1,1.0,???
green_nh3_cofire,R12_RCPA,2025,R12_RCPA,biomass_NH3,2025,M1,1.0,???
green_nh3_cofire,R12_SAS,2025,R12_SAS,biomass_NH3,2025,M1,1.0,???
green_nh3_cofire,R12_WEU,2025,R12_WEU,biomass_NH3,2025,M1,1.0,???
green_nh3_cofire,R12_AFR,2030,R12_AFR,biomass_NH3,2030,M1,1.0,???
green_nh3_cofire,R12_CHN,2030,R12_CHN,biomass_NH3,2030,M1,1.0,???
green_nh3_cofire,R12_EEU,2030,R12_EEU,biomass_NH3,2030,M1,1.0,???
green_nh3_cofire,R12_FSU,2030,R12_FSU,biomass_NH3,2030,M1,1.0,???
green_nh3_cofire,R12_LAM,2030,R12_LAM,biomass_NH3,2030,M1,1.0,???
green_nh3_cofire,R12_MEA,2030,R12_MEA,biomass_NH3,2030,M1,1.0,???
green_nh3_cofire,R12_NAM,2030,R12_NAM,biomass_NH3,2030,M1,1.0,???
green_nh3_cofire,R12_PAO,2030,R12_PAO,biomass_NH3,2030,M1,1.0,???
green_nh3_cofire,R12_PAS,2030,R12_PAS,biomass_NH3,2030,M1,1.0,???
green_nh3_cofire,R12_RCPA,2030,R12_RCPA,biomass_NH3,2030,M1,1.0,???
green_nh3_cofire,R12_SAS,2030,R12_SAS,biomass_NH3,2030,M1,1.0,???
green_nh3_cofire,R12_WEU,2030,R12_WEU,biomass_NH3,2030,M1,1.0,???
green_nh3_cofire,R12_AFR,2035,R12_AFR,biomass_NH3,2035,M1,1.0,???
green_nh3_cofire,R12_CHN,2035,R12_CHN,biomass_NH3,2035,M1,1.0,???
green_nh3_cofire,R12_EEU,2035,R12_EEU,biomass_NH3,2035,M1,1.0,???
green_nh3_cofire,R12_FSU,2035,R12_FSU,biomass_NH3,2035,M1,1.0,???
green_nh3_cofire,R12_LAM,2035,R12_LAM,biomass_NH3,2035,M1,1.0,???
green_nh3_cofire,R12_MEA,2035,R12_MEA,biomass_NH3,2035,M1,1.0,???
green_nh3_cofire,R12_NAM,2035,R12_NAM,biomass_NH3,2035,M1,1.0,???
green_nh3_cofire,R12_PAO,2035,R12_PAO,biomass_NH3,2035,M1,1.0,???
green_nh3_cofire,R12_PAS,2035,R12_PAS,biomass_NH3,2035,M1,1.0,???
green_nh3_cofire,R12_RCPA,2035,R12_RCPA,biomass_NH3,2035,M1,1.0,???
green_nh3_cofire,R12_SAS,2035,R12_SAS,biomass_NH3,2035,M1,1.0,???
green_nh3_cofire,R12_WEU,2035,R12_WEU,biomass_NH3,2035,M1,1.0,???
green_nh3_cofire,R12_AFR,2040,R12_AFR,biomass_NH3,2040,M1,1.0,???
green_nh3_cofire,R12_CHN,2040,R12_CHN,biomass_NH3,2040,M1,1.0,???
green_nh3_cofire,R12_EEU,2040,R12_EEU,biomass_NH3,2040,M1,1.0,???
green_nh3_cofire,R12_FSU,2040,R12_FSU,biomass_NH3,2040,M1,1.0,???
green_nh3_cofire,R12_LAM,2040,R12_LAM,biomass_NH3,2040,M1,1.0,???
green_nh3_cofire,R12_MEA,2040,R12_MEA,biomass_NH3,2040,M1,1.0,???
green_nh3_cofire,R12_NAM,2040,R12_NAM,biomass_NH3,2040,M1,1.0,???
green_nh3_cofire,R12_PAO,2040,R12_PAO,biomass_NH3,2040,M1,1.0,???
green_nh3_cofire,R12_PAS,2040,R12_PAS,biomass_NH3,2040,M1,1.0,???
green_nh3_cofire,R12_RCPA,2040,R12_RCPA,biomass_NH3,2040,M1,1.0,???
green_nh3_cofire,R12_SAS,2040,R12_SAS,biomass_NH3,2040,M1,1.0,???
green_nh3_cofire,R12_WEU,2040,R12_WEU,biomass_NH3,2040,M1,1.0,???
green_nh3_cofire,R12_AFR,2045,R12_AFR,biomass_NH3,2045,M1,1.0,???
green_nh3_cofire,R12_CHN,2045,R12_CHN,biomass_NH3,2045,M1,1.0,???
green_nh3_cofire,R12_EEU,2045,R12_EEU,biomass_NH3,2045,M1,1.0,???
green_nh3_cofire,R12_FSU,2045,R12_FSU,biomass_NH3,2045,M1,1.0,???
green_nh3_cofire,R12_LAM,2045,R12_LAM,biomass_NH3,2045,M1,1.0,???
green_nh3_cofire,R12_MEA,2045,R12_MEA,biomass_NH3,2045,M1,1.0,???
green_nh3_cofire,R12_NAM,2045,R12_NAM,biomass_NH3,2045,M1,1.0,???
green_nh3_cofire,R12_PAO,2045,R12_PAO,biomass_NH3,2045,M1,1.0,???
green_nh3_cofire,R12_PAS,2045,R12_PAS,biomass_NH3,2045,M1,1.0,???
green_nh3_cofire,R12_RCPA,2045,R12_RCPA,biomass_NH3,2045,M1,1.0,???
green_nh3_cofire,R12_SAS,2045,R12_SAS,biomass_NH3,2045,M1,1.0,???
green_nh3_cofire,R12_WEU,2045,R12_WEU,biomass_NH3,2045,M1,1.0,???
green_nh3_cofire,R12_AFR,2050,R12_AFR,biomass_NH3,2050,M1,1.0,???
green_nh3_cofire,R12_CHN,2050,R12_CHN,biomass_NH3,2050,M1,1.0,???
green_nh3_cofire,R12_EEU,2050,R12_EEU,biomass_NH3,2050,M1,1.0,???
green_nh3_cofire,R12_FSU,2050,R12_FSU,biomass_NH3,2050,M1,1.0,???
green_nh3_cofire,R12_LAM,2050,R12_LAM,biomass_NH3,2050,M1,1.0,???
green_nh3_cofire,R12_MEA,2050,R12_MEA,biomass_NH3,2050,M1,1.0,???
green_nh3_cofire,R12_NAM,2050,R12_NAM,biomass_NH3,2050,M1,1.0,???
green_nh3_cofire,R12_PAO,2050,R12_PAO,biomass_NH3,2050,M1,1.0,???
green_nh3_cofire,R12_PAS,2050,R12_PAS,biomass_NH3,2050,M1,1.0,???
green_nh3_cofire,R12_RCPA,2050,R12_RCPA,biomass_NH3,2050,M1,1.0,???
green_nh3_cofire,R12_SAS,2050,R12_SAS,biomass_NH3,2050,M1,1.0,???
green_nh3_cofire,R12_WEU,2050,R12_WEU,biomass_NH3,2050,M1,1.0,???
green_nh3_cofire,R12_AFR,2055,R12_AFR,biomass_NH3,2055,M1,1.0,???
green_nh3_cofire,R12_CHN,2055,R12_CHN,biomass_NH3,2055,M1,1.0,???
green_nh3_cofire,R12_EEU,2055,R12_EEU,biomass_NH3,2055,M1,1.0,???
green_nh3_cofire,R12_FSU,2055,R12_FSU,biomass_NH3,2055,M1,1.0,???
green_nh3_cofire,R12_LAM,2055,R12_LAM,biomass_NH3,2055,M1,1.0,???
green_nh3_cofire,R12_MEA,2055,R12_MEA,biomass_NH3,2055,M1,1.0,???
green_nh3_cofire,R12_NAM,2055,R12_NAM,biomass_NH3,2055,M1,1.0,???
green_nh3_cofire,R12_PAO,2055,R12_PAO,biomass_NH3,2055,M1,1.0,???
green_nh3_cofire,R12_PAS,2055,R12_PAS,biomass_NH3,2055,M1,1.0,???
green_nh3_cofire,R12_RCPA,2055,R12_RCPA,biomass_NH3,2055,M1,1.0,???
green_nh3_cofire,R12_SAS,2055,R12_SAS,biomass_NH3,2055,M1,1.0,???
green_nh3_cofire,R12_WEU,2055,R12_WEU,biomass_NH3,2055,M1,1.0,???
green_nh3_cofire,R12_AFR,2060,R12_AFR,biomass_NH3,2060,M1,1.0,???
green_nh3_cofire,R12_CHN,2060,R12_CHN,biomass_NH3,2060,M1,1.0,???
green_nh3_cofire,R12_EEU,2060,R12_EEU,biomass_NH3,2060,M1,1.0,???
green_nh3_cofire,R12_FSU,2060,R12_FSU,biomass_NH3,2060,M1,1.0,???
green_nh3_cofire,R12_LAM,2060,R12_LAM,biomass_NH3,2060,M1,1.0,???
green_nh3_cofire,R12_MEA,2060,R12_MEA,biomass_NH3,2060,M1,1.0,???
green_nh3_cofire,R12_NAM,2060,R12_NAM,biomass_NH3,2060,M1,1.0,???
green_nh3_cofire,R12_PAO,2060,R12_PAO,biomass_NH3,2060,M1,1.0,???
green_nh3_cofire,R12_PAS,2060,R12_PAS,biomass_NH3,2060,M1,1.0,???
green_nh3_cofire,R12_RCPA,2060,R12_RCPA,biomass_NH3,2060,M1,1.0,???
green_nh3_cofire,R12_SAS,2060,R12_SAS,biomass_NH3,2060,M1,1.0,???
green_nh3_cofire,R12_WEU,2060,R12_WEU,biomass_NH3,2060,M1,1.0,???
green_nh3_cofire,R12_AFR,2070,R12_AFR,biomass_NH3,2070,M1,1.0,???
green_nh3_cofire,R12_CHN,2070,R12_CHN,biomass_NH3,2070,M1,1.0,???
green_nh3_cofire,R12_EEU,2070,R12_EEU,biomass_NH3,2070,M1,1.0,???
green_nh3_cofire,R12_FSU,2070,R12_FSU,biomass_NH3,2070,M1,1.0,???
green_nh3_cofire,R12_LAM,2070,R12_LAM,biomass_NH3,2070,M1,1.0,???
green_nh3_cofire,R12_MEA,2070,R12_MEA,biomass_NH3,2070,M1,1.0,???
green_nh3_cofire,R12_NAM,2070,R12_NAM,biomass_NH3,2070,M1,1.0,???
green_nh3_cofire,R12_PAO,2070,R12_PAO,biomass_NH3,2070,M1,1.0,???
green_nh3_cofire,R12_PAS,2070,R12_PAS,biomass_NH3,2070,M1,1.0,???
green_nh3_cofire,R12_RCPA,2070,R12_RCPA,biomass_NH3,2070,M1,1.0,???
green_nh3_cofire,R12_SAS,2070,R12_SAS,biomass_NH3,2070,M1,1.0,???
green_nh3_cofire,R12_WEU,2070,R12_WEU,biomass_NH3,2070,M1,1.0,???
green_nh3_cofire,R12_AFR,2080,R12_AFR,biomass_NH3,2080,M1,1.0,???
green_nh3_cofire,R12_CHN,2080,R12_CHN,biomass_NH3,2080,M1,1.0,???
green_nh3_cofire,R12_EEU,2080,R12_EEU,biomass_NH3,2080,M1,1.0,???
green_nh3_cofire,R12_FSU,2080,R12_FSU,biomass_NH3,2080,M1,1.0,???
green_nh3_cofire,R12_LAM,2080,R12_LAM,biomass_NH3,2080,M1,1.0,???
green_nh3_cofire,R12_MEA,2080,R12_MEA,biomass_NH3,2080,M1,1.0,???
green_nh3_cofire,R12_NAM,2080,R12_NAM,biomass_NH3,2080,M1,1.0,???
green_nh3_cofire,R12_PAO,2080,R12_PAO,biomass_NH3,2080,M1,1.0,???
green_nh3_cofire,R12_PAS,2080,R12_PAS,biomass_NH3,2080,M1,1.0,???
green_nh3_cofire,R12_RCPA,2080,R12_RCPA,biomass_NH3,2080,M1,1.0,???
green_nh3_cofire,R12_SAS,2080,R12_SAS,biomass_NH3,2080,M1,1.0,???
green_nh3_cofire,R12_WEU,2080,R12_WEU,biomass_NH3,2080,M1,1.0,???
green_nh3_cofire,R12_AFR,2090,R12_AFR,biomass_NH3,2090,M1,1.0,???
green_nh3_cofire,R12_CHN,2090,R12_CHN,biomass_NH3,2090,M1,1.0,???
green_nh3_cofire,R12_EEU,2090,R12_EEU,biomass_NH3,2090,M1,1.0,???
green_nh3_cofire,R12_FSU,2090,R12_FSU,biomass_NH3,2090,M1,1.0,???
green_nh3_cofire,R12_LAM,2090,R12_LAM,biomass_NH3,2090,M1,1.0,???
green_nh3_cofire,R12_MEA,2090,R12_MEA,biomass_NH3,2090,M1,1.0,???
green_nh3_cofire,R12_NAM,2090,R12_NAM,biomass_NH3,2090,M1,1.0,???
green_nh3_cofire,R12_PAO,2090,R12_PAO,biomass_NH3,2090,M1,1.0,???
green_nh3_cofire,R12_PAS,2090,R12_PAS,biomass_NH3,2090,M1,1.0,???
green_nh3_cofire,R12_RCPA,2090,R12_RCPA,biomass_NH3,2090,M1,1.0,???
green_nh3_cofire,R12_SAS,2090,R12_SAS,biomass_NH3,2090,M1,1.0,???
green_nh3_cofire,R12_WEU,2090,R12_WEU,biomass_NH3,2090,M1,1.0,???
green_nh3_cofire,R12_AFR,2100,R12_AFR,biomass_NH3,2100,M1,1.0,???
green_nh3_cofire,R12_CHN,2100,R12_CHN,biomass_NH3,2100,M1,1.0,???
green_nh3_cofire,R12_EEU,2100,R12_EEU,biomass_NH3,2100,M1,1.0,???
green_nh3_cofire,R12_FSU,2100,R12_FSU,biomass_NH3,2100,M1,1.0,???
green_nh3_cofire,R12_LAM,2100,R12_LAM,biomass_NH3,2100,M1,1.0,???
green_nh3_cofire,R12_MEA,2100,R12_MEA,biomass_NH3,2100,M1,1.0,???
green_nh3_cofire,R12_NAM,2100,R12_NAM,biomass_NH3,2100,M1,1.0,???
green_nh3_cofire,R12_PAO,2100,R12_PAO,biomass_NH3,2100,M1,1.0,???
green_nh3_cofire,R12_PAS,2100,R12_PAS,biomass_NH3,2100,M1,1.0,???
green_nh3_cofire,R12_RCPA,2100,R12_RCPA,biomass_NH3,2100,M1,1.0,???
green_nh3_cofire,R12_SAS,2100,R12_SAS,biomass_NH3,2100,M1,1.0,???
green_nh3_cofire,R12_WEU,2100,R12_WEU,biomass_NH3,2100,M1,1.0,???
green_nh3_cofire,R12_AFR,2110,R12_AFR,biomass_NH3,2110,M1,1.0,???
green_nh3_cofire,R12_CHN,2110,R12_CHN,biomass_NH3,2110,M1,1.0,???
green_nh3_cofire,R12_EEU,2110,R12_EEU,biomass_NH3,2110,M1,1.0,???
green_nh3_cofire,R12_FSU,2110,R12_FSU,biomass_NH3,2110,M1,1.0,???
green_nh3_cofire,R12_LAM,2110,R12_LAM,biomass_NH3,2110,M1,1.0,???
green_nh3_cofire,R12_MEA,2110,R12_MEA,biomass_NH3,2110,M1,1.0,???
green_nh3_cofire,R12_NAM,2110,R12_NAM,biomass_NH3,2110,M1,1.0,???
green_nh3_cofire,R12_PAO,2110,R12_PAO,biomass_NH3,2110,M1,1.0,???
green_nh3_cofire,R12_PAS,2110,R12_PAS,biomass_NH3,2110,M1,1.0,???
green_nh3_cofire,R12_RCPA,2110,R12_RCPA,biomass_NH3,2110,M1,1.0,???
green_nh3_cofire,R12_SAS,2110,R12_SAS,biomass_NH3,2110,M1,1.0,???
green_nh3_cofire,R12_WEU,2110,R12_WEU,biomass_NH3,2110,M1,1.0,???
green_nh3_cofire,R12_AFR,2025,R12_AFR,gas_NH3_ccs,2025,M1,1.0,???
green_nh3_cofire,R12_CHN,2025,R12_CHN,gas_NH3_ccs,2025,M1,1.0,???
green_nh3_cofire,R12_EEU,2025,R12_EEU,gas_NH3_ccs,2025,M1,1.0,???
green_nh3_cofire,R12_FSU,2025,R12_FSU,gas_NH3_ccs,2025,M1,1.0,???
green_nh3_cofire,R12_LAM,2025,R12_LAM,gas_NH3_ccs,2025,M1,1.0,???
green_nh3_cofire,R12_MEA,2025,R12_MEA,gas_NH3_ccs,2025,M1,1.0,???
green_nh3_cofire,R12_NAM,2025,R12_NAM,gas_NH3_ccs,2025,M1,1.0,???
green_nh3_cofire,R12_PAO,2025,R12_PAO,gas_NH3_ccs,2025,M1,1.0,???
green_nh3_cofire,R12_PAS,2025,R12_PAS,gas_NH3_ccs,2025,M1,1.0,???
green_nh3_cofire,R12_RCPA,2025,R12_RCPA,gas_NH3_ccs,2025,M1,1.0,???
green_nh3_cofire,R12_SAS,2025,R12_SAS,gas_NH3_ccs,2025,M1,1.0,???
green_nh3_cofire,R12_WEU,2025,R12_WEU,gas_NH3_ccs,2025,M1,1.0,???
green_nh3_cofire,R12_AFR,2030,R12_AFR,gas_NH3_ccs,2030,M1,1.0,???
green_nh3_cofire,R12_CHN,2030,R12_CHN,gas_NH3_ccs,2030,M1,1.0,???
green_nh3_cofire,R12_EEU,2030,R12_EEU,gas_NH3_ccs,2030,M1,1.0,???
green_nh3_cofire,R12_FSU,2030,R12_FSU,gas_NH3_ccs,2030,M1,1.0,???
green_nh3_cofire,R12_LAM,2030,R12_LAM,gas_NH3_ccs,2030,M1,1.0,???
green_nh3_cofire,R12_MEA,2030,R12_MEA,gas_NH3_ccs,2030,M1,1.0,???
green_nh3_cofire,R12_NAM,2030,R12_NAM,gas_NH3_ccs,2030,M1,1.0,???
green_nh3_cofire,R12_PAO,2030,R12_PAO,gas_NH3_ccs,2030,M1,1.0,???
green_nh3_cofire,R12_PAS,2030,R12_PAS,gas_NH3_ccs,2030,M1,1.0,???
green_nh3_cofire,R12_RCPA,2030,R12_RCPA,gas_NH3_ccs,2030,M1,1.0,???
green_nh3_cofire,R12_SAS,2030,R12_SAS,gas_NH3_ccs,2030,M1,1.0,???
green_nh3_cofire,R12_WEU,2030,R12_WEU,gas_NH3_ccs,2030,M1,1.0,???
green_nh3_cofire,R12_AFR,2035,R12_AFR,gas_NH3_ccs,2035,M1,1.0,???
green_nh3_cofire,R12_CHN,2035,R12_CHN,gas_NH3_ccs,2035,M1,1.0,???
green_nh3_cofire,R12_EEU,2035,R12_EEU,gas_NH3_ccs,2035,M1,1.0,???
green_nh3_cofire,R12_FSU,2035,R12_FSU,gas_NH3_ccs,2035,M1,1.0,???
green_nh3_cofire,R12_LAM,2035,R12_LAM,gas_NH3_ccs,2035,M1,1.0,???
green_nh3_cofire,R12_MEA,2035,R12_MEA,gas_NH3_ccs,2035,M1,1.0,???
green_nh3_cofire,R12_NAM,2035,R12_NAM,gas_NH3_ccs,2035,M1,1.0,???
green_nh3_cofire,R12_PAO,2035,R12_PAO,gas_NH3_ccs,2035,M1,1.0,???
green_nh3_cofire,R12_PAS,2035,R12_PAS,gas_NH3_ccs,2035,M1,1.0,???
green_nh3_cofire,R12_RCPA,2035,R12_RCPA,gas_NH3_ccs,2035,M1,1.0,???
green_nh3_cofire,R12_SAS,2035,R12_SAS,gas_NH3_ccs,2035,M1,1.0,???
green_nh3_cofire,R12_WEU,2035,R12_WEU,gas_NH3_ccs,2035,M1,1.0,???
green_nh3_cofire,R12_AFR,2040,R12_AFR,gas_NH3_ccs,2040,M1,1.0,???
green_nh3_cofire,R12_CHN,2040,R12_CHN,gas_NH3_ccs,2040,M1,1.0,???
green_nh3_cofire,R12_EEU,2040,R12_EEU,gas_NH3_ccs,2040,M1,1.0,???
green_nh3_cofire,R12_FSU,2040,R12_FSU,gas_NH3_ccs,2040,M1,1.0,???
green_nh3_cofire,R12_LAM,2040,R12_LAM,gas_NH3_ccs,2040,M1,1.0,???
green_nh3_cofire,R12_MEA,2040,R12_MEA,gas_NH3_ccs,2040,M1,1.0,???
green_nh3_cofire,R12_NAM,2040,R12_NAM,gas_NH3_ccs,2040,M1,1.0,???
green_nh3_cofire,R12_PAO,2040,R12_PAO,gas_NH3_ccs,2040,M1,1.0,???
green_nh3_cofire,R12_PAS,2040,R12_PAS,gas_NH3_ccs,2040,M1,1.0,???
green_nh3_cofire,R12_RCPA,2040,R12_RCPA,gas_NH3_ccs,2040,M1,1.0,???
green_nh3_cofire,R12_SAS,2040,R12_SAS,gas_NH3_ccs,2040,M1,1.0,???
green_nh3_cofire,R12_WEU,2040,R12_WEU,gas_NH3_ccs,2040,M1,1.0,???
green_nh3_cofire,R12_AFR,2045,R12_AFR,gas_NH3_ccs,2045,M1,1.0,???
green_nh3_cofire,R12_CHN,2045,R12_CHN,gas_NH3_ccs,2045,M1,1.0,???
green_nh3_cofire,R12_EEU,2045,R12_EEU,gas_NH3_ccs,2045,M1,1.0,???
green_nh3_cofire,R12_FSU,2045,R12_FSU,gas_NH3_ccs,2045,M1,1.0,???
green_nh3_cofire,R12_LAM,2045,R12_LAM,gas_NH3_ccs,2045,M1,1.0,???
green_nh3_cofire,R12_MEA,2045,R12_MEA,gas_NH3_ccs,2045,M1,1.0,???
green_nh3_cofire,R12_NAM,2045,R12_NAM,gas_NH3_ccs,2045,M1,1.0,???
green_nh3_cofire,R12_PAO,2045,R12_PAO,gas_NH3_ccs,2045,M1,1.0,???
green_nh3_cofire,R12_PAS,2045,R12_PAS,gas_NH3_ccs,2045,M1,1.0,???
green_nh3_cofire,R12_RCPA,2045,R12_RCPA,gas_NH3_ccs,2045,M1,1.0,???
green_nh3_cofire,R12_SAS,2045,R12_SAS,gas_NH3_ccs,2045,M1,1.0,???
green_nh3_cofire,R12_WEU,2045,R12_WEU,gas_NH3_ccs,2045,M1,1.0,???
green_nh3_cofire,R12_AFR,2050,R12_AFR,gas_NH3_ccs,2050,M1,1.0,???
green_nh3_cofire,R12_CHN,2050,R12_CHN,gas_NH3_ccs,2050,M1,1.0,???
green_nh3_cofire,R12_EEU,2050,R12_EEU,gas_NH3_ccs,2050,M1,1.0,???
green_nh3_cofire,R12_FSU,2050,R12_FSU,gas_NH3_ccs,2050,M1,1.0,???
green_nh3_cofire,R12_LAM,2050,R12_LAM,gas_NH3_ccs,2050,M1,1.0,???
green_nh3_cofire,R12_MEA,2050,R12_MEA,gas_NH3_ccs,2050,M1,1.0,???
green_nh3_cofire,R12_NAM,2050,R12_NAM,gas_NH3_ccs,2050,M1,1.0,???
green_nh3_cofire,R12_PAO,2050,R12_PAO,gas_NH3_ccs,2050,M1,1.0,???
green_nh3_cofire,R12_PAS,2050,R12_PAS,gas_NH3_ccs,2050,M1,1.0,???
green_nh3_cofire,R12_RCPA,2050,R12_RCPA,gas_NH3_ccs,2050,M1,1.0,???
green_nh3_cofire,R12_SAS,2050,R12_SAS,gas_NH3_ccs,2050,M1,1.0,???
green_nh3_cofire,R12_WEU,2050,R12_WEU,gas_NH3_ccs,2050,M1,1.0,???
green_nh3_cofire,R12_AFR,2055,R12_AFR,gas_NH3_ccs,2055,M1,1.0,???
green_nh3_cofire,R12_CHN,2055,R12_CHN,gas_NH3_ccs,2055,M1,1.0,???
green_nh3_cofire,R12_EEU,2055,R12_EEU,gas_NH3_ccs,2055,M1,1.0,???
green_nh3_cofire,R12_FSU,2055,R12_FSU,gas_NH3_ccs,2055,M1,1.0,???
green_nh3_cofire,R12_LAM,2055,R12_LAM,gas_NH3_ccs,2055,M1,1.0,???
green_nh3_cofire,R12_MEA,2055,R12_MEA,gas_NH3_ccs,2055,M1,1.0,???
green_nh3_cofire,R12_NAM,2055,R12_NAM,gas_NH3_ccs,2055,M1,1.0,???
green_nh3_cofire,R12_PAO,2055,R12_PAO,gas_NH3_ccs,2055,M1,1.0,???
green_nh3_cofire,R12_PAS,2055,R12_PAS,gas_NH3_ccs,2055,M1,1.0,???
green_nh3_cofire,R12_RCPA,2055,R12_RCPA,gas_NH3_ccs,2055,M1,1.0,???
green_nh3_cofire,R12_SAS,2055,R12_SAS,gas_NH3_ccs,2055,M1,1.0,???
green_nh3_cofire,R12_WEU,2055,R12_WEU,gas_NH3_ccs,2055,M1,1.0,???
green_nh3_cofire,R12_AFR,2060,R12_AFR,gas_NH3_ccs,2060,M1,1.0,???
green_nh3_cofire,R12_CHN,2060,R12_CHN,gas_NH3_ccs,2060,M1,1.0,???
green_nh3_cofire,R12_EEU,2060,R12_EEU,gas_NH3_ccs,2060,M1,1.0,???
green_nh3_cofire,R12_FSU,2060,R12_FSU,gas_NH3_ccs,2060,M1,1.0,???
green_nh3_cofire,R12_LAM,2060,R12_LAM,gas_NH3_ccs,2060,M1,1.0,???
green_nh3_cofire,R12_MEA,2060,R12_MEA,gas_NH3_ccs,2060,M1,1.0,???
green_nh3_cofire,R12_NAM,2060,R12_NAM,gas_NH3_ccs,2060,M1,1.0,???
green_nh3_cofire,R12_PAO,2060,R12_PAO,gas_NH3_ccs,2060,M1,1.0,???
green_nh3_cofire,R12_PAS,2060,R12_PAS,gas_NH3_ccs,2060,M1,1.0,???
green_nh3_cofire,R12_RCPA,2060,R12_RCPA,gas_NH3_ccs,2060,M1,1.0,???
green_nh3_cofire,R12_SAS,2060,R12_SAS,gas_NH3_ccs,2060,M1,1.0,???
green_nh3_cofire,R12_WEU,2060,R12_WEU,gas_NH3_ccs,2060,M1,1.0,???
green_nh3_cofire,R12_AFR,2070,R12_AFR,gas_NH3_ccs,2070,M1,1.0,???
green_nh3_cofire,R12_CHN,2070,R12_CHN,gas_NH3_ccs,2070,M1,1.0,???
green_nh3_cofire,R12_EEU,2070,R12_EEU,gas_NH3_ccs,2070,M1,1.0,???
green_nh3_cofire,R12_FSU,2070,R12_FSU,gas_NH3_ccs,2070,M1,1.0,???
green_nh3_cofire,R12_LAM,2070,R12_LAM,gas_NH3_ccs,2070,M1,1.0,???
green_nh3_cofire,R12_MEA,2070,R12_MEA,gas_NH3_ccs,2070,M1,1.0,???
green_nh3_cofire,R12_NAM,2070,R12_NAM,gas_NH3_ccs,2070,M1,1.0,???
green_nh3_cofire,R12_PAO,2070,R12_PAO,gas_NH3_ccs,2070,M1,1.0,???
green_nh3_cofire,R12_PAS,2070,R12_PAS,gas_NH3_ccs,2070,M1,1.0,???
green_nh3_cofire,R12_RCPA,2070,R12_RCPA,gas_NH3_ccs,2070,M1,1.0,???
green_nh3_cofire,R12_SAS,2070,R12_SAS,gas_NH3_ccs,2070,M1,1.0,???
green_nh3_cofire,R12_WEU,2070,R12_WEU,gas_NH3_ccs,2070,M1,1.0,???
green_nh3_cofire,R12_AFR,2080,R12_AFR,gas_NH3_ccs,2080,M1,1.0,???
green_nh3_cofire,R12_CHN,2080,R12_CHN,gas_NH3_ccs,2080,M1,1.0,???
green_nh3_cofire,R12_EEU,2080,R12_EEU,gas_NH3_ccs,2080,M1,1.0,???
green_nh3_cofire,R12_FSU,2080,R12_FSU,gas_NH3_ccs,2080,M1,1.0,???
green_nh3_cofire,R12_LAM,2080,R12_LAM,gas_NH3_ccs,2080,M1,1.0,???
green_nh3_cofire,R12_MEA,2080,R12_MEA,gas_NH3_ccs,2080,M1,1.0,???
green_nh3_cofire,R12_NAM,2080,R12_NAM,gas_NH3_ccs,2080,M1,1.0,???
green_nh3_cofire,R12_PAO,2080,R12_PAO,gas_NH3_ccs,2080,M1,1.0,???
green_nh3_cofire,R12_PAS,2080,R12_PAS,gas_NH3_ccs,2080,M1,1.0,???
green_nh3_cofire,R12_RCPA,2080,R12_RCPA,gas_NH3_ccs,2080,M1,1.0,???
green_nh3_cofire,R12_SAS,2080,R12_SAS,gas_NH3_ccs,2080,M1,1.0,???
green_nh3_cofire,R12_WEU,2080,R12_WEU,gas_NH3_ccs,2080,M1,1.0,???
green_nh3_cofire,R12_AFR,2090,R12_AFR,gas_NH3_ccs,2090,M1,1.0,???
green_nh3_cofire,R12_CHN,2090,R12_CHN,gas_NH3_ccs,2090,M1,1.0,???
green_nh3_cofire,R12_EEU,2090,R12_EEU,gas_NH3_ccs,2090,M1,1.0,???
green_nh3_cofire,R12_FSU,2090,R12_FSU,gas_NH3_ccs,2090,M1,1.0,???
green_nh3_cofire,R12_LAM,2090,R12_LAM,gas_NH3_ccs,2090,M1,1.0,???
green_nh3_cofire,R12_MEA,2090,R12_MEA,gas_NH3_ccs,2090,M1,1.0,???
green_nh3_cofire,R12_NAM,2090,R12_NAM,gas_NH3_ccs,2090,M1,1.0,???
green_nh3_cofire,R12_PAO,2090,R12_PAO,gas_NH3_ccs,2090,M1,1.0,???
green_nh3_cofire,R12_PAS,2090,R12_PAS,gas_NH3_ccs,2090,M1,1.0,???
green_nh3_cofire,R12_RCPA,2090,R12_RCPA,gas_NH3_ccs,2090,M1,1.0,???
green_nh3_cofire,R12_SAS,2090,R12_SAS,gas_NH3_ccs,2090,M1,1.0,???
green_nh3_cofire,R12_WEU,2090,R12_WEU,gas_NH3_ccs,2090,M1,1.0,???
green_nh3_cofire,R12_AFR,2100,R12_AFR,gas_NH3_ccs,2100,M1,1.0,???
green_nh3_cofire,R12_CHN,2100,R12_CHN,gas_NH3_ccs,2100,M1,1.0,???
green_nh3_cofire,R12_EEU,2100,R12_EEU,gas_NH3_ccs,2100,M1,1.0,???
green_nh3_cofire,R12_FSU,2100,R12_FSU,gas_NH3_ccs,2100,M1,1.0,???
green_nh3_cofire,R12_LAM,2100,R12_LAM,gas_NH3_ccs,2100,M1,1.0,???
green_nh3_cofire,R12_MEA,2100,R12_MEA,gas_NH3_ccs,2100,M1,1.0,???
green_nh3_cofire,R12_NAM,2100,R12_NAM,gas_NH3_ccs,2100,M1,1.0,???
green_nh3_cofire,R12_PAO,2100,R12_PAO,gas_NH3_ccs,2100,M1,1.0,???
green_nh3_cofire,R12_PAS,2100,R12_PAS,gas_NH3_ccs,2100,M1,1.0,???
green_nh3_cofire,R12_RCPA,2100,R12_RCPA,gas_NH3_ccs,2100,M1,1.0,???
green_nh3_cofire,R12_SAS,2100,R12_SAS,gas_NH3_ccs,2100,M1,1.0,???
green_nh3_cofire,R12_WEU,2100,R12_WEU,gas_NH3_ccs,2100,M1,1.0,???
green_nh3_cofire,R12_AFR,2110,R12_AFR,gas_NH3_ccs,2110,M1,1.0,???
green_nh3_cofire,R12_CHN,2110,R12_CHN,gas_NH3_ccs,2110,M1,1.0,???
green_nh3_cofire,R12_EEU,2110,R12_EEU,gas_NH3_ccs,2110,M1,1.0,???
green_nh3_cofire,R12_FSU,2110,R12_FSU,gas_NH3_ccs,2110,M1,1.0,???
green_nh3_cofire,R12_LAM,2110,R12_LAM,gas_NH3_ccs,2110,M1,1.0,???
green_nh3_cofire,R12_MEA,2110,R12_MEA,gas_NH3_ccs,2110,M1,1.0,???
green_nh3_cofire,R12_NAM,2110,R12_NAM,gas_NH3_ccs,2110,M1,1.0,???
green_nh3_cofire,R12_PAO,2110,R12_PAO,gas_NH3_ccs,2110,M1,1.0,???
green_nh3_cofire,R12_PAS,2110,R12_PAS,gas_NH3_ccs,2110,M1,1.0,???
green_nh3_cofire,R12_RCPA,2110,R12_RCPA,gas_NH3_ccs,2110,M1,1.0,???
green_nh3_cofire,R12_SAS,2110,R12_SAS,gas_NH3_ccs,2110,M1,1.0,???
green_nh3_cofire,R12_WEU,2110,R12_WEU,gas_NH3_ccs,2110,M1,1.0,???
